supplier_name,total_spend,tender_count,agencies_count,on_time_delivery_pct,quality_rating,cost_competitiveness_score,cum_spend,cum_pct,abc_category
PENTA-OCEAN CONSTRUCTION CO LTD,4104424348.0,7,6,95.79,3.54,80.06,4104424348.0,3.177970967116104,A
SAMSUNG C&T CORPORATION,3855342067.0,6,2,85.82,4.12,57.44,7959766415.0,6.163082670587411,A
NCS PTE. LTD.,2673829697.83,284,67,95.79,4.55,76.79,10633596112.83,8.233373758997201,A
GS ENGINEERING & CONSTRUCTION CORP.,2627924964.0,3,1,92.58,4.18,90.07,13261521076.83,10.268121760485188,A
WOH HUP (PRIVATE) LIMITED,2355067400.0,4,3,89.85,4.02,60.72,15616588476.83,12.091601787945939,A
SHANGHAI TUNNEL ENGINEERING CO (SINGAPORE) PTE LTD,2168470465.0,5,2,77.97,2.72,81.15,17785058941.83,13.770603664098624,A
HYUNDAI ENGINEERING & CONSTRUCTION CO. LTD,1878444099.7,7,4,79.92,4.2,75.66,19663503041.530003,15.225044118118939,A
KTC CIVIL ENGINEERING & CONSTRUCTION PTE LTD,1740787708.0,19,7,89.87,4.32,78.61,21404290749.530003,16.57290007229977,A
KEPPEL SEGHERS ENGINEERING SINGAPORE PTE. LTD.,1493179167.0,1,1,89.77,4.7,83.8,22897469916.530003,17.729037849267417,A
RICH CONSTRUCTION COMPANY PTE. LTD.,1433163800.8,7,3,95.74,3.77,81.67,24330633717.33,18.838706968222798,A
LUM CHANG BUILDING CONTRACTORS PTE LTD.,1426979976.2,4,3,86.27,4.33,80.78,25757613693.530003,19.943588079560467,A
TIONG SENG CONTRACTORS (PRIVATE) LIMITED,1381905464.0,10,7,82.74,4.52,98.64,27139519157.530003,21.013568927430416,A
SANTARLI CONSTRUCTION PTE. LTD.,1380920000.0,3,3,84.95,4.81,91.28,28520439157.530003,22.082786750886807,A
CHINA CONSTRUCTION (SOUTH PACIFIC) DEVELOPMENT CO. PTE. LTD.,1323523342.0,8,3,84.34,3.98,89.07,29843962499.530003,23.10756352798249,A
BOSKALIS INTERNATIONAL B. V.,1232500000.0,1,1,82.89,3.17,95.18,31076462499.530003,24.061862812090183,A
TEAMBUILD ENGINEERING & CONSTRUCTION PTE. LTD.,1219744983.0,13,2,100.0,4.12,80.43,32296207482.530003,25.006286150078704,A
TOWER TRANSIT SINGAPORE PTE. LTD.,1025102939.0,1,1,80.48,4.04,74.48,33321310421.530003,25.80000217508836,A
EXPAND CONSTRUCTION PTE LTD,1017285110.0,15,4,92.28,4.43,69.76,34338595531.530003,26.58766501663515,A
KOH BROTHERS BUILDING & CIVIL ENGINEERING CONTRACTOR (PTE.) LTD.,1011168000.0,4,2,90.11,4.49,62.94,35349763531.53,27.370591506300553,A
SSANGYONG ENGINEERING & CONSTRUCTION CO LTD,970621000.0,1,1,97.79,2.84,73.54,36320384531.53,28.122123291647323,A
WELLTECH CONSTRUCTION PTE LTD,957303555.55,9,2,94.15,3.89,83.63,37277688087.08,28.863343654921252,A
SBS Transit Ltd,952297580.0,2,1,80.75,4.48,72.2,38229985667.08,29.60068799476019,A
CHINA RAILWAY 11 BUREAU GROUP CORPORATION (SINGAPORE BRANCH),949620700.0,2,1,90.41,4.77,79.95,39179606367.08,30.335959681724773,A
"ED. ZUBLIN AG, SINGAPORE BRANCH",924402180.0,8,3,90.0,3.46,77.04,40104008547.08,31.051705189717953,A
"CHINA RAILWAY FIRST GROUP CO., LTD. SINGAPORE BRANCH",911565037.1,3,1,87.2,4.54,97.61,41015573584.18,31.757511163204473,A
KAJIMA OVERSEAS ASIA PTE LTD,893965469.0,3,2,82.49,4.18,72.55,41909539053.18,32.449690154753114,A
BOMBARDIER (SINGAPORE) PTE LTD,827196721.0,1,1,99.01,3.97,48.24,42736735774.18,33.090171484299994,A
Penta-Ocean Construction Co Ltd - Bachy Soletanche Singapore Pte Ltd Joint Venture,795000000.0,1,1,87.53,2.91,65.18,43531735774.18,33.70572355802464,A
LC&T BUILDER (1971) PTE. LTD.,793516160.0,7,2,83.79,5.0,81.19,44325251934.18,34.32012672509635,A
KAY LIM CONSTRUCTION & TRADING PTE LTD,758218000.0,7,1,91.59,4.04,79.68,45083469934.18,34.90719925621,A
PRECISE DEVELOPMENT PTE. LTD.,744567326.3,15,4,80.71,3.91,55.75,45828037260.48,35.48370235272771,A
CHYE JOO CONSTRUCTION PTE LTD,743810323.8,15,6,69.1,3.7,63.93,46571847584.28001,36.05961931785083,A
CHIU TENG CONSTRUCTION CO. PTE. LTD.,676322600.0,13,5,87.83,4.75,85.46,47248170184.28001,36.58328193286573,A
CES_SDC PTE. LTD.,659612000.0,2,2,98.32,3.84,71.85,47907782184.28001,37.09400587557473,A
HSL Constructor Pte Ltd,648684750.0,8,4,100.0,4.31,82.96,48556466934.28001,37.59626907438737,A
NEWCON BUILDERS PTE. LTD.,646892700.0,12,4,78.41,3.98,84.61,49203359634.28001,38.097144725912315,A
CHIP ENG SENG CONTRACTORS (1988) PTE LTD,635608800.0,4,1,81.57,5.0,72.47,49838968434.28001,38.589283486815,A
BHCC CONSTRUCTION PTE. LTD.,634225350.0,10,3,83.0,4.69,83.93,50473193784.28001,39.080351070967495,A
ST ENGINEERING ELECTRONICS LTD.,617363633.55,70,18,74.19,4.28,87.51,51090557417.83001,39.55836297646923,A
ACCENTURE PTE LTD,615369485.37,39,17,80.64,4.71,67.72,51705926903.20001,40.03483085423825,A
ENG LEE ENGINEERING PTE LTD,595953000.0,9,3,98.72,4.36,69.53,52301879903.20001,40.49626494856834,A
SEMBWASTE PTE. LTD.,568990628.06,8,6,80.96,4.21,82.63,52870870531.26001,40.93682263540131,A
GUAN HO CONSTRUCTION CO (PTE) LTD,559188910.0,13,5,84.13,3.54,71.81,53430059441.26001,41.369791054463356,A
Leighton Contractors (Asia) Limited (Singapore Branch) / Yongnam Engineering & Construction (Private) Limited Joint Venture,553810451.0,1,1,91.09,4.79,68.59,53983869892.26001,41.798595043851314,A
Ssangyong Engineering & Construction Co Ltd - Astaldi S.p.A. Singapore Branch Joint Venture,537144000.0,1,1,97.43,4.65,76.34,54521013892.26001,42.21449454459188,A
KWAN YONG CONSTRUCTION PTE LTD,532311860.0,15,4,86.94,4.99,81.36,55053325752.26001,42.62665261917203,A
GUTHRIE ENGINEERING (S) PTE LTD,524657158.13,12,5,87.29,3.06,71.18,55577982910.39001,43.03288381625555,A
CERTIS CISCO AUXILIARY POLICE FORCE PTE. LTD.,514203300.84,46,23,91.2,3.71,67.15,56092186211.23,43.43102080763682,A
MEIDEN SINGAPORE PTE. LTD.,508318868.0,2,1,93.02,4.59,87.18,56600505079.23,43.824601604254134,A
ENG LAM CONTRACTORS CO (PTE) LTD,505866090.0,21,3,100.0,4.03,70.5,57106371169.23,44.2162832655453,A
ST ELECTRONICS (INFO-COMM SYSTEMS) PTE. LTD.,499038159.18,33,10,83.56,3.52,64.81,57605409328.41,44.60267820108111,A
THE GO-AHEAD GROUP PLC,497738104.0,1,1,93.34,5.0,76.12,58103147432.41,44.98806653075278,A
HO LEE CONSTRUCTION PTE LTD,497288000.0,4,1,75.61,3.6,57.08,58600435432.41,45.373106354197276,A
LEIGHTON CONTRACTORS (ASIA) LIMITED (SINGAPORE BRANCH),494581448.0,1,1,82.65,5.0,87.22,59095016880.41,45.756050550350906,A
"Ssangyong Engineering & Construction Co.,Ltd - Wai Fong Construction Pte Ltd Joint Venture",482500000.0,1,1,91.27,3.7,78.56,59577516880.41,46.129640330944795,A
CHINA COMMUNICATIONS CONSTRUCTION COMPANY LTD.,477418000.0,1,1,100.0,3.7,94.27,60054934880.41,46.49929522394287,A
CKR CONTRACT SERVICES PTE. LTD.,477202551.0,10,1,98.25,4.08,81.43,60532137431.41,46.86878329923185,A
KIMLY CONSTRUCTION PRIVATE LIMITED,475546591.0,3,3,87.11,4.11,99.7,61007684022.41,47.23698919890824,A
FONDA GLOBAL ENGINEERING PTE. LTD.,465934393.58,25,12,100.0,4.13,98.37,61473618415.990005,47.59775257272938,A
SINOHYDRO CORPORATION LIMITED (SINGAPORE BRANCH),453698900.9,2,2,88.74,5.0,81.45,61927317316.89001,47.94904225737791,A
HWA SENG BUILDER PTE LTD,441676400.0,6,3,89.4,4.91,98.39,62368993716.89001,48.291023167988264,A
GREATEARTH CORPORATION PTE. LTD.,440886000.0,3,2,100.0,5.0,72.55,62809879716.89001,48.632392088209855,A
CHINA CONSTRUCTION REALTY CO. PTE. LTD.,438360000.0,3,1,83.18,4.05,80.12,63248239716.89001,48.97180517882361,A
STRAITS CONSTRUCTION SINGAPORE PRIVATE LIMITED,437098000.0,3,2,86.52,3.89,68.79,63685337716.89001,49.31024112891278,A
LIAN BENG CONSTRUCTION (1988) PTE LTD,434780000.0,1,1,84.02,3.65,78.27,64120117716.89001,49.646882299496426,A
TOA CORPORATION,434175000.0,2,2,75.07,4.71,69.86,64554292716.89001,49.983055031080575,A
PROGRESSIVE BUILDERS PRIVATE LIMITED,428954900.0,7,3,97.96,3.97,81.88,64983247616.89001,50.31518594709233,A
GS Engineering & Construction Corp.,428301000.0,1,1,91.6,4.09,93.83,65411548616.89001,50.64681056184496,A
NEC ASIA PACIFIC PTE. LTD.,427390954.15,61,30,90.48,5.0,76.22,65838939571.04001,50.97773054689928,A
SHIMIZU CORPORATION,425594471.0,1,1,86.1,3.82,84.72,66264534042.04001,51.30725955216945,A
CHINA STATE CONSTRUCTION ENGINEERING CORPORATION LIMITED SINGAPORE BRANCH,424119100.0,2,2,86.19,3.33,74.62,66688653142.04001,51.63564620815841,A
HYUNDAI ROTEM COMPANY,416499000.0,1,1,83.88,4.39,88.76,67105152142.04001,51.958132778163744,A
CHINA CIVIL ENGINEERING CONSTRUCTION CORPORATION BRANCH OFFICE SINGAPORE,414585631.0,3,2,87.78,4.48,73.05,67519737773.04001,52.27913786608638,A
C&W SERVICES (S) PTE. LTD.,411846750.23,67,31,92.06,4.16,77.92,67931584523.27001,52.59802229521951,A
UES HOLDINGS PTE. LTD.,398370224.0,7,2,100.0,3.09,82.22,68329954747.27001,52.906472128544465,A
800 SUPER WASTE MANAGEMENT PTE LTD,396195337.32,14,8,73.9,4.16,80.56,68726150084.59001,53.21323799205058,A
Singapore Technologies Marine Ltd,392870391.32000005,3,2,96.17,3.66,89.9,69119020475.91002,53.517429418568874,A
SUNRAY WOODCRAFT CONSTRUCTION PTE LTD,383021250.0,24,15,85.73,4.02,85.84,69502041725.91002,53.813994858465854,A
SMM PTE. LTD.,373388395.75,43,17,91.38,3.89,75.53,69875430121.66002,54.103101778350926,A
INDECO ENGINEERS (PTE) LTD,369844842.3,25,10,94.11,4.53,74.99,70245274963.96002,54.38946499801649,A
Ken-Pal (S) Pte Ltd,361677756.0,6,2,92.07,3.79,74.22,70606952719.96002,54.66950461150816,A
"SSANGYONG ENGINEERING & CONSTRUCTION CO., LTD. - HYUNDAI ENGINEERING & CONSTRUCTION CO., LTD. JOINT VENTURE",360590000.0,1,1,75.43,4.82,69.73,70967542719.96002,54.948701998004225,A
Taisei Corporation-China State Construction Engineering Corporation Limited Singapore Branch Joint Venture,356103500.0,1,1,77.95,4.3,68.72,71323646219.96002,55.224425580250255,A
RIGHT CONSTRUCTION PTE LTD,352500000.0,3,1,95.36,4.72,71.01,71676146219.96002,55.49735904690175,A
CHINA COMMUNICATIONS CONSTRUCTION COMPANY LIMITED (SINGAPORE BRANCH),352471126.0,2,1,100.0,4.31,65.16,72028617345.96002,55.77027015701164,A
NISHIMATSU CONSTRUCTION CO LTD,340118000.0,1,1,100.0,3.62,99.33,72368735345.96002,56.03361649689978,A
"QINGJIAN INTERNATIONAL (SOUTH PACIFIC) GROUP DEVELOPMENT CO., PTE. LTD.",337727000.0,3,1,89.44,4.27,97.64,72706462345.96002,56.29511153489073,A
SOIL-BUILD (PTE.) LTD.,327208785.0,5,3,79.4,4.03,84.22,73033671130.96002,56.54846253633434,A
"Daewoo Engineering & Construction Co., Ltd. - Yongnam Engineering & Construction Pte Ltd Joint Venture",320438324.0,1,1,84.24,4.86,75.48,73354109454.96002,56.79657130971679,A
"NANJING DADI CONSTRUCTION (GROUP) CO., LTD. SINGAPORE BRANCH",318406600.0,3,1,87.89,4.04,60.77,73672516054.96002,57.04310696118549,A
"China State Construction Engineering Corporation Limited (Singapore Branch) - Nishimatsu Construction Co., Ltd. Joint Venture",313800000.0,1,1,90.96,3.37,66.84,73986316054.96002,57.28607581745566,A
"CHINA RAILWAY TUNNEL GROUP CO., LTD. (SINGAPORE BRANCH)",310775390.0,1,1,86.37,4.47,100.0,74297091444.96002,57.52670278069728,A
SAMBO E&C CO. LTD (SINGAPORE BRANCH),304000000.0,1,1,95.21,3.64,72.72,74601091444.96002,57.76208369945488,A
SANLI M&E ENGINEERING PTE. LTD.,300053839.7,69,6,82.41,3.61,82.05,74901145284.66002,57.99440918782768,A
Woh Hup (Private) Ltd - Shanghai Tunnel Engineering Co (Singapore) Pte Ltd Joint Venture,295868000.0,1,1,92.08,4.13,73.5,75197013284.66002,58.223493667008505,A
Bachy Soletanche Singapore Pte Ltd-Wai Fong Construction Pte Ltd Joint Venture,293858081.1,1,1,81.84,5.0,86.18,75490871365.76003,58.451021907513976,A
KIENTA ENGINEERING CONSTRUCTION PTE. LTD.,292488000.0,7,3,79.68,5.0,90.63,75783359365.76003,58.6774893225323,A
CH2M HILL SINGAPORE PRIVATE LIMITED,290423351.1,26,3,91.16,3.75,68.96,76073782716.86003,58.90235812256711,A
MEGASTONE HOLDINGS PTE LTD,290273156.0,18,5,90.46,4.52,94.32,76364055872.86003,59.12711062963931,A
CHINA STATE CONSTRUCTION ENGINEERING CORPORATION LIMITED (SINGAPORE BRANCH),284000000.0,2,1,81.38,5.0,82.78,76648055872.86003,59.34700596163653,A
ACCENTURE SG SERVICES PTE. LTD.,276978736.44,18,13,100.0,4.21,82.79,76925034609.30003,59.56146487433248,A
"CHINA RAILWAY FIRST GROUP CO., LTD.",276356856.6,2,1,97.82,4.23,73.88,77201391465.90004,59.775442278317584,A
SH DESIGN & BUILD PTE. LTD.,272580000.0,1,1,82.0,3.35,72.51,77473971465.90004,59.98649534027465,A
HPC BUILDERS PTE. LTD.,272204619.0,4,2,87.38,3.7,62.93,77746176084.90004,60.197257752479516,A
HYTECH BUILDERS PTE LTD,271829646.0,7,4,87.49,4.53,68.31,78018005730.90004,60.40772983083818,A
BOUSTEAD PROJECTS E&C PTE. LTD.,271828342.0,2,1,96.08,5.0,73.32,78289834072.90004,60.618200899536575,A
John Holland Pty Ltd / McConnell Dowell S.E.A. Pte Ltd Joint Venture,265424634.0,1,1,88.14,4.11,94.48,78555258706.90004,60.82371370944388,A
Greatearth Construction Pte Ltd,264269129.0,2,2,74.95,4.77,78.0,78819527835.90004,61.028331835704705,A
SHINGDA CONSTRUCTION PTE. LTD.,262824445.0,14,1,86.83,3.24,83.72,79082352280.90004,61.231831372994364,A
HI-TEK CONSTRUCTION PTE LTD,256615000.0,3,1,93.17,3.35,80.91,79338967280.90004,61.43052306531995,A
Alstom Transport (S) Pte Ltd / Alstom Transporte S.A.,249854305.0,1,1,99.06,3.39,87.26,79588821585.90004,61.62398009119641,A
JIA YI CONSTRUCTION PTE. LTD.,246060000.0,2,1,100.0,3.68,84.12,79834881585.90004,61.81449926510923,A
CES ENGINEERING & CONSTRUCTION PTE. LTD.,245568000.0,3,1,73.91,3.27,71.4,80080449585.90004,62.00463749358772,A
ALBA GROUP PLC & CO. KG,245268969.8,2,1,88.78,4.56,85.29,80325718555.70004,62.19454418916093,A
SAMWOH CORPORATION PTE. LTD.,244440000.0,9,4,79.21,2.65,89.75,80570158555.70004,62.38380903054615,A
HWA SENG BUILDER PTE LTD / CHYE JOO CONSTRUCTION PTE LTD / HO LEE CONSTRUCTION PTE LTD JOINT VENTURE,242880000.0,1,1,77.31,3.74,90.67,80813038555.70004,62.571865996164064,A
HUATIONG CONTRACTOR PTE LTD,241440576.45,21,7,81.56,4.54,72.09,81054479132.15004,62.75880844586855,A
HON INDUSTRIES PTE. LTD.,233386871.8,15,9,70.97,5.0,97.33,81287866003.95004,62.93951507846805,A
VICO CONSTRUCTION PTE. LTD.,226700000.0,1,1,79.71,3.62,75.48,81514566003.95004,63.11504420439682,A
TOH KIM BOCK C-E CONTRACTOR PTE LTD,222471564.31,32,14,88.01,4.66,87.68,81737037568.26004,63.287299339938684,A
H P CONSTRUCTION & ENGINEERING PTE LTD,220151199.5,9,7,73.99,3.64,75.91,81957188767.76004,63.4577578649515,A
LBD ENGINEERING PTE. LTD.,218045255.0,7,4,97.56,3.77,68.09,82175234022.76004,63.62658580065097,A
MCCONNELL DOWELL SOUTH EAST ASIA PRIVATE LIMITED,215911753.0,1,1,94.37,3.51,79.37,82391145775.76004,63.7937618098342,A
"NINGBO CONSTRUCTION GROUP CO., LTD. (SINGAPORE BRANCH)",215895000.0,5,1,77.31,4.07,66.97,82607040775.76004,63.960924847515685,A
KUAN AIK HONG CONSTRUCTION PTE LTD,212844587.6,5,4,99.4,3.72,73.92,82819885363.36005,64.12572601390342,A
UG M&E PTE. LTD.,210626426.0,10,5,85.18,3.36,81.04,83030511789.36005,64.28880970359589,A
LIAN HO LEE CONSTRUCTION (PRIV ATE) LIMITED,210118650.0,3,3,90.37,3.85,63.07,83240630439.36005,64.45150023282321,A
CIVICA PTE. LTD.,208866645.9,14,10,97.19,4.7,64.64,83449497085.26004,64.61322136114478,A
QUEK & QUEK CIVIL ENGINEERING PTE LTD,208827796.0,11,6,93.91,4.32,66.14,83658324881.26004,64.77491240879151,A
AIK LEONG PLUMBING CONSTRUCTION PTE LTD,202951441.0,9,2,80.82,3.96,62.11,83861276322.26004,64.93205351617887,A
WAN CHUNG CONSTRUCTION (SINGAPORE) PTE. LTD.,201962009.0,8,5,100.0,3.54,81.09,84063238331.26004,65.08842852681227,A
WEE POH CONSTRUCTION CO. (PTE.) LTD.,201000000.0,1,1,86.5,4.31,100.0,84264238331.26004,65.24405867375395,A
DAELIM INDUSTRIAL CO. LTD.,197390000.0,1,1,92.17,4.3,76.17,84461628331.26004,65.39689367228542,A
SURBANA JURONG CONSULTANTS PTE. LTD.,192865988.67,148,17,77.84,4.13,82.18,84654494319.93004,65.54622582231909,A
PEOPLE ADVANTAGE PTE. LTD.,191789371.89,30,17,81.81,4.98,78.3,84846283691.82004,65.69472437022505,A
TKB C-E CONTRACTOR PTE. LTD.,191172426.59,14,5,90.67,4.56,84.51,85037456118.41003,65.84274523013252,A
ATS TRAFFIC PTE LTD,190818913.24,8,3,100.0,5.0,65.14,85228275031.65004,65.99049237195739,A
KILOWATTS ENGINEERING AND CONSTRUCTION PTE LTD,190079982.0,5,3,86.9,4.23,83.08,85418355013.65004,66.1376673745909,A
SHINRYO CORPORATION,188788488.0,4,3,76.8,3.41,83.65,85607143501.65004,66.28384240010503,A
Senoko Energy Supply Pte Ltd,188481010.93,4,3,79.56,4.81,87.09,85795624512.58003,66.42977935247694,A
CHINA JINGYE ENGINEERING CORPORATION LIMITED (SINGAPORE BRANCH),188280000.0,1,1,91.75,4.43,78.34,85983904512.58003,66.57556066623907,A
CCECC SINGAPORE PTE LTD,186678933.99,18,6,85.42,4.17,90.19,86170583446.57004,66.72010230767083,A
WEE HUR CONSTRUCTION PTE LTD,183873953.0,4,3,100.0,3.79,70.45,86354457399.57004,66.86247211027849,A
"LUNG-TEH SHIPBUILDING CO., LTD.",183390298.0,1,1,93.49,3.06,69.49,86537847697.57004,67.00446742881293,A
SIM LIAN CONSTRUCTION CO. (PTE.) LTD.,181100000.0,2,1,83.95,4.29,80.52,86718947697.57004,67.14468941692807,A
THONG HUAT BROTHERS (PTE) LIMITED,180520700.0,6,4,87.97,4.0,91.93,86899468397.57004,67.28446286502269,A
SHINRYO CORPORATION (SINGAPORE BRANCH),180262000.0,2,1,86.01,3.18,69.61,87079730397.57004,67.42403600705256,A
Tiong Aik Construction Pte Ltd,180000000.0,1,1,88.07,4.43,63.46,87259730397.57004,67.56340628789587,A
AETOS SECURITY MANAGEMENT PTE. LTD.,179223455.24,29,20,90.25,5.0,73.07,87438953852.81004,67.70217530617649,A
SING TEC DEVELOPMENT PTE. LTD.,179075222.36,16,6,95.81,3.91,92.58,87618029075.17004,67.84082955080089,A
LOGISTICS CONSTRUCTION PTE LTD,178393136.0,23,14,94.33,4.91,67.39,87796422211.17004,67.97895567004998,A
AECOM SINGAPORE PTE. LTD.,177091141.21,47,14,88.08,3.64,87.95,87973513352.38005,68.116073681635,A
John Holland Pty Ltd - Zhen Hua (Singapore) Engineering Pte. Ltd. Joint Venture,175741589.0,1,1,87.75,3.52,84.59,88149254941.38005,68.25214676282823,A
FUJITSU ASIA PTE LTD,170227291.46,114,27,87.36,4.32,85.44,88319482232.84006,68.38395023737255,A
SODEXO KIM YEW PTE. LTD.,170194038.87,41,19,90.06,2.39,80.85,88489676271.71005,68.51572796512349,A
GAMMON PTE. LIMITED,168144800.0,3,2,71.3,5.0,81.19,88657821071.71005,68.64591900955872,A
CNQC ENGINEERING & CONSTRUCTION PTE. LTD.,163980000.0,1,1,98.38,2.69,73.12,88821801071.71005,68.77288533540698,A
Master Contract Services Pte Ltd,163000000.0,1,1,96.38,3.77,98.25,88984801071.71005,68.89909286750398,A
KOON CONSTRUCTION & TRANSPORT CO. PTE. LTD.,162578600.0,4,4,92.47,3.4,92.61,89147379671.71005,69.02497411828796,A
GENNAL INDUSTRIES PTE LTD,162172673.7,13,9,100.0,3.21,68.41,89309552345.41005,69.15054106872506,A
Siemens Pte Ltd,160922927.0,14,6,87.88,3.77,77.48,89470475272.41005,69.27514036611461,A
CHAN RONG FEN BUILDING CONSTRUCTION PTE LTD,159800000.0,3,1,80.9,3.68,87.92,89630275272.41005,69.39887020432995,A
Yongnam Engineering & Construction Pte Ltd,159000000.0,1,1,100.0,4.63,97.25,89789275272.41005,69.52198061907488,A
CHANG HUA CONSTRUCTION PTE LTD,156210617.2,3,2,100.0,3.93,80.97,89945485889.61005,69.64293127235194,A
FRONTBUILD ENGINEERING & CONSTRUCTION PTE LTD,154675307.0,7,4,81.84,3.92,57.29,90100161196.61005,69.7626931666637,A
KONE PTE LTD,154175919.61,12,9,65.16,4.31,74.14,90254337116.22005,69.8820683956377,A
Hock Guan Cheong Builder Pte Ltd,154100168.0,4,2,97.45,3.47,84.89,90408437284.22005,70.00138497170528,A
KOYO ENGINEERING (S.E. ASIA) PTE. LTD.,153503840.0,13,7,90.21,5.0,78.59,90561941124.22005,70.12023982332376,A
HONG SHIN BUILDERS PTE LTD,153368561.31,9,8,97.52,4.61,83.7,90715309685.53004,70.2389899314477,A
JIN CHOON CIVIL ENGINEERING PTE. LTD.,152589100.0,11,4,76.68,3.91,73.28,90867898785.53004,70.35713651878453,A
KEONG HONG CONSTRUCTION PTE LTD,152183229.0,1,1,98.49,4.03,98.31,91020082014.53004,70.47496884859214,A
NGEE CHENG ELECTRIC COMPANY (PRIVATE) LIMITED,147923000.0,5,4,80.27,4.56,83.47,91168005014.53004,70.58950257110985,A
KIAN HIAP CONSTRUCTION PTE LTD,147179334.0,4,2,85.02,3.62,70.82,91315184348.53004,70.70346048840935,A
TECHNIQUES AIR-CONDITIONING & ENGINEERING PTE LTD,146549181.0,3,1,83.53,5.0,72.15,91461733529.53004,70.81693049126118,A
CHC CONSTRUCTION PTE. LTD.,146344398.0,17,4,97.67,3.41,81.4,91608077927.53004,70.93024193486733,A
Bintai Kindenko Pte Ltd,144938434.43,10,7,92.47,3.88,84.11,91753016361.96004,71.0424647699312,A
OR KIM PEOW CONTRACTORS (PRIVATE) LIMITED,143927000.0,2,1,92.27,3.49,65.44,91896943361.96004,71.15390447221418,A
RICH-LINK CONSTRUCTION PTE. LTD.,143743803.0,1,1,85.1,3.8,68.52,92040687164.96004,71.26520232884526,A
SING & SAN CONSTRUCTION PTE LTD,143482493.44,8,1,88.07,4.22,75.99,92184169658.40004,71.37629785888323,A
GUAN JOO CONSTRUCTION PTE LTD,143240488.0,10,3,83.1,3.94,73.45,92327410146.40004,71.4872060091093,A
WSP CONSULTANCY PTE. LTD.,142863299.86,38,12,83.92,3.38,100.0,92470273446.26004,71.59782211035203,A
Kim Seng Heng Engineering Construction (Pte) Ltd,142392880.0,6,4,79.56,3.21,87.67,92612666326.26004,71.70807397521696,A
YS YONG SERVICES PTE LTD,141349286.78,12,8,100.0,4.28,85.6,92754015613.04004,71.81751780741436,A
PAL-LINK CONSTRUCTION PTE. LTD.,140330770.0,6,5,86.65,4.39,97.54,92894346383.04004,71.92617302311358,A
Asiaray Connect Limited,140019936.0,1,1,92.86,3.72,71.5,93034366319.04004,72.03458756646903,A
KIM BOCK CONTRACTOR PRIVATE LIMITED,139806186.37,46,10,95.66,3.06,81.96,93174172505.41003,72.14283660790247,A
ST Logistics Pte. Ltd.,139015948.57,21,10,86.35,3.49,81.79,93313188453.98004,72.25047378453525,A
CHAN & CHAN ENGINEERING PTE. LTD.,138627900.0,10,4,88.12,3.77,53.71,93451816353.98004,72.35781050317814,A
DOUBLE-TRANS PTE. LTD.,138345629.8,15,3,85.0,3.05,65.36,93590161983.78004,72.46492866583742,A
Sunhuan Construction Pte Ltd,138000000.0,1,1,83.2,4.28,77.03,93728161983.78004,72.57177921448397,A
HOCK LIAN SENG INFRASTRUCTURE PTE. LTD.,137380000.0,1,1,94.68,4.12,84.25,93865541983.78004,72.67814970994094,A
"Kawasaki Heavy Industries, Ltd. / CSR Qingdao Sifang Co., Ltd. / Kawasaki Heavy Industries (S) Pte Ltd Consortium",136800000.0,1,1,89.63,3.94,61.91,94002341983.78004,72.78407112338185,A
CPC CONSTRUCTION PTE. LTD.,131253000.0,15,4,76.34,4.23,83.79,94133594983.78004,72.88569760933478,A
ECO Special Waste Management Pte Ltd,129047740.0,2,2,85.99,3.93,75.11,94262642723.78004,72.98561660803476,A
China Railway 11 Bureau Group Corporation (Singapore Branch) / CCECC Branch Office Singapore / Gates PCM Construction Ltd. Consortium,126716208.2,1,1,97.38,3.13,75.14,94389358931.98004,73.08373034983606,A
TOWER TRANSIT GROUP LIMITED,125564769.0,1,1,86.18,4.91,84.39,94514923700.98004,73.18095255605581,A
SHENG KEONG CONSTRUCTION PTE. LTD.,124761360.0,12,1,83.6,3.98,73.48,94639685060.98004,73.27755269928689,A
GIM TIAN CIVIL ENGINEERING PTE LTD,124085750.0,8,1,97.65,3.84,98.12,94763770810.98004,73.3736297316544,A
NCS COMMUNICATIONS ENGINEERING PTE. LTD.,123464982.91,26,8,94.36,3.86,88.64,94887235793.89005,73.46922611689041,A
Prelim Construction Pte Ltd,123300000.0,2,2,72.28,4.47,82.4,95010535793.89005,73.5646947592681,A
SMRT AUTOMOTIVE SERVICES PTE. LTD.,123166613.6,8,4,84.27,5.0,82.52,95133702407.49005,73.66006012331228,A
LIAN SOON CONSTRUCTION PTE LTD,123004110.0,7,3,94.74,4.84,83.7,95256706517.49005,73.75529966417662,A
SINGAPORE ENGINEERING & CONSTRUCTION PTE. LTD.,122313002.07,3,3,80.41,3.64,82.93,95379019519.56006,73.85000409445043,A
LANDSCAPE ENGINEERING PTE LTD,119855357.94,18,2,96.2,4.57,81.48,95498874877.50006,73.94280562165417,A
SH INTEGRATED SERVICES PTE. LTD.,119824008.11,37,16,90.7,3.22,90.43,95618698885.61006,74.0355828753323,A
CLEAN SOLUTIONS PTE LTD,119422726.17,10,6,91.39,4.4,81.71,95738121611.78006,74.12804942469556,A
MEMIONTEC PTE LTD,118135415.0,21,3,94.38,4.07,77.91,95856257026.78006,74.2195192356183,A
RYOBI GEOTECHNIQUE INTERNATIONAL PTE. LTD.,117493632.1,66,16,95.25,3.9,80.99,95973750658.88007,74.31049212730207,A
CPG CONSULTANTS PTE LTD,117401959.95,89,12,85.53,4.61,69.48,96091152618.83006,74.4013940391342,A
OHIN CONSTRUCTION CO. PTE. LTD.,116919280.0,9,3,73.81,3.67,82.57,96208071898.83006,74.4919222218542,A
ATT SYSTEMS (S'PORE) PTE LTD,116348523.28,37,12,89.48,4.59,99.16,96324420422.11006,74.58200847943885,A
BLACK & VEATCH (SEA) PTE. LTD.,115801800.0,6,2,87.35,3.27,95.11,96440222222.11006,74.6716714204842,A
ST ELECTRONICS (INFO-SOFTWARE SYSTEMS) PTE. LTD.,114870340.11,32,16,87.26,4.09,83.32,96555092562.22006,74.76061315138251,A
REACHFIELD SECURITY & SAFETY MANAGEMENT PTE. LTD.,114645418.0,13,6,85.56,3.56,79.3,96669737980.22006,74.8493807297384,A
CHARTWORTH ENTERPRISE SINGAPORE PTE. LTD.,114409273.0,8,2,89.48,4.02,66.61,96784147253.22006,74.93796546590002,A
AVENUE ENGINEERING PTE. LTD.,114341200.0,10,3,83.87,3.72,85.84,96898488453.22006,75.02649749454424,A
ST ENGINEERING LAND SYSTEMS LTD.,112844216.28,13,5,87.78,3.79,85.23,97011332669.50006,75.11387043962473,A
CSP MAINTENANCE PTE LTD,111624120.525,21,16,86.34,4.16,89.02,97122956790.02505,75.2002986897717,A
Siemens Mobility Pte. Ltd./ Siemens Aktiengesellschaft Consortium,111179479.8,1,1,94.91,4.18,87.15,97234136269.82506,75.28638266379248,A
DRAGAGES SINGAPORE PTE LTD,111083000.0,2,2,79.88,3.81,60.52,97345219269.82506,75.37239193549759,A
SWEE BUILDERS PTE LTD,109976400.0,10,4,96.85,3.43,85.2,97455195669.82506,75.45754438968724,A
MAO SHENG QUANJI CONSTRUCTION PTE LTD,109775076.38,27,9,91.28,4.18,74.38,97564970746.20506,75.54254096315766,A
DREDGING INTERNATIONAL ASIA PACIFIC PTE LTD,108379087.1,1,1,100.0,4.09,61.48,97673349833.30507,75.6264566509725,A
SMITECH ENGINEERING PTE LTD,104814084.0,9,2,76.2,4.74,87.71,97778163917.30507,75.70761203054703,A
OUNG CONSTRUCTION (S) PTE LTD,104187901.5,13,5,85.17,5.0,77.24,97882351818.80507,75.78828256994997,A
Pico Art International Pte Ltd,103595263.12,112,36,86.82,4.85,89.93,97985947081.92506,75.86849424170038,A
McConnell Dowell S.E.A. Pte Ltd,103053188.0,2,2,87.84,3.69,64.33,98089000269.92506,75.9482861958857,A
ENG HUP SHIPPING PTE LTD,102895114.0,6,4,85.83,3.51,68.19,98191895383.92506,76.02795575663895,A
PLANAR ONE & ASSOCIATES PTE LTD,102709711.0,2,2,100.0,3.64,77.61,98294605094.92506,76.10748176368008,A
QXY RESOURCES PTE. LTD.,102497903.05,20,6,82.19,4.86,74.09,98397102997.97507,76.18684377220191,A
Tat Hin Builders Pte Ltd,101603000.0,5,4,76.12,3.82,84.88,98498705997.97507,76.2655128757826,A
Zheng Keng Engrg & Constrn Pte Ltd,100670000.0,5,4,87.9,3.62,88.56,98599375997.97507,76.34345957674091,A
VIGCON CONSTRUCTION PTE LTD,99603535.0,4,3,100.0,3.8,85.63,98698979532.97507,76.42058053588501,A
UGL (SINGAPORE) PTE. LTD.,99562582.0,3,1,90.6,3.73,70.78,98798542114.97507,76.49766978596737,A
"Guthrie Engineering (S) Pte Ltd / LSIS Co., Ltd. Consortium",99500000.0,1,1,83.15,5.0,87.68,98898042114.97507,76.5747105801002,A
SINGAPORE TELECOMMUNICATIONS LIMITED,98582565.57,82,37,87.9,4.42,77.22,98996624680.54507,76.65104102370991,A
D' PERCEPTION SINGAPORE PTE. LTD.,97872327.67,41,29,84.87,4.35,74.48,99094497008.21507,76.72682154478856,A
LS 2 Services Pte Ltd,97381836.91,6,6,86.49,4.37,80.38,99191878845.12508,76.80222228900625,A
OR KIM PEOW CONTRACTORS (PRIVATE) LIMITED / CPG CONSULTANTS PTE LTD,97002940.0,1,1,89.32,4.2,73.4,99288881785.12508,76.87732966117528,A
China State Construction Engineering Corporation Limited (Singapore Branch) / Surbana International Consultants Pte Ltd,96443500.0,1,1,87.14,4.76,80.75,99385325285.12508,76.95200387051146,A
PURETECH ENGINEERING PTE LTD,96306277.09,4,1,80.01,2.98,86.31,99481631562.21507,77.02657183098373,A
PROPELL INTEGRATED PTE LTD,96281942.0,25,8,97.33,3.41,75.95,99577913504.21507,77.10112094929862,A
ONEBERRY TECHNOLOGIES PTE. LTD.,94242357.0,12,9,85.01,3.66,71.62,99672155861.21507,77.17409085908987,A
PIPENET PTE. LTD.,92865525.21,2,1,86.9,3.05,79.16,99765021386.42508,77.24599471647421,A
M1 NET LTD.,92343924.47,19,14,84.23,4.75,69.71,99857365310.89508,77.31749470918287,A
KURIHARA KOGYO CO. LTD.,91817044.0,6,6,72.04,4.57,72.49,99949182354.89508,77.38858674922999,A
TEACLY (S) PTE. LTD.,91476847.42,11,1,94.08,3.02,76.14,100040659202.31508,77.45941538209435,A
SOPRA STERIA ASIA PTE. LTD.,90986171.0,12,7,91.99,4.21,67.21,100131645373.31508,77.52986409434507,A
ST ELECTRONICS (E-SERVICES) PTE. LTD.,90891725.28,36,21,75.82,3.78,74.58,100222537098.59508,77.60023967922622,A
WING TUCK ENGINEERING PTE LTD,90741595.0,5,3,91.43,3.59,76.66,100313278693.59508,77.67049902133355,A
Stallion Development Pte Ltd,90350000.0,2,1,76.99,3.25,60.37,100403628693.59508,77.74045515952352,A
SING YIET CIVIL ENGINEERING CONTRACTOR PTE LTD,89223632.0,11,3,78.94,3.89,76.66,100492852325.59508,77.80953917424408,A
BUILDING CONSTRUCTION CO. (PRIVATE) LIMITED,88363035.0,6,1,85.64,4.26,76.73,100581215360.59508,77.87795684648917,A
CMC CONSTRUCTION PTE. LTD.,87867396.0,3,1,85.64,4.11,68.33,100669082756.59508,77.94599075569747,A
FONG CONSULT PTE. LTD.,87749482.00999999,52,6,96.09,3.69,90.33,100756832238.60507,78.01393336653962,A
POWEN ENGINEERING PTE. LTD.,87625000.0,3,3,80.17,3.69,77.76,100844457238.60507,78.08177959353347,A
KAH ENGINEERING (1986) PTE. LTD.,87066560.0,3,2,94.9,3.56,80.23,100931523798.60507,78.14919343197381,A
QUEK HOCK SENG CONSTRUCTION (PTE) LTD,86993385.0,6,5,88.7,4.35,61.02,101018517183.60507,78.21655061252359,A
FUJIAN CHENGJIAN CONSTRUCTION CORPORATION LIMITED (SINGAPORE BRANCH),86860000.0,3,1,90.8,3.09,84.34,101105377183.60507,78.28380451582387,A
INCORPORATED BUILDERS PTE LTD,86790517.0,3,1,88.38,3.67,70.68,101192167700.60507,78.35100461987291,A
"CHINA RAILWAY ENGINEERING EQUIPMENT GROUP CO., LTD. SINGAPORE BRANCH",86446181.0,1,1,94.13,3.25,70.08,101278613881.60507,78.41793811167182,A
UEMS SOLUTIONS PTE. LTD.,86401847.88,27,17,87.42,5.0,68.35,101365015729.48508,78.48483727725191,A
FOSTA PTE. LTD.,85901894.6,42,13,84.39,4.55,96.21,101450917624.08508,78.55134933933734,A
KJS CONSTRUCTION PTE LTD,85799835.99000001,16,6,88.67,5.0,89.18,101536717460.07509,78.61778237954977,A
APRO-ASIAN PROTECTION PTE LTD,85746585.84,12,9,84.7,4.34,60.93,101622464045.91508,78.68417418927129,A
CERTIS CISCO PROTECTION SERVICES PTE. LTD.,85450180.67,12,11,92.69,3.48,85.77,101707914226.58508,78.75033649859402,A
SEMBCORP DESIGN AND CONSTRUCTION PTE. LTD.,85306000.0,2,2,85.84,4.32,69.21,101793220226.58508,78.81638717180302,A
CHIONG CONSTRUCTION PTE. LTD.,84927947.0,5,2,95.31,4.24,70.68,101878148173.58508,78.88214512638544,A
CERTIS INTEGRATED FACILITIES MANAGEMENT PTE. LTD.,84721553.5,2,2,100.0,5.0,65.83,101962869727.08508,78.9477432747453,A
ENGIE SERVICES SINGAPORE PTE. LTD.,84640714.88,10,7,91.13,4.97,70.98,102047510441.96509,79.013278831432,A
ENG HUP ENGINEERING PTE LTD,84550682.77000001,4,3,83.63,3.57,93.75,102132061124.73509,79.07874467811617,A
PBT ENGINEERING PTE LTD,84114377.0,4,2,85.27,3.96,89.9,102216175501.73509,79.14387270225755,A
SUPERSONIC MAINTENANCE SERVICES PTE. LTD.,83974554.42,11,7,89.25,5.0,78.18,102300150056.15509,79.20889246466427,A
ENG LENG CONTRACTORS PTE LTD,83683400.0,6,5,77.6,4.2,63.18,102383833456.15509,79.2736867922194,A
Toa Corporation - Hiap Shing Construction Pte Ltd Joint Venture,83650139.0,1,1,76.88,2.57,62.05,102467483595.15509,79.33845536646946,A
O'Connor's Singapore Pte Ltd,83447164.4,10,5,88.82,3.0,87.81,102550930759.55508,79.40306678168061,A
DEBENHO PTE LTD,83263176.0,10,5,63.84,4.96,86.3,102634193935.55508,79.46753573847519,A
SHIN KHAI CONSTRUCTION PTE. LTD.,82859744.0,17,8,91.73,3.76,66.34,102717053679.55508,79.53169232620789,A
Digo Corporation Pte Ltd,82094173.67,27,9,86.55,3.64,78.41,102799147853.22508,79.59525614865227,A
PRIMUSTECH PTE. LTD.,81888258.0,13,5,80.85,4.09,82.59,102881036111.22508,79.658660534848,A
BEE KONG ELECTRICAL ENGINEERING PTE LTD,81851147.0,11,7,85.75,5.0,87.25,102962887258.22508,79.7220361867632,A
SWEE HONG LIMITED,81092041.0,3,1,69.8,3.5,80.29,103043979299.22508,79.78482407858723,A
JOHNSON CONTROLS (S) PTE. LTD.,80478671.0,21,16,83.22,4.56,73.78,103124457970.22508,79.84713705069372,A
SCB BUILDING CONSTRUCTION PTE. LTD.,80450000.0,4,2,77.04,5.0,65.51,103204907970.22508,79.90942782343731,A
TIAN SAN SHIPPING (PRIVATE) LIMITED,80436346.24000001,4,3,95.22,4.01,82.78,103285344316.46509,79.97170802435663,A
TECH MAHINDRA LIMITED (SINGAPORE BRANCH),80334971.56,19,11,92.97,4.52,80.25,103365679288.02509,80.03390973295583,B
BUILDER 90 PTE LTD,80112778.0,4,2,78.05,3.77,85.94,103445792066.02509,80.0959394016725,B
JSM CONSTRUCTION GROUP PTE. LTD.,79917820.0,4,3,90.78,4.62,85.87,103525709886.02509,80.15781811843796,B
KPMG SERVICES PTE. LTD.,78953000.84,137,54,92.04,4.27,80.12,103604662886.86508,80.21894979566294,B
WIPRO NETWORKS PTE. LIMITED,78867688.17999999,14,7,80.88,3.32,72.51,103683530575.04507,80.28001541705797,B
PCS SECURITY PRIVATE LIMITED,78747662.0,21,10,84.02,4.93,67.94,103762278237.04507,80.34098810466183,B
LEY CHOON CONSTRUCTIONS AND ENGINEERING PTE LTD,78696394.0,4,2,85.82,3.77,81.0,103840974631.04507,80.40192109651258,B
TOH CHIN LEONG CONSTRUCTION PTE LTD,78664653.44,19,7,89.33,3.75,68.18,103919639284.48508,80.46282951230356,B
HCJ CONSTRUCTION PTE. LTD.,78573000.0,15,7,79.6,4.84,89.98,103998212284.48508,80.52366696272968,B
Siemens Pte Ltd - ATT Systems (S'pore) Pte Ltd Consortium,78176954.0,1,1,64.37,4.93,85.34,104076389238.48508,80.5841977629211,B
SEF CONSTRUCTION PTE LTD,77900000.0,1,1,77.43,4.5,85.88,104154289238.48508,80.64451412335274,B
ENSIGN INFOSECURITY (SMARTTECH) PTE. LTD.,76780630.0,3,3,87.5,4.59,79.39,104231069868.48508,80.70396377872177,B
KONICA MINOLTA BUSINESS SOLUTIONS ASIA PTE. LTD.,76294242.4,16,15,73.13,4.12,75.63,104307364110.88507,80.76303683422185,B
LITA OCEAN PTE. LTD.,74780550.0,3,2,93.94,4.49,85.88,104382144660.88507,80.8209378689725,B
TAI YONG CONSTRUCTION PTE. LTD.,74695270.0,4,3,92.58,5.0,76.41,104456839930.88507,80.87877287318122,B
DIGO CORPORATION PTE. LTD.,74048057.49000001,15,7,93.11,3.23,79.79,104530887988.37508,80.93610675411612,B
ZUELLIG PHARMA PTE. LTD.,73935154.2,40,7,97.1,4.42,85.84,104604823142.57507,80.99335321636639,B
UNION CONTRACTORS (SINGAPORE) PTE LTD,73184805.0,6,5,95.82,4.8,77.23,104678007947.57507,81.05001869873479,B
R.J. CROCKER CONSULTANTS PTE. LTD.,73016711.0,10,4,92.42,4.8,86.1,104751024658.57507,81.10655402939216,B
HOCK GUAN CHEONG BUILDER PTE. LTD.,71925944.0,3,1,87.98,3.6,66.85,104822950602.57507,81.16224480169882,B
KH FOGES PTE. LTD.,71870000.0,3,3,95.09,3.99,75.3,104894820602.57507,81.21789225772221,B
ECAS CONSULTANTS PTE. LTD.,71447212.97,51,12,79.3,3.6,75.78,104966267815.54507,81.27321235848387,B
ACCLIVIS TECHNOLOGIES AND SOLUTIONS PTE. LTD.,71134541.6,7,4,89.82,3.63,74.97,105037402357.14508,81.32829036426418,B
AH BOON CIVIL ENGINEERING & BUILDING CONTRACTOR PTE LTD,70913000.0,9,2,86.96,3.37,80.15,105108315357.14508,81.38319683496108,B
W'RAY CONSTRUCTION PTE. LTD.,70299038.0,7,4,88.16,4.93,80.46,105178614395.14508,81.43762792756705,B
SHANGHAI TUNNEL ENGINEERING CO. LTD.,70077970.0,1,1,86.28,4.2,79.52,105248692365.14508,81.49188785178832,B
ERNST & YOUNG ADVISORY PTE. LTD.,69846330.12,120,46,100.0,4.03,69.23,105318538695.26508,81.54596842203665,B
CHUAN LIM CONSTRUCTION PTE LTD,68982596.39,6,4,88.49,3.52,81.1,105387521291.65508,81.59938022110428,B
TRITECH CONSULTANTS PTE. LTD.,68439616.0,15,4,65.2,4.94,87.61,105455960907.65508,81.652371601675,B
SHANGHAI CHONG KEE FURNITURE & CONSTRUCTION PTE LTD,68432731.0,5,5,90.39,4.63,71.52,105524393638.65508,81.70535765133248,B
IDEMIA SINGAPORE PTE. LTD.,67885542.91,3,1,89.83,3.59,84.55,105592279181.56508,81.75792002455785,B
"HUNAN FENGTIAN CONSTRUCTION GROUP CO., LTD. SINGAPORE BRANCH",67402370.45,5,2,64.56,4.57,83.56,105659681552.01508,81.81010828733075,B
B19 TECHNOLOGIES PTE. LTD.,67100000.0,2,2,89.95,3.87,80.11,105726781552.01508,81.86206243091179,B
GEOAPPLICATION ENGINEERS PTE. LTD.,67044555.33,17,5,86.44,4.36,85.13,105793826107.34508,81.91397364483043,B
CBM PTE. LTD.,66862383.0,20,13,79.62,4.4,66.28,105860688490.34508,81.965743806478,B
CERTIS CISCO SECURE LOGISTICS PTE. LTD.,66483444.45,13,7,97.91,5.0,72.26,105927171934.79507,82.01722056383595,B
ECQUARIA TECHNOLOGIES PTE LTD,66426496.0,15,9,96.42,3.4,65.27,105993598430.79507,82.0686532271857,B
SUNCITY CONTRACTS PTE LTD,66296680.0,7,4,80.55,4.48,76.28,106059895110.79507,82.11998537668892,B
JEL MAINTENANCE PTE LTD,66199138.0,11,2,72.74,4.49,72.75,106126094248.79507,82.17124200143695,B
JS METAL PTE. LTD.,65994200.8,10,9,84.82,3.88,80.47,106192088449.59508,82.22233994754544,B
PROSEGUR SINGAPORE PTE. LTD.,65851512.0,14,10,94.87,3.81,62.42,106257939961.59508,82.27332741266432,B
YAMATO TECHNOLOGIES PTE. LTD.,65496751.68,15,4,83.24,3.33,92.51,106323436713.27507,82.32404019419745,B
DEENN ENGINEERING PTE LTD,64780000.0,1,1,97.91,3.39,79.28,106388216713.27507,82.37419800971428,B
SHUAN HUAT TRACTOR SERVICES PTE. LTD.,64302492.0,12,5,72.29,3.95,95.93,106452519205.27507,82.42398610065297,B
YENG TONG CONSTRUCTION PTE LTD,64105325.6,2,1,82.21,3.76,83.03,106516624530.87508,82.473621529722,B
CPG Facilities Management Pte Ltd,63620850.92,32,16,90.55,4.73,77.25,106580245381.79507,82.5228818400565,B
Colas Rail SAS - Colas Rail Singapore Private Limited Joint Venture,63575033.0,1,1,86.65,3.69,92.05,106643820414.79507,82.57210667452225,B
ENVAC SINGAPORE PTE. LTD.,63545000.0,13,3,86.95,4.98,78.35,106707365414.79507,82.62130825505662,B
FUJITEC SINGAPORE CORPORATION LTD,61143440.0,7,6,73.79,4.87,69.2,106768508854.79507,82.668650357304,B
SUMMER POND & LANDSCAPING PTE. LTD.,60956586.44,14,2,87.09,4.99,66.82,106829465441.23508,82.71584778270062,B
TONG SHING CONTRACTORS PRIVATE LIMITED,60559489.0,12,3,93.84,3.54,85.26,106890024930.23508,82.76273774375427,B
TECK HENG LANDSCAPE AND CONSTRUCTION PTE. LTD.,60353960.05,10,1,81.81,3.45,88.89,106950378890.28508,82.80946856798857,B
HS E&C PTE. LTD.,60070000.0,11,3,90.02,4.09,79.02,107010448890.28508,82.85597952782334,B
VOLTAS LIMITED,59996295.0,1,1,80.17,4.3,64.06,107070445185.28508,82.9024334193995,B
HARFORD ENGINEERING PTE LTD,59634409.0,13,4,72.96,4.1,69.33,107130079594.28508,82.94860711012313,B
MASTER CONTRACT SERVICES PTE LTD,59620000.0,1,1,95.66,2.75,81.54,107189699594.28508,82.99476964425581,B
HEC ELECTRICAL & CONSTRUCTION PTE LTD,59209860.0,2,1,71.79,5.0,73.62,107248909454.28508,83.04061461546077,B
Porr Bau GmbH / Gates PCM Construction Ltd. JV,59183071.87,1,1,85.8,5.0,79.1,107308092526.15508,83.08643884517016,B
"DAI-DAN CO., LTD.",59175149.0,1,1,92.44,4.4,85.17,107367267675.15508,83.13225694036502,B
AEDAS PTE. LTD.,59095994.5,2,2,80.15,4.54,82.61,107426363669.65508,83.17801374786602,B
AsiaPac Distribution Pte Ltd,58630828.8,28,15,100.0,4.02,83.23,107484994498.45508,83.22341038717676,B
ASIABUILD CONSTRUCTION PTE. LTD.,58188000.0,2,1,78.22,3.93,71.03,107543182498.45508,83.26846415329737,B
KNIGHT FRANK PROPERTY ASSET MANAGEMENT PTE. LTD.,58140273.4,4,3,87.93,3.87,71.73,107601322771.85507,83.31348096569772,B
CHIN KUAN ENGINEERING AND CONTRACTORS PTE LTD,57919543.0,15,1,65.02,4.65,88.83,107659242314.85507,83.3583268711101,B
CPG FACILITIES MANAGEMENT PTE LTD,57855605.97,12,9,81.98,4.11,76.53,107717097920.82507,83.4031232714012,B
ENSURE ENGINEERING PTE LTD,57724684.0,18,2,85.33,3.73,78.93,107774822604.82507,83.44781830151605,B
CHUBB SINGAPORE PRIVATE LIMITED,57691958.0,6,4,79.42,2.86,72.29,107832514562.82507,83.49248799256527,B
TGG PTE. LTD.,57626018.5,5,2,92.88,3.7,61.86,107890140581.32507,83.5371066280221,B
PRIMECH SERVICES & ENGRG PTE LTD,57125631.83,11,6,91.25,3.17,73.84,107947266213.15508,83.58133782441931,B
MKV ENGINEERING AND TRADING SERVICES PTE. LTD.,57085235.0,11,6,84.41,4.49,66.93,108004351448.15508,83.62553774238573,B
ASIA PROJECTS ENGINEERING PRIVATE LIMITED,57057660.0,18,2,78.97,4.05,66.53,108061409108.15508,83.66971630959942,B
ABB PTE. LTD.,56960664.88,24,9,90.09,3.96,87.51,108118369773.03508,83.7138197754958,B
ARUP SINGAPORE PRIVATE LIMITED,56545704.59,29,11,100.0,4.72,79.32,108174915477.62508,83.75760194621353,B
WAI FONG CONSTRUCTION PTE LTD,56447082.0,4,2,96.97,3.91,61.07,108231362559.62508,83.80130775549756,B
CONINT PTE. LTD.,55896000.0,5,4,90.94,4.15,82.1,108287258559.62508,83.84458687337542,B
RONNIE & KOH CONSULTANTS PTE. LTD.,55752700.0,4,1,87.09,3.93,87.72,108343011259.62508,83.88775503702416,B
GREEN FOREST LANDSCAPE PTE. LTD.,55078213.75,12,3,100.0,4.47,80.59,108398089473.37508,83.93040095990575,B
LYL CONSULTANTS PTE. LTD.,54561666.0,2,1,97.17,4.88,77.79,108452651139.37508,83.97264693053742,B
DELUGE FIRE PROTECTION (S.E.A.) PTE LTD,54185891.0,7,3,87.93,4.58,70.2,108506837030.37508,84.01460194635084,B
ALLIANCE CONSULTING ENGINEERS PTE. LTD.,54164712.0,11,3,83.2,3.39,94.1,108561001742.37508,84.05654056370216,B
Ed Zublin AG Singapore Branch,53440576.0,1,1,97.79,4.77,95.42,108614442318.37508,84.09791849751076,B
NETE2 ASIA PTE LTD,53360666.61000001,10,8,82.92,4.08,62.88,108667802984.98508,84.13923455912978,B
AVIATION & ELECTRONICS SUPPORT PTE LTD,53216321.9,2,1,89.78,4.6,90.1,108721019306.88507,84.18043885762228,B
SAM LAIN EQUIPMENT SERVICES PTE LTD,53197291.0,14,4,76.93,4.28,68.45,108774216597.88507,84.22162842088213,B
JARDINE ONESOLUTION (2001) PTE LTD,52974014.08,47,18,95.97,3.49,82.9,108827190611.96507,84.26264510543616,B
YUN ONN COMPANY (PRIVATE) LIMITED,52642825.5,10,5,84.52,2.99,85.46,108879833437.46507,84.30340535751573,B
BUREAU VERITAS BUILDINGS & INFRASTRUCTURE PTE. LTD.,52621231.0,26,4,88.35,4.43,63.17,108932454668.46507,84.34414888942013,B
CHEMICAL INDUSTRIES (FAR EAST) LIMITED.,52499771.2,13,2,95.64,3.32,77.97,108984954439.66507,84.38479837751098,B
DP ARCHITECTS PTE LTD.,52376441.99,21,11,85.46,3.83,80.48,109037330881.65508,84.42535237434275,B
RAMKY CLEANTECH SERVICES PTE. LTD.,52079007.23,9,5,100.0,4.07,78.33,109089409888.88507,84.46567607358546,B
RAYMOND CONSTRUCTION PTE LTD,51649110.0,8,4,91.51,4.55,62.41,109141058998.88507,84.50566691228549,B
Highway International Private Limited - Avenue Engineering Pte Ltd Consortium,51087666.0,1,1,100.0,4.57,78.88,109192146664.88507,84.54522303649688,B
ARCHITECTS 61 PRIVATE LIMITED,50973644.71,7,5,89.45,4.82,80.62,109243120309.59508,84.58469087637933,B
Kingsmen Exhibits Pte Ltd,50929956.56,41,22,81.66,3.72,74.49,109294050266.15508,84.62412488942991,B
CHEE YAM CONTRACTOR PTE. LTD.,50914200.0,4,1,83.59,3.94,72.11,109344964466.15508,84.66354670250165,B
Thong Chew Food Industries Pte Ltd,50429169.94,20,4,94.44,5.0,73.83,109395393636.09508,84.70259296681961,B
ACE WATER PTE. LTD.,49905415.0,22,4,82.29,3.92,78.83,109445299051.09508,84.74123369850935,B
HCL SINGAPORE PTE. LTD.,49793192.49,26,8,98.96,3.76,75.49,109495092243.58508,84.77978753862833,B
LIAN SHING CONSTRUCTION CO PTE LTD,49713403.95,23,4,100.0,3.42,67.01,109544805647.53508,84.81827960012937,B
VERMINATOR PTE. LTD.,49570303.79,15,6,90.77,3.05,73.67,109594375951.32507,84.85666086213325,B
MEIZHUAN BUILDERS PTE LTD,49486613.6,11,3,87.89,4.19,66.61,109643862564.92508,84.89497732455224,B
PRECISION TECHNOLOGIES PTE LTD,49285780.83,48,13,81.46,3.63,61.73,109693148345.75508,84.93313828630701,B
FENG MING CONSTRUCTION PTE LTD / T.Y.LIN INTERNATIONAL PTE. LTD.,49240630.0,1,1,94.84,3.28,61.02,109742388975.75508,84.97126428870703,B
TRANSBUILD CORPORATION (S) PTE. LTD.,48930000.0,2,1,89.54,4.21,73.8,109791318975.75508,85.00914977671627,B
GOH SIN GUAN HUAT PTE LTD,48700000.0,5,2,96.66,4.32,86.25,109840018975.75508,85.04685718047776,B
CUBIC TECHNOLOGIES SINGAPORE PTE. LTD. & CUBIC TRANSPORTATION SYSTEMS (AUSTRALIA) PTY LIMITED CONSORTIUM,48500000.0,1,1,78.45,4.44,77.13,109888518975.75508,85.08440972837165,B
ST Synthesis Pte Ltd,48496867.23,11,9,71.35,4.35,82.3,109937015842.98508,85.12195985062647,B
ENVIRON CONSTRUCTION CO (PTE) LTD,47118080.0,1,1,100.0,3.43,79.18,109984133922.98508,85.15844240641756,B
Chye Joo Constuction Pte Ltd / Fong Consult Pte Ltd,47000000.0,1,1,100.0,4.14,68.03,110031133922.98508,85.19483353530444,B
BNL SERVICES PTE LTD,46507280.13,20,10,90.57,4.22,70.4,110077641203.11508,85.23084316137654,B
JIB SPECIALIST CONSULTANTS PTE. LTD.,46352076.0,20,9,100.0,4.52,89.8,110123993279.11508,85.26673261609758,B
WILLOWGLEN SERVICES PTE LTD,46329220.0,8,4,86.63,3.99,88.99,110170322499.11508,85.3026043738901,B
GWC CONSULTING PTE. LTD.,46190500.0,2,1,74.15,4.06,100.0,110216512999.11508,85.33836872365283,B
LHOIST SG PTE. LTD.,45949930.0,4,2,89.79,4.38,72.03,110262462929.11508,85.37394680503523,B
RMA CONTRACTS PTE. LTD.,45863900.85,50,28,95.83,4.1,93.24,110308326829.96509,85.4094582758243,B
SYNERGY FMI PTE. LTD.,45769652.3,9,9,93.51,3.84,100.0,110354096482.26509,85.4448967719085,B
JUPITER BUILDER PTE. LTD.,45667102.0,15,5,99.58,4.29,71.17,110399763584.26509,85.48025586541428,B
SENG FOO BUILDING CONSTRUCTION PTE LTD,45471115.75,14,9,73.88,4.12,76.8,110445234700.01509,85.51546321081615,B
QING FENG CONSTRUCTION PTE LTD,44850450.0,3,3,100.0,2.91,64.3,110490085150.01509,85.55018998755197,B
HWEE JAN (S) PTE LTD,44453352.05,4,3,89.06,4.2,79.42,110534538502.0651,85.58460929954995,B
"TANGSHAN BAICHUAN INTELLIGENT MACHINE CO.,LTD",44392100.0,4,1,96.23,3.78,78.7,110578930602.0651,85.61898118535119,B
CERTIS TECHNOLOGY (SINGAPORE) PTE. LTD.,44369566.88,33,25,92.52,3.52,93.91,110623300168.9451,85.65333562422322,B
CTC GLOBAL PTE. LTD.,44337435.49,19,12,79.78,4.79,65.56,110667637604.4351,85.68766518442385,B
DELOITTE CONSULTING PTE. LTD.,44335551.65,23,15,89.22,3.79,88.43,110711973156.0851,85.72199328600608,B
DXC TECHNOLOGY SINGAPORE PTE. LTD.,44332259.38,24,11,86.47,3.95,96.21,110756305415.4651,85.75631883845169,B
WORLEY PTE. LIMITED,44280402.5,5,4,96.05,4.1,96.43,110800585817.9651,85.79060423918659,B
E M SERVICES PRIVATE LIMITED,44052370.69,21,8,84.74,4.88,61.19,110844638188.6551,85.82471307960257,B
CHEVALIER SINGAPORE HOLDINGS PTE. LTD.,43876800.0,7,5,96.71,3.73,69.13,110888514988.6551,85.85868597926095,B
HOPE TECHNIK PTE. LTD.,43688185.0,18,7,94.89,3.74,76.58,110932203173.6551,85.89251283822196,B
G4S SECURE SOLUTIONS (SINGAPORE) PTE. LTD.,43581266.0,6,5,97.44,3.61,95.42,110975784439.6551,85.92625691201046,B
ISS FACILITY SERVICES PRIVATE LIMITED,43577009.5,10,9,80.92,4.0,71.73,111019361449.1551,85.95999769007894,B
NOVACITYNETS PTE LTD,43376056.0,8,4,86.97,4.82,92.05,111062737505.1551,85.99358287400447,B
GEOMOTION (SINGAPORE) PTE. LTD.,43304660.85,14,6,94.95,3.39,95.22,111106042166.00511,86.02711277814052,B
HO ENG HUAT CONSTRUCTION PTE LTD,43291638.19,8,1,80.77,2.3,91.66,111149333804.19511,86.0606325991,B
GEOSMART INTERNATIONAL PTE. LTD.,43141749.0,7,3,99.78,3.95,72.88,111192475553.19511,86.09403636395669,B
O Liner Technology Pte Ltd,43026340.0,10,2,70.58,3.55,73.35,111235501893.19511,86.12735077000924,B
TAT HIN BUILDERS PTE LTD,42674000.0,2,1,88.32,5.0,63.51,111278175893.19511,86.16039236647984,B
AVIVA LTD,42446308.43,16,8,88.66,4.0,73.59,111320622201.6251,86.19325766607234,B
DELTEQ PTE LTD,42173105.19,17,12,88.0,3.78,67.5,111362795306.81511,86.22591143004104,B
ISLAND RECOVERY SERVICES,41865550.45,5,3,78.17,2.98,71.47,111404660857.2651,86.25832706072923,B
OGILVY SINGAPORE PTE. LTD.,41854961.03,22,14,78.57,3.59,78.75,111446515818.2951,86.29073449224833,B
GFK ASIA PTE LTD,41759351.18,4,2,86.48,4.3,64.01,111488275169.4751,86.32306789503605,B
RCY PTE. LTD.,41242899.5,17,4,86.74,3.66,89.38,111529518068.9751,86.35500141995888,B
HIGHWAY INTERNATIONAL PRIVATE LIMITED,40764506.32,3,1,85.36,4.44,77.39,111570282575.2951,86.38656453492698,B
KIM SENG HENG ENGINEERING CONSTRUCTION (PTE) LTD,40660350.0,1,1,79.24,3.61,85.32,111610942925.2951,86.41804700380857,B
RADIUS EXPERIENTIAL INTERNATIONAL PTE. LTD.,40613380.21,38,16,99.98,4.23,65.37,111651556305.50511,86.44949310495227,B
ZOLL MEDICAL SINGAPORE PTE. LTD.,40600728.26,4,1,84.93,3.43,79.64,111692157033.7651,86.48092940995248,B
VESTAR IRON WORKS PTE LTD,40235000.0,9,3,83.96,3.73,86.14,111732392033.7651,86.51208253911766,B
SCHINDLER LIFTS (SINGAPORE) PTE. LTD.,39956968.11,16,12,91.93,4.88,79.21,111772349001.8751,86.5430203939351,B
"CRRC ZHUZHOU LOCOMOTIVE CO., LTD.",39834972.0,3,1,79.28,3.84,63.62,111812183973.8751,86.57386378968523,B
CAPGEMINI SINGAPORE PTE. LTD.,39822289.92,7,6,95.47,3.04,64.79,111852006263.7951,86.60469736596286,B
Soil-Build (Pte) Ltd - Shincon Industrial Pte Ltd Joint Venture,39746586.0,1,1,100.0,4.37,85.23,111891752849.7951,86.63547232625943,B
BAN CHON CORPORATION & TRADING PTE LTD,39322000.0,7,2,87.64,4.98,85.91,111931074849.7951,86.665918538389,B
ENSIGN INFOSECURITY (SYSTEMS) PTE. LTD.,39159009.32,14,7,96.99,3.39,82.18,111970233859.11511,86.69623855020275,B
ASIAMEDIC WELLNESS ASSESSMENT CENTRE PTE. LTD.,39058091.0,5,2,85.0,3.44,82.52,112009291950.11511,86.7264804230465,B
ANG CHENG GUAN CONSTRUCTION PTE LTD,38855000.0,4,3,95.41,4.25,87.09,112048146950.11511,86.7565650467252,B
DB & B PTE LTD,38793433.0,4,4,72.85,3.62,73.38,112086940383.11511,86.7866020003479,B
Acer Computer (Singapore) Pte Ltd,38732678.0,15,10,76.97,5.0,70.93,112125673061.11511,86.81659191262942,B
COMFORTDELGRO DRIVING CENTRE PTE. LTD.,38697672.31,1,1,94.97,4.21,80.61,112164370733.42511,86.84655472072845,B
MS FIRST CAPITAL INSURANCE LIMITED,38515287.66,45,14,81.22,3.03,79.23,112202886021.08511,86.87637631216143,B
ST INTEGRATED ENGINEERING PTE. LTD.,38329640.26,12,7,88.94,3.98,76.4,112241215661.34511,86.90605416064842,B
KHIAN HENG CONSTRUCTION (PRIVATE) LIMITED,38190000.0,2,2,85.65,5.0,99.91,112279405661.34511,86.93562388856735,B
STARLAND CONSTRUCTION PTE LTD,38184000.0,4,2,100.0,3.63,69.33,112317589661.34511,86.96518897081025,B
SUCCESS FOREVER CONSTRUCTION & MAINTENANCE PTE LTD,37841637.85,35,12,81.8,3.41,83.09,112355431299.19511,86.99448896911429,B
"JANGHO GROUP CO., LTD. SINGAPORE BRANCH",37803429.73,2,2,81.69,3.24,91.26,112393234728.92511,87.02375938366045,B
HI-TEK CONSTRUCTION PTE. LTD.,37747000.0,1,1,86.27,2.74,69.76,112430981728.92511,87.05298610583263,B
PRO-ACE POWER & CONTROL PTE LTD,37613102.0,26,2,93.38,3.53,90.43,112468594830.92511,87.08210915355001,B
Tritech Engineering & Testing (Singapore) Pte Ltd,37541953.5,8,3,96.24,4.04,89.33,112506136784.42511,87.1111771124539,B
LIFE TECHNOLOGIES HOLDINGS PTE. LTD.,37472712.2,45,13,92.11,4.59,61.38,112543609496.6251,87.14019145924988,B
C K T THOMAS PRIVATE LIMITED,37448500.0,4,1,77.35,3.78,80.16,112581057996.6251,87.16918705903966,B
FLOTECH CONTROLS PTE LTD,37372260.0,15,1,71.2,4.91,81.28,112618430256.6251,87.1981236277727,B
W.H. BRENNAN & COMPANY (PRIVATE) LIMITED,37157073.95,22,2,84.8,4.22,83.5,112655587330.5751,87.22689358239342,B
P-ONE (S) PTE. LTD.,36685764.0,3,1,96.18,4.01,75.75,112692273094.5751,87.25529861145803,B
PV Vacuum Engineering Pte Ltd,36254259.0,4,1,79.09,3.97,64.79,112728527353.5751,87.2833695351169,B
TRITECH ENGINEERING & TESTING (SINGAPORE) PTE LTD,36186892.6,4,2,92.36,4.62,72.68,112764714246.17511,87.31138829836418,B
CKMBT INTERNATIONAL PTE. LTD.,35320650.48,24,8,84.42,3.84,77.51,112800034896.6551,87.33873634823621,B
STARHUB LTD.,35136069.44,59,27,74.27,2.66,89.41,112835170966.09511,87.36594148082278,B
COLLIERS INTERNATIONAL CONSULTANCY & VALUATION (SINGAPORE) PTE LTD,35113301.01,6,3,87.81,4.59,84.97,112870284267.1051,87.39312898428444,B
QUADUNION BUILDERS PTE. LTD.,34859340.0,3,2,77.77,4.62,81.94,112905143607.1051,87.4201198509834,B
WSP ENGINEERING MALAYSIA SDN BHD / MOT T MACDONALD (MALAYSIA) SDN BHD / ERNST & YOUNG ADVISORY SERVICES SDN BHD,34850000.0,1,1,90.3,5.0,77.61,112939993607.1051,87.44710348591335,B
LIM WEN HENG CONSTRUCTION PTE LTD,34819613.0,2,2,70.64,4.09,63.75,112974813220.1051,87.47406359281705,B
S. K. ROSENBAUER PTE. LTD.,34614782.45,9,2,82.56,4.22,75.59,113009428002.5551,87.50086510365807,B
Swee Bee Contractor Pte Ltd,34459264.42,15,7,81.42,3.08,63.04,113043887266.9751,87.5275462001018,B
CA M&E ENGINEERING PTE. LTD.,34102434.730000004,44,18,95.94,3.67,74.03,113077989701.7051,87.55395101068935,B
SCT CONSTRUCTION PTE. LTD.,33975000.0,1,1,98.04,3.64,83.79,113111964701.7051,87.58025715119852,B
XTREMAX PTE. LTD.,33946068.0,16,11,79.16,2.58,76.51,113145910769.7051,87.60654089025789,B
WAN SHENG HAO CONSTRUCTION PTE LTD,33931000.0,2,2,86.49,4.83,91.68,113179841769.7051,87.6328129624762,B
PICO ART INTERNATIONAL PTE. LTD.,33879811.6,20,13,93.01,4.26,98.43,113213721581.3051,87.65904540057404,B
CHYE THIAM MAINTENANCE PTE LTD,33832398.03,11,9,79.92,4.15,74.81,113247553979.3351,87.68524112732428,B
ZHENG KENG ENGINEERING & CONSTRUCTION PTE LTD,33661770.0,1,1,86.32,4.71,84.44,113281215749.3351,87.71130474031641,B
PRINCE'S LANDSCAPE AND CONSTRUCTION PTE LTD,33649010.34,23,16,73.01,3.81,79.22,113314864759.6751,87.73735847376743,B
WEISHEN INDUSTRIAL SERVICES PTE LTD,33486060.9,11,9,85.88,4.01,96.92,113348350820.57509,87.76328603883393,B
EDINBURGH DESIGNS LIMITED,33393047.0,1,1,95.1,3.47,82.66,113381743867.57509,87.7891415851595,B
SOMERVILLE (SINGAPORE) PRIVATE LIMITED,32953144.0,6,3,96.67,4.26,75.38,113414697011.57509,87.81465652368145,B
KING WAN CONSTRUCTION PTE. LTD.,32811000.0,3,2,91.05,4.01,80.27,113447508011.57509,87.84006140304118,B
HEPTACON CONSTRUCTION PTE. LTD.,32760000.0,1,1,96.46,4.56,76.51,113480268011.57509,87.86542679415466,B
NOTE PRINTING AUSTRALIA LIMITED,32751323.16,3,1,94.86,4.22,60.93,113513019334.73509,87.89078546697021,B
RAMO INDUSTRIES PTE. LTD.,32261171.16,9,5,81.82,4.43,78.99,113545280505.8951,87.91576462521967,B
RESOURCE PILING PTE LTD,32228000.0,1,1,93.14,3.81,94.31,113577508505.8951,87.94071809972533,B
TRUST-BUILD ENGINEERING & CONSTRUCTION PTE. LTD.,32166000.0,2,1,80.78,4.83,77.67,113609674505.8951,87.96562356891204,B
CHANG SENG SERVICES PTE LTD,32078376.52,2,2,84.8,4.17,82.27,113641752882.4151,87.99046119304865,B
Hock Hai Civil Engineering & Building Pte Ltd,32052800.0,7,3,82.98,4.32,76.54,113673805682.4151,88.01527901381428,B
NAM LEE PRESSED METAL PTE. LTD.,32048282.38,1,1,87.44,3.6,70.8,113705853964.7951,88.0400933366801,B
Volvo East Asia (Pte) Ltd,32019938.0,7,3,86.61,2.76,59.86,113737873902.7951,88.06488571307813,B
RI DONG CORPORATION PTE LTD,31990910.0,1,1,88.59,4.02,64.61,113769864812.7951,88.08965561369554,B
SANCHOON BUILDERS PTE LTD,31689070.0,1,1,78.54,3.77,86.03,113801553882.7951,88.11419180583756,B
GUTHRIE FMC PTE. LTD.,31358443.06,16,6,87.7,4.15,90.05,113832912325.8551,88.13847200037135,B
WIZVISION PTE. LTD.,31352418.47,14,9,68.47,3.13,71.35,113864264744.3251,88.16274753018958,B
HSC PIPELINE ENGINEERING PTE LTD,31326400.0,4,1,92.18,4.5,57.5,113895591144.3251,88.18700291444407,B
MEGABUILDERS & DEVELOPMENT PTE. LTD.,31071044.4,16,8,72.69,4.3,80.18,113926662188.7251,88.21106058213364,B
WOHA ARCHITECTS PTE. LTD.,31016681.85,2,2,88.81,4.09,79.49,113957678870.5751,88.235076158024,B
WORLEYPARSONS PTE. LIMITED,30957290.0,7,5,79.54,3.83,68.72,113988636160.5751,88.25904574803204,B
ELECTROMECH TECHNOLOGIES PTE. LTD.,30700000.0,8,1,93.55,2.69,78.83,114019336160.5751,88.2828161237092,B
RICOH (SINGAPORE) PTE LTD,30398561.36,10,9,84.77,4.41,70.68,114049734721.9351,88.30635310167574,B
THENG LIANG LEE SERVICES PTE LTD,30348772.0,11,6,83.58,3.88,57.23,114080083493.9351,88.32985152876957,B
PMPS LINER TECHNOLOGY (SINGAPORE) PTE. LTD.,30232516.0,8,4,93.47,3.58,78.03,114110316009.9351,88.35325994124467,B
STANLEY SECURITY SINGAPORE PTE. LTD.,30194851.28,4,2,71.16,3.58,62.62,114140510861.2151,88.37663919070532,B
TRANE DISTRIBUTION PTE. LTD.,30183306.0,7,7,73.33,4.99,75.61,114170694167.2151,88.4000095008942,B
EFFEKTIV SYSTEMS SOLUTION PTE LTD,30028630.0,5,2,93.35,4.23,75.86,114200722797.2151,88.42326004865221,B
FENG MING CONSTRUCTION PTE LTD,29936609.0,1,1,82.74,3.79,78.61,114230659406.2151,88.44643934645124,B
COONEEN PROTECTION LIMITED,29752733.73,5,1,86.9,5.0,69.22,114260412139.9451,88.46947627342794,B
ASA CONTRACTS PTE. LTD.,29647789.0,36,12,85.82,4.34,86.78,114290059928.9451,88.49243194386857,B
BSG LANDSCAPE & CONSTRUCTION PTE. LTD.,29581695.47,23,13,92.42,3.71,74.72,114319641624.4151,88.51533643945456,B
ORANGE VALLEY NURSING HOMES PTE. LTD.,29400002.0,3,1,67.75,4.31,80.63,114349041626.4151,88.53810025354085,B
Seiko Architectural Wall Systems Pte Ltd,29269253.0,1,1,95.24,3.27,77.09,114378310879.4151,88.56076283137799,B
CKM CONSULTANTS PTE LTD,29241979.5,58,7,96.64,3.94,97.47,114407552858.9151,88.58340429190758,B
ROBIN VILLAGE DEVELOPMENT PTE. LTD.,29071460.01,3,1,95.66,5.0,81.94,114436624318.9251,88.60591372271935,B
EDELMAN SINGAPORE PTE. LTD.,29023128.11,17,11,100.0,3.86,80.44,114465647447.0351,88.62838573113959,B
TRENDBUILD CONTRACTS PTE. LTD.,28980255.0,20,15,93.14,3.61,80.67,114494627702.0351,88.65082454379659,B
GROUPM MEDIA PRODUCTS PTE. LTD.,28963201.25,2,2,94.84,3.98,76.42,114523590903.2851,88.67325015208733,B
ST ELECTRONICS (TRAINING & SIMULATION SYSTEMS) PTE. LTD.,28730064.07,11,6,95.74,4.51,83.2,114552320967.3551,88.69549524707669,B
TOPPAN ECQUARIA PTE. LTD.,28600912.0,5,4,76.74,3.63,85.76,114580921879.3551,88.71764034228677,B
"TYCO FIRE, SECURITY & SERVICES PTE. LTD.",28599233.31,14,8,85.8,4.99,79.05,114609521112.6651,88.73978413772188,B
DN HYBRID PTE. LTD.,28551063.0,6,3,93.38,5.0,84.57,114638072175.6651,88.76189063588123,B
CERTIS MANAGEMENT SERVICES PTE. LTD.,28336447.2,9,7,100.0,4.21,65.96,114666408622.8651,88.78383096146104,B
RYOBI KISO (S) PTE. LTD.,28295751.0,4,3,88.58,5.0,81.18,114694704373.8651,88.80573977681405,B
Mitsubishi Corporation,28000000.0,1,1,100.0,4.55,90.31,114722704373.8651,88.82741959827857,B
ANACLE SYSTEMS LIMITED,27989582.66,14,9,75.15,4.11,96.54,114750693956.5251,88.84909135381197,B
HOCK HAI CIVIL ENGINEERING & BUILDING PTE LTD,27970000.0,4,2,83.29,4.74,62.18,114778663956.5251,88.87074794689634,B
NEW ART INTERIOR PTE LTD,27918067.0,4,3,94.62,4.06,73.41,114806582023.5251,88.89236432933187,B
Citi Construction & Engineering pte ltd,27865762.13,22,6,100.0,2.41,71.94,114834447785.6551,88.91394021318726,B
QUEST LABORATORIES PTE LTD,27810214.2,1,1,83.3,4.08,89.52,114862257999.8551,88.93547308742818,B
SOON THONG CONSTRUCTION PTE. LTD.,27680000.0,1,1,88.78,3.97,83.14,114889937999.8551,88.95690513950453,B
TAKASAGO SINGAPORE PTE. LTD.,27579501.0,7,2,91.51,4.11,69.74,114917517500.8551,88.97825937728169,B
VA TECH WABAG (SINGAPORE) PTE. LTD.,27562641.0,15,1,73.0,4.11,70.43,114945080141.8551,88.99960056070921,B
FUCOM CONSTRUCTION PTE. LTD.,27549524.71,4,1,92.59,4.05,82.5,114972629666.56511,89.02093158846439,B
POLWEL Co-operative Society Limited,27180759.52,16,10,79.17,5.0,78.32,114999810426.08511,89.04197708895238,B
ACROMEC ENGINEERS PTE LTD,26949458.49,14,6,75.88,4.91,69.86,115026759884.57512,89.06284349783198,B
LIAN CHENG CONTRACTING PTE LTD,26662345.0,7,4,97.2,4.02,75.34,115053422229.57512,89.0834876006686,B
ISO-TEAM CORPORATION PTE LTD,26642820.0,10,5,71.4,5.0,72.46,115080065049.57512,89.10411658570115,B
BINTAI KINDENKO PRIVATE LIMITED,26579436.0,2,2,90.77,4.37,68.45,115106644485.57512,89.12469649381212,B
UIC Asian Computer Services Pte Ltd,26564619.72,35,24,100.0,4.6,55.32,115133209105.29512,89.14526492998364,B
ARCADIS PTE. LTD.,26563445.0,2,2,94.64,4.73,85.3,115159772550.29512,89.16583245659373,B
KONGSBERG MARITIME PTE. LTD.,26432300.0,4,3,83.7,3.99,88.09,115186204850.29512,89.18629844034002,B
HEXOGON SOLUTION PTE. LTD.,26386028.6,13,5,97.38,3.95,95.26,115212590878.89513,89.20672859709737,B
ABSOLUTE MAINTENANCE SERVICES PTE LTD,26234750.0,8,5,90.41,3.94,76.88,115238825628.89513,89.22704162196045,B
CHUNG PRINTING PTE. LTD.,26141374.71,16,13,91.49,4.86,64.46,115264967003.60513,89.24728234826581,B
JONES LANG LASALLE PROPERTY CONSULTANTS PTE LTD,26098693.0,6,5,77.77,3.87,79.86,115291065696.60513,89.267490027005,B
WSH EXPERTS PTE. LTD.,25981960.58,56,24,83.6,3.75,71.93,115317047657.18513,89.2876073222433,B
Ufinity Pte Ltd,25826367.0,8,4,89.88,4.49,68.31,115342874024.18513,89.30760414458749,B
SINGAPORE POST LIMITED,25820180.34,13,9,83.65,4.35,80.39,115368694204.52513,89.32759617672865,B
METHODIST WELFARE SERVICES,25775902.0,5,3,91.83,3.73,72.69,115394470106.52513,89.34755392506604,B
GROUND INSTRUMENTATION & ENGINEERING PTE. LTD.,25650368.0,28,11,92.64,5.0,74.73,115420120474.52513,89.36741447502101,B
CBRE PTE. LTD.,25490957.49,22,11,81.95,3.91,72.53,115445611432.01514,89.38715159671182,B
MER MEC S.P.A.,25310276.95,2,1,88.74,4.13,71.19,115470921708.96513,89.40674882119373,B
DHI WATER & ENVIRONMENT (S) PTE. LTD.,25257973.0,30,7,78.23,4.55,81.96,115496179681.96513,89.42630554780786,B
DE LA RUE INTERNATIONAL LIMITED.,25219200.0,1,1,78.09,4.24,74.88,115521398881.96513,89.44583225328921,B
PERFORM INDUSTRIES PTE. LTD.,24913410.0,11,5,91.6,4.73,74.08,115546312291.96513,89.4651221918918,B
CONEXUS AS,24867138.55,2,2,92.92,5.0,83.41,115571179430.51514,89.4843763034667,B
D-TEAM ENGINEERING PTE. LTD.,24839279.52,12,4,99.0,4.29,85.13,115596018710.03514,89.5036088443703,B
SOIL INVESTIGATION PTE. LIMITED,24801595.65,18,7,87.46,2.37,66.05,115620820305.68513,89.52281220743198,B
HITACHI ELEVATOR ASIA PTE. LTD.,24664636.21,8,6,78.77,3.8,83.97,115645484941.89514,89.54190952562912,B
"TAIYO CHIKURO INDUSTRIES CO, LTD. (SINGAPORE BRANCH)",24616000.0,4,1,90.51,4.7,80.4,115670100941.89514,89.56096918581379,B
KOIZUMI LIGHTING SINGAPORE PTE. LTD.,24511471.67,3,3,92.57,3.7,61.88,115694612413.56514,89.5799479118723,B
CRIMSONLOGIC PTE LTD,24462197.3,15,8,85.85,4.56,73.72,115719074610.86514,89.59888848580422,B
SING HENG HOE CONSTRUCTION (1988) PTE LTD,24342929.0,6,3,88.46,3.62,58.69,115743417539.86514,89.61773671275577,B
STARGROUP EST. PTE. LTD.,24313701.4,11,3,97.53,3.59,71.68,115767731241.26514,89.63656230938054,B
MUNSEH ENGINEERING SDN.BHD.,24284270.22,9,1,75.2,3.91,80.55,115792015511.48514,89.65536511805074,B
GDS ENGINEERING PTE LTD,24254673.31,37,20,83.79,4.61,73.55,115816270184.79514,89.67414501044505,B
BRUKER SINGAPORE PTE. LTD.,24169670.67,32,5,90.56,3.18,70.94,115840439855.46513,89.69285908705154,B
CERTIS CISCO AVIATION SECURITY PTE. LTD.,24120978.0,2,1,82.79,3.45,85.73,115864560833.46513,89.71153546192974,B
TONG TAR TRANSPORT SERVICE PTE LTD,23988681.0,18,12,99.14,4.31,67.23,115888549514.46513,89.73010940197436,B
PAMARINE PRIVATE LIMITED,23928266.58,5,2,73.76,4.61,77.26,115912477781.04514,89.74863656438184,B
ATL MAINTENANCE PTE. LTD.,23860602.74,9,7,96.11,4.07,72.1,115936338383.78514,89.7671113360761,B
DENTSU SINGAPORE PTE LTD,23771237.16,10,8,81.45,3.94,81.43,115960109620.94514,89.78551691384823,B
SMRT EXPERIENCE PTE. LTD.,23709504.0,1,1,85.06,4.77,84.32,115983819124.94514,89.80387469291009,B
C.P.ONG CONSTRUCTION PTE LTD,23582248.0,8,6,85.68,4.43,66.55,116007401372.94514,89.82213394028051,B
SAPURA SYNERGY SINGAPORE PTE. LTD.,23578983.36,13,8,94.47,4.55,79.62,116030980356.30515,89.84039065990764,B
GEOALLIANCE CONSULTANTS PTE. LTD.,23528550.0,16,7,93.96,4.78,85.67,116054508906.30515,89.85860833002619,B
SPCI PTE LTD,23498550.6,6,1,85.78,3.64,63.6,116078007456.90515,89.87680277222914,B
QCS MARKETING & TRADING (S) PTE LTD,23423429.27,1,1,96.21,3.77,76.17,116101430886.17516,89.89493904953845,B
KWANG SING ENGINEERING PTE. LTD.,23350882.0,15,7,83.81,4.41,60.38,116124781768.17516,89.91301915499554,B
GREENWAVE SOLUTIONS PTE. LTD.,23272000.0,7,2,73.46,3.88,77.58,116148053768.17516,89.9310381837499,B
Taiko Marketing (S) Pte Ltd,23265793.0,10,2,97.37,4.18,76.15,116171319561.17516,89.94905240655243,B
CITYNEON EVENTS PTE. LTD.,23063953.21,23,12,90.39,4.58,64.94,116194383514.38516,89.96691034897596,B
SAAB TECHNOLOGIES B.V.,22910888.2,2,1,89.1,3.36,85.31,116217294402.58516,89.98464977632487,B
EXCELTEC PROPERTY MANAGEMENT PTE LTD,22862772.14,14,12,83.48,4.21,100.0,116240157174.72516,90.00235194840269,B
AVEPOINT SINGAPORE PTE. LTD.,22843122.29,12,8,84.3,3.25,83.69,116263000297.01515,90.02003890600766,B
DAEGU METROPOLITAN TRANSIT CORPORATION,22778540.0,1,1,90.28,4.6,80.99,116285778837.01515,90.03767585887988,B
JK Technology Pte Ltd,22583534.91,23,14,85.23,3.84,90.63,116308362371.92516,90.05516182334013,B
Orell Fussli Ltd,22443100.0,1,1,93.53,3.99,72.66,116330805471.92516,90.0725390519512,B
RIVERIA MARKETING PTE LTD,22348125.0,13,2,78.93,4.15,61.82,116353153596.92516,90.08984274338215,B
GATES PCM INTEGRATED SERVICES PTE. LTD.,22213849.46,23,11,86.5,4.16,72.2,116375367446.38516,90.1070424680369,B
EBARA ENGINEERING SINGAPORE PTE. LTD.,22187350.0,8,1,84.1,4.43,73.85,116397554796.38516,90.12422167470727,B
HOCKLIM ENGINEERING PTE. LTD.,22136648.0,6,3,92.59,4.13,94.84,116419691444.38516,90.14136162386666,B
BRK PTE. LTD.,22082229.08,6,2,75.44,4.22,83.68,116441773673.46516,90.15845943758069,B
A-SONIC LOGISTICS PTE. LTD.,22077505.96,5,3,67.04,4.22,86.27,116463851179.42517,90.1755535942805,B
LAM CHUAN CONSTRUCTION PTE LTD,22060235.0,3,2,71.49,3.99,76.28,116485911414.42517,90.19263437843283,B
PEST-PRO MANAGEMENT PTE. LTD.,21804195.825,24,11,86.84,3.63,93.82,116507715610.25017,90.20951691674225,B
CHEMICRETE ENTERPRISES PTE LTD,21788382.8,6,6,99.82,4.55,72.2,116529503993.05017,90.22638721135311,B
"METRON AVIATION, INC.",21755828.0,1,1,97.45,4.44,78.49,116551259821.05017,90.243232299455,B
S & I Systems Pte Ltd,21752214.44,18,12,98.7,3.3,64.69,116573012035.49017,90.26007458965204,B
"DONGAH GEOLOGICAL ENGINEERING CO., LTD, SINGAPORE BRANCH",21700000.0,1,1,81.37,4.14,73.91,116594712035.49017,90.27687645128704,B
SKK WORKS PTE. LTD.,21599466.0,6,1,77.2,3.46,83.88,116616311501.49017,90.29360047152308,B
CIVIL TECH PTE. LTD.,21570000.0,1,1,76.49,3.64,66.65,116637881501.49017,90.31030167684413,B
BNF Engineering (S) Pte Ltd,21560667.0,8,5,90.63,3.59,77.24,116659442168.49017,90.32699565581612,B
BUILT FORCE CONSTRUCTION PTE LTD,21429935.0,5,2,81.32,3.72,77.02,116680872103.49017,90.3435884117017,B
TUAS POWER SUPPLY PTE LTD,21380135.35,7,5,98.64,4.34,52.29,116702252238.84018,90.36014260874724,B
AIR LIQUIDE SINGAPORE PRIVATE LIMITED,21300460.21,24,6,83.94,3.55,80.42,116723552699.05019,90.37663511497813,B
WINSYS TECHNOLOGY PTE LTD,21238939.75,21,7,95.65,4.48,70.77,116744791638.80019,90.39307998718797,B
Fuji Xerox Singapore Pte Ltd,21212301.25,30,20,99.82,3.82,79.01,116766003940.05019,90.40950423375767,B
MARINA TECHNOLOGY AND CONSTRUCTION PTE LTD,21134599.5,5,5,92.14,4.66,89.67,116787138539.55019,90.42586831746782,B
PRESICO ENGINEERING PTE. LTD.,20892000.0,2,1,85.19,4.19,91.77,116808030539.55019,90.44204456139771,B
Mercury Marine Singapore Pte Ltd,20844392.0,2,2,88.68,3.91,82.36,116828874931.55019,90.45818394343685,B
GAMMON CONSTRUCTION LIMITED SINGAPORE BRANCH,20800000.0,1,1,91.67,4.86,76.17,116849674931.55019,90.47428895366764,B
KIAT LEE LANDSCAPE & BUILDING PTE LTD,20799010.0,6,3,72.88,3.84,62.26,116870473941.55019,90.49039319736188,B
EXCELLENT SECURITY & SAFETY PTE. LTD.,20713200.0,1,1,91.46,4.66,80.91,116891187141.55019,90.50643100014612,B
TOKIO MARINE INSURANCE SINGAPORE LTD.,20586407.91,15,6,92.16,4.11,78.12,116911773549.46019,90.52237063043485,B
LEK SAN CONSTRUCTION PTE LTD,20577897.01,2,2,92.87,4.36,90.77,116932351446.47018,90.53830367090957,B
TAISEI CORPORATION,20430020.0,1,1,90.51,3.61,66.53,116952781466.47018,90.55412221327087,B
AMKFSC COMMUNITY SERVICES LTD.,20377110.11,5,2,100.0,4.56,76.77,116973158576.58018,90.56989978859758,B
P-WAY CONSTRUCTION & ENGINEERING PTE. LTD.,20298504.0,1,1,97.34,4.12,74.69,116993457080.58018,90.58561650083745,B
NATIONAL UNIVERSITY OF SINGAPORE,20111506.75,19,12,92.14,3.69,82.12,117013568587.33018,90.60118842497039,B
DELL GLOBAL B.V. (SINGAPORE BRANCH),19967626.0,6,4,87.8,4.57,80.97,117033536213.33018,90.61664894521148,B
ST ENGINEERING ADVANCED NETWORKS & SENSORS PTE. LTD.,19774306.56,3,2,91.19,5.0,80.77,117053310519.89018,90.63195978220452,B
SERGENT SERVICES PTE LTD,19729223.0,3,2,82.76,4.65,71.9,117073039742.89018,90.64723571192859,B
KILLEM PEST PTE LTD,19728117.27,7,2,83.14,3.39,79.88,117092767860.16019,90.66251078550876,B
Showtec Communications Pte Ltd,19679017.0,9,3,96.6,3.75,89.05,117112446877.16019,90.67774784176437,B
NTT DATA SINGAPORE PTE. LTD.,19581434.75,10,7,83.69,4.35,93.6,117132028311.91019,90.69290934210005,B
COMFORTDELGRO BUS PTE. LTD.,19517325.0,25,12,84.2,3.93,73.72,117151545636.91019,90.70802120358094,B
J. WALTER THOMPSON (SINGAPORE) PTE. LTD.,19510734.05,6,5,84.3,3.03,66.4,117171056370.96019,90.72312796182543,B
PV VACUUM ENGINEERING PTE LTD,19478910.0,4,1,78.64,3.38,81.66,117190535280.96019,90.73821007936554,B
HONG AN ENGINEERING PTE. LTD.,19470897.0,4,3,89.42,3.53,73.46,117210006177.96019,90.75328599260533,B
FORUM ARCHITECTS PTE. LTD.,19381983.62,10,5,87.41,4.61,68.41,117229388161.58018,90.76829306205211,B
NOVARTIS (SINGAPORE) PTE LTD,19367000.0,2,1,81.93,4.47,76.02,117248755161.58018,90.7832885299915,B
CHAN LAM CONSTRUCTION PTE LTD,19330000.0,1,1,87.03,4.05,65.07,117268085161.58018,90.79825534959541,B
SCB BUILDING CONSTRUCTION PTE. LTD. / SMITECH ENGINEERING PTE LTD JOINT VENTURE,19220000.0,1,1,96.52,3.78,64.73,117287305161.58018,90.81313699847212,B
THERMO FISHER SCIENTIFIC PTE. LTD.,19201168.62,35,7,73.02,5.0,85.88,117306506330.20018,90.82800406660039,B
SIIX SINGAPORE PTE. LTD.,19185047.08,4,4,94.49,3.96,71.29,117325691377.28018,90.84285865215334,B
YWL ENGINEERING PTE LTD,19153250.0,1,1,77.37,4.41,67.52,117344844627.28018,90.85768861788425,B
Yokogawa Engineering Asia Pte Ltd,19021590.0,4,2,85.18,3.17,74.27,117363866217.28018,90.8724166419975,B
KRISHCO SINGAPORE CONSTRUCTION PTE LTD,18993200.0,4,1,87.37,4.17,69.93,117382859417.28018,90.88712268432036,B
COGNIZANT TECHNOLOGY SOLUTIONS ASIA PACIFIC PTE. LTD.,18983970.0,8,3,85.42,4.33,86.38,117401843387.28018,90.90182158004492,B
AUX MEDIA GROUP PTE. LTD.,18864915.5,27,13,96.65,4.33,74.29,117420708302.78018,90.91642829433002,B
PACIFIC-AIRLIFT (SINGAPORE) PTE LTD,18799243.65,2,1,84.97,4.14,83.52,117439507546.43018,90.93098416025859,B
VICTOR ENGINEERING & TRADING PTE LTD,18786264.23,5,5,81.9,4.04,67.3,117458293810.66017,90.94552997649043,B
SHINCON INDUSTRIAL PTE. LTD.,18750067.0,3,2,79.36,3.2,88.9,117477043877.66017,90.96004776595498,B
"KISO-JIBAN CONSULTANTS CO., LTD SINGAPORE BRANCH",18702610.0,4,2,86.26,2.88,54.9,117495746487.66017,90.97452881044501,B
SOFTWAREONE PTE. LTD.,18698750.25,1,1,78.95,4.01,94.03,117514445237.91017,90.98900686641035,B
LIAN SOON M & E PTE LTD,18690270.0,2,2,97.3,4.48,85.55,117533135507.91017,91.00347835629333,B
JEOL ASIA PTE. LTD.,18655607.0,14,5,96.01,4.9,75.93,117551791114.91017,91.01792300733163,B
NEWSTEAD TECHNOLOGIES PTE LTD,18458336.17,17,12,95.66,5.0,83.76,117570249451.08017,91.03221491564226,B
3D NETWORKS SINGAPORE PTE. LTD.,18422120.29,16,10,83.19,5.0,82.52,117588671571.37016,91.04647878274528,B
ITS Science & Medical Pte Ltd,18282313.27,49,13,72.25,4.5,100.0,117606953884.64017,91.06063440016143,B
"ZHENG ZHOU YU TONG BUS CO., LTD.",18246523.7,1,1,99.64,3.96,64.2,117625200408.34016,91.07476230645301,B
CHL CONSTRUCTION PTE LTD,18174400.0,5,5,68.61,3.9,86.93,117643374808.34016,91.0888343688539,B
MINERVA INDUSTRIAL & TRADING PTE. LTD.,18092139.4,6,2,79.78,4.36,64.35,117661466947.74016,91.10284273857184,B
PRECISION FABRICATORS (S) PTE LTD,18075866.0,6,1,80.16,3.75,73.9,117679542813.74016,91.11683850813243,B
KINGSMEN EXHIBITS PTE LTD,18057692.5,19,14,91.11,2.43,88.17,117697600506.24016,91.13082020632748,B
FEI YUE COMMUNITY SERVICES,17927058.64,19,5,80.74,3.92,83.42,117715527564.88016,91.14470075742386,B
LIU & WO ARCHITECTS PTE LTD,17898000.4,5,5,73.43,4.49,86.18,117733425565.28015,91.15855880932543,B
GEA WESTFALIA SEPARATOR (S.E.A.) PTE. LTD.,17890000.0,3,1,89.13,3.37,94.53,117751315565.28015,91.17241066668258,B
SON HENG INTERIORS PTE LTD,17849670.0,4,3,85.06,4.07,85.04,117769165235.28015,91.18623129735403,B
ATTIKA INTERIOR + MEP PTE. LTD.,17829913.700000003,3,3,83.39,3.97,87.07,117786995148.98015,91.20003663113059,B
TECHART GLOBAL PTE. LTD.,17759545.43,36,10,78.11,4.77,66.3,117804754694.41014,91.21378748020963,B
N & T ENGINEERING ENTERPRISE (PTE) LTD,17754259.36,13,7,76.77,3.74,71.13,117822508953.77014,91.22753423639391,B
Maintech Engineering & Supplies Pte. Ltd.,17702977.65,5,2,86.51,4.32,70.76,117840211931.42014,91.2412412862097,B
ST LOGISTICS PTE. LTD.,17680466.0,8,6,80.49,3.6,76.85,117857892397.42014,91.25493090572003,B
Safe2Travel Pte Ltd,17661703.95,17,5,93.75,5.0,91.71,117875554101.37013,91.26860599816271,B
COMMERCE ONLINE PTE LTD,17638083.45,4,4,91.91,4.01,85.67,117893192184.82013,91.28226280174029,B
W.L. GORE & ASSOCIATES (PACIFIC) PTE LTD,17617536.0,2,1,100.0,3.52,84.77,117910809720.82013,91.29590369585189,B
RAFFLES MEDICAL GROUP LTD,17603474.3,32,22,90.42,2.8,70.48,117928413195.12013,91.30953370227971,B
"L & K ENGINEERING CO., LTD (SINGAPORE BRANCH)",17568000.0,2,2,84.28,4.34,80.58,117945981195.12013,91.32313624169002,B
DDB Worldwide Pte Ltd,17528256.02,9,7,94.64,5.0,70.18,117963509451.14014,91.33670800815781,B
PENTA-KOHDEN MARKETING PTE LTD,17452874.0,10,2,71.31,3.79,82.99,117980962325.14014,91.35022140788504,B
G.T.H. ENGINEERING & CONSTRUCTION PTE LTD,17405947.0,8,4,89.76,4.09,69.06,117998368272.14014,91.3636984730058,B
LHOIST SINGAPORE PRIVATE LIMITED,17280000.0,1,1,92.42,4.1,88.58,118015648272.14014,91.37707801996675,B
WILSON PARKING (SINGAPORE) PTE. LTD.,17275765.72,9,5,100.0,3.31,89.63,118032924037.86014,91.39045428841219,B
BYD (SINGAPORE) PTE. LTD.,17246317.0,1,1,79.88,4.09,77.0,118050170354.86014,91.4038077553222,B
CUBIC TECHNOLOGIES SINGAPORE PTE. LTD.,17241871.0,3,2,100.0,4.47,73.72,118067412225.86014,91.41715777978628,B
UNITED MEDICARE PTE LTD,17200002.0,3,1,95.63,3.58,76.18,118084612227.86014,91.43047538594877,B
DHL SUPPLY CHAIN SINGAPORE PTE. LTD.,17166016.439999998,5,4,99.62,2.91,57.19,118101778244.30014,91.44376667779433,B
Samwoh Corporation Pte. Ltd. / T.Y. Lin International Pte. Ltd.,17164200.0,1,1,83.32,4.72,80.5,118118942444.30014,91.45705656320796,B
NTUC LEARNINGHUB PTE. LTD.,17163303.16,19,11,94.17,4.54,78.39,118136105747.46014,91.4703457542169,B
SEC(S) PTE. LTD.,17060627.0,4,1,87.87,3.87,63.76,118153166374.46014,91.48355544519663,B
KAER PTE. LTD.,17052400.0,3,3,81.75,4.38,66.92,118170218774.46014,91.49675876618025,B
EMERSON PROCESS MANAGEMENT ASIA PACIFIC PRIVATE LIMITED,17009450.0,3,1,80.34,3.63,81.48,118187228224.46014,91.50992883186632,B
CTCI Coporation / CTCI Singapore Pte Ltd Consortium,16962000.0,1,1,98.13,5.0,77.09,118204190224.46014,91.52306215799778,B
KOLON GLOBAL CORPORATION,16945158.0,1,1,80.24,3.45,77.76,118221135382.46014,91.53618244371664,B
CA FACILITIES PTE. LTD.,16935904.96,17,11,82.66,4.49,84.55,118238071287.42015,91.5492955649978,B
ACTIVANTS PTE LTD,16920051.8,5,4,91.08,4.3,82.96,118254991339.22015,91.56239641150476,B
P & A LINK PTE LTD,16895199.43,19,12,85.0,3.93,94.36,118271886538.65015,91.5754780153351,B
GEORGE KENT INTERNATIONAL PTE. LTD.,16888410.14,9,1,95.64,4.1,90.45,118288774948.79015,91.5885543623585,B
LEE HONG CONSTRUCTION CO. (PTE ). LTD,16874000.0,3,1,96.64,4.41,91.19,118305648948.79015,91.60161955190821,B
ML INTERNATIONAL TRADING PTE. LTD.,16826812.0,11,8,86.85,4.2,72.69,118322475760.79015,91.61464820476452,B
LI JIE CONSTRUCTION PTE. LTD.,16798313.0,2,2,91.85,4.72,88.0,118339274073.79015,91.627654791434,B
ENVIPURE PTE. LTD.,16718114.0,8,2,94.61,4.35,87.16,118355992187.79015,91.64059928167482,B
BROADCAST ENGINEERING SERVICES PTE LTD,16634697.5,14,6,80.14,3.45,71.8,118372626885.29015,91.65347918424327,B
KOK TONG CONSTRUCTION PTE LTD,16608000.7,6,3,89.95,4.0,76.53,118389234885.99014,91.66633841603107,B
PRICEWATERHOUSECOOPERS LLP,16587221.53,42,27,96.48,3.19,65.56,118405822107.52014,91.67918155893689,B
TROPIC PLANNERS & LANDSCAPE PTE. LTD.,16558385.1,8,2,76.67,4.23,78.07,118422380492.62015,91.69200237439077,B
TRICAFTAN ENVIRONMENTAL TECHNOLOGY PTE. LTD.,16523980.0,4,1,93.27,3.52,60.58,118438904472.62015,91.7047965506866,B
Agilent Technologies Singapore (Sales) Pte Ltd,16503055.92,65,14,93.46,5.0,90.78,118455407528.54015,91.71757452589961,B
M1 LIMITED,16448675.01,28,17,83.48,4.96,82.5,118471856203.55014,91.73031039509763,B
Cast Laboratories Pte Ltd,16413352.67,14,9,91.39,5.0,68.96,118488269556.22014,91.74301891493762,B
PUBLICIS SINGAPORE,16374615.92,5,2,88.33,4.47,82.38,118504644172.14014,91.75569744171247,B
ANTARA KOH PRIVATE LIMITED,16307756.0,3,2,80.18,4.35,70.28,118520951928.14014,91.76832420023271,B
DELOITTE & TOUCHE ENTERPRISE RISK SERVICES PTE LTD,16175324.45,68,33,73.85,4.06,75.87,118537127252.59013,91.7808484197401,B
TANG'S ENGINEERING PTE LTD,16166710.0,14,9,87.92,3.81,89.85,118553293962.59013,91.79336596925683,B
O LINER TECHNOLOGY PTE LTD,16149608.0,5,1,77.35,3.91,74.26,118569443570.59013,91.80587027704831,B
RECALL TOTAL INFORMATION MANAGEMENT PTE. LTD.,16125164.34,17,15,97.34,4.29,100.0,118585568734.93013,91.81835565861893,B
RS FACILITIES SERVICES PRIVATE LIMITED,16120810.72,4,3,72.14,4.91,61.46,118601689545.65013,91.83083766927153,B
PAN ALLIANCE TECHNOLOGY INTERNATIONAL PTE. LTD.,16045925.0,7,1,80.48,5.0,77.08,118617735470.65013,91.84326169745843,B
Hao Da Pte Ltd,16045713.4,17,12,75.22,4.05,70.8,118633781184.05013,91.8556855618078,B
SIEMENS MOBILITY PTE. LTD.,15993685.0,1,1,81.54,3.64,96.51,118649774869.05013,91.86806914164208,B
MEDIA RESEARCH CONSULTANTS PTE LTD,15891049.0,27,17,85.88,3.73,85.04,118665665918.05013,91.88037325254223,B
MARCHWOOD LABORATORY SERVICES PTE. LTD.,15881776.75,20,5,88.65,4.09,74.81,118681547694.80013,91.89267018413076,B
D'ASSOCIATES CONSTRUCTION PTE LTD,15866394.3,25,8,85.25,4.36,74.25,118697414089.10013,91.90495520540611,B
AB SCIEX (DISTRIBUTION),15853628.84,18,8,76.29,4.64,67.44,118713267717.94012,91.91723034264953,B
Excellent Security & Safety Pte Ltd,15846510.0,8,5,78.9,4.24,93.79,118729114227.94012,91.92949996792224,B
KELLY SERVICES (SINGAPORE) PTE. LTD.,15762300.13,16,11,85.1,5.0,75.46,118744876528.07013,91.94170439123255,B
Marina Technology and Construction Pte Ltd,15593485.0,8,7,85.83,4.98,84.91,118760470013.07013,91.95377810447575,B
Hobee Print Pte Ltd,15577589.0,5,3,85.15,4.29,80.96,118776047602.07013,91.9658395097746,B
UTRACO HOLDINGS PTE. LTD.,15526064.0,2,1,82.42,4.28,96.63,118791573666.07013,91.97786102033054,B
AUTOMATIC CONTROLS AND INSTRUMENTATION PTE. LTD.,15514720.0,13,3,92.88,3.56,68.77,118807088386.07013,91.98987374746169,B
GROUPM SINGAPORE PTE. LTD.,15477398.0,11,6,100.0,3.64,74.83,118822565784.07013,92.00185757693937,B
SECURITAS ELECTRONIC SECURITY SINGAPORE PTE. LTD.,15452880.0,3,2,99.22,2.79,72.9,118838018664.07013,92.01382242263625,B
IBM SINGAPORE PTE LTD,15444662.65,11,7,99.61,3.77,84.52,118853463326.72012,92.0257809058088,B
DRAGNET SMARTECH SECURITY PTE. LTD.,15390438.0,12,8,81.51,4.13,97.28,118868853764.72012,92.03769740395525,B
ZG LIGHTING SINGAPORE PTE. LIMITED,15382979.0,1,1,75.05,5.0,93.1,118884236743.72012,92.04960812675212,B
ROBERT BOSCH SECURITY SOLUTIONS PTE. LTD.,15305873.0,17,12,78.08,4.08,73.41,118899542616.72012,92.06145914796636,B
KIM TIONG HUAT CONTRACTOR PTE LTD,15298590.0,10,2,100.0,4.92,72.01,118914841206.72012,92.07330453010417,B
THE SHOW COMPANY PTE LTD,15292894.9,10,2,91.94,4.1,94.44,118930134101.62012,92.08514550264373,B
SAC ENERGY (S) PRIVATE LIMITED,15270450.0,3,3,92.08,2.86,90.01,118945404551.62012,92.09696909656098,B
Polytrust Technologies (S) Pte Ltd,15232706.0,3,1,91.19,3.25,82.53,118960637257.62012,92.10876346607888,B
SANYO ENGINEERING & CONSTRUCTION INC.,15220300.0,6,3,86.65,4.31,70.95,118975857557.62012,92.12054822988732,B
FULL HOUSE BUILDING CONSTRUCTION PTE. LTD.,15215434.0,20,14,87.07,3.77,73.75,118991072991.62012,92.1323292260525,B
NAFA SYSTEM SERVICES PTE LTD,15205545.0,7,7,75.34,3.98,96.86,119006278536.62012,92.14410256536931,B
DRC ENGINEERING PTE. LTD.,15203040.0,1,1,91.73,4.41,74.54,119021481576.62012,92.15587396511638,B
SFI MANUFACTURING PRIVATE LIMITED,15169641.44,6,2,82.64,2.34,61.48,119036651218.06012,92.16761950504852,B
AV MEDIA PTE LTD,15141339.41,3,3,91.67,3.95,77.31,119051792557.47012,92.17934313130361,B
LS 2 SERVICES PTE LTD,15110908.0,4,4,94.27,4.41,78.51,119066903465.47012,92.19104319514672,B
KYOCERA DOCUMENT SOLUTIONS SINGAPORE PTE. LTD.,15036414.07,1,1,80.27,4.13,72.87,119081939879.54013,92.202685579879,B
AEDGE HOLDINGS PTE LTD,15022003.0,11,8,91.7,3.18,74.07,119096961882.54013,92.21431680641756,B
FIRE FIGHTING SYSTEMS (FAR EAST) PTE. LTD.,15006500.0,1,1,72.3,3.42,80.53,119111968382.54013,92.22593602930354,B
HARSCO RAIL,14990550.02,1,1,91.5,3.73,84.44,119126958932.56013,92.23754290244955,B
UIC ASIAN COMPUTER SERVICES PTE LTD,14987746.19,14,11,87.81,3.9,88.18,119141946678.75014,92.24914760464793,B
Q'S ADVERTISING PTE. LTD.,14987277.67,19,4,84.67,3.62,60.68,119156933956.42014,92.26075194408095,B
EVERGREEN ENGINEERING & CONSTRUCTION PTE LTD,14964370.0,7,5,91.86,4.0,78.76,119171898326.42014,92.27233854657842,B
VMD PTE. LTD.,14895570.0,1,1,92.9,4.18,78.86,119186793896.42014,92.28387187865744,B
NU SYSTEMS PTE. LTD.,14810638.0,22,9,91.42,3.71,77.16,119201604534.42014,92.2953394496437,B
CROWN CONSTRUCTION PTE LTD,14806427.0,6,5,86.2,3.51,79.4,119216410961.42014,92.30680376013967,B
"OVERDRIVE, INC.",14792672.14,5,4,74.63,2.97,77.09,119231203633.56013,92.31825742053175,B
MERCER (SINGAPORE) PTE. LTD.,14744676.0,40,23,81.93,4.37,71.98,119245948309.56013,92.32967391850434,B
SMRT SERVICES PTE. LTD.,14721779.22,6,1,90.3,3.18,72.49,119260670088.78014,92.34107268797325,B
FLOERGER (S.E.A.) PTE LTD,14611400.0,3,1,90.94,3.94,85.14,119275281488.78014,92.35238599309278,B
SCIENTEC CONSULTING PTE. LTD.,14598744.2,16,12,96.96,3.9,76.45,119289880232.98013,92.36368949908784,B
ATOS INFORMATION TECHNOLOGY (SINGAPORE) PTE. LTD.,14587816.44,14,9,76.75,3.46,72.65,119304468049.42014,92.37498454394415,B
OTIS ELEVATOR COMPANY (S) PTE LTD,14506662.3,8,8,82.01,5.0,97.22,119318974711.72014,92.38621675282664,B
GLOBAL TAX FREE PTE. LTD.,14489784.39,1,1,90.31,4.12,86.74,119333464496.11014,92.39743589349216,B
STAR PEST CONTROL PTE LTD,14428197.89,3,1,94.92,4.46,79.19,119347892694.00014,92.40860734900323,B
MEIDA CONSTRUCTION PTE. LTD.,14405000.0,3,2,81.0,3.61,84.22,119362297694.00014,92.41976084286739,B
TAIKO MARKETING (S) PTE LTD,14389554.0,7,1,85.5,4.85,69.84,119376687248.00014,92.43090237721289,B
GUNUNG CONSTRUCTION & ENGINEERING PTE. LTD.,14350000.0,7,2,98.55,4.25,62.27,119391037248.00014,92.44201328571346,B
TAY HAO PAINT WORKS PTE LTD,14335894.0,20,10,100.0,3.31,82.68,119405373142.00014,92.45311327222969,B
STARLIGHT ADVERTISING (PTE) LTD.,14171172.65,18,14,87.49,3.79,74.29,119419544314.65013,92.46408571840806,B
VANSTAR CIVIL ENGINEERING PTE. LTD.,14142000.0,2,2,79.89,4.02,72.91,119433686314.65013,92.47503557680632,B
HEWLETT-PACKARD SINGAPORE (SALES) PTE. LTD.,14074701.88,13,8,99.49,5.0,66.79,119447761016.53014,92.48593332766077,B
STRATTON TECHNOLOGIES PTE. LTD.,14030973.59,4,1,88.27,4.88,85.64,119461791990.12013,92.49679722060378,B
CSE GLOBAL LIMITED,13920281.67,4,3,90.3,3.67,69.14,119475712271.79013,92.50757540708027,B
CAST LABORATORIES PTE LTD,13854579.0,2,2,84.1,3.82,85.78,119489566850.79013,92.51830272133691,B
ZAP PILING PTE LTD,13802296.0,2,2,69.16,4.8,69.44,119503369146.79013,92.52898955394693,B
Youth Guidance Outreach Services,13768800.0,2,2,97.3,4.27,92.47,119517137946.79013,92.53965045129623,B
TELE-CENTRE SERVICES PTE LTD,13734631.2,10,9,88.8,4.14,77.87,119530872577.99013,92.55028489244968,B
FORCE 21 EQUIPMENT PTE LTD,13569732.53,37,17,67.76,4.09,75.68,119544442310.52013,92.5607916559701,B
SAVILLS PROPERTY MANAGEMENT PTE. LTD.,13556384.0,5,4,85.34,3.72,92.84,119557998694.52013,92.57128808399955,B
MEINHARDT (SINGAPORE) PTE LTD,13524000.0,7,3,86.73,3.43,74.95,119571522694.52013,92.5817594377669,B
AECOM COST CONSULTING AND PROJECT MANAGEMENT (SINGAPORE) PTE. LTD.,13457601.57,9,4,97.31,3.85,86.36,119584980296.09013,92.59217938060185,B
HONG HOCK GLOBAL PTE. LTD.,13457100.0,4,1,100.0,4.21,94.77,119598437396.09013,92.6025989350815,B
Grandbuild Construction Pte Ltd,13448000.0,1,1,85.0,4.24,84.03,119611885396.09013,92.61301144361917,B
SRK ENGINEERING PTE. LTD.,13407065.0,4,2,80.14,4.64,75.15,119625292461.09013,92.62339225703215,B
EXPERTISE TECHNOLOGIES PTE LTD,13405483.5,1,1,88.69,3.73,85.57,119638697944.59013,92.63377184592234,B
LITTLE SWAN AIR-CONDITIONING & ENGINEERING PTE. LTD.,13405110.0,16,13,79.68,3.75,70.14,119652103054.59013,92.6441511456192,B
SIEMENS HEALTHCARE PTE. LTD.,13378760.0,5,4,97.58,3.89,80.99,119665481814.59013,92.65451004305551,B
Hwa Seng Builder Pte Ltd / JYC Consultancy Pte Ltd,13372000.0,1,1,74.02,4.52,49.91,119678853814.59013,92.66486370636349,B
South Pacific Chemical Industries Sdn Bhd,13351008.19,2,1,90.84,4.26,97.26,119692204822.78014,92.67520111614672,B
Global Maritime & Port Services Pte Ltd,13343220.0,5,3,83.18,3.7,67.97,119705548042.78014,92.68553249569536,B
BRYAN BOILER ENGINEERING PTE LTD,13309267.0,4,1,91.52,3.74,88.54,119718857309.78014,92.69583758613763,B
HEXCEL SOLUTIONS PTE. LTD.,13276952.3,9,2,80.76,3.87,100.0,119732134262.08014,92.70611765597538,B
PANASONIC ASIA PACIFIC PTE. LTD.,13275642.17,5,3,94.92,4.64,89.26,119745409904.25014,92.71639671140653,B
Willowglen Services Pte Ltd,13271970.13,18,9,89.56,3.22,96.6,119758681874.38014,92.726672923653,B
BIOMED DIAGNOSTICS PTE LTD,13262881.02,34,8,85.43,4.37,64.93,119771944755.40015,92.73694209838938,B
PCCW SOLUTIONS SINGAPORE PTE. LTD.,13252019.69,2,2,83.49,4.59,62.26,119785196775.09015,92.74720286342236,B
HONEYWELL PTE LTD,13241245.51,7,5,83.79,4.04,91.7,119798438020.60014,92.75745528623038,B
EXCEL PRECAST PTE LTD,13225630.0,1,1,85.53,4.41,68.84,119811663650.60014,92.76769561827165,B
MARUNDA UTAMA ENGINEERING PTE LTD,13205740.0,5,1,100.0,4.0,84.26,119824869390.60014,92.77792054989689,B
MS11 PTE. LTD.,13203451.0,18,7,84.37,4.09,76.67,119838072841.60014,92.78814370919673,B
TOYOCHEM MARKETING PTE LTD,13125564.0,3,2,100.0,3.62,95.9,119851198405.60014,92.79830656220177,B
UNEARTHED PRODUCTIONS PRIVATE LTD.,13095930.2,24,9,98.22,5.0,84.68,119864294335.80014,92.80844647036777,B
SPECIALIST STATIONERY PTE. LTD.,13056297.45,7,4,87.82,4.58,71.14,119877350633.25014,92.81855569171432,B
M-STARS ENGINEERING & CONSTRUCTION PTE. LTD.,13044259.0,15,5,80.47,4.34,84.62,119890394892.25014,92.82865559193777,B
KEAT SENG PILING PTE. LTD.,12993828.0,1,1,92.58,3.5,67.92,119903388720.25014,92.83871644447994,B
PENGUIN INTERNATIONAL LIMITED,12835366.87,4,4,88.47,3.54,77.48,119916224087.12013,92.84865460384327,B
ALLTECH SYSTEMS PTE. LTD.,12783936.0,8,3,88.54,3.42,62.89,119929008023.12013,92.85855294134662,B
ANDRITZ SINGAPORE PTE. LTD.,12743670.0,3,1,79.7,4.44,72.26,119941751693.12013,92.86842010171814,B
FALCON INCORPORATION PTE. LTD.,12720185.55,1,1,84.16,3.76,70.74,119954471878.67014,92.87826907856527,B
STIE PTE. LTD.,12624067.33,4,4,98.74,4.05,86.48,119967095946.00014,92.88804363306065,B
ELECTRONICS & ENGINEERING (PTE) LIMITED,12561709.0,16,11,84.86,4.28,82.22,119979657655.00014,92.89776990478954,B
HL BUILDING MATERIALS PTE. LTD.,12529420.0,1,1,79.88,4.13,85.69,119992187075.00014,92.9074711758129,B
BSI (1990) PTE. LTD.,12470000.0,1,1,89.79,3.49,72.83,120004657075.00014,92.917126439158,B
THE BOSTON CONSULTING GROUP SINGAPORE PTE. LTD.,12466161.0,12,10,90.11,4.2,77.79,120017123236.00014,92.9267787300447,B
XILINX SALES INTERNATIONAL PTE. LTD.,12431700.0,1,1,73.96,3.79,77.7,120029554936.00014,92.93640433849114,B
EPS COMPUTER SYSTEMS PTE LTD,12407572.5,9,8,91.78,4.3,91.99,120041962508.50014,92.94601126551287,B
MANDATE COMMUNICATIONS (S) PTE. LTD.,12362045.05,16,11,92.62,4.86,73.22,120054324553.55014,92.95558294157073,B
Business Edge Personnel Services Pte Ltd,12311791.25,19,14,91.15,4.95,81.86,120066636344.80014,92.96511570714961,B
GARTNER ADVISORY (SINGAPORE) PTE LTD,12291020.0,22,17,82.66,4.74,75.72,120078927364.80014,92.97463238997878,B
Arup Singapore Private Limited and Aedas Pte. Ltd.,12288000.0,1,1,89.75,3.76,74.16,120091215364.80014,92.98414673448434,B
Meinhardt (Singapore) Pte Ltd,12282716.62,10,6,90.68,3.73,85.83,120103498081.42014,92.99365698817795,B
IPSOS PTE. LTD.,12217822.25,21,9,81.5,3.68,75.36,120115715903.67014,93.0031169955017,B
NTT SINGAPORE SOLUTIONS PTE. LTD.,12211130.04,8,7,97.55,4.0,72.93,120127927033.71013,93.01257182118552,B
STARCOM MEDIA WORLDWIDE,12198059.82,6,5,76.32,4.19,73.07,120140125093.53014,93.02201652686807,B
TWIST MEDIA PTE. LTD.,12197749.7,27,17,88.02,3.53,77.1,120152322843.23013,93.0314609924311,B
SPACELOGIC PTE. LTD.,12143912.05,26,10,90.57,4.12,65.78,120164466755.28014,93.04086377261413,B
GREYFORM PTE. LTD.,12141000.0,1,1,98.24,4.91,70.12,120176607755.28014,93.050264298057,B
PerkinElmer Singapore Pte Ltd,12116201.4,35,11,89.6,4.16,74.13,120188723956.68013,93.05964562245629,B
ECON MEDICARE CENTRE PTE LTD,12100002.0,3,1,88.68,4.12,62.63,120200823958.68013,93.06901440399487,B
PYPUN-KD & ASSOCIATES LIMITED,12064499.6,3,1,80.46,4.46,82.79,120212888458.28014,93.07835569675869,B
ANCON ANDA PTE. LTD.,12016000.0,2,1,99.84,4.11,60.81,120224904458.28014,93.08765943728432,B
ASIAPAC DISTRIBUTION PTE LTD,12003273.09,7,6,79.35,3.23,91.96,120236907731.37013,93.09695332362648,B
AIA SINGAPORE PRIVATE LIMITED,11996788.32,5,4,97.26,4.67,89.03,120248904519.69014,93.10624218894526,B
ABJ PTE LTD,11996610.0,5,2,89.4,3.21,87.31,120260901129.69014,93.11553091619452,B
GATES PCM CONSTRUCTION LTD.,11991294.67,2,2,90.34,4.71,58.86,120272892424.36014,93.12481552789359,B
KIN XIN ENGINEERING PTE LTD,11990000.0,3,2,90.7,4.17,81.64,120284882424.36014,93.13409913715644,B
SECUR SOLUTIONS GROUP PTE. LTD.,11951759.0,4,4,82.02,3.94,94.51,120296834183.36014,93.14335313720309,B
FELICITY ENGINEERING PTE LTD,11901345.71,5,2,100.0,3.89,77.65,120308735529.07014,93.15256810328097,B
S & I SYSTEMS PTE LTD,11901065.92,14,11,92.17,4.13,84.69,120320636594.99014,93.16178285272323,B
FUGRO SINGAPORE LAND PTE. LTD.,11877455.0,2,2,85.12,3.94,70.53,120332514049.99014,93.17097932071798,B
SWEE BEE CONTRACTOR PTE LTD,11872600.0,5,2,74.09,3.21,73.89,120344386649.99014,93.18017202958653,B
TEHC INTERNATIONAL PTE. LTD.,11863393.0,2,2,86.56,3.4,86.69,120356250042.99014,93.18935760966522,B
VIZOR LIMITED,11860140.0,1,1,81.59,4.23,83.36,120368110182.99014,93.19854067101323,B
Total eBiz Solutions Pte Ltd,11830782.0,15,11,88.73,3.26,92.54,120379940964.99014,93.20770100106841,B
Genisys Integrated Engineers Pte Ltd,11668000.0,1,1,94.77,4.45,67.61,120391608964.99014,93.21673529238443,B
AVANADE ASIA PTE LTD,11649833.18,5,5,77.79,4.11,65.38,120403258798.17014,93.22575551750705,B
OMNI INTEGER PTE. LTD.,11640933.0,2,1,84.47,4.31,75.89,120414899731.17014,93.23476885140421,B
THE NIELSEN COMPANY (SINGAPORE) PTE. LTD.,11617550.22,18,11,80.82,4.78,66.28,120426517281.39014,93.24376408049795,B
TOWNER CONSTRUCTION PTE LTD,11581000.0,3,2,84.91,5.0,65.68,120438098281.39014,93.25273100951154,B
DONJON PTE. LTD.,11476344.8,13,7,87.17,3.35,72.57,120449574626.19014,93.26161690616615,B
TJ Systems (S) Pte Ltd,11448962.33,16,4,77.33,4.68,81.06,120461023588.52014,93.27048160114003,B
HS ENGINEERING CONSULTANTS,11436000.0,8,1,99.08,4.27,75.32,120472459588.52014,93.2793362596496,B
MEDIACORP PTE. LTD.,11429582.65,35,11,87.08,4.71,73.0,120483889171.17014,93.28818594933767,B
ERNST & YOUNG LLP,11422805.3,29,22,81.87,4.39,87.19,120495311976.47014,93.29703039146368,B
SWISSLOG PTE. LTD.,11386422.0,2,1,89.29,5.0,60.74,120506698398.47014,93.30584666275223,B
ORIENT NATURAL RESOURCES PTE. LTD.,11372912.76,10,1,78.08,3.99,89.39,120518071311.23013,93.31465247411538,B
THE AUDIENCE MOTIVATION COMPANY ASIA PTE LTD,11371063.74,18,4,90.74,4.68,71.81,120529442374.97014,93.32345685382055,B
MAINGUARD SECURITY SERVICES (S) PTE LTD,11362495.0,6,4,80.4,3.59,88.97,120540804869.97014,93.33225459892739,B
DIMENSION DATA (SINGAPORE) PTE. LTD.,11361469.15,22,12,85.37,4.68,84.2,120552166339.12013,93.34105154973977,B
ST ENGINEERING AEROSPACE AIRCRAFT MAINTENANCE PTE. LTD.,11294226.0,1,1,96.4,4.78,73.54,120563460565.12013,93.34979643557048,B
I-MAGINATION SOLUTION PTE. LTD.,11262102.0,3,3,86.42,3.7,75.04,120574722667.12013,93.35851644845174,B
PRESSCRETE ENGINEERING PTE LTD,11228000.0,2,2,86.18,4.29,73.09,120585950667.12013,93.36721005685901,B
HAO DA PTE LTD,11194960.0,3,3,84.72,4.53,83.16,120597145627.12013,93.37587808307694,B
Peregrine Security Pte Ltd,11190700.0,10,9,91.57,3.79,78.61,120608336327.12013,93.38454281086491,B
AR VISUAL PTE. LTD.,11189164.12,2,1,85.39,3.18,85.29,120619525491.24013,93.39320634945271,B
SHOWTEC INTERNATIONAL PTE. LTD.,11170760.0,7,3,85.68,3.69,83.53,120630696251.24013,93.40185563811069,B
NIPPON BUILDERS PTE. LTD.,11119000.0,2,2,93.79,3.96,100.0,120641815251.24013,93.41046485007011,B
INNOVATIVE DIAGNOSTICS PRIVATE LIMITED,11099243.2,2,2,96.24,4.88,76.43,120652914494.44012,93.4190587647475,B
Pro-Matrix Pte Ltd,11094894.0,10,7,94.9,3.84,88.05,120664009388.44012,93.42764931192922,B
ABSOLUTE MAINTENANCE SERVICES PTE. LTD.,11076300.0,2,2,87.72,2.93,100.0,120675085688.44012,93.4362254621609,B
WEC ENGINEERS & CONSTRUCTORS PTE LTD,11074000.0,1,1,96.22,3.87,75.01,120686159688.44012,93.44479983155011,B
GLOBALSIGN.IN PTE. LTD.,11055714.32,3,3,88.75,4.64,89.67,120697215402.76013,93.45336004271513,B
"GEMAC ENGINEERING MACHINERY CO., LTD",11031639.0,1,1,71.33,4.46,81.46,120708247041.76013,93.46190161285732,B
ESRI SINGAPORE PTE. LTD.,11023484.15,13,5,85.76,4.69,86.19,120719270525.91013,93.47043686886764,B
UNITED POWER & RESOURCES PTE. LTD.,11020573.38,6,2,82.35,4.1,82.98,120730291099.29013,93.47896987112888,B
T.Y.LIN INTERNATIONAL PTE. LTD.,11012593.1,9,5,83.56,4.38,81.67,120741303692.39014,93.48749669442422,B
NKH BUILDING SERVICES PTE. LTD.,10993355.0,12,5,81.79,3.58,64.91,120752297047.39014,93.49600862205622,B
GLOBOTRON (S) PTE. LTD.,10987538.0,7,3,88.58,5.0,81.54,120763284585.39014,93.50451604570532,B
WUXI BIOLOGICS (HONG KONG) LIMITED,10986339.51,1,1,87.74,3.92,77.84,120774270924.90013,93.51302254138835,B
HUAKEONG INDUSTRIES PTE. LTD.,10984320.0,1,1,100.0,4.37,74.0,120785255244.90013,93.52152747340654,B
CAE SINGAPORE (S.E.A.) PTE. LTD.,10974320.02,5,1,99.12,3.98,76.12,120796229564.92014,93.53002466264684,B
ST ELECTRONICS (SATCOM & SENSOR SYSTEMS) PTE. LTD.,10973498.0,4,4,77.83,3.64,85.63,120807203062.92014,93.53852121541402,B
CORNERSTONE GLOBAL PARTNERS PTE. LTD.,10963665.0,4,3,88.6,4.53,79.69,120818166727.92014,93.54701015469247,B
TERRA SYSTEMS PTE. LTD.,10938513.0,17,15,98.09,3.16,74.89,120829105240.92014,93.55547961929702,B
BUILDFORMS CONSTRUCTION (PTE.) LTD.,10935109.0,9,6,95.16,3.96,83.55,120840040349.92014,93.5639464482547,B
ATOMZ I! PTE. LTD.,10899231.07,14,11,83.11,4.1,94.54,120850939580.99014,93.5723854976725,B
BUREAUSERVE PTE LTD,10885936.0,1,1,86.82,5.0,77.94,120861825516.99014,93.58081425299228,B
QUEK AND TAN BUILDING CONTRACTORS PTE LTD,10869759.5,6,5,78.85,4.32,81.6,120872695276.49014,93.58923048318236,B
MEASUREMENT & VERIFICATION PTE. LTD.,10867170.0,3,3,79.24,3.65,80.77,120883562446.49014,93.59764470837611,B
T.Y.LIN INTERNATIONAL PTE. LTD. / DP ARCHITECTS PTE LTD / HASSELL ARCHITECTURE (SINGAPORE) PTE. LTD.,10865396.49,1,1,96.3,4.81,84.13,120894427842.98015,93.60605756037769,B
G & C GENERAL CONTRACTORS PTE LTD,10861025.0,4,2,79.22,4.16,73.44,120905288867.98015,93.6144670276249,B
ASCENDAS SERVICES PTE LTD,10850000.0,1,1,100.0,3.59,71.3,120916138867.98015,93.62286795844238,B
BLACKBOX RESEARCH PTE LTD,10832607.0,20,14,90.77,4.79,100.0,120926971474.98015,93.63125542221937,B
PRECAST CONCRETE PTE. LTD.,10774900.0,1,1,82.92,4.58,75.68,120937746374.98015,93.63959820465858,B
LEEDEN NATIONAL OXYGEN LTD.,10696618.27,21,8,87.0,5.0,77.25,120948442993.25015,93.64788037517171,B
CLEAN CITY (1995) PTE. LTD.,10694808.133,4,3,84.77,4.03,75.18,120959137801.38315,93.65616114413316,B
MQ SPECTRUM PTE. LTD.,10678072.8,9,8,93.69,4.37,82.87,120969815874.18315,93.66442895527206,B
WOODLANDS TRANSPORT SERVICE PTE LTD,10512704.0,13,6,89.35,4.38,85.83,120980328578.18315,93.67256872476597,B
ELECTRO-ACOUSTICS SYSTEMS PTE LTD,10487925.0,7,5,84.17,4.75,74.48,120990816503.18315,93.68068930839215,B
CKR PAINTS & COATING SPECIALIST PTE. LTD.,10425000.0,3,3,88.54,4.12,68.54,121001241503.18315,93.68876117049099,B
KUMPULAN DEVELOPMENT (S) PTE LTD,10412903.28,5,3,85.71,3.64,80.55,121011654406.46315,93.69682366634949,B
THONG CHEW FOOD INDUSTRIES PTE LTD,10405165.44,11,7,79.76,3.14,77.44,121022059571.90315,93.70488017095833,B
Jones Lang LaSalle Property Consultants Pte Ltd,10397887.0,8,6,91.78,4.93,85.55,121032457458.90315,93.71293104002149,B
DAVOE CREATIVE PTE. LTD.,10392109.5,30,18,82.6,3.9,72.61,121042849568.40315,93.72097743568575,B
SEE SENG PTE. LTD.,10346006.68,13,2,93.66,4.05,79.79,121053195575.08315,93.72898813488908,B
FIRST WAVE PTE. LTD.,10335326.3,24,13,90.53,4.34,80.28,121063530901.38315,93.73699056449485,B
DMG MORI SINGAPORE PTE. LTD.,10325718.51,11,6,88.16,5.0,59.42,121073856619.89314,93.74498555498734,B
ALFA TECH VESTASIA PTE. LTD.,10312546.06,5,4,81.53,3.32,92.22,121084169165.95314,93.75297034632395,B
GE HEALTHCARE PTE. LTD.,10308272.76,13,5,91.06,2.35,70.31,121094477438.71313,93.76095182893268,B
"UFA, INC.",10255345.22,1,1,89.91,4.27,68.93,121104732783.93314,93.76889233084077,B
ABEAM ANALYTICS PTE. LTD.,10217430.25,3,3,85.26,3.16,74.21,121114950214.18314,93.776803475971,B
HWEE MENE BUILDING CONSTRUCTION PTE. LTD.,10194776.01835,7,1,84.36,3.12,74.4,121125144990.20149,93.78469708039773,B
CIAP ARCHITECTS PTE. LTD.,10188400.0,2,2,92.95,3.78,77.66,121135333390.20149,93.7925857480052,B
FYH INTEGRATED PTE. LTD.,10181029.0,18,5,87.5,3.87,70.07,121145514419.20149,93.80046870839966,B
BGC GROUP PTE. LTD.,10173931.0,9,9,93.22,4.27,70.97,121155688350.20149,93.80834617295939,B
HON BUILDER PTE. LTD.,10153020.0,5,5,88.63,5.0,75.1,121165841370.20149,93.81620744656387,B
Transmedic Pte Ltd,10150591.0,11,1,93.88,3.75,75.46,121175991961.20149,93.82406683944386,B
A D LAB PTE. LTD.,10140000.0,1,1,85.53,4.19,91.83,121186131961.20149,93.83191803193137,B
EY DIGITAL PTE. LTD.,10071532.0,14,8,87.6,4.07,92.94,121196203493.20149,93.83971621106116,B
Gleason Advertising Pte Ltd,10023100.0,7,6,70.98,4.38,66.66,121206226593.20149,93.84747689029403,B
TECH DIGITAL PTE. LTD.,9985989.45,2,2,84.63,3.91,68.51,121216212582.65149,93.85520883559484,B
HITACHI CONSULTING SINGAPORE PTE. LTD,9982010.0,3,3,80.44,3.6,70.91,121226194592.65149,93.86293769968972,B
Starburst Engineering Pte Ltd,9972057.4,5,1,99.16,4.83,98.52,121236166650.05148,93.87065885769208,B
SLIFF FURNITURE (S) PTE LTD,9950000.0,1,1,76.19,4.52,77.79,121246116650.05148,93.87836293710536,B
KOH ECO ENGINEERING PTE. LTD.,9916000.0,3,1,84.03,3.22,75.82,121256032650.05148,93.88604069102115,B
Recruit Express Pte Ltd,9895191.46,11,8,94.74,4.51,83.67,121265927841.51149,93.89370233331438,B
SECURITAS GUARDING SERVICES (SINGAPORE) PTE. LTD.,9894206.0,3,2,85.58,4.17,86.47,121275822047.51149,93.90136321258628,B
MAJOR'S PEST MANAGEMENT SERVICES PTE. LTD.,9879700.0,3,1,92.22,5.0,65.45,121285701747.51149,93.9090128601621,B
ELSIE'S KITCHEN CATERING SERVICES PTE. LTD.,9877810.15,10,7,97.89,4.36,80.85,121295579557.66148,93.91666104446611,B
ANMANI GENERAL CONSTRUCTION PTE. LTD.,9827810.0,4,4,88.39,4.1,62.06,121305407367.66148,93.92427051468708,B
MACRO EVENTS PTE LTD,9825735.5,21,11,91.84,2.98,68.04,121315233103.16148,93.93187837866556,B
Okada-MCS Pte Ltd,9823000.0,2,2,79.64,3.91,55.82,121325056103.16148,93.93948412460291,B
OBERTHUR FIDUCIAIRE SAS,9812886.81,3,1,78.5,4.75,64.55,121334868989.97148,93.94708204010621,B
ZWEEC ANALYTICS PTE. LTD.,9807900.0,1,1,67.93,4.28,80.7,121344676889.97148,93.95467609442557,B
SUPERSONIC AIR CONDITIONING & ELECTRICAL ENGINEERING PTE LTD,9805369.1,7,5,74.05,4.14,85.61,121354482259.07149,93.96226818912133,B
PRICEWATERHOUSECOOPERS RISK SERVICES PTE. LTD.,9753853.75,30,18,84.9,3.55,79.14,121364236112.82149,93.96982039654603,B
ST ENGINEERING MARINE LTD.,9750000.0,1,1,100.0,4.57,84.5,121373986112.82149,93.9773696200917,B
ESPIRIT BUILDING & ENGINEERING PTE. LTD.,9747144.007216,10,7,77.95,3.49,90.92,121383733256.8287,93.98491663230118,B
ECHOLOGICS PTE. LTD.,9722038.67,5,1,93.33,4.06,86.49,121393455295.4987,93.99244420596678,B
ATELIER TANG (PTE.) LTD.,9658461.7,21,17,91.78,4.9,88.31,121403113757.1987,93.99992255329812,B
FONG YUE DEVELOPMENT PTE. LTD.,9639000.0,5,4,82.06,4.9,86.89,121412752757.1987,94.00738583183727,B
FISHER SCIENTIFIC PTE LTD,9599488.55,49,14,92.9,4.51,72.19,121422352245.7487,94.0148185174771,B
ANTICIMEX PEST MANAGEMENT PTE. LTD.,9578036.1,6,4,92.56,3.82,81.22,121431930281.84871,94.02223459292813,B
CONSTRUCTION PROFESSIONALS PTE. LTD.,9567900.0,4,3,95.6,3.64,74.62,121441498181.84871,94.02964282020635,B
CAPITA PTE. LTD.,9561831.47,15,10,77.06,3.83,79.4,121451060013.31871,94.03704634874718,B
NTUC Fairprice Co-operative Ltd,9514875.95,27,4,83.9,3.51,81.76,121460574889.2687,94.04441352059908,B
Association for Early Childhood Educators (Singapore),9504168.0,5,3,89.06,3.84,86.22,121470079057.2687,94.05177240150653,B
EVER SAN CONSTRUCTION PTE LTD,9502999.0,2,1,95.37,3.86,54.33,121479582056.2687,94.05913037728143,B
AAM PTY LTD,9474694.0,3,2,92.11,4.22,75.83,121489056750.2687,94.06646643707968,B
VIVATA PTE. LTD.,9471030.8,9,8,88.64,4.59,98.97,121498527781.06871,94.07379966053786,B
01 COMPUTER SYSTEM PTE LTD,9425543.69,20,11,86.89,4.79,89.18,121507953324.75871,94.08109766426662,B
NUVISTA TECHNOLOGIES PTE. LTD.,9424080.0,4,3,89.34,4.36,96.08,121517377404.75871,94.08839453469045,B
FACTIVA LIMITED,9386981.75,7,3,94.31,4.51,68.13,121526764386.50871,94.09566268070584,B
TRICOM EVENTS PRIVATE LIMITED,9377571.5,13,6,84.84,4.0,66.04,121536141958.00871,94.10292354055908,B
Minmed Health PTE.LTD.,9376207.07,12,3,76.86,3.68,94.63,121545518165.07872,94.11018334396238,B
DEF - TECH (S) PTE. LTD.,9357802.62,7,1,84.07,4.25,79.68,121554875967.69872,94.11742889718029,B
MILLENIUM PARTNERS PTE. LTD.,9346864.0,3,2,81.42,4.87,81.47,121564222831.69872,94.12466598085075,B
PARKWAY SHENTON PTE LTD,9241845.58,17,11,76.51,3.57,83.06,121573464677.27872,94.1318217509285,B
INTERCORP SOLUTIONS PTE LTD,9225812.5,3,1,86.88,3.92,86.98,121582690489.77872,94.13896510692369,B
NEXUS LINK PTE. LTD.,9203002.07,20,15,87.18,4.98,80.01,121591893491.84872,94.14609080127423,B
YL INTEGRATED PTE. LTD.,9155080.0,2,2,92.75,5.0,73.59,121601048571.84872,94.15317939055615,B
ACME ASSOCIATES PTE. LTD.,9149284.0,3,2,88.1,4.39,79.25,121610197855.84872,94.160263492115,B
UTRACO PTE. LTD.,9148177.5,1,1,97.11,3.62,87.84,121619346033.34872,94.16734673693378,B
DELOITTE & TOUCHE LLP,9141877.35,23,19,84.73,3.55,81.93,121628487910.69873,94.17442510367658,B
DONG-A CONSULTANTS ASIA PTE LTD,9106000.0,4,2,75.19,4.33,88.13,121637593910.69873,94.18147569132857,B
ABBOTT LABORATORIES (SINGAPORE ) PRIVATE LIMITED,9095020.0,1,1,76.68,4.28,85.81,121646688930.69873,94.18851777739344,B
C2 CREATIVE COMMUNICATIONS PTE. LTD.,9077551.61,13,8,90.14,3.68,59.74,121655766482.30873,94.19554633804486,B
WILLIS TOWERS WATSON CONSULTING (SINGAPORE) PTE. LTD.,9074958.99,23,15,89.19,3.52,83.44,121664841441.29874,94.20257289128419,B
Shimadzu (Asia Pacific) Pte Ltd,9073340.52,35,14,87.69,4.41,79.99,121673914781.81874,94.20959819137563,B
YUAN MEI CHEN (S) PTE. LTD.,9061378.0,11,5,88.49,3.95,76.28,121682976159.81874,94.216614229135,B
TRITECH SYSENG (S) PTE. LTD.,9050577.2,11,4,89.18,3.85,69.27,121692026737.01874,94.2236219040581,B
W2 INDUSTRIAL SERVICES HUB PTE. LTD.,9041720.0,5,2,93.41,3.75,95.74,121701068457.01874,94.23062272103425,B
ST ELECTRONICS (INFO-SECURITY) PTE. LTD.,9032743.95,11,8,88.1,3.66,76.06,121710101200.96873,94.23761658804035,B
P-SERV PTE LTD,8998660.0,1,1,91.13,3.86,79.15,121719099860.96873,94.24458406454819,B
SUNNYVILLE NURSING HOME (1996) PTE LTD,8970937.2,6,1,100.0,4.55,72.09,121728070798.16873,94.25153007586482,B
NTT DATA SINGAPORE PTE. LTD,8962880.0,5,5,74.02,4.32,99.94,121737033678.16873,94.25846984865795,B
JURONG CONSULTANTS PTE LTD/ ATKINS DESIGN ENGINEERING CONSULTANS PTE. LTD./ SURBANA INTERNATIONAL CONSULTANTS PTE. LTD.,8955579.98,1,1,92.54,4.23,81.07,121745989258.14873,94.26540396919644,B
UFINITY PTE LTD,8954414.0,4,4,81.27,5.0,77.38,121754943672.14873,94.2723371869407,B
ML Consulting Pte Ltd,8943020.85,13,7,77.68,4.13,81.02,121763886692.99873,94.27926158320433,B
PTC SYSTEM (S) PTE LTD,8934333.4,18,10,100.0,3.48,76.89,121772821026.39873,94.28617925295491,B
LAKESIDE FAMILY CENTRE,8898748.0,3,1,92.03,4.24,69.72,121781719774.39873,94.29306936966555,B
Komoco Motors Pte Ltd,8892000.0,8,4,93.63,3.31,62.5,121790611774.39873,94.29995426153921,B
ACTIVATE INTERACTIVE PTE LTD,8886680.9,10,3,80.93,4.41,70.78,121799498455.29872,94.30683503494363,B
KORN FERRY HAY GROUP PTE. LTD.,8883526.0,31,23,94.76,3.82,67.49,121808381981.29872,94.31371336557419,B
RSP Architects Planners & Engineers (Pte) Ltd,8856512.41,10,7,86.03,3.57,81.91,121817238493.70872,94.32057078014016,B
SUPERINTERNET ACCESS PTE LTD,8838650.0,2,2,100.0,4.08,80.01,121826077143.70872,94.32741436421112,B
MILTON EXHIBITS (SINGAPORE) PTE. LTD.,8834682.82,20,9,74.49,5.0,89.32,121834911826.52873,94.33425487657661,B
WINCOMP TECHNOLOGY PTE. LTD.,8795078.75,6,4,98.27,4.25,78.77,121843706905.27873,94.34106472432899,B
TUV SUD PSB PTE. LTD.,8774383.73,36,13,92.52,3.29,55.02,121852481289.00873,94.34785854835496,B
SPECTRUM AUDIO VISUAL PTE. LTD.,8774139.26,13,10,95.7,4.12,73.91,121861255428.26872,94.35465218309287,B
EON REALITY PTE. LTD.,8753390.0,4,2,86.12,5.0,97.69,121870008818.26872,94.36142975210748,B
HUP CHUNG TENTAGE SYSTEM PTE. LTD.,8750897.1,16,6,84.99,2.89,59.95,121878759715.36873,94.36820539092115,B
HD CONTRACTOR PTE. LTD.,8742710.0,12,7,80.1,4.72,80.03,121887502425.36873,94.37497469063243,B
PEC LTD.,8742226.0,2,1,92.19,2.53,57.9,121896244651.36873,94.38174361559251,B
BECKMAN COULTER SINGAPORE PTE. LTD.,8732715.04,12,6,82.54,3.69,81.35,121904977366.40872,94.38850517641278,B
TTK SERVICES PTE. LTD.,8732019.6,8,6,78.45,3.56,58.62,121913709386.00873,94.39526619876824,B
YONG AIK CONSTRUCTION PTE LTD,8707215.0,6,4,80.58,4.15,72.23,121922416601.00873,94.40200801543442,B
SECURUS PTE. LTD.,8695066.67,5,3,87.83,4.38,96.08,121931111667.67873,94.40874042589971,B
RIDER LEVETT BUCKNALL LLP,8691611.0,10,4,95.28,4.87,82.1,121939803278.67873,94.4154701607111,B
BBR GREENTECH PTE. LTD.,8673190.0,2,2,87.68,2.78,66.39,121948476468.67873,94.4221856325228,B
JOINT & Y ENTERPRISE PTE. LTD.,8664676.98,11,4,95.31,4.07,60.4,121957141145.65872,94.42889451287901,B
CIVILTRUST CONSTRUCTION PTE. LTD.,8662295.0,6,4,95.35,4.13,84.42,121965803440.65872,94.43560154891733,B
HEALTHWAY MEDICAL GROUP PTE LTD,8660730.5,6,5,87.69,3.49,76.47,121974464171.15872,94.44230737359564,B
VISION STATIONERY AND TRADING COMPANY,8643092.690000001,6,2,93.46,3.32,62.19,121983107263.84872,94.44899954168207,B
W ARCHITECTS PTE. LTD.,8630000.0,3,2,98.71,3.94,98.83,121991737263.84872,94.45568157236917,B
MCCANN WORLDGROUP (SINGAPORE) PTE. LTD.,8577044.1,5,4,96.24,3.47,82.01,122000314307.94873,94.46232260039709,B
TDCX (SG) PTE. LTD.,8566830.84,1,1,79.55,4.17,76.44,122008881138.78873,94.4689557205088,B
SMART-WARES PTE. LTD.,8555701.2,3,3,82.24,3.57,79.82,122017436839.98872,94.47558022317021,B
EUREKA! CAMPAIGN ASSOCIATES PTE. LTD.,8552962.83,21,15,92.39,4.81,88.22,122025989802.81873,94.48220260556832,B
Unicorn International Pte Limited,8546032.44,10,3,72.12,3.58,79.49,122034535835.25873,94.48881962190865,B
TOTAL EBIZ SOLUTIONS PTE. LTD.,8543686.51,17,16,74.21,4.53,66.81,122043079521.76872,94.49543482184384,B
YONG XIANG PTE. LTD.,8516560.0,2,2,74.04,3.86,87.2,122051596081.76872,94.50202901828284,B
Echelon Engineering Pte. Ltd.,8502750.0,5,1,90.98,4.51,71.37,122060098831.76872,94.50861252192418,B
PARKWAY LABORATORY SERVICES LTD.,8489710.0,4,1,84.1,3.89,72.61,122068588541.76872,94.51518592896294,B
C+H ASSOCIATES PTE. LTD.,8464514.08,4,4,87.95,4.13,72.84,122077053055.84872,94.52173982732145,B
NGAI CHIN CONSTRUCTION PTE LTD,8456151.0,1,1,91.39,3.57,78.89,122085509206.84872,94.52828725031992,B
MASER PTE. LTD.,8443300.0,2,1,91.79,4.74,65.5,122093952506.84872,94.53482472305461,B
ONE MARINA PROPERTY SERVICES PTE. LTD.,8420864.809999999,10,9,90.0,4.24,66.06,122102373371.65872,94.54134482468524,B
ECON NURSING HOME SERVICES (1987) PTE LTD,8400003.0,4,1,81.53,3.45,84.69,122110773374.65872,94.54784877344743,B
P&B ENV PTE. LTD.,8394000.0,2,1,88.13,5.0,86.14,122119167374.65872,94.55434807421076,B
LECTRIX ENGINEERING PTE. LTD.,8393500.4,4,3,89.17,4.0,79.82,122127560875.05872,94.56084698814412,B
C & P RENT-A-CAR (PTE.) LTD.,8357334.0,17,10,93.66,4.49,74.13,122135918209.05872,94.56731789918123,B
MUSTIKA TERATAI SDN. BHD.,8349774.51,1,1,98.03,2.78,55.89,122144267983.56871,94.57378295706145,B
GLOBALWIDE INTERNATIONAL PTE. LTD.,8344300.0,2,2,100.0,4.9,83.4,122152612283.56871,94.58024377614167,B
SOONLY PTE. LTD.,8343637.0,9,7,89.86,4.88,83.6,122160955920.56871,94.5867040818747,B
"ZHEJIANG CONSTRUCTION INVESTMENT GROUP CO., LTD SINGAPORE BRANCH",8330000.0,1,1,100.0,3.98,62.93,122169285920.56871,94.59315382876039,B
KPMG LLP,8328414.25,24,19,83.11,3.99,90.78,122177614334.81871,94.59960234783263,B
MAXWELL GEOSYSTEMS PTE. LTD.,8324000.0,1,1,93.38,4.32,67.36,122185938334.81871,94.60604744904228,B
HAK KIAN ENTERPRISE PTE LTD,8319860.0,1,1,92.13,3.35,64.31,122194258194.81871,94.6124893447355,B
CORE BUILDING SPECIALISTS PTE LTD,8284392.0,1,1,98.52,4.83,83.06,122202542586.81871,94.61890377828914,B
CMP CONSULTANTS PRIVATE LIMITED,8280092.7,14,4,79.95,3.5,63.94,122210822679.5187,94.62531488298363,B
CHAMBERS PROPERTY MANAGEMENT S ERVICES PTE LTD,8270000.0,1,1,91.56,4.22,80.48,122219092679.5187,94.63171817310904,B
IMRB MILLWARD BROWN INTERNATIONAL PTE LTD,8269324.0,12,7,88.89,4.65,77.74,122227362003.5187,94.63812093982162,B
Intermay Consultech Pte Ltd,8257477.84,2,2,84.82,4.35,99.42,122235619481.3587,94.64451453429727,B
GOLDCASTLE INTERNATIONAL PTE LTD,8238989.0,8,6,84.39,4.99,80.58,122243858470.3587,94.65089381324613,B
DSL INTEGRATED SOLUTION PTE. LTD.,8226035.18,10,4,86.48,4.04,73.37,122252084505.5387,94.65726306231981,B
KIMARO GEOTECHNICAL ENGINEERING PTE. LTD.,8187952.0,17,8,98.18,4.47,57.54,122260272457.5387,94.6636028243741,B
K H Lee Engineering & Construction Pte Ltd,8168000.0,2,1,93.07,3.98,73.79,122268440457.5387,94.66992713800704,B
PURENVIRO INTERNATIONAL PTE. LTD.,8164496.0,2,2,90.45,3.61,85.58,122276604953.5387,94.67624873856516,B
Boon Guan Construction Pte Ltd,8145710.0,3,2,96.73,3.43,77.06,122284750663.5387,94.68255579351165,B
ZENITH INFOTECH (S) PTE LTD.,8124857.22,21,11,86.84,5.0,79.9,122292875520.7587,94.68884670258146,B
SEED SYSTEM PTE. LTD.,8119890.0,7,4,89.75,4.68,76.58,122300995410.7587,94.69513376563543,B
DXC TECHNOLOGY SERVICES SINGAPORE PTE. LTD.,8118712.0,1,1,100.0,3.76,69.22,122309114122.7587,94.70141991658836,B
JASA INVESTIGATION & SECURITY SERVICES PTE LTD,8093010.0,3,3,89.26,3.51,78.57,122317207132.7587,94.70768616701373,B
SEMEC ENTERPRISE PTE LTD,8072960.0,2,1,78.58,3.42,95.61,122325280092.7587,94.71393689313838,B
E3 CONSTRUCTION PTE LTD,8068601.0,15,8,95.37,3.66,61.87,122333348693.7587,94.72018424417939,B
A & P MAINTENANCE SERVICES PTE LTD,8062532.0,2,2,95.45,4.93,58.08,122341411225.7587,94.72642689611911,B
TRADESMEN PTE LTD,8051505.0,6,5,80.6,4.16,66.05,122349462730.7587,94.73266101008056,B
PAVE System Pte Ltd,8048757.0,13,8,89.44,3.58,83.31,122357511487.7587,94.73889299632239,B
PACIFICLIGHT ENERGY PTE. LTD.,8042456.42,5,4,88.3,3.99,78.93,122365553944.1787,94.7451201041553,B
SAMWOH RESOURCES PTE LTD,8022473.38,10,1,75.95,2.76,82.83,122373576417.5587,94.75133173953326,B
VIKCONNECT PTE. LTD.,8021110.0,2,2,100.0,4.53,76.42,122381597527.5587,94.75754231927422,B
KAIMAY TRADING PTE. LTD.,8018506.7,4,3,81.52,4.18,100.0,122389616034.2587,94.7637508833338,B
NTUC Income Insurance Co-operative Ltd,8001715.069999999,14,9,85.22,3.95,58.39,122397617749.3287,94.76994644598122,B
CYCLE & CARRIAGE INDUSTRIES PTE. LIMITED,8001101.18,9,5,94.24,4.56,82.28,122405618850.5087,94.77614153330627,B
Spark Planners Pte Ltd,7999841.7,19,4,93.08,3.59,80.47,122413618692.2087,94.78233564544199,B
ERGOWORLD PTE LTD,7990198.0,5,5,99.63,3.3,81.92,122421608890.2087,94.78852229066007,B
FORTUNE TRAVEL PTE LTD,7952412.109999999,25,8,86.79,4.0,62.83,122429561302.3187,94.79467967904426,B
SPTEL PTE. LTD.,7946003.0,3,3,100.0,4.4,63.48,122437507305.3187,94.80083210498698,B
BEACON CONSULTING PTE LTD,7877887.01,10,7,87.62,4.34,70.32,122445385192.32869,94.80693179012607,B
GLOBAL TRAVEL PTE LTD,7875935.939999999,9,5,80.32,4.64,72.94,122453261128.26869,94.81302996459198,B
UNITED E & P PTE. LTD.,7870284.2,1,1,87.33,3.09,65.13,122461131412.46869,94.81912376303237,B
NEW LIFE COMMUNITY SERVICES,7865520.0,1,1,86.6,5.0,77.92,122468996932.46869,94.82521387265113,B
MP SINGAPORE PTE. LTD.,7859007.3,6,6,87.08,3.75,71.85,122476855939.76869,94.83129893962086,B
QUIN RIGHT ENTERPRISES (PTE) LTD,7854460.53,22,6,80.84,4.36,59.01,122484710400.29869,94.83738048612052,B
ENTIIS PTE. LTD.,7850521.06,13,7,85.04,4.37,76.81,122492560921.35869,94.84345898236995,B
AXA INSURANCE PTE. LTD.,7841736.12,14,9,86.29,5.0,71.87,122500402657.47868,94.84953067662187,B
AGILENT TECHNOLOGIES SINGAPORE (SALES) PTE. LTD.,7835059.65,24,9,86.26,4.01,87.48,122508237717.12868,94.85559720142099,B
Bio Laboratories Pte Ltd,7832273.22,18,11,88.61,3.97,66.67,122516069990.34868,94.86166156874496,B
COMMONTOWN PRIVATE LIMITED,7823451.0,5,3,93.08,4.22,85.84,122523893441.34868,94.86771910520625,B
SWAN-LI (SINGAPORE) PTE LTD,7813241.0,4,1,100.0,5.0,74.42,122531706682.34868,94.87376873627551,B
Novaars International Pte Ltd,7772680.0,5,1,83.04,3.47,71.86,122539479362.34868,94.87978696180053,B
KELINGTON ENGINEERING (S) PTE. LTD.,7770691.17,3,1,84.43,3.73,82.6,122547250053.51868,94.88580364741559,B
STYL SOLUTIONS PTE. LTD.,7765873.1,7,5,84.92,3.24,72.31,122555015926.61868,94.89181660249861,B
MAINT-KLEEN PTE. LTD.,7754088.2,2,1,84.14,3.6,78.29,122562770014.81868,94.89782043277704,B
ANG & ONG CONSULTANTS PTE. LTD.,7724960.0,5,3,76.94,5.0,92.93,122570494974.81868,94.90380170969205,B
HITACHI SYSTEMS DIGITAL SERVICES (SINGAPORE) PTE. LTD.,7721100.6,4,3,80.5,4.64,75.84,122578216075.41869,94.9097799983534,B
IFOCUS PTE LTD,7698700.0,1,1,81.34,4.88,80.71,122585914775.41869,94.91574094269299,B
JEI FONG ENGINEERING PTE. LTD.,7687600.0,6,4,81.6,3.64,71.67,122593602375.41869,94.92169329253196,B
PICO GUARDS PTE LTD,7648570.0,3,3,87.36,4.25,74.52,122601250945.41869,94.92761542224834,B
EQUIP MEDICAL PTE LTD,7637345.0,8,3,81.89,4.44,74.29,122608888290.41869,94.93352886067915,B
Eng Leong Medallic Industries Pte Ltd,7635420.84,12,7,83.15,3.94,89.15,122616523711.25868,94.93944080927264,B
TIMBRE GROUP PTE. LTD.,7629800.04,1,1,86.72,4.56,65.01,122624153511.29868,94.94534840579682,B
FLEMINGS SAFETY PTE. LTD.,7624224.0,4,3,85.19,4.05,69.19,122631777735.29868,94.95125168490844,B
NHG DIAGNOSTICS,7612500.0,1,1,81.46,4.61,74.96,122639390235.29868,94.9571458863691,B
SciMed (Asia) Pte Ltd,7612475.8,44,11,82.75,3.61,96.29,122647002711.09868,94.96304006909222,B
GIMTRONIC ENGINEERS PTE. LTD.,7601467.65,7,4,80.41,3.74,77.39,122654604178.74867,94.96892572843223,B
SENSES MARKETING COMMUNICATIONS & DESIGN PTE LTD,7596360.7,9,5,74.39,4.2,77.72,122662200539.44867,94.97480743356637,B
YONG XING CONSTRUCTION PTE. LTD.,7580000.0,1,1,79.56,3.8,81.68,122669780539.44867,94.98067647094854,B
XCHANGING SOLUTIONS (SINGAPORE) PTE. LIMITED,7570571.28,6,6,100.0,4.47,69.44,122677351110.72867,94.98653820786764,B
AVA INSURANCE BROKERS PTE. LTD.,7568539.61,20,9,89.66,4.17,89.65,122684919650.33867,94.99239837170664,B
ASATSU-DK SINGAPORE PTE. LTD.,7555254.71,8,5,66.42,3.82,60.58,122692474905.04868,94.99824824932206,B
GODREJ (SINGAPORE) PRIVATE LIMITED,7547265.0,3,3,100.0,4.21,69.02,122700022170.04868,95.00409194067011,C
ODYSSEY CONCEPTS PTE. LTD.,7545686.2,12,9,95.01,3.63,78.94,122707567856.24867,95.00993440958594,C
PACT BUILDERS PTE. LTD.,7539490.0,5,3,100.0,3.99,90.38,122715107346.24867,95.01577208091214,C
SATS FOOD SERVICES PTE. LTD.,7532411.7,3,3,80.72,3.9,68.12,122722639757.94867,95.02160427165688,C
ERNST & YOUNG SOLUTIONS LLP,7528751.0,16,12,83.6,4.36,61.03,122730168508.94867,95.02743362799728,C
UBT CONSTRUCTION PRIVATE LIMITED,7517154.0,1,1,93.78,3.25,81.51,122737685662.94867,95.03325400502018,C
INTERLOCK SECURITY AND INVESTIGATION SERVICES PTE LTD,7513896.1,4,4,88.32,3.9,84.69,122745199559.04868,95.03907185951843,C
TS LANDSCAPE & CE PTE. LTD.,7494020.0,4,3,77.44,4.05,67.61,122752693579.04868,95.04487432436312,C
DECISION SCIENCE AGENCY PTE. LTD.,7489022.74,9,8,100.0,4.5,52.74,122760182601.78868,95.05067291993267,C
LOGICALIS SINGAPORE PTE. LTD.,7486751.21,11,9,80.83,3.5,74.04,122767669352.99869,95.05646975670345,C
CARL ZEISS PTE. LTD.,7483289.0,23,7,84.45,3.69,79.0,122775152641.99869,95.06226391275658,C
AIK SUN DEMOLITION & ENGINEERING PTE LTD,7471750.0,9,5,86.82,4.28,85.5,122782624391.99869,95.06804913440043,C
TACTIC ENGINEERING PTE LTD,7470000.0,1,1,89.67,3.55,72.52,122790094391.99869,95.07383300105542,C
CADI SCIENTIFIC PTE. LTD.,7456293.0,1,1,87.8,5.0,86.48,122797550684.99869,95.07960625466353,C
BAN TIONG SOON CONTRACTOR PTE. LTD.,7411600.0,2,1,87.34,4.34,76.29,122804962284.99869,95.08534490340519,C
TEE ENVIRONMENTAL PTE. LTD.,7404420.0,3,2,88.01,4.11,81.53,122812366704.99869,95.0910779928212,C
ANSAC TECHNOLOGY (S) PTE LTD,7396431.0,14,2,94.04,3.81,75.88,122819763135.99869,95.09680489651957,C
AVITCOM SYSTEM PRIVATE LIMITED,7387546.28,2,2,95.12,4.54,59.89,122827150682.27869,95.10252492096282,C
POLYTRUST TECHNOLOGIES (S) PTE LTD,7378985.25,1,1,78.18,4.68,90.37,122834529667.52869,95.10823831677745,C
MA BUILDERS PTE LTD,7366823.0,2,1,86.74,4.74,88.12,122841896490.52869,95.11394229561319,C
LIONG CONSTRUCTION PTE. LTD.,7362838.6,5,3,76.9,3.17,87.04,122849259329.1287,95.11964318941034,C
WEE-BUILT PTE. LTD.,7357976.0,8,5,82.23,3.84,76.16,122856617305.1287,95.12534031819678,C
BESCO BUILDING SUPPLIES (S.E.A.) PTE. LTD.,7331508.0,7,6,74.65,4.24,64.74,122863948813.1287,95.1310169533577,C
AZTECH TECHNOLOGIES PTE. LTD.,7300000.0,1,1,84.9,4.54,86.73,122871248813.1287,95.13666919252522,C
NAT AIRE BUILDER & DISTRIBUTION PTE. LTD.,7298800.17,3,3,96.27,4.0,72.91,122878547613.29869,95.14232050268919,C
MERCER INVESTMENT SOLUTIONS (SINGAPORE) PTE. LTD.,7297023.0,11,7,98.81,4.55,83.23,122885844636.29869,95.14797043682712,C
POSITIVE ENGINEERING PTE LTD,7278591.0,1,1,80.63,3.58,79.71,122893123227.29869,95.15360609944831,C
NUCTECH SINGAPORE PRIVATE LIMITED,7248971.0,4,2,85.36,4.63,70.24,122900372198.29869,95.15921882791551,C
TCB SPORTS PTE LTD,7238020.76,10,3,84.34,4.33,65.66,122907610219.05869,95.16482307783811,C
HUA CHANG CONSTRUCTION PTE. LTD.,7236400.0,4,3,89.16,4.28,80.93,122914846619.05869,95.17042607283976,C
SVS VALVES PTE. LTD.,7211050.0,5,1,83.27,4.76,82.31,122922057669.05869,95.17600943986018,C
Ensign Infosecurity (Asia Pacific) Pte. Ltd.,7209810.96,1,1,97.6,4.28,85.19,122929267480.01869,95.18159184751752,C
Concorde Security Pte Ltd,7205100.0,3,3,100.0,4.26,72.85,122936472580.01869,95.18717060757588,C
TOH BAN SENG CONTRACTOR PTE LTD,7148100.0,3,2,90.98,3.52,76.1,122943620680.01869,95.19270523371198,C
YU YEO CONSTRUCTION PTE LTD,7146664.0,4,3,77.1,3.44,71.5,122950767344.01869,95.19823874798293,C
JVL ENGINEERING PTE LTD,7138727.0,2,2,81.8,4.08,78.18,122957906071.01869,95.20376611679879,C
SUN-GEE TRAVEL PTE LTD,7125471.0,15,11,93.84,4.25,66.28,122965031542.01869,95.20928322176773,C
ID.INC INTERIORS PTE LTD,7112180.0,8,7,100.0,5.0,86.31,122972143722.01869,95.21479003579,C
QUANTUM AUTOMATION PTE LTD,7097399.0,16,14,89.07,2.41,71.42,122979241121.01869,95.22028540518937,C
NAIISE PTE. LTD.,7024263.14,1,1,84.51,4.15,67.19,122986265384.15869,95.22572414700348,C
SAMCO CIVIL ENGINEERING PTE. LTD.,6985153.0,7,3,94.27,3.08,70.62,122993250537.15869,95.23113260664428,C
BORNEO MOTORS (SINGAPORE) PTE. LTD.,6967070.71,27,18,80.07,3.43,73.86,123000217607.8687,95.23652706554154,C
Hong Sing Co. (Pte) Ltd.,6965380.8,5,1,77.02,4.14,72.32,123007182988.6687,95.24192021597642,C
A YONG PTE. LTD.,6963626.0,2,2,78.43,4.64,75.13,123014146614.6687,95.24731200770591,C
LUFT ENV TECHNOLOGIES PTE. LTD.,6956990.0,9,3,91.37,3.14,63.97,123021103604.6687,95.25269866131771,C
HITACHI ASIA LTD.,6933480.0,4,2,79.4,4.28,79.81,123028037084.6687,95.25806711162227,C
Floerger (S.E.A.) Pte. Ltd.,6930000.0,4,1,85.81,4.02,96.38,123034967084.6687,95.26343286743474,C
AADVANTAGE CONSULTING GROUP PTE. LTD.,6928783.5,28,14,90.63,3.62,82.03,123041895868.1687,95.2687976813364,C
YONG HOE ENTERPRISE PTE LTD,6921030.0,4,4,97.03,5.0,89.37,123048816898.1687,95.27415649186321,C
ADNOVUM SINGAPORE PTE. LTD.,6913882.0,3,3,88.51,3.14,59.77,123055730780.1687,95.27950976784129,C
Lita Ocean Pte. Ltd.,6913400.0,5,5,87.72,4.11,76.27,123062644180.1687,95.28486267061676,C
Exclusive Design Construction Pte Ltd,6908537.0,2,2,86.39,4.88,71.42,123069552717.1687,95.29021180807179,C
C&W SERVICES OPERATIONS PTE. LTD.,6899514.2,9,7,79.17,3.48,75.02,123076452231.3687,95.29555395935921,C
SAVE THE CHILDREN AUSTRALIA,6898236.96,2,2,80.91,3.54,83.8,123083350468.3287,95.30089512170609,C
Eng Xian Construction Pte Ltd,6894928.5,3,3,89.69,4.11,92.09,123090245396.8287,95.30623372238077,C
HP PPS SINGAPORE (SALES) PTE. LTD.,6891935.29,5,4,83.14,4.75,85.54,123097137332.1187,95.31157000547476,C
JPP Far East (S) Pte Ltd,6878000.0,1,1,90.49,4.57,87.03,123104015332.1187,95.31689549876165,C
COMMUNIQUE LIVE ASIA PTE. LTD.,6859488.3,10,7,93.38,3.78,93.3,123110874820.4187,95.32220665882173,C
SERI KEMBANGAN ENGINEERING SDN. BHD.,6858738.32,2,1,71.6,4.74,64.27,123117733558.73871,95.32751723818778,C
ROHDE & SCHWARZ REGIONAL HEADQUARTERS SINGAPORE PTE. LTD.,6847785.25,9,7,77.13,4.08,86.93,123124581343.98871,95.33281933681805,C
RHYTHME TECHNOLOGY PTE LTD,6836840.0,5,2,89.12,3.71,66.22,123131418183.98871,95.33811296076739,C
Office Planner Pte Ltd,6833475.0,4,4,94.2,4.21,85.46,123138251658.98871,95.34340397926675,C
S-LITE EVENT SUPPORT PTE. LTD.,6827074.0,16,9,90.65,4.1,80.34,123145078732.98871,95.34869004160407,C
ACER COMPUTER (SINGAPORE) PTE LTD,6825233.0,2,2,95.71,3.79,92.17,123151903965.98871,95.35397467849313,C
CINDI CLASSIQUE PTE LTD,6823211.0,13,5,88.17,4.67,67.23,123158727176.98871,95.35925774978938,C
PARKLINK PTE. LTD.,6818433.0,5,2,99.03,3.27,73.83,123165545609.98871,95.36453712157893,C
MIE-TECH ENGINEERING & CONSTRUCTION PTE LTD,6793287.02,6,2,91.8,3.19,70.99,123172338897.00871,95.36979702335574,C
MAXCON CONSTRUCTION & ENGINEERING PTE LTD,6785409.0,14,6,76.02,4.66,70.76,123179124306.00871,95.37505082534446,C
NEO LIAN POH CONSTRUCTION PTE LTD,6785078.4,6,3,73.18,4.67,85.87,123185909384.4087,95.3803043713564,C
SIFT ANALYTICS GROUP PTE. LTD.,6776697.22,15,11,80.93,4.68,89.65,123192686081.62871,95.38555142799386,C
FREEMAN PTE. LTD.,6755929.84,12,7,91.84,2.88,67.14,123199442011.4687,95.39078240487807,C
LEAP INTEGRATED PTE. LTD.,6752400.0,6,5,89.26,3.35,91.33,123206194411.4687,95.3960106486801,C
JPP FAR EAST (S) PTE LTD,6745000.0,1,1,90.9,4.55,73.75,123212939411.4687,95.40123316281505,C
CAK & FG SURVEY PTE. LTD.,6735323.8,13,9,85.56,4.88,84.73,123219674735.2687,95.40644818486825,C
NUS Multi-purpose Co-operative Society Ltd,6733584.0,1,1,92.91,4.34,54.98,123226408319.2687,95.41166185983026,C
HYDROINFORMATICS INSTITUTE PTE. LTD.,6700899.72,10,3,95.82,4.17,61.11,123233109218.98871,95.41685022802959,C
PACIFIC ELDERCARE AND NURSING PTE. LTD.,6700002.0,3,1,87.17,4.28,71.02,123239809220.98871,95.42203790114287,C
WEI WEI XIANG ENTERPRISES PTE LTD,6696860.0,1,1,76.61,3.87,62.48,123246506080.98871,95.42722314147048,C
ZHENGDA CORPORATION PTE. LTD.,6695472.0,1,1,74.91,4.26,76.25,123253201552.98871,95.43240730709836,C
WILD ADVERTISING & MARKETING PTE. LTD.,6691738.09,8,5,96.25,3.89,65.28,123259893291.0787,95.43758858163687,C
TIGER HONG SECURITY SERVICES & CONSULTANTS PTE. LTD.,6675034.0,2,2,92.34,5.0,75.23,123266568325.0787,95.44275692254364,C
LAUTAN LUAS SINGAPORE PTE LTD,6672359.0,3,1,92.73,3.95,87.33,123273240684.0787,95.44792319225319,C
BENG SOON MACHINERY SERVICES (SINGAPORE) PTE LTD,6661001.0,13,4,92.18,4.22,95.55,123279901685.0787,95.453080667698,C
SYSTRA MVA SINGAPORE PTE. LTD.,6631124.8,4,2,96.45,3.8,97.37,123286532809.87871,95.45821501061846,C
AV-SCIENCE MARKETING PTE LTD,6606376.09,13,9,74.71,4.27,82.25,123293139185.9687,95.46333019112413,C
SCA DESIGN PTE. LTD.,6598181.0,4,4,91.05,4.26,74.79,123299737366.9687,95.46843902634093,C
Knowledge Management Solutions Pte Ltd,6592887.24,8,7,77.08,4.09,76.08,123306330254.20871,95.47354376270876,C
NITYO 3P SOLUTIONS PTE. LTD.,6589581.15,9,5,94.27,3.84,86.38,123312919835.3587,95.4786459392394,C
KT BUSINESS (R) PTE. LTD.,6543179.0,6,3,96.6,3.48,67.26,123319463014.3587,95.48371218754404,C
Popular Book Company Pte Ltd,6497733.0,7,1,100.0,2.15,59.62,123325960747.3587,95.48874324794991,C
Nera Telecommunications Ltd,6463143.2,11,6,80.58,4.47,68.71,123332423890.5587,95.49374752618832,C
FULLERTON HEALTHCARE GROUP PTE. LIMITED,6429186.0,5,5,82.92,4.36,86.38,123338853076.5587,95.49872551206839,C
DESKRIGHT PTE. LTD.,6425165.48,7,3,89.58,3.68,87.52,123345278242.0387,95.50370038494292,C
KINGSVILLE PACIFIC (SINCE 1978) PRIVATE LIMITED,6399203.0,15,5,89.95,3.28,67.59,123351677445.0387,95.5086551556056,C
QAIS CONSULTING PTE. LTD.,6394331.85,4,4,96.16,4.83,63.36,123358071776.8887,95.51360615463749,C
CAMPAIGN COMPLETE SOLUTIONS PTE. LTD.,6389956.0,3,3,83.09,4.14,77.55,123364461732.8887,95.51855376553914,C
"MCKINSEY & COMPANY SINGAPORE, PTE LTD",6385787.0,6,4,88.16,4.16,79.32,123370847519.8887,95.52349814847022,C
LAI YEW SENG PTE LTD,6377600.0,10,9,89.6,3.73,79.56,123377225119.8887,95.52843619237636,C
SHENGJIE ENGINEERING PTE. LTD.,6370000.0,6,5,90.14,3.43,61.52,123383595119.8887,95.53336835175953,C
ROM ENGINEERING PTE LTD,6365540.0,2,2,93.53,4.29,69.87,123389960659.8887,95.53829705785687,C
EDUCARE HUMAN CAPITAL PRIVATE LIMITED,6364904.9,12,7,91.37,4.58,79.72,123396325564.7887,95.54322527220938,C
STREAM ENVIRONMENT (S) PTE. LTD.,6359416.0,3,2,90.48,5.0,77.94,123402684980.7887,95.54814923662005,C
ISOLECTRA FAR EAST PTE. LTD.,6352986.0,1,1,85.39,4.46,84.78,123409037966.7887,95.55306822241457,C
ACME CHEMICALS (FAR EAST) PTE LTD,6346720.0,10,1,99.63,4.56,65.97,123415384686.7887,95.55798235657477,C
UNIQUETECH PTE. LTD.,6337401.0,4,2,88.48,4.73,74.98,123421722087.7887,95.5628892752258,C
LONGLIFE STATIONERY PTE. LTD.,6334637.28,1,1,85.61,4.16,69.78,123428056725.0687,95.56779405398555,C
ONG & ONG PTE. LTD.,6330475.53,18,7,87.84,2.76,79.28,123434387200.5987,95.57269561038825,C
RUI FENG CHARTERED PTE. LTD.,6315850.0,7,5,96.95,3.65,80.17,123440703050.5987,95.57758584254528,C
Aspacio Design Associates Pte Ltd,6276230.0,16,12,89.55,4.14,72.55,123446979280.5987,95.58244539775494,C
VWR SINGAPORE PTE. LTD.,6268795.26,35,12,71.64,3.73,79.22,123453248075.85869,95.58729919639902,C
Schneider Electric Singapore Pte Ltd,6257348.0,7,5,98.87,3.74,78.4,123459505423.85869,95.5921441316662,C
ANEXUS PTE. LTD.,6254259.49,7,4,81.0,4.83,85.26,123465759683.3487,95.59698667556393,C
Technicon Engineering Pte Ltd,6253381.0,4,2,86.6,3.23,73.97,123472013064.3487,95.60182853926497,C
I-PROMO PTE. LTD.,6250907.5,9,4,73.35,3.85,84.46,123478263971.8487,95.60666848778608,C
ALL LINK(21) ENGINEERING PTE LTD,6250000.0,1,1,100.0,4.52,88.07,123484513971.8487,95.61150773364871,C
JK TECHNOLOGY PTE LTD,6245647.0,9,7,100.0,4.41,89.89,123490759618.8487,95.61634360907337,C
ASK M&E PTE. LTD.,6244000.0,4,1,83.82,3.76,81.64,123497003618.8487,95.62117820925995,C
SINGAPORE SAFETY DRIVING CENTRE LTD,6241700.0,1,1,81.06,4.61,77.29,123503245318.8487,95.62601102860407,C
ECK Shen Construction & Trading Pte Ltd,6238330.0,6,4,74.19,3.24,85.48,123509483648.8487,95.6308412386268,C
CONSULTING GROUP - ASIA INSIGHT PTE. LTD.,6224572.5,17,9,86.65,3.76,92.64,123515708221.3487,95.63566079650154,C
LUCKY STORE,6210444.66,2,1,85.78,3.75,85.45,123521918666.0087,95.64046941548169,C
PARISILK ELECTRONICS & COMPUTERS PTE LTD,6210444.65,2,1,83.14,4.54,64.07,123528129110.65869,95.6452780344541,C
RENTOKIL INITIAL SINGAPORE PRIVATE LIMITED,6208488.54,5,5,85.09,3.96,70.5,123534337599.19868,95.65008513885093,C
Eschmann Holdings Pte Limited,6207016.93,1,1,83.16,4.2,81.46,123540544616.12868,95.65489110381056,C
AMDATEX LAS PINAS SERVICES INC.,6206303.8,2,2,87.1,3.34,78.41,123546750919.92868,95.65969651660836,C
Yew Ann Construction Pte Ltd,6191217.0,1,1,95.54,4.13,64.09,123552942136.92868,95.66449024800865,C
"MCMURDO, INC.",6183366.0,1,1,94.26,3.5,73.08,123559125502.92868,95.66927790054186,C
POWER FORCE TECHNOLOGIES PTE LTD,6152186.77,4,3,73.61,5.0,80.82,123565277689.69868,95.6740414116415,C
ACEPROJECT CONSTRUCTION PTE. LTD.,6133210.0,19,10,81.43,3.01,93.08,123571410899.69868,95.67879022942023,C
INTERNATIONAL SOS PTE LTD,6128148.0,4,4,83.02,3.8,73.24,123577539047.69868,95.68353512779694,C
CYCLECT ELECTRICAL ENGINEERING PTE LTD.,6126887.0,7,1,83.5,4.4,88.87,123583665934.69868,95.68827904980742,C
XOD BOX PTE. LTD.,6111920.19,11,7,88.19,2.45,73.3,123589777854.88869,95.69301138332615,C
MCI GROUP ASIA PACIFIC PTE. LTD.,6106338.6,1,1,93.16,3.57,80.2,123595884193.4887,95.69773939513509,C
BUILDERS 72 PTE. LTD.,6100218.0,3,2,82.25,3.84,84.86,123601984411.4887,95.7024626678899,C
MOBILE WORKFORCE SOLUTION PTE. LTD.,6090058.0,2,1,76.8,3.45,79.24,123608074469.4887,95.70717807396663,C
EAC GIFTBUILD PTE. LTD.,6080000.0,1,1,90.91,3.59,78.54,123614154469.4887,95.71188569234178,C
STRATEGIC ENGINEERING & CONSTRUCTION PTE. LTD.,6068681.0,6,4,98.82,3.97,84.96,123620223150.4887,95.7165845466491,C
TOH GARDEN,6064036.0,4,1,89.95,2.65,71.94,123626287186.4887,95.7212798044289,C
KINDLY CONSTRUCTION & SERVICES PTE. LTD.,6059784.54,2,2,95.13,4.88,79.46,123632346971.02869,95.72597177039106,C
SECOM (SINGAPORE) PTE LTD,6057418.33,13,7,97.25,3.52,100.0,123638404389.35869,95.73066190424572,C
TECHNO CE PTE. LTD.,6055000.0,2,1,85.5,5.0,68.12,123644459389.35869,95.73535016563743,C
QUEST TECHNOLOGY (S) PTE LTD,6038048.2,10,5,89.84,4.87,74.78,123650497437.55869,95.74002530160064,C
MITSUBISHI ELEVATOR (SINGAPORE) PTE. LTD.,6034203.9,2,2,84.99,4.56,75.0,123656531641.45868,95.74469746100179,C
PHD SINGAPORE PTE. LTD.,6000001.0,2,2,84.93,4.26,77.15,123662531642.45868,95.74934313780419,C
T.Y. Lin International Pte. Ltd. / DP Architects Pte Ltd,5991909.1,1,1,96.48,3.93,82.29,123668523551.55869,95.75398254921559,C
QS-FIRST PTE LTD,5989052.0,9,6,92.61,4.13,77.88,123674512603.55869,95.75861974843353,C
Adventurer's Singapore Pte Ltd,5983190.66,13,5,84.08,4.22,83.76,123680495794.21869,95.76325240933699,C
TDS SINGAPORE PTE. LTD.,5980760.72,3,3,79.6,4.24,100.0,123686476554.93869,95.76788318878812,C
LASER 21 PTE LTD,5972483.67,21,3,86.01,4.59,82.85,123692449038.60869,95.77250755949045,C
VERTIX ASIA-PACIFIC PTE. LTD.,5970255.0,8,4,83.53,4.19,82.49,123698419293.60869,95.77713020457965,C
SSA ACADEMY PTE. LTD.,5961102.0,9,5,100.0,4.52,82.42,123704380395.60869,95.78174576269008,C
GETINGE SINGAPORE PTE. LTD.,5947605.0,2,2,84.86,3.95,92.47,123710328000.60869,95.78635087035227,C
SINGAPORE ENVIRONMENTAL CONSULTANCY AND SOLUTIONS PTE. LTD.,5943270.0,10,3,69.2,3.38,94.65,123716271270.60869,95.79095262151353,C
THE EVENTS CLUB SG PTE. LTD.,5939511.0,5,4,82.12,4.95,70.46,123722210781.60869,95.79555146215876,C
COGENT AUTOMOTIVE LOGISTICS PTE. LTD.,5931990.45,2,2,84.87,4.24,86.78,123728142772.05869,95.80014447979752,C
LGA TELECOM PTE LTD,5906904.0,5,4,92.0,4.37,95.44,123734049676.05869,95.80471807351637,C
FU ZHONG HUA (IMP & EXP) PTE LTD,5905285.54,12,6,81.21,3.75,56.71,123739954961.59868,95.80929041409509,C
CUTECH QUALITY SOLUTIONS PTE. LTD.,5892795.0,8,4,74.01,3.94,70.9,123745847756.59868,95.81385308350677,C
PEREGRINE SECURITY PTE. LIMITED,5873600.0,2,2,91.18,3.95,76.69,123751721356.59868,95.81840089062655,C
ODYSSEY MARINE PTE. LTD.,5867300.0,3,2,82.32,3.91,67.86,123757588656.59868,95.82294381978652,C
HORME HARDWARE PTE. LTD.,5854900.0,2,2,81.58,4.79,61.88,123763443556.59868,95.82747714788268,C
REVEZ MOTION PTE. LTD.,5851349.5,16,12,100.0,4.46,90.0,123769294906.09868,95.83200772690004,C
ENG SENG TECH PTE. LTD.,5850600.0,5,2,94.49,3.8,79.03,123775145506.09868,95.83653772559506,C
OMRON ELECTRONICS PTE LTD,5841284.0,3,2,82.97,3.7,82.87,123780986790.09868,95.84106051110376,C
I.M COMMUNICATIONS PTE. LTD.,5798487.69,10,7,87.17,5.0,58.16,123786785277.78868,95.84555016031388,C
Allmaster Enterprise,5782209.1,29,8,92.06,5.0,60.19,123792567486.88869,95.85002720534813,C
KNOXX PTE. LTD.,5776244.5,3,2,84.17,4.16,80.99,123798343731.38869,95.8544996321158,C
OPENFEEL PTE. LTD.,5769322.78,6,5,84.92,3.92,85.55,123804113054.16869,95.85896669953871,C
IPG MEDIABRANDS (SINGAPORE) PTE. LTD.,5736990.03,13,10,87.82,5.0,85.99,123809850044.19868,95.86340873238136,C
SURBANA JURONG INFRASTRUCTURE PTE. LTD.,5730057.0,9,7,97.24,3.59,93.0,123815580101.19868,95.86784539712212,C
WATERLAND SERVICES PTE. LTD.,5708401.36,8,4,81.09,3.42,75.65,123821288502.55869,95.8722652943483,C
BECA CARTER HOLLINGS & FERNER (S.E.ASIA) PTE LTD,5706092.46,8,6,71.67,4.64,100.0,123826994595.01869,95.8766834038409,C
YUAN JI ENTERPRISES PTE LTD,5698000.0,1,1,82.53,3.62,85.95,123832692595.01869,95.88109524750892,C
UNITED TECH ENGINEERING PTE LTD,5694000.0,1,1,83.7,3.79,84.15,123838386595.01869,95.8855039940596,C
TRANSQUEST SUPPLIES & CO PTE LTD,5692911.0,7,5,89.87,5.0,82.5,123844079506.01869,95.88991189742009,C
CREATZ3D PTE. LTD.,5692778.6,16,10,100.0,4.29,88.47,123849772284.6187,95.89431969826599,C
ADEMCO (FAR EAST) PTE LTD,5654303.0,14,8,84.12,5.0,79.54,123855426587.6187,95.89869770824978,C
EOS GMBH ELECTRO OPTICAL SYSTEMS,5644459.03,8,6,81.73,4.63,71.52,123861071046.6487,95.903068096251,C
POH MENG ENGINEERING PTE. LTD.,5629678.0,10,5,90.15,4.58,73.49,123866700724.6487,95.90742703960609,C
TROPICAL ENVIRONMENT PTE LTD,5611535.75,3,2,82.86,3.72,93.35,123872312260.3987,95.91177193579188,C
INSTITUTE OF MENTAL HEALTH,5610320.0,3,1,81.2,4.35,91.88,123877922580.3987,95.91611589064755,C
HITACHI CONSULTING ASIA PACIFIC PTE. LTD.,5600000.0,1,1,100.0,3.73,88.01,123883522580.3987,95.92045185494045,C
MCI CAREER SERVICES PTE. LTD.,5599550.5,11,6,88.12,4.07,92.74,123889122130.8987,95.92478747119479,C
GLEASON ADVERTISING PTE LTD,5586301.0,3,3,83.77,4.11,71.12,123894708431.8987,95.92911282863504,C
THE BUILDERS (HUP HUAT) CORPORATION PTE. LTD.,5583480.0,4,3,81.06,4.39,80.31,123900291911.8987,95.93343600183329,C
AEROPEARL PTY LTD,5582625.0,1,1,72.38,3.8,67.62,123905874536.8987,95.93775851302269,C
NXGEN COMMUNICATIONS PTE LTD,5576051.1,3,2,83.68,4.17,68.6,123911450587.9987,95.94207593417715,C
SOLELY CONSTRUCTION PTE LTD,5566756.0,13,11,84.32,3.36,71.53,123917017343.9987,95.94638615832774,C
PURPLEFOREST EVENTS PTE. LTD.,5561960.0,4,4,78.26,5.0,83.08,123922579303.9987,95.95069266903464,C
MASTEREIGN LEARNING JOURNEYS PTE. LTD.,5547611.0,11,5,92.15,4.23,87.39,123928126914.9987,95.9549880696073,C
PLANTWERKZ PTE. LTD.,5517858.84,4,3,90.36,4.97,94.38,123933644773.8387,95.9592604336972,C
HIAP SHING CONSTRUCTION PTE. LTD.,5507800.0,2,2,93.77,5.0,72.25,123939152573.8387,95.96352500943514,C
SMITHS DETECTION (ASIA PACIFIC) PTE. LTD.,5501439.4,2,1,95.57,4.46,67.92,123944654013.2387,95.96778466029193,C
ACES SYSTEM DEVELOPMENT PTE LTD,5500000.0,4,4,100.0,4.81,94.55,123950154013.2387,95.97204319665103,C
INLINGUA SCHOOL OF LANGUAGES PTE. LTD.,5495900.0,3,1,89.28,3.82,68.77,123955649913.2387,95.97629855846483,C
CASTILLON SECURITY (S) PTE. LTD.,5491920.0,2,2,93.94,3.46,79.61,123961141833.2387,95.98055083864688,C
3-SIXTY BRAND COMMUNICATIONS PTE. LTD.,5487716.5,3,3,86.19,4.02,81.03,123966629549.7387,95.98479986414574,C
TOP PAVE PTE LTD,5480000.0,2,2,89.0,4.19,64.36,123972109549.7387,95.98904291491807,C
Formul8 Pte Ltd,5477708.03,5,3,100.0,4.17,70.1,123977587257.76869,95.99328419106541,C
GENERAL LEASING PTE LTD,5462016.0,3,3,87.64,3.72,74.6,123983049273.76869,95.99751331719814,C
APE WORKS PTE. LTD.,5455761.5,9,6,84.92,4.31,78.55,123988505035.26869,96.00173760060073,C
STAGE ONE CREATIVE SERVICES LIMITED,5445481.02,3,2,94.41,3.37,72.99,123993950516.2887,96.0059539240401,C
ZENITHOPTIMEDIA,5443268.15,6,3,88.13,3.55,58.66,123999393784.43869,96.01016853409993,C
United Lifestyle Pte Ltd,5439195.64,13,9,83.83,3.13,82.9,124004832980.07869,96.01437999089943,C
L&RUI CONCEPT GROUP PTE. LTD.,5414877.8,3,3,91.96,3.39,61.89,124010247857.8787,96.01857261889786,C
ACCLAIM INSURANCE BROKERS PTE. LTD.,5410889.34,14,8,94.51,3.87,91.68,124015658747.21869,96.02276215871413,C
Stamford Catering Services Pte Ltd,5394654.53,8,5,84.21,4.45,76.65,124021053401.74869,96.02693912825245,C
9G ELEVATOR PTE. LTD.,5393480.54,10,6,82.58,4.62,72.94,124026446882.28868,96.03111518879457,C
Kestrel Investigation & Security Pte Ltd,5390280.0,3,2,97.65,4.91,61.99,124031837162.28868,96.0352887712247,C
D2L ASIA PTE. LTD.,5374771.0,1,1,89.79,3.88,86.68,124037211933.28868,96.03945034535658,C
TAT WAI ENTERPRISE PTE LTD,5373329.0,1,1,84.39,4.65,90.16,124042585262.28868,96.04361080297767,C
ULVAC SINGAPORE PTE LTD,5366571.87,4,2,100.0,4.27,57.83,124047951834.15868,96.04776602869259,C
TOPPAN SECURITY PRINTING PTE. LTD.,5363786.87,14,11,98.51,5.0,76.66,124053315621.02867,96.05191909803956,C
HAVAS WORLDWIDE SINGAPORE PTE. LTD.,5322637.4,2,2,97.47,4.56,85.35,124058638258.42867,96.05604030620214,C
VANGUARD INTERIORS PTE LTD,5319701.8100000005,9,9,86.72,5.0,69.52,124063957960.23866,96.06015924139804,C
AWP PTE. LTD.,5318731.35,6,4,100.0,3.69,68.93,124069276691.58867,96.06427742518682,C
RTMT MOTOR PTE LTD,5305100.0,2,1,81.43,4.01,84.72,124074581791.58867,96.06838505450295,C
MILITECH INTERNATIONAL PTE. LTD.,5289708.0,3,1,89.82,3.84,73.52,124079871499.58867,96.0724807661115,C
YJ INTERNATIONAL PTE LTD,5276878.0,9,5,85.55,3.96,88.88,124085148377.58867,96.07656654371614,C
JN ENGINEERING (PRIVATE) LIMITED,5276332.0,9,6,95.1,3.44,61.12,124090424709.58867,96.08065189856426,C
OXFORD GRAPHIC PRINTERS PTE LTD,5256782.76,5,5,86.62,4.29,79.59,124095681492.34866,96.08472211683977,C
F1 RECREATION PTE. LTD.,5229827.22,12,10,91.66,4.87,91.54,124100911319.56866,96.08877146399763,C
TARKUS INTERIORS PTE LTD,5227383.0,2,1,89.62,3.92,59.03,124106138702.56866,96.09281891864644,C
NTT DATA BUSINESS SOLUTIONS SINGAPORE PTE. LTD.,5225259.27,7,7,91.8,3.7,90.25,124111363961.83867,96.09686472893499,C
Nanyang Technological University,5218741.0,4,4,85.8,3.4,75.91,124116582702.83867,96.10090549226176,C
TUV SUD AL TECHNOLOGIES PTE. LTD.,5218491.0,10,5,90.68,4.24,74.57,124121801193.83867,96.1049460620187,C
E35 PTE. LTD.,5215046.2,16,11,76.39,4.62,83.61,124127016240.03867,96.10898396453817,C
DZ ENGINEERING SRL,5210148.79,2,1,95.06,3.87,90.04,124132226388.82866,96.11301807509426,C
Mecomb S'pore Ltd,5189339.0,13,7,78.57,3.54,80.37,124137415727.82866,96.11703607305994,C
AZBIL SINGAPORE PTE. LTD.,5183631.0,4,3,75.87,4.34,85.75,124142599358.82866,96.12104965143914,C
LUMITRON PTE. LIMITED,5181346.0,2,2,85.24,4.52,81.62,124147780704.82866,96.12506146059006,C
MEGA INTERNATIONAL,5179164.4,1,1,99.42,4.86,92.34,124152959869.22865,96.12907158057318,C
Furmat Construction Pte Ltd,5178378.0,7,5,89.73,4.8,90.52,124158138247.22865,96.13308109166303,C
BES TECHNOLOGY PTE. LTD.,5167525.0,5,4,85.94,3.89,77.31,124163305772.22865,96.13708219949922,C
ELECTRO-ACOUSTICS SYSTEMS PTE. LTD.,5167448.28,6,4,81.1,4.33,80.42,124168473220.50865,96.14108324793271,C
FONDACO PTE LTD,5165990.0,5,2,88.03,4.48,73.87,124173639210.50865,96.14508316725012,C
SQFT ARCHITECTS PTE. LTD.,5159733.96,20,10,88.26,4.13,58.22,124178798944.46866,96.14907824264503,C
E.ID PROJECTS PTE. LTD.,5157182.0,5,4,77.36,3.57,66.02,124183956126.46866,96.15307134211002,C
Altrus Pte Ltd,5150292.0,8,1,93.19,4.37,77.18,124189106418.46866,96.15705910679038,C
DEZIGN FORMAT PTE LTD,5130099.0,16,4,84.4,5.0,90.65,124194236517.46866,96.16103123644808,C
EMERSON ASIA PACIFIC PRIVATE LIMITED,5128670.0,2,2,80.29,4.02,93.68,124199365187.46866,96.1650022596606,C
South Pacific Chemical Sdn Bhd,5111639.0,1,1,73.53,4.11,82.84,124204476826.46866,96.16896009612171,C
PACIFIC HEALTHCARE NURSING HOME PTE. LTD.,5100002.0,3,1,95.76,4.54,80.07,124209576828.46866,96.17290892229416,C
CO-OPERATIVE OF SCDF EMPLOYEES LTD,5080131.9,6,2,80.01,4.75,70.96,124214656960.36865,96.17684236345873,C
Singapore Petroleum Company Limited,5069513.2,1,1,91.65,3.34,60.17,124219726473.56865,96.1807675827833,C
VLAND CONSULTANTS PTE. LTD.,5067900.0,1,1,84.81,4.41,71.12,124224794373.56865,96.18469155304044,C
ADVENTRA PTE. LTD.,5067338.85,2,1,80.58,3.54,57.53,124229861712.41866,96.18861508881074,C
NERA TELECOMMUNICATIONS LTD,5064922.74,4,4,96.32,4.15,73.31,124234926635.15866,96.19253675383698,C
KK LIM & ASSOCIATES PTE. LTD.,5059786.0,3,2,88.1,5.0,77.6,124239986421.15866,96.19645444159157,C
HOW'S CATERING,5045339.61,6,4,81.34,4.25,75.13,124245031760.76866,96.20036094380488,C
AETOS GUARD SERVICES PTE. LTD.,5038036.55,2,2,92.71,4.6,67.41,124250069797.31866,96.20426179140973,C
GOH & FOONG CONTRACTORS PTE LTD,5022661.0,11,4,92.45,4.07,71.0,124255092458.31866,96.20815073404391,C
ADDP ARCHITECTS LLP,5020101.6,12,5,94.07,4.17,71.84,124260112559.91867,96.21203769498754,C
THE BOSTON CONSULTING GROUP PTE. LTD.,5000000.0,1,1,94.84,3.99,63.0,124265112559.91867,96.21590909167763,C
DNR PROCESS SOLUTIONS PTE. LTD.,4991422.0,4,3,88.81,4.58,85.28,124270103981.91867,96.21977384659957,C
HSL CONSTRUCTOR PTE LTD,4980000.0,1,1,87.22,4.2,90.67,124275083981.91867,96.2236297577029,C
LPH CATERING,4968474.79,6,3,87.95,3.77,78.43,124280052456.70866,96.22747674507426,C
CAPELLE CONSULTING PTE. LTD.,4964425.0,5,2,67.57,3.49,71.97,124285016881.70866,96.2313205967769,C
ELECTRO SAUDI SERVICES LTD.,4963817.33,7,1,96.78,3.75,69.58,124289980699.03867,96.23516397797322,C
NEXWAVE TELECOMS PTE. LTD.,4961083.0,4,3,94.01,4.18,74.84,124294941782.03867,96.23900524203431,C
BIOMEDIX SINGAPORE PTE. LTD.,4958174.83,6,2,100.0,4.06,95.58,124299899956.86867,96.24284425435945,C
DE CONSULTANTS (S) PTE LTD,4956439.66,5,2,71.97,3.18,88.53,124304856396.52867,96.24668192317833,C
MKPL ARCHITECTS PTE. LTD.,4947764.23,8,4,99.31,3.85,59.4,124309804160.75867,96.25051287479101,C
BGC Group Pte. Ltd.,4946524.84,8,8,75.39,4.1,78.18,124314750685.59866,96.25434286676962,C
M & C SAATCHI (S) PTE LTD,4935146.0,1,1,86.01,4.17,70.64,124319685831.59866,96.25816404834751,C
New-E Security Pte Ltd,4930800.0,2,1,100.0,3.97,74.18,124324616631.59866,96.26198186490743,C
EMERIO GLOBESOFT PTE. LTD.,4917181.0,7,6,90.08,4.02,81.5,124329533812.59866,96.26578913655702,C
KODAK (SINGAPORE) PTE. LIMITED,4913311.89,2,2,87.5,3.67,78.18,124334447124.48866,96.26959341243469,C
SEAMEO REGIONAL LANGUAGE CENTRE,4910830.0,6,3,88.66,4.18,55.79,124339357954.48866,96.2733957666362,C
THE LENTOR RESIDENCE PTE LTD,4900005.0,6,1,99.58,5.0,87.62,124344257959.48866,96.27718973926389,C
BIO LABORATORIES PTE LTD,4876150.44,12,6,88.61,4.43,69.97,124349134109.92867,96.28096524179865,C
THALES SOLUTIONS ASIA PTE. LTD.,4863694.41,6,5,98.79,3.48,87.51,124353997804.33867,96.28473109988676,C
Aik San Construction Pte Ltd,4863000.0,4,3,92.67,3.98,76.59,124358860804.33867,96.28849642030755,C
Scientific Resources Pte Ltd,4857546.2,9,7,94.99,3.6,79.46,124363718350.53867,96.29225751796366,C
BEENET SINGAPORE PTE LTD,4856675.93,5,5,93.13,5.0,76.39,124368575026.46866,96.29601794178771,C
WIZLEARN TECHNOLOGIES PTE. LTD.,4853287.0,23,18,90.0,3.57,74.25,124373428313.46866,96.29977574163328,C
SETSCO SERVICES PTE LTD,4832813.0,9,5,79.21,4.16,90.99,124378261126.46866,96.30351768888369,C
SOCOMEC ASIA PACIFIC PTE. LTD.,4832757.0,1,1,100.0,3.05,87.57,124383093883.46866,96.30725959277446,C
VEECO ASIA PTE LTD,4832427.6,1,1,86.54,3.72,100.0,124387926311.06866,96.31100124161762,C
OYEZ COMMUNICATIONS PTE. LTD.,4823292.0,9,4,96.39,3.55,80.2,124392749603.06866,96.31473581695444,C
APPLIED MATERIALS SOUTH EAST ASIA PTE. LTD.,4822620.0,2,1,86.75,4.3,81.28,124397572223.06866,96.31846987197555,C
HTM MEDICO PTE. LTD.,4818468.01,6,5,77.79,4.99,65.45,124402390691.07866,96.32220071219659,C
ECO GARDEN PTE. LTD.,4809272.88,1,1,94.27,3.49,85.84,124407199963.95866,96.32592443281848,C
AGITECH INNOVATIONS PRIVATE LIMITED,4808658.9,3,3,94.6,3.51,73.09,124412008622.85866,96.32964767804833,C
GOLDEN TRAVEL SERVICES PTE LTD,4804726.98,44,11,73.04,4.98,69.39,124416813349.83865,96.33336787887376,C
ML CONSULTING PTE LTD,4783049.8,7,6,89.91,4.4,77.57,124421596399.63866,96.3370712955066,C
SEMBAWANG EATING HOUSE (SEAFOOD RESTAURANT),4777484.62,2,2,90.03,4.66,92.24,124426373884.25865,96.34077040313556,C
KYDON LEARNING SYSTEMS INSTITUTE PTE. LTD.,4762932.0,4,3,87.19,3.37,71.24,124431136816.25865,96.34445824297156,C
ACRE ENGINEERING PTE LTD,4761022.0,19,8,91.79,4.39,77.62,124435897838.25865,96.348144603934,C
EDZ INTERIOR CONTRACTS PTE LTD,4757362.0,2,2,91.52,4.61,100.0,124440655200.25865,96.35182813103408,C
AE MODELS TEAM PTE LTD,4750834.4,8,3,76.51,4.2,77.95,124445406034.65865,96.35550660394834,C
ENDRESS + HAUSER (S.E.A.) PTE LTD,4750200.0,1,1,80.63,4.32,93.19,124450156234.65865,96.35918458565979,C
ALTUS FACILITIES ENGINEERING PTE. LTD.,4747800.0,2,2,77.56,3.9,79.5,124454904034.65865,96.36286070910084,C
TATE ANZUR PTE. LTD.,4747171.0,7,3,87.54,4.45,64.95,124459651205.65865,96.36653634552019,C
QUICKSTART TECHNOLOGY PTE. LTD.,4743192.0,9,7,90.8,3.11,70.52,124464394397.65865,96.37020890108204,C
LEISURE FRONTIER (S) PTE. LTD.,4738337.0,6,5,79.53,3.3,84.08,124469132734.65865,96.37387769751771,C
ELIKTRICAL ENGINEERING PTE. LTD.,4726080.0,5,5,90.09,3.99,67.96,124473858814.65865,96.37753700361152,C
SQLNET PTE. LTD.,4718894.49,2,2,91.2,3.75,70.48,124478577709.14865,96.38119074611343,C
Analytical Technologies Pte Ltd,4716271.5,20,7,89.17,4.01,72.31,124483293980.64865,96.38484245768836,C
ARROWCREST TECHNOLOGIES PTE LTD,4706727.0,13,8,88.88,4.9,79.3,124488000707.64865,96.38848677915416,C
PRICEWATERHOUSECOOPERS CONSULTING (SINGAPORE) PTE. LTD.,4701462.4,16,14,86.78,3.96,83.2,124492702170.04865,96.39212702434894,C
FOONG AH WENG CONSTRUCTION PTE LTD,4698000.0,1,1,94.83,3.02,83.8,124497400170.04865,96.39576458867896,C
ECLAT SERVICES PTE. LTD.,4669003.0,10,10,80.15,4.09,83.67,124502069173.04865,96.399379701231,C
"THE PESTMAN, PTE LTD",4667490.0,8,8,100.0,5.0,74.34,124506736663.04865,96.40299364229841,C
GIB AUTOMATION PTE LTD,4659100.0,2,2,88.68,4.83,81.6,124511395763.04865,96.40660108716217,C
T&T PROGRESS ENTERPRISE,4631918.8100000005,6,6,97.43,4.63,75.22,124516027681.85864,96.41018748619213,C
IFACILITIES PTE. LTD.,4612376.0,14,8,90.3,4.45,76.05,124520640057.85864,96.4137587536281,C
ELEKTA LIMITED,4600000.0,1,1,92.94,4.42,91.05,124525240057.85864,96.41732043858299,C
TENON CONSTRUCTION PTE. LTD.,4596000.0,6,6,89.41,4.83,66.96,124529836057.85864,96.42087902642051,C
ALS TECHNICHEM (SINGAPORE) PTE LTD,4593208.0,6,4,93.74,3.88,76.93,124534429265.85864,96.42443545247014,C
ARCADIS SINGAPORE PTE. LTD.,4589065.02,16,10,70.31,2.99,76.21,124539018330.87865,96.42798867069595,C
INTRICON PTE. LTD.,4586001.7,4,1,84.34,4.54,100.0,124543604332.57864,96.43153951705638,C
F&H EMPIRE MACHINERY SDN BHD,4581511.16,8,1,82.13,4.84,78.01,124548185843.73865,96.43508688648447,C
Geetha A & Associates,4581504.0,22,12,79.83,3.45,80.0,124552767347.73865,96.43863425036872,C
Advanced Construction & Engineering Pte Ltd,4575510.0,3,2,97.51,3.49,77.96,124557342857.73865,96.44217697322262,C
FPT ASIA PACIFIC PTE. LTD.,4572806.0,15,9,83.87,4.0,64.88,124561915663.73865,96.44571760242518,C
CONTEXT ARCHITECTS PTE. LTD.,4568700.0,7,6,80.58,4.68,85.98,124566484363.73865,96.44925505243678,C
LEONG HIN SENG CIVIL ENGINEERING PTE LTD,4567533.0,13,9,90.8,4.01,87.82,124571051896.73865,96.4527915988644,C
PACIFIC ARENA PTE. LTD.,4565266.63,20,6,91.28,3.88,82.32,124575617163.36865,96.45632639048856,C
Lam Hwa Engineering & Trading Pte Ltd,4562052.3,3,1,80.9,3.97,81.96,124580179215.66866,96.45985869332341,C
ECHOL TECH PTE. LTD.,4559444.0,3,3,78.81,3.68,94.59,124584738659.66866,96.46338897660546,C
HP COATING PTE. LTD.,4553150.0,2,2,77.66,4.75,80.67,124589291809.66866,96.46691438657335,C
CHUAN SOON M&E PTE. LTD.,4545515.8,5,3,85.06,4.41,100.0,124593837325.46866,96.47043388553794,C
I_POSSIBLE PTE. LTD.,4537932.0,2,2,87.01,4.03,75.75,124598375257.46866,96.47394751252287,C
DKSH SINGAPORE PTE. LTD.,4535266.0,16,9,96.91,3.56,83.57,124602910523.46866,96.47745907527909,C
CONNY TECH PTE. LTD.,4519262.19,6,4,87.84,3.53,80.7,124607429785.65866,96.4809582466159,C
ROYAL 88 INTERIOR DESIGN PTE LTD,4510417.0,9,5,78.64,3.38,70.04,124611940202.65866,96.48445056930484,C
Adecco Personnel Pte Ltd,4507989.0,9,6,89.79,4.6,72.66,124616448191.65866,96.48794101204355,C
MELTWATER SINGAPORE PTE. LIMITED,4503280.0,4,4,88.68,4.55,75.17,124620951471.65866,96.49142780870086,C
OLIVER WYMAN PTE. LTD.,4500000.0,4,4,87.54,3.51,85.58,124625451471.65866,96.49491206572195,C
JADIA LOGISTICS PTE. LTD.,4491509.0,14,7,86.79,4.91,79.7,124629942980.65866,96.49838974833717,C
BBH COMMUNICATIONS (ASIA PACIFIC) PTE. LTD.,4477804.0,1,1,82.59,4.44,72.86,124634420784.65866,96.50185681945406,C
GOODFELLAS CONSULTANCY PTE. LTD.,4469147.05,4,3,91.63,4.16,89.14,124638889931.70866,96.50531718767346,C
TOYOTA TSUSHO ASIA PACIFIC PTE. LTD.,4469000.0,1,1,89.55,2.96,82.87,124643358931.70866,96.50877744203505,C
FORBES RESEARCH PTE LTD,4446913.8,14,12,88.35,3.43,58.01,124647805845.50867,96.51222059550835,C
CHINA UNICOM (SINGAPORE) OPERATIONS PTE. LTD.,4442255.44,3,2,90.94,3.45,70.02,124652248100.94867,96.51566014210975,C
TOUCH FAMILY SERVICES LIMITED,4431540.0,10,4,91.55,4.14,70.97,124656679640.94867,96.51909139196735,C
VECTOR FOILTEC PTE. LTD.,4421400.0,1,1,95.08,4.3,73.66,124661101040.94867,96.52251479063246,C
ASSURANCE PARTNERS LLP,4415911.0,17,12,93.95,4.39,78.45,124665516951.94867,96.52593393927829,C
UNION M&E PTE. LTD.,4412895.0,5,4,68.92,4.22,65.94,124669929846.94867,96.52935075269762,C
Bio-Rad Laboratories (Singapore) Pte Ltd,4410123.99,18,7,92.31,4.02,62.27,124674339970.93867,96.53276542058119,C
INNERSOURCE DATA PTE. LTD.,4400781.12,2,1,100.0,3.32,77.98,124678740752.05867,96.53617285447355,C
TRACK WORLDWIDE PTE. LTD.,4400000.0,1,1,97.02,4.77,82.41,124683140752.05867,96.53957968356083,C
ASIATEL (S) PTE. LTD.,4397456.0,8,4,90.61,4.24,90.28,124687538208.05867,96.54298454288147,C
COMBINE TRADING ENTERPRISE PTE LTD,4384387.0,6,3,89.61,5.0,70.6,124691922595.05867,96.54637928314546,C
AZAAS PTE. LTD.,4378256.0,4,3,89.62,3.84,95.1,124696300851.05867,96.54976927630281,C
SIEMENS PTE. LTD.,4371313.62,5,5,86.21,3.54,83.24,124700672164.67867,96.55315389411876,C
SOLUTIONSATWORK PTE. LTD.,4366148.0,3,3,95.68,4.44,80.6,124705038312.67867,96.5565345123019,C
G.T.H. ENGINEERING & CONSTRUCTION PTE. LTD.,4353840.0,4,3,97.74,2.67,82.87,124709392152.67867,96.55990560065494,C
AVT (S) PTE LTD,4352190.4,2,2,99.63,4.13,80.52,124713744343.07866,96.56327541175678,C
FACILITATORS NETWORK SINGAPORE PTE. LTD.,4351600.0,7,2,93.64,3.58,75.05,124718095943.07866,96.56664476572409,C
ALTRUS PTE LTD,4350824.0,1,1,87.29,5.0,65.71,124722446767.07866,96.57001351885064,C
FREQUENTIS COMSOFT GMBH,4342495.99,1,1,78.37,4.12,70.93,124726789263.06866,96.57337582377113,C
FROST & SULLIVAN (SINGAPORE) PTE LTD,4339261.0,22,12,92.76,3.96,83.73,124731128524.06866,96.5767356239057,C
SERVICE CONNECTIONS HR CONSULTANCY PTE. LTD.,4337293.45,15,12,91.66,3.55,76.5,124735465817.51866,96.58009390060695,C
INSIGHTMATRIX,4336249.96,17,13,79.04,3.6,87.31,124739802067.47867,96.58345136935547,C
GREEN TROPIC PRODUCTS PTE LTD,4335560.4,13,8,97.6,4.78,85.27,124744137627.87866,96.58680830419193,C
E DEVELOP PTE. LTD.,4334276.0,10,3,95.14,4.98,72.75,124748471903.87866,96.590164244544,C
MARINA BAY SANDS PTE. LTD.,4325075.7,20,12,93.78,3.52,72.9,124752796979.57866,96.59351306129386,C
YANG YUN XIN BUS SERVICE,4316234.9,7,5,100.0,3.8,83.22,124757113214.47865,96.59685503279498,C
PING ENGINEERING (S) PTE. LTD.,4304100.0,2,2,85.15,4.78,81.84,124761417314.47865,96.60018760849373,C
ML Research Consultants Pte Ltd,4301119.0,13,9,70.47,3.88,74.09,124765718433.47865,96.6035178760658,C
TSLA INDUSTRIES PTE. LTD.,4301023.73,2,2,91.8,4.44,72.1,124770019457.20865,96.60684806987226,C
AMC ASIA (SG) PTE. LTD.,4297465.04,3,3,82.4,4.83,83.86,124774316922.24864,96.61017550825858,C
HEXAMINE SDN BHD (SINGAPORE BRANCH),4297205.0,1,1,88.37,3.93,64.63,124778614127.24864,96.6135027453013,C
CESMA INTERNATIONAL PRIVATE LIMITED,4276235.75,14,6,94.03,4.56,82.92,124782890362.99864,96.61681374628702,C
THE EVENTS ARTERY PTE. LTD.,4270612.7,14,5,99.87,3.75,64.92,124787160975.69864,96.6201203934613,C
UVW BUILDING SERVICES PTE. LTD.,4264715.0,8,5,83.77,3.57,72.56,124791425690.69864,96.62342247416835,C
Research Instruments Pte Ltd,4257702.35,28,10,87.97,3.42,75.98,124795683393.04865,96.62671912512539,C
HKBN JOS (SINGAPORE) PTE. LTD.,4249678.3,7,5,88.0,4.57,77.69,124799933071.34865,96.63000956322631,C
AA VEHICLE INSPECTION CENTRE PTE LTD,4249530.0,1,1,95.32,4.41,64.4,124804182601.34865,96.6332998865016,C
COUNTRY FOODS PTE. LTD.,4243536.0,2,1,77.44,3.65,89.29,124808426137.34865,96.63658556874654,C
TRIBAL WORLDWIDE PTE. LTD.,4243526.0,6,4,85.11,4.34,88.7,124812669663.34865,96.63987124324868,C
SILICON GRAPHICS PTE LTD,4239066.0,5,2,90.66,3.37,70.86,124816908729.34865,96.64315346446497,C
SERVCARE SERVICES PTE LTD,4236768.0,1,1,91.52,4.73,73.45,124821145497.34865,96.64643390638736,C
ELC PTE. LTD.,4216421.0,6,4,82.72,3.99,72.49,124825361918.34865,96.64969859404803,C
ONG TENG CHONG BUILDING CONTRACTOR PTE LTD,4211000.0,2,2,91.6,3.81,78.23,124829572918.34865,96.65295908434044,C
BX CREATIVES PTE. LTD.,4206540.26,4,4,83.35,4.29,79.56,124833779458.60864,96.65621612154828,C
TERRABIT NETWORKS PTE. LTD.,4206158.72,4,2,88.7,3.81,77.97,124837985617.32864,96.65947286333761,C
CSP Productions Pte Ltd,4203000.0,3,1,72.95,3.53,80.42,124842188617.32864,96.6627271593953,C
INTEGRATED HEALTH PLANS PTE LTD,4201895.0,6,3,94.98,3.38,71.01,124846390512.32864,96.66598059987433,C
Monzone Air-Conditioning Pte Ltd,4200000.0,1,1,96.23,5.0,71.2,124850590512.32864,96.669232573094,C
GALLAGHER & ASSOCIATES LLC.,4197600.0,1,1,81.29,3.96,87.96,124854788112.32864,96.67248268804327,C
EDUQUEST INTERNATIONAL INSTITUTE PTE. LTD.,4191900.0,7,4,83.06,5.0,69.9,124858980012.32864,96.67572838960031,C
HP Coating Pte Ltd,4177620.0,2,2,83.74,4.77,90.87,124863157632.32864,96.6789630344484,C
SUNTEC SINGAPORE INT'L CONVENTION & EXHIBITION CENTRE,4155819.01,19,10,87.34,5.0,72.24,124867313451.33864,96.68218079924038,C
XPRESSWORKS PTE LTD,4144406.0,12,7,100.0,4.42,68.33,124871457857.33864,96.68538972717454,C
KORDAMENTHA PTE. LTD.,4143023.6,4,4,90.6,4.81,91.82,124875600880.93864,96.68859758474495,C
WILSON SECURITY,4140769.15,1,1,77.36,4.4,95.6,124879741650.08864,96.6918036967413,C
SPTS TECHNOLOGIES PTE. LTD.,4134990.86,2,2,83.55,4.03,99.76,124883876640.94864,96.69500533472709,C
ESTA PTE. LTD.,4134229.2,11,7,92.56,4.32,77.56,124888010870.14864,96.69820638297529,C
ATS LANDSCAPING & CONSTRUCTION PTE LTD,4132080.0,2,2,80.4,3.62,77.85,124892142950.14864,96.70140576714232,C
TOM-RECK SECURITY SERVICES PTE LTD,4128520.0,4,3,82.95,3.66,82.2,124896271470.14864,96.70460239487491,C
PURITEC TECHNOLOGIES (S) PTE. LTD.,4119837.26,4,1,92.15,5.0,68.46,124900391307.40863,96.70779229974133,C
Intec Precision Equipment Pte Ltd,4118063.24,4,4,86.38,3.52,90.58,124904509370.64864,96.71098083102072,C
SUMITOMO CHEMICAL ASIA PTE LTD,4115680.0,2,2,82.06,3.91,57.07,124908625050.64864,96.71416751700662,C
THE RESILIENZ CLINIC PTE. LTD.,4108860.0,3,1,81.58,3.53,77.14,124912733910.64864,96.71734892240742,C
INTERNATIONAL SCIENTIFIC (PRIVATE) LIMITED,4104556.6,8,4,73.71,4.44,93.01,124916838467.24864,96.72052699577453,C
KNT ENGINEERING & TRADING PTE LTD,4102436.93,1,1,90.88,4.43,74.98,124920940904.17863,96.72370342792496,C
SAMPLEARCHIVE SERVICES PTE. LTD.,4094024.0,4,2,69.98,3.97,69.59,124925034928.17863,96.7268733461175,C
KEYSIGHT TECHNOLOGIES SINGAPORE (SALES) PTE. LTD.,4091648.15,10,3,88.58,4.44,90.54,124929126576.32863,96.73004142473849,C
AXIS ARCHITECTS PLANNERS PTE. LTD.,4085072.8,1,1,100.0,4.73,75.94,124933211649.12863,96.73320441220183,C
FLARE DYNAMICS PTE. LTD.,4077293.5,3,2,100.0,3.25,84.42,124937288942.62863,96.73636137631392,C
DKSH TECHNOLOGY PTE. LTD.,4077201.0,24,9,93.72,4.66,89.0,124941366143.62863,96.73951826880517,C
ST ELECTRONICS (DATA CENTRE SOLUTIONS) PTE. LTD.,4068137.66,12,7,91.69,3.66,93.82,124945434281.28864,96.74266814373952,C
SD ARCHITECTS & ASSOCIATES PTE. LTD.,4063346.3,6,4,94.56,3.8,77.93,124949497627.58864,96.74581430882283,C
PENG CHUAN ENGINEERING CONSTRUCTION PTE. LTD.,4058000.0,6,5,87.8,3.33,78.14,124953555627.58864,96.7489563343765,C
ENG XIAN CONSTRUCTION PTE LTD,4057700.0,3,3,94.55,3.97,40.0,124957613327.58864,96.75209812764638,C
NATIONAL UNIVERSITY HOSPITAL (SINGAPORE) PTE LTD,4054490.0,6,2,81.18,4.07,63.37,124961667817.58864,96.75523743547959,C
P'ART 1 DESIGN PTE LTD,4051322.0,19,3,100.0,4.8,94.06,124965719139.58864,96.75837429039585,C
DRAEGER SINGAPORE PTE. LTD.,4046848.0,6,4,100.0,2.96,57.93,124969765987.58864,96.76150768118634,C
O K G CONSTRUCTION & TRADING PTE LTD,4045721.0,3,1,75.9,4.02,70.81,124973811708.58864,96.76464019936402,C
LIONG CONSTRUCTION PTE LTD,4043960.2,8,3,97.15,5.0,83.28,124977855668.78864,96.76777135419066,C
RAFFLES HEALTH INSURANCE PTE. LTD.,4039561.7,3,2,76.36,4.36,77.08,124981895230.48863,96.77089910334962,C
INTERNATIONAL CATERING PTE LTD,4037093.55,5,4,86.73,4.07,63.26,124985932324.03864,96.77402494147103,C
RESORTS WORLD AT SENTOSA PTE. LTD.,4030448.36,32,16,92.3,4.04,76.33,124989962772.39864,96.77714563435913,C
ASIATIC FIRE SYSTEM PTE LTD,4028000.0,1,1,77.99,4.46,71.63,124993990772.39864,96.78026443153267,C
SEACARE MANPOWER SERVICES PTE LTD,4020857.5,14,7,86.58,4.48,87.26,124998011629.89864,96.78337769841605,C
PEDRO INVESTIGATIONS & SECURITY SERVICES PTE LTD,4016570.0,4,3,87.16,4.3,75.28,125002028199.89864,96.78648764557674,C
SINGLE POINT OF CONTACT PTE. LTD.,4008377.0,9,5,82.91,4.75,79.94,125006036576.89864,96.78959124906683,C
AV Media PTE LTD,4000866.52,5,3,87.44,4.28,91.6,125010037443.41864,96.79268903734743,C
MACROVIC ENTERPRISE PTE LTD,4000126.5,18,5,80.3,3.12,74.0,125014037569.91864,96.79578625264584,C
HONG HUP MACHINERY & CONSTRUCTION PTE. LTD.,3988000.0,1,1,74.54,4.47,68.78,125018025569.91864,96.79887407864587,C
SAA Architects Pte Ltd,3965707.02,2,2,98.42,3.98,94.66,125021991276.93864,96.80194464365208,C
MSIG INSURANCE (SINGAPORE) PTE. LTD.,3953834.0,4,4,85.36,4.33,69.38,125025945110.93864,96.80500601562424,C
CALVARY CONSTRUCTION PTE. LTD.,3947851.0,3,3,80.49,4.49,100.0,125029892961.93864,96.80806275508311,C
PRIMA LIMITED,3945452.6,4,1,100.0,4.3,83.5,125033838414.53865,96.81111763751043,C
FOCAL INVESTIGATION & SECURITY AGENCY PTE LTD,3944781.0,4,3,95.08,4.25,83.13,125037783195.53865,96.81417199993174,C
GOLDBELL ENGINEERING PTE LTD,3941644.57,6,5,96.31,4.06,80.13,125041724840.10866,96.81722393388011,C
FUJI SIGNCRAFTS INDUSTRIES PTE LTD,3939377.0,12,5,90.41,4.31,83.6,125045664217.10866,96.82027411209587,C
WATERS PACIFIC PTE. LTD.,3926309.21,22,7,85.47,3.27,69.81,125049590526.31866,96.82331417219186,C
DYNAMIC SAFETY PTE. LTD.,3922600.0,7,6,87.99,3.43,82.15,125053513126.31866,96.82635136032317,C
SUN CITY MAINTENANCE PTE. LTD.,3918518.0,1,1,84.13,4.49,81.81,125057431644.31866,96.82938538784623,C
CCA & PARTNERS PTE. LTD.,3916000.0,2,2,100.0,5.0,84.37,125061347644.31866,96.8324174657339,C
SATS AIRPORT SERVICES PTE LTD,3894240.0,1,1,96.3,4.47,61.26,125065241884.31866,96.83543269530318,C
COMFORTDELGRO ENGINEERING PTE. LTD.,3883976.0,4,3,77.23,3.31,73.85,125069125860.31866,96.83843997766934,C
PRIMO GUARDS PRIVATE LIMITED,3883040.0,5,5,86.12,4.41,75.24,125073008900.31866,96.84144653531004,C
GE Energy (Singapore) Pte Ltd,3880215.0,2,1,84.92,4.89,91.69,125076889115.31866,96.84445090561161,C
MULLENLOWE SINGAPORE PTE LTD,3879154.81,1,1,88.07,4.87,70.72,125080768270.12866,96.84745445502998,C
NATS (SERVICES) LIMITED,3864954.0,2,1,83.77,4.76,81.77,125084633224.12866,96.85044700905456,C
LAMINAAR AVIATION INFOTECH PTE. LTD.,3862010.0,1,1,95.53,3.96,82.35,125088495234.12866,96.85343728360078,C
ACXODUS PTE. LTD.,3854344.0,4,1,92.12,3.68,62.92,125092349578.12866,96.8564216225216,C
Times Printers Private Limited,3850131.5,10,2,95.81,4.14,75.31,125096199709.62866,96.85940269979069,C
CWT PTE. LIMITED,3843871.0,3,2,79.27,5.0,84.71,125100043580.62866,96.86237892968401,C
BIAN HIN CO. (SINGAPORE) PRIVATE LIMITED,3836669.0,1,1,83.6,2.97,70.09,125103880249.62866,96.86534958321752,C
NSEARCH GLOBAL PTE. LTD.,3831007.12,40,19,96.67,3.75,73.36,125107711256.74866,96.86831585287433,C
Ensign Infosecurity (Singapore) Pte. Ltd.,3829855.6,13,11,84.06,3.75,64.65,125111541112.34866,96.87128123093302,C
TYT BUILDERS PTE LTD,3825055.35,2,2,82.49,4.86,68.73,125115366167.69867,96.8742428922573,C
BROADCAST PROFESSIONAL PTE. LTD.,3821491.33,1,1,92.4,4.28,70.32,125119187659.02867,96.87720179403453,C
CREST INNOVATION (S) PTE. LTD.,3819136.4,4,4,75.33,3.89,87.53,125123006795.42867,96.88015887243813,C
HI-POINT ENGINEERING PTE LTD,3817756.1,5,1,80.97,3.07,77.45,125126824551.52867,96.88311488210395,C
YUCAX SDN BHD,3808993.5,2,1,88.65,4.83,89.67,125130633545.02867,96.88606410706966,C
Sun City Maintenance Pte. Ltd.,3807200.0,4,4,97.69,3.46,87.87,125134440745.02867,96.88901194336536,C
STA TRAVEL (PTE) LTD,3805879.89,26,9,77.02,3.55,81.61,125138246624.91867,96.89195875752716,C
STARVISION INFORMATION TECHNOLOGY PTE LTD,3800137.52,6,5,93.07,4.36,61.27,125142046762.43867,96.89490112549053,C
CLEANMAGE PTE. LTD.,3792188.26,18,16,88.19,5.0,70.34,125145838950.69867,96.89783733850612,C
ITS SCIENCE & MEDICAL PTE LTD,3790616.8,15,8,88.28,4.24,68.18,125149629567.49867,96.90077233477271,C
THOMSON MEDICAL PTE. LTD.,3784800.0,1,1,93.3,4.97,89.69,125153414367.49867,96.90370282721123,C
AGAPE CP HOLDINGS PTE. LTD.,3780127.0,1,1,95.2,3.5,94.56,125157194494.49867,96.90662970144243,C
CHIN KIONG CONSTRUCTION & ENGINEERING PTE LTD,3776886.0,2,2,78.64,5.0,65.69,125160971380.49867,96.90955406623428,C
D'DOUBLES PTE. LTD.,3776419.0,5,4,92.97,3.99,74.2,125164747799.49867,96.91247806943768,C
AGA ARCHITECTS PRIVATE LIMITED,3773000.0,6,3,90.86,3.29,83.19,125168520799.49867,96.91539942538002,C
"DENTSU, YOUNG & RUBICAM PTE LTD",3767060.88,2,2,95.0,3.8,76.77,125172287860.37868,96.91831618278447,C
Marketech Integrated Pte Ltd,3764712.0,2,2,79.03,4.75,75.39,125176052572.37868,96.92123112149964,C
JME ENGINEERING PTE. LTD.,3759360.0,3,1,91.7,3.23,78.39,125179811932.37868,96.92414191627184,C
APAR INNOSYS PTE. LTD.,3745140.0,1,1,78.31,4.06,96.97,125183557072.37868,96.92704170079182,C
EPD SINGAPORE SERVICES PTE. LTD.,3740505.0,4,4,80.67,4.42,86.6,125187297577.37868,96.92993789652708,C
GLORIOUS (S) PTE. LTD.,3734850.0,6,2,86.3,3.01,96.93,125191032427.37868,96.93282971371266,C
SONG LEE ELECTRICAL ENGINEERING PTE. LTD.,3733002.0,4,4,93.62,4.26,60.4,125194765429.37868,96.93572010003005,C
JD WATERS PTE. LTD.,3728500.0,2,1,92.29,5.0,64.41,125198493929.37868,96.93860700054185,C
THE GREAT EASTERN LIFE ASSURANCE COMPANY LIMITED,3726677.0,2,2,87.77,3.42,94.45,125202220606.37868,96.94149248954243,C
FIBRWRAP CONSTRUCTION PTE. LTD.,3719639.6,5,2,91.71,3.62,83.09,125205940245.97868,96.94437252962958,C
BRILLIANT GENERAL BUILDING CONSTRUCTION PTE LTD,3702210.74,1,1,74.46,2.86,52.74,125209642456.71869,96.94723907491056,C
BT&TAN TRANSPORT PTE. LTD.,3692550.4,3,2,88.98,5.0,78.78,125213335007.11868,96.95009814038985,C
STERLING C&S CONSULTING ENGINEER PTE. LTD.,3687143.97,9,5,84.53,4.66,93.4,125217022151.08868,96.95295301978213,C
BLUEFORS CRYOGENICS OY,3674811.34,3,2,100.0,3.69,78.58,125220696962.42868,96.95579835027381,C
SENG & KENG CONSTRUCTION PTE. LTD.,3671001.0,3,3,98.63,4.08,78.58,125224367963.42868,96.95864073049796,C
PHOENIX SOLAR PTE. LTD.,3670992.0,1,1,99.13,4.97,78.2,125228038955.42868,96.9614831037536,C
Commerce Online Pte Ltd,3670706.53,4,4,93.98,3.22,87.21,125231709661.95868,96.9643252559757,C
INDAT ENGINEERING PTE. LTD.,3664180.0,6,2,100.0,4.59,81.97,125235373841.95868,96.96716235484047,C
AXIL SCIENTIFIC PTE. LTD.,3663256.38,15,5,89.33,4.26,75.24,125239037098.33868,96.96999873856538,C
HOBEE PRINT PTE LTD,3661881.0,1,1,91.8,4.34,83.0,125242698979.33868,96.97283405736195,C
Bourgeois Enterprise,3656870.0,5,2,97.7,4.48,83.11,125246355849.33868,96.97566549624477,C
GAN HUP LEE (1999) PTE LTD,3656174.56,4,1,83.32,4.17,93.63,125250012023.89868,96.97849639666278,C
MSS Security Pty Limited,3646712.91,1,1,93.86,3.78,56.98,125253658736.80869,96.98131997112067,C
CATHAY PHOTO STORE (PRIVATE) LIMITED,3645180.96,16,7,82.58,4.14,75.09,125257303917.76869,96.98414235942134,C
MIMS PTE. LTD.,3643800.0,1,1,79.04,4.44,90.47,125260947717.76869,96.98696367847322,C
OPTION GIFT PTE. LTD.,3634036.95,11,7,82.79,2.91,67.81,125264581754.71869,96.9897774381972,C
MIND LENS WORLDWIDE PTE. LTD.,3631873.76,4,3,92.83,4.62,75.53,125268213628.47868,96.99258952300784,C
INVOGUE BIZ PTE. LTD.,3629432.1,10,5,99.43,4.05,68.58,125271843060.57869,96.99539971729162,C
TNT SURVEILLANCE PTE. LTD.,3628406.0,2,2,76.55,3.69,98.77,125275471466.57869,96.99820911708737,C
ANTHOLOGY PTE. LTD.,3624628.87,8,3,92.35,4.45,79.67,125279096095.44868,97.00101559232938,C
PERFORMANCE MOTORS LTD,3621962.96,3,2,85.91,3.68,74.57,125282718058.40869,97.00382000341239,C
CONNEXX ENERGY INC,3621883.0,1,1,85.21,3.35,77.52,125286339941.40869,97.006624352584,C
SINGAPORE GENERAL HOSPITAL PTE LTD,3617350.8,4,1,81.09,4.05,71.17,125289957292.2087,97.00942519256681,C
HITACHI VANTARA PTE. LIMITED,3608828.92,1,1,79.79,4.26,78.15,125293566121.1287,97.01221943423401,C
CRETE SECURITY SERVICES PTE. LTD.,3594460.0,2,2,75.35,3.91,85.73,125297160581.1287,97.01500255034334,C
BEAQON PTE. LTD.,3586624.0,2,2,86.23,4.32,70.68,125300747205.1287,97.01777959919978,C
GFG ASIA PACIFIC PTE. LTD.,3586182.14,1,1,93.12,3.75,78.47,125304333387.26869,97.02055630593316,C
STARBURST ENGINEERING PTE LTD,3575660.0,1,1,100.0,3.83,100.0,125307909047.26869,97.02332486559094,C
LEXICAL TECHNOLOGY PTE LTD,3575408.0,4,1,93.57,4.42,85.8,125311484455.26869,97.02609323013033,C
HUATIONG INDUSTRIES PTE. LTD.,3573094.0,1,1,84.9,4.86,70.96,125315057549.26869,97.02885980298733,C
NIIT TECHNOLOGIES PTE. LTD.,3562497.6,4,4,100.0,4.68,70.93,125318620046.8687,97.03161817127075,C
SUMITOMO CHEMICAL ASIA PTE. LTD.,3560500.0,2,2,87.07,4.24,76.2,125322180546.8687,97.03437499285376,C
IDEAGRAPH PTE. LTD.,3547387.0,2,2,89.86,4.26,78.62,125325727933.8687,97.03712166131182,C
MEDIATECHNIC SOLUTIONS PTE. LTD.,3545200.58,9,5,93.91,4.72,86.85,125329273134.4487,97.03986663687004,C
Epson Singapore Pte Ltd,3540030.36,1,1,83.01,3.31,87.54,125332813164.8087,97.04260760923374,C
VISIONICS ENGINEERING PTE. LTD.,3538415.0,4,1,92.83,2.89,71.67,125336351579.8087,97.04534733085758,C
EMIRATES - CAE FLIGHT TRAINING (L.L.C),3536918.5,1,1,81.93,3.65,72.33,125339888498.3087,97.04808589377238,C
NOEL GIFTS INTERNATIONAL LTD.,3536508.5,2,2,100.0,2.35,68.9,125343425006.8087,97.05082413923266,C
Unusual Productions Pte Ltd,3532295.0,4,4,97.23,4.17,89.29,125346957301.8087,97.05355912226695,C
ACADEMY OF MEDICINE SINGAPORE,3525576.0,2,1,88.8,4.68,81.91,125350482877.8087,97.05628890291837,C
JACOBS INTERNATIONAL CONSULTANTS PTE. LTD.,3520285.0,13,10,85.08,4.28,67.85,125354003162.8087,97.0590145868578,C
DART CONSULTING AND TRAINING PTE. LTD.,3518998.0,1,1,96.99,4.78,86.62,125357522160.8087,97.06173927429973,C
TQC BUILDERS PTE. LTD.,3518000.0,4,4,87.54,4.12,77.6,125361040160.8087,97.06446318901088,C
Semec Enterprise Pte Ltd,3517102.0,2,1,99.49,4.92,58.59,125364557262.8087,97.06718640841918,C
ALPHA PRODUCTS AND SYSTEMS PTE LTD,3514719.0,4,4,98.95,4.03,70.05,125368071981.8087,97.06990778271982,C
PQ BUILDERS PTE LTD,3501607.0,1,1,73.65,2.78,65.07,125371573588.8087,97.07261900466978,C
EINST TECHNOLOGY PTE. LTD.,3498215.04,11,5,92.6,3.48,83.47,125375071803.8487,97.0753276002952,C
ON & ON DINERS PTE. LTD.,3496025.93,4,3,85.78,3.76,84.74,125378567829.77869,97.07803450093796,C
CNA GROUP LTD.,3494000.0,2,2,87.06,4.0,63.96,125382061829.77869,97.080739832945,C
BUILDER MAX-JM PTE. LTD.,3492400.00595,6,4,82.46,3.35,91.24,125385554229.78464,97.08344392610971,C
AZENDIAN SOLUTIONS PTE. LTD.,3489564.03,4,4,100.0,3.54,74.29,125389043793.81464,97.08614582343682,C
BAN SENG ENGINEERING PTE. LTD.,3485080.0,1,1,99.55,3.16,72.92,125392528873.81464,97.08884424887216,C
MHC MEDICAL NETWORK PTE. LTD.,3484570.0,4,4,77.2,4.26,94.02,125396013443.81464,97.09154227942504,C
CABLE CARE PTE. LTD.,3483621.8,2,2,80.81,4.61,82.81,125399497065.61464,97.09423957580626,C
IRON MOUNTAIN SINGAPORE PTE. LTD.,3477586.37,6,6,83.58,4.51,65.36,125402974651.98463,97.09693219907872,C
TAYLOR NELSON SOFRES MALAYSIA SDN. BHD.,3470013.86,5,3,100.0,3.85,79.3,125406444665.84464,97.09961895911316,C
ALSOKNOWNAS PTE. LTD.,3469140.0,9,3,76.96,4.53,79.06,125409913805.84464,97.10230504253585,C
Expertise Technologies Pte Ltd,3466492.5,5,4,92.79,4.23,76.01,125413380298.34464,97.104989076054,C
THIRD SIGHT PTE. LTD.,3462534.0,4,4,94.08,3.69,85.58,125416842832.34464,97.10767004458738,C
LMS TECHNOLOGIES PTE LTD,3458153.0,17,9,90.88,4.09,68.77,125420300985.34464,97.11034762100299,C
NATURE LANDSCAPES PTE LTD,3444881.4,5,4,89.1,4.59,76.63,125423745866.74463,97.11301492149292,C
CITYNEON CREATIONS PTE LTD,3442000.0,2,1,100.0,4.48,63.51,125427187866.74463,97.11567999097439,C
ALPHA ANALYTICAL (S) PTE LTD,3439183.0,5,3,100.0,3.9,84.61,125430627049.74463,97.11834287931094,C
TUFFI BUILD PTE LTD,3439005.38,3,3,91.11,3.39,73.96,125434066055.12463,97.12100563012001,C
ADVANCED PYROTECHNIC MATERIALS PRIVATE LIMITED,3436213.2,3,1,100.0,5.0,78.72,125437502268.32463,97.1236662190018,C
BLUGRAPH TECHNOLOGIES PTE. LTD.,3433455.0,7,4,96.84,3.45,79.39,125440935723.32463,97.12632467226632,C
Singapore Anglican Community Services,3433294.0,3,1,83.88,4.51,76.77,125444369017.32463,97.12898300087186,C
HYDRO AQUATIC PTE. LTD.,3433206.2,12,7,88.42,4.38,86.78,125447802223.52463,97.13164126149569,C
C&R INTERIORS PTE. LTD.,3426483.0,4,4,73.31,3.99,85.72,125451228706.52463,97.13429431648464,C
FUSEN DEVELOPMENT PTE LTD,3423860.0,5,3,90.95,3.1,72.19,125454652566.52463,97.13694534053892,C
SENSINGTECH PTE. LTD.,3422750.0,3,1,81.52,3.77,84.6,125458075316.52463,97.13959550514312,C
J. KEART ALLIANCES PTE. LTD.,3421004.0,4,3,94.63,3.86,83.21,125461496320.52463,97.1422443178556,C
OAK CONSULTING PTE. LTD.,3414152.0,11,8,76.71,3.89,80.73,125464910472.52463,97.14488782520606,C
UST GLOBAL (SINGAPORE) PTE. LIMITED,3405320.05,3,2,90.87,3.46,65.63,125468315792.57463,97.14752449416011,C
JEBSEN & JESSEN TECHNOLOGY (S) PTE. LTD.,3402590.88,2,1,93.54,3.53,85.13,125471718383.45464,97.15015904997422,C
BOON WEE CONST (S) PTE. LTD.,3400584.0,5,4,76.48,4.32,83.99,125475118967.45464,97.15279205190262,C
ASPEQ LIMITED,3397000.0,1,1,100.0,4.15,92.9,125478515967.45464,97.15542227881387,C
ANCHORAGE CONSTRUCTION CO PTE LTD,3395600.0,2,1,87.94,4.51,68.97,125481911567.45464,97.15805142173404,C
ENVIROSOLUTIONS & CONSULTING PTE. LTD.,3393385.0,6,4,93.52,4.22,88.03,125485304952.45464,97.1606788496255,C
ST ENGINEERING AEROSPACE SUPPLIES PTE. LTD.,3384439.24,1,1,90.6,4.25,71.38,125488689391.69464,97.1632993509998,C
WAH & HUA PTE LTD,3368000.0,1,1,72.96,4.2,87.69,125492057391.69464,97.16590712381024,C
SLS 518 PTE. LTD.,3362658.66,2,1,87.23,3.55,81.02,125495420050.35464,97.1685107609315,C
ADDICTION ADVERTISING PTE. LTD.,3353604.71,5,2,85.48,3.89,82.12,125498773655.06465,97.17110738776634,C
TAN CHONG MOTOR SALES PTE LTD,3352810.0,13,10,82.96,3.7,80.29,125502126465.06465,97.17370339927363,C
WAH SONG ENTERPRISE,3352050.0,3,1,99.42,4.08,67.06,125505478515.06465,97.17629882232865,C
BENG HENG ENGINEERING PTE LTD,3351000.0,8,6,85.44,4.77,72.0,125508829515.06465,97.17889343239034,C
ITRON METERING SYSTEMS SINGAPORE PTE. LTD.,3347900.0,4,1,92.11,3.97,78.82,125512177415.06465,97.18148564218609,C
NIGHT OWL CINEMATICS,3346440.04,2,1,74.98,4.52,92.55,125515523855.10464,97.18407672156498,C
HAWKER MANAGEMENT PTE. LTD.,3335580.0,1,1,100.0,4.14,84.34,125518859435.10464,97.18665939223928,C
ZARCH COLLABORATIVES PTE. LTD.,3335134.8,10,7,88.15,5.0,69.14,125522194569.90465,97.18924171820443,C
FESTO PRIVATE LIMITED,3324400.5,8,5,92.43,4.66,75.72,125525518970.40465,97.19181573282289,C
WORKFORCE ADVANCEMENT FEDERATION LTD.,3317301.0,2,1,86.65,4.14,77.39,125528836271.40465,97.19438425044518,C
AMUNDI SINGAPORE LIMITED,3310000.0,1,1,86.98,4.74,90.53,125532146271.40465,97.19694711505402,C
DONALDSON & BURKINSHAW LLP,3296822.32,18,12,89.95,4.23,64.56,125535443093.72466,97.19949977645751,C
NINEMER PUBLIC RELATIONS PTE. LTD.,3291035.0,7,5,96.74,4.11,62.35,125538734128.72466,97.2020479568587,C
PERKINELMER SINGAPORE PTE. LTD.,3287700.0,8,5,84.53,4.43,81.77,125542021828.72466,97.20459355503831,C
MAGMARVEL,3287250.0,2,1,82.4,4.27,77.74,125545309078.72466,97.20713880479221,C
ONWARDS MEDIA GROUP PTE. LTD.,3283750.0,1,1,68.93,4.43,83.05,125548592828.72466,97.20968134456844,C
TUBER PRODUCTIONS PTE. LTD.,3271248.91,7,4,76.1,4.05,72.68,125551864077.63466,97.21221420500896,C
BEN FOODS (S) PTE LTD,3263917.1700000004,8,5,89.58,4.14,76.02,125555127994.80466,97.21474138863469,C
Surbana Technologies Pte Ltd,3257962.5,1,1,84.39,4.57,67.83,125558385957.30466,97.21726396168249,C
EXTRAD INSTRUMENTATION PTE LTD,3257049.0,7,2,86.12,3.23,75.53,125561643006.30466,97.2197858274261,C
ADVANCED CONSTRUCTION & ENGINEERING PTE LTD,3250066.0,3,1,100.0,2.81,88.87,125564893072.30466,97.2223022863771,C
FESTIVAL SQUARE CIRCLE PTE LTD,3250000.0,1,1,89.37,4.54,60.15,125568143072.30466,97.22481869422566,C
PACIFIC COOL AIR-CON SERVICES PTE. LTD.,3246876.24,6,3,86.49,3.35,79.51,125571389948.54466,97.22733268341139,C
TOTAL SOLUTION MARKETING PTE. LTD.,3237401.2,15,6,93.55,3.99,85.18,125574627349.74466,97.22983933626944,C
TEAM AXIS PTE. LTD.,3234662.0,7,2,77.22,4.57,85.49,125577862011.74466,97.23234386822149,C
SUNWAY DIGITAL PTE. LTD.,3234052.63,3,2,95.93,3.16,74.38,125581096064.37466,97.23484792835097,C
ASCENTIQ PTE. LTD.,3233300.0,2,2,88.47,4.34,86.49,125584329364.37466,97.2373514057346,C
CREST TECHNOLOGY PTE LTD,3231346.37,6,2,90.14,5.0,66.52,125587560710.74466,97.23985337046285,C
KCL CONSULTANTS PTE. LTD.,3227657.75,2,2,90.38,3.79,74.9,125590788368.49466,97.24235247916889,C
IM SPACE PTE. LTD.,3221741.7,8,6,92.83,4.37,71.5,125594010110.19466,97.24484700719962,C
DESIGN SOJOURN PTE. LTD.,3218300.0,2,1,99.38,3.77,87.37,125597228410.19466,97.24733887039316,C
RANKINE & HILL (SINGAPORE) PTE. LTD.,3215664.12,8,2,91.59,3.85,72.64,125600444074.31465,97.24982869267929,C
E2000 PTE. LTD.,3215657.75,1,1,86.49,3.59,71.65,125603659732.06465,97.25231851003325,C
HORSBURGH INTEGRATED SERVICES PTE. LTD.,3214172.0,3,2,87.41,4.68,74.64,125606873904.06465,97.25480717700168,C
Innocom Technologies Pte Ltd,3211271.63,16,9,89.46,3.8,75.3,125610085175.69466,97.25729359827356,C
ROHDE & SCHWARZ ASIA PTE. LTD.,3210400.0,1,1,98.55,4.27,78.99,125613295575.69466,97.25977934466033,C
SSIVIX LAB PTE. LTD.,3204100.0,1,1,69.71,3.81,83.19,125616499675.69466,97.26226021308729,C
GEONAMICS (S) PTE LTD,3204100.0,4,4,84.36,5.0,75.26,125619703775.69466,97.26474108151423,C
Cairnhill Metrology Pte Ltd,3199995.89,5,3,100.0,3.25,83.89,125622903771.58466,97.2672187722136,C
YNY DESIGN + CONSTRUCTION PTE LTD,3198327.61,1,1,91.84,4.31,47.45,125626102099.19466,97.26969517119824,C
CHUA YEW SENG CONSTRUCTION & ELECTRICAL ENGRG PTE LTD,3196513.0,11,6,79.87,2.95,80.31,125629298612.19466,97.27217016516784,C
MU INTERIOR PTE LTD,3194595.0,7,2,96.39,5.0,65.53,125632493207.19466,97.27464367406967,C
ASPEN EVENT PLANNERS PTE. LTD.,3190056.25,7,6,77.76,4.12,79.16,125635683263.44466,97.27711366871117,C
THE PAN PACIFIC HOTEL SINGAPORE,3183964.19,14,6,81.54,3.83,72.41,125638867227.63466,97.27957894639648,C
YONG HUAT HARDWARE PTE LTD,3175857.7,8,4,86.13,3.27,72.13,125642043085.33466,97.28203794739407,C
TOPZONE E&C PTE. LTD.,3173000.0,3,2,93.71,4.11,76.99,125645216085.33466,97.2844947357336,C
SHEARES TECHNOLOGIES PTE. LTD.,3170729.8,8,2,94.22,4.58,61.97,125648386815.13466,97.28694976630419,C
muse inc. singapore pte ltd,3161792.0,4,1,85.28,4.49,86.14,125651548607.13466,97.2893978765209,C
PROMEGA PTE. LTD.,3157058.0,7,3,94.67,4.25,60.78,125654705665.13466,97.29184232129923,C
OPEN TEXT (ASIA) PTE. LTD.,3155872.87,4,3,82.31,2.49,76.04,125657861538.00465,97.29428584845587,C
LAB SCIENCE SOLUTION PTE. LTD.,3154675.0,13,6,85.31,3.18,100.0,125661016213.00465,97.29672844812653,C
SUMITOMO CHEMICAL (ASIA PACIFIC) PTE. LTD.,3146000.0,1,1,77.28,3.97,83.09,125664162213.00465,97.29916433092394,C
BUS HUB SERVICE PTE. LTD.,3138836.0,1,1,77.04,3.46,82.87,125667301049.00465,97.30159466678417,C
NANO EQUIPMENT PTE. LTD.,3134609.6,8,6,89.2,5.0,70.03,125670435658.60466,97.3040217302302,C
SECURE PARKING SINGAPORE PTE. LTD.,3128285.0,2,2,76.78,4.52,72.75,125673563943.60466,97.30644389666915,C
Web Professional House Pte Ltd,3128193.0,10,9,87.37,3.47,80.95,125676692136.60466,97.30886599187438,C
LEE & LEE,3122969.42,51,35,92.12,3.99,60.31,125679815106.02466,97.31128404256954,C
IZENO PRIVATE LIMITED,3121604.09,7,4,73.66,3.38,68.54,125682936710.11465,97.3137010361179,C
ST ENGINEERING E-SERVICES PTE. LTD.,3121491.0,4,4,89.14,3.73,87.7,125686058201.11465,97.316117942103,C
S&P SYSTEM SERVICES PTE. LTD.,3116650.0,7,5,87.21,3.59,67.14,125689174851.11465,97.31853109980186,C
ADVANCE LABORATORY SYSTEM ENGINEERING PTE. LTD.,3116096.0,2,2,82.71,4.73,93.39,125692290947.11465,97.32094382854993,C
ADVENTURER'S SINGAPORE PTE LTD,3113096.0,2,2,78.02,4.28,81.46,125695404043.11465,97.32335423446,C
NSL Chemicals Ltd,3113000.0,3,3,87.93,4.59,90.3,125698517043.11465,97.32576456603925,C
PUTRA WATER TREATMENT PTE. LTD.,3104914.0,5,3,91.74,3.68,82.63,125701621957.11465,97.32816863679578,C
LEE AH MOOI OLD AGE HOME,3100002.0,3,1,83.74,4.74,85.27,125704721959.11465,97.33056890429219,C
SKYPACE PTE. LTD.,3099227.0,4,2,74.98,5.0,89.68,125707821186.11465,97.33296857172212,C
EDENN SERVICES PTE LTD,3094000.0,1,1,86.53,4.5,73.73,125710915186.11465,97.33536419199395,C
PREVAC SPOLKA Z ORGRANICZONA ODPOWIEDZIALNOSCIA,3088155.36,2,2,87.44,4.64,88.83,125714003341.47466,97.33775528688179,C
SINGA SIGNAGE & DESIGN EXHIBIT PTE LTD,3087207.5,10,7,79.21,4.53,78.02,125717090548.97466,97.3401456478612,C
Yen Lee Fireweld Pte Ltd,3082736.0,2,1,88.06,3.59,70.89,125720173284.97466,97.34253254665057,C
SICHERHEIT NORD GMBH & CO KG,3082506.36,2,1,96.69,3.97,68.62,125723255791.33466,97.34491926763444,C
MACTECH ENGINEERING & TRADING PTE. LIMITED,3075500.0,9,7,96.85,3.28,90.32,125726331291.33466,97.34730056373851,C
MINI ENVIRONMENT SERVICE PTE LTD,3075380.0,2,1,95.43,4.57,67.39,125729406671.33466,97.34968176692907,C
IDI LASER SERVICES PTE LTD,3070100.0,8,5,85.62,3.31,80.93,125732476771.33466,97.35205888192472,C
EXPRESS PEST SOLUTIONS PTE. LTD.,3069824.42,5,3,84.74,5.0,72.47,125735546595.75465,97.35443578354447,C
SYSTMZ PTE. LTD.,3066976.0,2,2,82.1,4.76,76.92,125738613571.75465,97.35681047969148,C
PACIFIC WORLD MEETINGS & EVENTS SINGAPORE PTE. LTD.,3066146.5,3,1,77.83,4.7,84.29,125741679718.25465,97.35918453357375,C
EPS (2008) PTE. LTD.,3059932.0,5,1,92.0,4.39,80.7,125744739650.25465,97.36155377569709,C
ENVIRONMENTAL RESOURCES MANAGEMENT (S) PTE LTD,3059884.0,4,3,77.66,3.71,78.74,125747799534.25465,97.36392298065503,C
ALSTERN TECHNOLOGIES SINGAPORE PTE. LTD.,3056800.0,2,2,74.37,4.65,90.68,125750856334.25465,97.36628979773549,C
TEAM CATERING PTE. LTD.,3056305.33,5,4,83.15,3.7,76.51,125753912639.58466,97.36865623180317,C
NETWORK ARCHITECTS PTE. LTD.,3051007.57,17,10,96.24,4.24,92.59,125756963647.15466,97.37101856392478,C
Singapore Anti-Narcotics Association,3048000.0,1,1,84.35,4.5,87.78,125760011647.15466,97.37337856734706,C
SINGAPORE PAINTS & CONTRACTOR PTE. LTD.,3046484.1,4,4,72.28,4.66,73.86,125763058131.25467,97.37573739703929,C
SEMBCORP COGEN PTE LTD,3040000.0,3,1,89.96,4.66,78.24,125766098131.25467,97.37809120622687,C
TITANIUM SAFETY & SECURITY PTE. LTD.,3038640.0,3,3,87.62,3.56,69.99,125769136771.25467,97.38044396239454,C
GIMI INTERNATIONAL PTE. LTD.,3030905.0,7,6,91.73,4.43,87.28,125772167676.25467,97.38279072951154,C
RADIANT INTERNATIONAL PTE. LTD.,3023988.0,1,1,100.0,4.43,84.74,125775191664.25467,97.38513214093835,C
QBH PTE. LTD.,3010000.0,1,1,100.0,3.74,64.16,125778201664.25467,97.38746272174579,C
THE BRATTLE GROUP LIMITED,3002059.5,2,1,87.88,4.54,72.82,125781203723.75467,97.38978715438815,C
TECHLYON PTE. LTD.,3001408.0,6,5,100.0,3.99,75.8,125784205131.75467,97.3921110825875,C
SUEZ (SINGAPORE) SERVICES PTE. LTD.,3000000.0,1,1,90.18,2.71,53.03,125787205131.75467,97.39443392060156,C
CARBON INTERACTIVE PTE. LTD.,2996400.0,7,7,91.13,3.64,77.63,125790201531.75467,97.39675397120999,C
STRENGTH PTE. LTD.,2991260.77,3,3,91.81,4.02,78.71,125793192792.52467,97.39907004261885,C
GRANT ASSOCIATES SINGAPORE PTE. LTD.,2989894.71,1,1,90.54,4.99,73.03,125796182687.23468,97.40138505631565,C
COLLECTE LOCALISATION SATELLITES,2985974.16,1,1,95.99,4.16,74.12,125799168661.39468,97.40369703441159,C
BUUUK PRIVATE LIMITED,2985930.0,1,1,84.97,3.91,89.31,125802154591.39468,97.40600897831536,C
CYCLOSYSTEM PTE LTD,2984000.0,1,1,86.33,3.42,68.69,125805138591.39468,97.40831942786001,C
KOON SENG CONSTRUCTION PTE LTD,2983795.0,2,2,100.0,3.16,67.2,125808122386.39468,97.41062971867738,C
TELEMARKETING ASIA (SINGAPORE) PTE LTD,2981294.43,2,2,89.64,4.4,89.85,125811103680.82468,97.41293807335508,C
NAXOS DIGITAL SERVICES LIMITED,2980760.5,2,1,87.26,3.62,64.95,125814084441.32468,97.41524601462181,C
LAW BROTHERS CONSTRUCTION PTE. LTD.,2979710.0,2,2,81.4,2.72,75.2,125817064151.32468,97.41755314250811,C
OLYMPUS SINGAPORE PTE LTD,2971626.5,18,9,83.18,3.53,91.42,125820035777.82468,97.41985401150735,C
PREFAB TECHNOLOGY 3 PTE LTD,2957400.0,1,1,90.57,3.93,90.63,125822993177.82468,97.42214386522163,C
ENGIE ITS PTE. LTD.,2957122.0,7,6,90.17,3.75,99.17,125825950299.82468,97.42443350368622,C
HO CHOON TRANSPORT & CONSTRUCTION PTE LTD,2955000.0,3,1,89.57,3.86,64.93,125828905299.82468,97.42672149913007,C
CS GLOBAL GROUP PTE. LTD.,2954002.75,6,6,89.87,3.59,79.71,125831859302.57468,97.42900872242384,C
YOKOGAWA ENGINEERING ASIA PTE LTD,2947630.5,2,2,89.85,3.79,72.29,125834806933.07468,97.4312910118161,C
RDE CONSTRUCTION PTE LTD.,2939000.0,2,2,100.0,3.67,87.35,125837745933.07468,97.43356661879054,C
TME Systems Pte Ltd,2930524.93,8,6,86.62,4.35,91.49,125840676458.00467,97.43583566369337,C
CITI CONSTRUCTION & ENGINEERING PTE. LTD.,2923129.0,3,2,88.98,3.2,88.96,125843599587.00467,97.43809898208043,C
R3 ASIA PACIFIC PTE. LTD.,2916363.0,2,2,89.18,3.2,75.19,125846515950.00467,97.44035706169349,C
I-ACCESS SOLUTIONS PTE. LTD.,2915863.0,2,2,92.02,4.81,87.35,125849431813.00467,97.4426147541669,C
DRAEGER SAFETY ASIA PTE LTD,2913884.5,5,2,97.12,3.93,78.97,125852345697.50467,97.44487091472861,C
Premiere Training Services,2903350.0,3,2,83.3,4.83,84.76,125855249047.50467,97.44711891864465,C
CSP PRODUCTIONS PTE LTD,2900000.0,1,1,86.97,3.8,71.49,125858149047.50467,97.44936432872491,C
COMCEPTS PTE. LTD.,2900000.0,1,1,85.93,4.46,83.03,125861049047.50467,97.45160973880516,C
TRANSMEDIC PTE LTD,2899969.0,3,2,89.24,3.85,74.76,125863949016.50467,97.45385512488275,C
ACCESS EXPRESS COURIERS PTE LTD,2896095.23,1,1,81.73,4.13,84.29,125866845111.73466,97.45609751158028,C
BRAND LEARNING PTE. LIMITED,2895097.0,1,1,96.18,4.07,76.63,125869740208.73466,97.45833912536894,C
THYE HUA KWAN MORAL CHARITIES LIMITED,2893441.0,5,3,80.99,3.04,82.34,125872633649.73466,97.460579456951,C
Triangle Auto Pte Ltd,2892200.0,9,6,83.53,4.55,72.33,125875525849.73466,97.46281882765243,C
BIG - FOOT LOGISTIC PTE LTD,2891576.0,1,1,97.38,4.28,86.76,125878417425.73466,97.46505771520353,C
Big Foot Logistic Pte Ltd,2891576.0,1,1,82.36,4.85,67.24,125881309001.73466,97.46729660275464,C
United Sports Industries (Private) Limited,2891530.0,2,1,94.77,4.77,62.32,125884200531.73466,97.46953545468891,C
COVENTRY UNIVERSITY ENTERPRISES LIMITED,2889825.0,1,1,76.75,3.46,78.98,125887090356.73466,97.47177298647689,C
FOO KON TAN LLP,2885972.0,22,16,97.85,3.58,87.53,125889976328.73466,97.47400753496659,C
GSA PRIVATE LIMITED,2883515.4,5,4,73.04,4.03,78.85,125892859844.13466,97.47624018136166,C
INTERNATIONAL DATA CORPORATION ASIA/PACIFIC PTE LTD,2879421.3,2,2,100.0,3.29,89.91,125895739265.43466,97.47846965777971,C
ALPINE MOTORS PTE LTD,2879014.0,2,1,73.93,4.12,71.8,125898618279.43466,97.48069881883377,C
CAMELOT PTE. LTD.,2872649.0,16,8,97.75,3.96,81.82,125901490928.43466,97.48292305159984,C
RM EDUCATION LTD,2871827.0,1,1,97.02,3.79,75.88,125904362755.43466,97.48514664790832,C
MODELLSCAPE (S) PTE. LTD.,2870645.0,4,1,88.66,4.16,85.34,125907233400.43466,97.4873693290186,C
LEICA MICROSYSTEMS (SEA) PTE LTD,2869822.75,15,7,95.01,3.81,69.49,125910103223.18466,97.48959137347771,C
EX LIBRIS LTD.,2869450.13,4,3,82.32,3.39,86.75,125912972673.31467,97.49181312942484,C
Fabristeel Private Limited,2869161.56,6,2,95.61,4.45,64.82,125915841834.87466,97.49403466193817,C
WKK DISTRIBUTION (SINGAPORE) PTE. LTD.,2862419.42,4,3,86.53,4.41,68.88,125918704254.29466,97.49625097415183,C
SPLASH PRODUCTIONS PTE. LTD.,2862313.27,9,5,99.55,4.39,66.17,125921566567.56467,97.49846720417572,C
GAIA SCIENCE PTE. LTD.,2858907.39,36,11,83.75,4.24,88.77,125924425474.95467,97.50068079709712,C
KRISLITE PTE LTD,2858057.0,1,1,73.26,4.24,77.54,125927283531.95467,97.50289373157909,C
EXCEL MARCO INDUSTRIAL SYSTEMS PTE LTD,2857050.0,2,1,86.26,4.5,80.82,125930140581.95467,97.50510588636178,C
UNIVERSAL SINGAPORE AIRPORT SERVICES PTE LTD,2852782.25,2,1,88.84,4.14,79.16,125932993364.20467,97.50731473671381,C
TACTIC PUBLIC RELATIONS,2850978.5300000003,5,5,88.47,3.82,62.42,125935844342.73466,97.50952219048273,C
Strategic Marketing (S) Pte Ltd,2850782.0,1,1,87.71,3.79,74.55,125938695124.73466,97.51172949208252,C
Animagine Pte Ltd,2838614.22,4,3,81.46,4.84,56.18,125941533738.95467,97.51392737242168,C
WAH LOON ENGINEERING PTE. LTD.,2838216.71,1,1,79.8,5.0,74.16,125944371955.66467,97.51612494497705,C
TRANSIT NETWORK CONSORTIUM LTD,2833341.0,8,2,72.62,4.9,75.64,125947205296.66467,97.51831874237091,C
ID21 PTE. LTD.,2832730.0,2,2,73.28,4.35,95.02,125950038026.66467,97.5205120666801,C
ATTOLIGHT SA,2829125.65,1,1,88.98,4.08,80.8,125952867152.31467,97.52270260021555,C
YEAP MEDICAL SUPPLIES PTE. LTD.,2826903.3,15,8,100.0,3.65,86.63,125955694055.61467,97.52489141303131,C
JGP ARCHITECTURE (S) PTE LTD,2826806.9,7,4,91.43,4.1,95.84,125958520862.51466,97.52708015120655,C
ADVANCE SPORTS TECHNOLOGIES PTE. LTD.,2822547.0,7,6,94.93,3.9,74.05,125961343409.51466,97.52926559102923,C
SKYY CREATIVE CONSULTANT PTE. LTD.,2816605.0,10,7,82.17,4.31,73.54,125964160014.51466,97.53144643008409,C
PRICEWATERHOUSECOOPERS ADVISORY SERVICES PTE. LTD.,2811780.0,8,7,67.82,4.65,85.94,125966971794.51466,97.53362353324114,C
hydse pte ltd,2811270.0,3,3,81.68,4.47,82.87,125969783064.51466,97.53580024151573,C
Multimedia People Pte Ltd,2804119.0,2,2,79.41,4.06,64.93,125972587183.51466,97.53797141291878,C
HAIG CONSTRUCTION MANAGEMENT LIMITED,2802460.17,1,1,83.99,4.62,95.65,125975389643.68466,97.54014129992403,C
BBDO SINGAPORE PTE LTD,2797508.08,1,1,99.52,4.08,85.24,125978187151.76466,97.54230735262833,C
THE SOFTWARE PRACTICE PTE. LTD.,2797442.25,5,4,95.72,4.44,79.92,125980984594.01466,97.5444733543618,C
CRIMSIGN GRAPHICS PTE LTD,2794692.0,4,2,89.17,3.75,77.58,125983779286.01466,97.54663722663352,C
TRANSNATIONAL SUPPLY CHAIN LOGISTICS PTE LTD,2790145.04,3,3,89.21,4.05,87.11,125986569431.05466,97.54879757828806,C
R & R EXPRESS SERVICES PTE LTD,2790000.0,1,1,86.34,4.52,83.19,125989359431.05466,97.55095781764112,C
ADVANCE SURVEY CONSULTANT PTE. LTD.,2783736.5,6,5,78.4,3.93,80.78,125992143167.55466,97.55311320729557,C
INTERMAY CONSULTECH PRIVATE LIMITED,2783539.0,1,1,90.25,3.55,67.21,125994926706.55466,97.55526844402983,C
"Ruder Finn (Shanghai) Marketing & Communications Co., Ltd",2780887.96,1,1,92.03,4.83,70.39,125997707594.51466,97.55742162811862,C
Oracle Corporation Singapore Pte Ltd,2766726.3200000003,9,2,88.25,4.18,82.6,126000474320.83467,97.55956384714214,C
SEQUOIA GROUP PTE. LTD.,2761139.1,15,9,76.49,4.31,68.11,126003235459.93468,97.56170174009668,C
Zenith Engineering Pte Ltd,2755984.0,4,2,86.67,3.85,80.5,126005991443.93468,97.56383564156378,C
DSTNCT PTE. LTD.,2754806.0,10,8,98.98,3.9,68.1,126008746249.93468,97.56596863092983,C
"KURBO HEALTH, INC.",2752883.0,1,1,90.33,3.35,67.51,126011499132.93468,97.56810013135672,C
AIG ASIA PACIFIC INSURANCE PTE. LTD.,2749028.35,10,7,92.99,4.38,80.91,126014248161.28468,97.57022864720776,C
ROOTS COMMUNICATIONS PTE LTD,2747304.0,2,2,86.68,3.9,86.4,126016995465.28468,97.57235582793021,C
PROPERTY FACILITY SERVICES PTE. LTD.,2746342.81,5,1,89.09,4.25,86.65,126019741808.09468,97.5744822644231,C
Outback Initiatives,2742163.6,3,1,83.74,4.2,71.94,126022483971.69469,97.57660546504006,C
FAITHFUL+GOULD PTE. LIMITED,2740491.5,8,7,93.58,3.46,55.94,126025224463.19469,97.57872737098452,C
DSG PROJECTS SINGAPORE PTE. LTD.,2728167.8,2,2,100.0,3.67,85.44,126027952630.99469,97.58083973494271,C
ADVANCED MATERIAL ENGINEERING PTE. LTD.,2726885.85,2,2,77.91,4.69,67.74,126030679516.8447,97.58295110631352,C
ACE RECRUITERS,2725703.58,7,1,82.56,3.38,84.64,126033405220.4247,97.58506156227706,C
INDUSTRIAL & COMMERCIAL SECURITY PTE LTD,2724200.48,1,1,86.11,3.2,63.18,126036129420.9047,97.58717085442134,C
PH CONSULTING PTE. LTD.,2721755.0,39,7,88.79,3.64,87.77,126038851175.9047,97.58927825308099,C
SLS BEARINGS (SINGAPORE) PRIVATE LIMITED,2718000.0,3,1,96.09,2.73,75.04,126041569175.9047,97.59138274432173,C
HIAP TONG CRANE & TRANSPORT PTE LTD,2716506.0,1,1,80.67,4.43,98.78,126044285681.9047,97.59348607878913,C
RICH-ART ENTERPRISES PTE LTD,2708085.0,6,2,91.95,4.26,85.71,126046993766.9047,97.59558289305022,C
HOWDEN INSURANCE BROKERS (S.) PTE. LIMITED,2705419.31,23,14,83.6,4.49,81.12,126049699186.21469,97.59767764332264,C
JUSFEEDBACK PTE. LTD.,2703960.0,5,5,79.01,4.39,79.99,126052403146.21469,97.59977126368146,C
SUN ELECTRIC PTE. LTD.,2703670.0,2,1,86.03,3.64,84.98,126055106816.21469,97.60186465949928,C
Chong Beng Engineering Pte Ltd,2698000.0,1,1,75.43,3.01,74.77,126057804816.21469,97.60395366515326,C
GREY GROUP PTE. LTD.,2696332.34,4,3,91.36,3.68,99.38,126060501148.55469,97.60604137957255,C
LEONG GUAN FOOD TRADING PTE. LTD.,2691195.0,1,1,78.94,3.45,55.56,126063192343.55469,97.60812511625562,C
FEI SIONG FOOD MANAGEMENT PTE. LTD.,2688000.0,1,1,95.22,3.9,65.0,126065880343.55469,97.61020637911622,C
SARTORIUS STEDIM SINGAPORE PTE. LTD.,2687625.43,6,1,85.48,3.19,73.85,126068567968.98468,97.61228735195499,C
WEBSPARKS PTE. LTD.,2684901.51,7,6,95.06,3.64,76.28,126071252870.49467,97.61436621571879,C
LIAN HUAH ENGINEERING PTE LTD,2683700.0,3,3,90.31,3.81,85.08,126073936570.49467,97.61644414917824,C
DR. WHO WATERWORKS PTE. LTD.,2683560.0,3,2,91.99,4.61,84.08,126076620130.49467,97.61852197423858,C
TRIPLE 'S' PROTECTION PRIVATE LIMITED,2683440.0,3,3,81.16,4.04,78.85,126079303570.49467,97.62059970638538,C
1-NET SINGAPORE PTE LTD,2682718.73,4,3,84.24,5.0,80.56,126081986289.22467,97.62267688006774,C
Setsco Services Pte Ltd,2682460.0,15,8,87.34,3.52,71.84,126084668749.22467,97.6247538534208,C
KIM YEW INTEGRATED PTE. LTD.,2681650.0,2,2,96.56,4.21,57.84,126087350399.22467,97.6268301996076,C
TITAN FACILITIES MANAGEMENT PTE. LTD.,2676200.0,2,2,100.0,3.97,72.78,126090026599.22467,97.628902325972,C
RDC Architects Pte Ltd,2676000.0,1,1,78.32,3.85,74.7,126092702599.22467,97.63097429748053,C
BLK J PTE. LTD.,2675711.98,1,1,79.68,3.8,82.42,126095378311.20467,97.63304604598113,C
NETWORK FOR ELECTRONIC TRANSFERS (SINGAPORE) PTE LTD,2675516.7,7,6,85.3,3.31,71.48,126098053827.90466,97.63511764328047,C
PLUS COLLABORATIVES LIMITED LIABILITY PARTNERSHIP,2671795.76,8,2,99.54,4.83,82.14,126100725623.66466,97.63718635953283,C
OMD SINGAPORE PTE. LTD.,2670033.0,6,4,94.05,3.84,77.57,126103395656.66466,97.63925371091656,C
ARISTOU PTE. LTD.,2668868.0,2,1,81.81,3.6,71.21,126106064524.66466,97.64132016026485,C
DREAMCLOUD PTE. LTD.,2667867.0,3,2,85.44,4.66,100.0,126108732391.66466,97.64338583455954,C
SYNERGY HILL + KNOWLTON STRATEGIES,2663100.0,2,1,84.45,4.22,91.32,126111395491.66466,97.64544781786462,C
LUOVA ENGINEERING PTE. LTD.,2662620.0,8,6,81.29,3.63,79.59,126114058111.66466,97.64750942951561,C
Nikon Singapore Pte Ltd,2659746.0,3,2,70.0,5.0,81.53,126116717857.66466,97.64956881588779,C
WITTEVEEN+BOS SOUTH-EAST ASIA PTE. LTD.,2652308.0,6,4,84.91,4.92,70.57,126119370165.66466,97.65162244317025,C
STAMFORD CATERING SERVICES PTE LTD,2652179.79,3,3,92.47,5.0,73.55,126122022345.45465,97.65367597118235,C
WELLINGTON MANAGEMENT SINGAPORE PTE. LTD.,2650003.85,7,5,89.94,4.75,73.24,126124672349.30466,97.65572781440908,C
SIME DARBY SERVICES PRIVATE LIMITED,2643100.0,2,2,81.87,3.43,90.38,126127315449.30466,97.6577743121274,C
Synchron Electrical Services Pte Ltd,2640000.0,2,1,77.7,4.78,43.05,126129955449.30466,97.65981840957977,C
HUDSON GLOBAL RESOURCES (SINGAPORE) PTE. LTD.,2639000.0,3,2,84.69,4.16,83.57,126132594449.30466,97.6618617327528,C
STUDIO LAPIS,2629750.0,2,2,93.28,3.93,69.26,126135224199.30466,97.66389789384195,C
APAR TECHNOLOGIES PTE. LTD.,2626291.7,3,3,82.79,3.35,77.55,126137850491.00465,97.66593137724087,C
hte GmbH the high throughput experimentation company,2626260.45,1,1,100.0,4.02,85.67,126140476751.45465,97.66796483644356,C
THYME FOOD & SERVICES PTE. LTD.,2622652.87,6,4,100.0,4.86,75.48,126143099404.32465,97.66999550237159,C
STONE FOREST ACCOUNTSERVE PTE LTD,2621150.0,3,3,72.53,4.69,79.76,126145720554.32465,97.67202500465844,C
SERT SG LLP,2613357.0,3,1,83.27,3.66,88.03,126148333911.32465,97.6740484729864,C
EYE-2-EYE COMMUNICATIONS PRIVATE LIMITED,2607384.0,5,4,100.0,4.37,83.41,126150941295.32465,97.67606731654388,C
VERTICAL MILES PTE. LTD.,2603655.0,3,3,93.02,4.13,90.16,126153544950.32465,97.67808327281371,C
SWISSLOG SINGAPORE PTE. LTD.,2602711.0,3,1,93.3,4.99,59.91,126156147661.32465,97.68009849816383,C
CORNWALL TECHNOLOGIES PTE LTD,2596944.77,1,1,86.03,3.82,78.79,126158744606.09465,97.68210925884124,C
MULTRON SYSTEMS PTE LTD,2596668.98,8,7,86.51,4.38,70.6,126161341275.07465,97.68411980598012,C
SINGAPORE NATIONAL EYE CENTRE PTE LTD,2594232.0,1,1,89.43,2.91,93.13,126163935507.07465,97.68612846621573,C
FEI COMPANY OF USA (S.E.A.) PTE LTD,2593059.0,6,3,88.12,5.0,91.77,126166528566.07465,97.6881362182217,C
EMERALD ASIA CONSULTING PTE. LTD.,2590700.0,1,1,99.59,3.66,73.96,126169119266.07465,97.6901421437027,C
SERAYA ENERGY PTE LTD,2587761.16,1,1,68.97,4.39,70.98,126171707027.23465,97.69214579370062,C
ASL SHIPYARD PTE LTD,2586805.0,4,1,82.37,4.41,65.47,126174293832.23465,97.69414870336361,C
KTP CONSULTANTS PTE LTD,2586536.0,9,4,96.28,4.11,70.32,126176880368.23465,97.69615140474545,C
23.5 DEGREE G-ARCHITECTS PTE. LTD.,2584880.0,2,2,90.51,3.42,83.59,126179465248.23465,97.69815282392071,C
WOON LENG NURSERY PTE. LTD.,2583857.6,5,1,89.87,4.09,58.74,126182049105.83466,97.70015345147277,C
FIBER ONE ASIA PTE. LTD.,2583360.0,2,2,92.78,3.04,71.35,126184632465.83466,97.70215369374343,C
X0PA AI PTE. LTD.,2576900.0,2,2,81.19,4.58,72.17,126187209365.83466,97.70414893416958,C
SPARKFURY CREATIVE CONSULTANTS PTE. LTD.,2575823.38,3,3,100.0,3.67,93.11,126189785189.21466,97.70614334099109,C
AQUA-TERRA OILFIELD EQUIPMENT & SERVICES PTE. LTD.,2571935.0,3,2,84.63,3.02,69.23,126192357124.21466,97.70813473712032,C
SIPM CONSULTANTS PTE. LTD.,2571596.2800000003,13,4,74.19,3.93,75.62,126194928720.49466,97.71012587098565,C
SILICONPLUS COMMUNICATIONS PTE. LTD.,2569282.76,7,6,79.78,5.0,96.64,126197498003.25465,97.71211521354024,C
NGO CHEW HONG EDIBLE OIL PTE. LTD.,2565923.19,8,2,83.69,5.0,66.98,126200063926.44466,97.7141019548492,C
CANON SINGAPORE PTE. LTD.,2565375.92,6,5,89.28,4.61,59.79,126202629302.36465,97.71608827241832,C
Q'ZIN FOOD AND MANAGEMENT PTE LTD,2565126.33,2,2,100.0,3.47,85.89,126205194428.69466,97.71807439673503,C
PANG CATERING,2564443.47,3,3,81.74,4.43,68.98,126207758872.16466,97.72005999232736,C
Chilli Api Catering Pte Ltd,2564377.27,3,3,85.33,4.59,92.78,126210323249.43466,97.72204553666242,C
MODERN POOLS PTE. LTD.,2553703.48,7,6,82.08,3.0,86.75,126212876952.91466,97.72402281650241,C
CXRUS SOLUTIONS PTE. LTD.,2551633.33,9,3,84.71,4.9,58.69,126215428586.24466,97.72599849346803,C
MINMED GROUP PTE. LTD.,2551200.0,2,2,81.41,4.34,77.94,126217979786.24466,97.72797383491519,C
KO'ACH DEVELOPMENT PTE. LTD.,2549400.0,2,1,82.27,4.86,90.04,126220529186.24466,97.72994778265952,C
PGK MEDIA GROUP PTE. LTD.,2547200.0,1,1,82.97,3.66,75.66,126223076386.24466,97.73192002698933,C
HAKUHODO (SINGAPORE) PRIVATE LTD,2545078.14,2,2,92.18,5.0,79.52,126225621464.38466,97.73389062840677,C
TERRA SG PTE. LTD.,2544680.0,2,2,76.12,3.89,69.3,126228166144.38466,97.73586092155264,C
FUTURE INTERIOR ASIA PTE. LTD.,2543206.1,9,6,94.76,3.48,71.88,126230709350.48466,97.7378300734882,C
POLE STAR SPACE APPLICATIONS LIMITED,2542810.0,1,1,86.11,4.18,50.13,126233252160.48466,97.73979891873171,C
HOGARTH WORLDWIDE PTE. LIMITED,2541399.45,1,1,92.02,4.26,83.1,126235793559.93466,97.74176667181548,C
TAT LEE SANITARY & PLUMBING PTE LTD,2540000.0,1,1,91.69,4.75,87.05,126238333559.93466,97.74373334133405,C
JMD PACIFIC PTE. LTD.,2537284.63,3,2,95.68,3.43,76.44,126240870844.56467,97.74569790839773,C
Nanyang Polytechnic,2534400.0,1,1,73.54,3.33,65.71,126243405244.56467,97.747660241952,C
THINK TANK STUDIO PTE. LTD.,2533659.0,8,4,96.83,4.61,80.69,126245938903.56467,97.74962200176529,C
CADENCE DESIGN SYSTEMS (IRELAND) LIMITED,2530865.25,4,2,91.8,5.0,80.83,126248469768.81467,97.75158159843568,C
Journeys Pte Ltd,2530606.0,3,3,77.07,4.72,91.06,126251000374.81467,97.75354099437415,C
RONBUILDZ PTE. LTD.,2525620.0,12,1,89.11,4.36,86.43,126253525994.81467,97.75549652975583,C
3PA PTE. LTD.,2524055.81,8,4,94.58,3.51,66.82,126256050050.62466,97.75745085401752,C
QIAGEN SINGAPORE PTE. LTD.,2520863.89,18,10,93.78,4.68,86.82,126258570914.51466,97.7594027068415,C
ESCO PTE. LTD.,2518976.0,4,4,88.2,4.35,78.52,126261089890.51466,97.76135309791127,C
Frontier Economics Pty Ltd,2517637.0,10,4,90.36,3.4,72.54,126263607527.51466,97.76330245222098,C
ALLEN & GLEDHILL LLP,2516647.89,40,20,97.9,3.96,83.67,126266124175.40466,97.76525104068328,C
APF CONSTRUCTION PTE. LTD.,2514839.0,5,4,92.24,4.76,76.86,126268639014.40466,97.76719822855942,C
PRESTIGE OCEAN PTE. LTD.,2513140.0,3,3,75.43,4.91,80.55,126271152154.40466,97.76914410093498,C
J KEART ALLIANCES PTE. LTD.,2511535.5,7,4,95.83,4.31,90.15,126273663689.90466,97.77108873097933,C
IMCS CONSTRUCTION PTE. LTD.,2506846.0,3,3,97.17,4.04,77.92,126276170535.90466,97.77302973004073,C
ZYNEX CORPORATION PTE. LTD.,2506733.65,5,1,92.65,5.0,75.1,126278677269.55466,97.77497064211182,C
JOHN HOLLAND ELECTRICAL & SERVICE PTE LTD,2505832.0,2,1,81.82,4.26,71.36,126281183101.55466,97.77691085605397,C
VALENCIA DESIGN PTE. LTD.,2503535.0,7,6,72.15,3.55,65.73,126283686636.55466,97.77884929147648,C
SLM SOLUTIONS GMBH,2501000.0,2,2,100.0,4.21,91.79,126286187636.55466,97.78078576410087,C
MATCOR TECHNOLOGY & SERVICES PTE LTD,2500000.0,1,1,85.72,3.81,66.14,126288687636.55466,97.7827214624459,C
QASSURE TECHNOLOGIES PTE. LIMITED,2495000.0,1,1,85.09,3.65,81.07,126291182636.55466,97.78465328939426,C
GIESECKE+DEVRIENT MOBILE SECURITY ASIA PTE. LTD.,2489000.0,2,2,86.5,4.02,75.9,126293671636.55466,97.78658047066659,C
WEI LONG ELECTRONICS ENGINEERING PTE LTD,2472903.0,6,5,89.11,3.44,81.68,126296144539.55466,97.78849518836442,C
ASIA PR WERKZ PTE. LTD.,2466190.0,10,7,93.77,4.75,93.6,126298610729.55466,97.79040470832504,C
LAUD ARCHITECTS PTE LTD,2465006.5,5,3,85.41,4.37,89.99,126301075736.05466,97.79231331192607,C
DNV GL SINGAPORE PTE. LTD.,2464068.0,9,4,78.09,4.84,70.13,126303539804.05466,97.79422118886595,C
Child Educational Co. Pte Ltd,2461595.2,10,1,85.64,3.78,71.21,126306001399.25465,97.79612715116787,C
QOOL ENVIRO PTE. LTD.,2459906.0,7,4,81.31,4.76,98.74,126308461305.25465,97.79803180555714,C
LEGION PEST CONTROL PTE LTD,2458560.0,1,1,87.08,4.52,83.03,126310919865.25465,97.79993541776642,C
C@NSPECS PTE. LTD.,2456727.94,9,7,90.57,3.59,81.64,126313376593.19466,97.8018376114495,C
CHEM-SOLV TECHNOLOGIES PTE LTD.,2453064.0,3,2,86.64,3.38,67.5,126315829657.19466,97.80373696821954,C
WORKGROUP SYSTEMS PTE LTD,2452800.0,1,1,98.82,4.25,66.18,126318282457.19466,97.80563612057982,C
HWA AIK ENGINEERING PTE. LTD.,2450450.0,9,9,96.19,4.24,88.35,126320732907.19466,97.80753345338367,C
ALLIANCZ INTERNATIONAL PTE. LTD.,2450150.0,1,1,84.4,4.12,79.25,126323183057.19466,97.80943055390372,C
M-FUSION PTE LTD,2448603.0,3,3,100.0,4.25,77.11,126325631660.19466,97.81132645661363,C
NATIONAL CAR RENTALS (PRIVATE) LIMITED,2438090.0,2,2,95.26,3.85,87.47,126328069750.19466,97.81321421932485,C
BMS ENGINEERING AND TRADING PTE. LTD.,2437180.0,6,4,100.0,4.56,69.96,126330506930.19466,97.81510127744188,C
"RUDER FINN PUBLIC RELATIONS CONSULTING (BEIJING) CO., LIMITED",2435988.08,1,1,86.5,4.67,76.74,126332942918.27466,97.8169874126799,C
INNOLAS SOLUTIONS GMBH,2435000.0,1,1,93.85,3.63,75.92,126335377918.27466,97.81887278286796,C
WAVELENGTH OPTO-ELECTRONIC (S) PTE. LTD.,2432041.16,4,2,99.0,3.96,89.74,126337809959.43466,97.82075586208737,C
Singapore Test Services Private Limited,2429216.0,6,6,99.49,3.37,93.91,126340239175.43466,97.82263675384375,C
MAYTRONICS AUSTRALIA PTY LTD SINGAPORE BRANCH,2428732.0,2,1,80.04,4.27,64.61,126342667907.43466,97.82451727084893,C
SKYMECH AUTOMATION & ENGINEERING PTE LTD,2424900.0,3,3,85.59,4.7,85.76,126345092807.43466,97.8263948208157,C
SEMBCORP ENVIRO SERVICES PTE. LTD.,2423180.0,2,2,75.65,5.0,69.77,126347515987.43466,97.828271039022,C
MAXIMUS ASIA PTE. LTD.,2420635.0,2,2,93.35,3.49,74.48,126349936622.43466,97.83014528668737,C
TIEN SENG ENGINEERING PTE. LTD.,2420287.0700000003,2,1,84.0,3.53,72.27,126352356909.50467,97.83201926495776,C
AVIL DECOR PTE. LTD.,2418570.0,1,1,90.14,3.87,79.33,126354775479.50467,97.83389191373631,C
WEI SIANG DESIGN CONSTRUCTION PTE. LTD.,2415800.0,2,2,94.38,5.0,61.88,126357191279.50467,97.8357624177611,C
P-PARKING INTERNATIONAL PTE LTD,2411750.0,2,1,100.0,4.53,71.9,126359603029.50467,97.83762978595456,C
BENCO MARITIME PTE. LTD.,2407655.55,3,1,100.0,4.4,65.4,126362010685.05467,97.8394939839,C
LIM YAK KOON & SONS SDN.BHD.,2395439.49,9,1,80.33,4.36,69.92,126364406124.54468,97.84134872320259,C
HILL & KNOWLTON (SEA) PTE LTD,2394620.0,3,2,82.98,4.53,82.02,126366800744.54468,97.84320282799098,C
EMC Computer Systems (South Asia) Pte Ltd,2393472.0,1,1,96.94,3.82,78.42,126369194216.54468,97.84505604390671,C
WAND INSPIRATION NETWORK PTE. LTD.,2388880.0,2,2,87.31,4.58,63.15,126371583096.54468,97.8469057043317,C
TECHNOLITE (SINGAPORE) PTE LTD,2388000.0,1,1,82.98,3.79,69.44,126373971096.54468,97.84875468339091,C
MIRXES PTE. LTD.,2387302.77,4,1,77.82,3.45,77.45,126376358399.31468,97.85060312259931,C
ARDENT BUSINESS ADVISORY PTE. LTD.,2382673.4,17,12,90.67,4.21,83.44,126378741072.71468,97.85244797738217,C
CERTIS CISCO CONSULTING SERVICES PTE. LTD.,2378000.0,1,1,83.77,4.32,83.13,126381119072.71468,97.85428921364799,C
Transinex Pte Ltd,2373657.0,14,8,81.76,3.87,91.23,126383492729.71468,97.85612708721862,C
P & T CONSULTANTS PTE. LTD.,2372000.0,12,2,72.34,4.02,70.6,126385864729.71468,97.8579636778084,C
THE NETWORK HUB PTE. LTD.,2365751.0,3,2,82.15,4.79,75.21,126388230480.71468,97.8597954299266,C
RAPTECH PTE. LTD.,2364205.0,10,8,75.48,4.01,79.39,126390594685.71468,97.86162598500894,C
Schroder Investment Management (Singapore) Ltd,2364006.0,4,4,86.82,5.0,76.38,126392958691.71468,97.8634563860097,C
TECHSOURCE SYSTEMS PTE LTD,2360990.3,4,3,91.69,3.61,68.99,126395319682.01468,97.86528445201624,C
Toppan Forms (S) Pte Ltd,2360779.89,14,9,100.0,5.0,86.9,126397680461.90468,97.86711235510668,C
57 MEDICAL PTE. LTD.,2360000.0,1,1,85.59,4.64,90.8,126400040461.90468,97.8689396543444,C
GEOAUTO PTE. LTD.,2358000.0,2,2,87.49,4.41,85.88,126402398461.90468,97.87076540502345,C
PAPER PLANE ARCHITECTS,2357214.0,4,3,89.85,4.67,59.22,126404755675.90468,97.87259054711895,C
RECRUITFIRST PTE. LTD.,2350204.0,3,3,82.61,4.91,80.31,126407105879.90468,97.87441026151626,C
AKELES CONSULTING PTE. LTD.,2349930.65,8,3,87.13,4.09,92.85,126409455810.55467,97.87622976426434,C
SANSYS COLLECTIVE PTE. LTD.,2349368.0,8,2,88.99,3.76,78.65,126411805178.55467,97.87804883136414,C
JK TRUDATA SOLUTIONS PTE. LTD.,2344664.86,5,5,89.79,4.46,94.62,126414149843.41467,97.87986425691982,C
Marina Mandarin,2343285.71,20,5,90.73,4.52,88.06,126416493129.12468,97.88167861462814,C
DATAPOST PTE LTD,2339161.41,9,6,92.1,3.94,99.34,126418832290.53468,97.8834897789762,C
PREMIER SECURITY CO-OPERATIVE LTD,2334582.0,3,3,100.0,3.82,91.78,126421166872.53468,97.88529739758171,C
PROQUEST INFORMATION AND LEARNING LIMITED,2333679.8,1,1,94.48,4.29,80.65,126423500552.33469,97.8871043176324,C
SYSTEM PEST CONTROL SERVICES PTE LTD,2332727.2,7,5,76.23,3.77,62.71,126425833279.53468,97.8889105001046,C
LEADS ENGINEERING (S) PTE LTD,2332000.0,3,3,81.79,3.5,92.26,126428165279.53468,97.89071611952085,C
MOTT MACDONALD SINGAPORE PTE LIMITED,2328281.1,6,4,88.55,3.61,63.53,126430493560.63469,97.89251885946969,C
LABQUIP (S) PTE LTD,2324188.0,4,4,81.9,3.73,79.49,126432817748.63469,97.89431843021575,C
FIRE ARMOUR PTE. LTD.,2322669.0,3,2,79.93,3.95,76.23,126435140417.63469,97.89611682483151,C
DELAWARE CONSULTING ASIA PACIFIC PTE. LTD.,2318385.31,2,2,91.81,4.51,82.63,126437458802.94469,97.89791190267461,C
TRADE ENTREPRENEUR ENGRG. PTE. LTD.,2315706.0,1,1,81.65,4.65,74.84,126439774508.94469,97.89970490598333,C
SPEEDO COMPUTER-FORMS PRIVATE LIMITED,2313600.0,1,1,83.78,4.36,88.96,126442088108.94469,97.90149627865978,C
ASIA MEDICAL ENVIRO SERVICES PTE. LTD.,2312671.6,3,3,95.49,5.0,73.09,126444400780.5447,97.90328693249528,C
EVENTS PEOPLE INC PTE LTD,2310048.0,6,5,85.49,4.77,63.26,126446710828.5447,97.90507555493151,C
Mettler-Toledo (S) Pte Ltd,2306604.71,13,8,87.86,4.1,63.71,126449017433.2547,97.90686151129945,C
3818 ASIA ENGINEERING PTE. LTD.,2303258.5,4,1,83.64,3.89,74.66,126451320691.7547,97.90864487676612,C
CHUANG WEI CONSTRUCTION PTE. LTD.,2298150.0,2,2,81.38,4.89,65.96,126453618841.7547,97.91042428682678,C
PRIME STRUCTURES ENGINEERING PTE LTD,2296220.0,1,1,87.31,4.23,72.42,126455915061.7547,97.91220220252832,C
ASTRATA GROUP PTE. LTD.,2292580.0,1,1,81.77,4.95,81.15,126458207641.7547,97.91397729985307,C
SINGAPORE ISLAND CRUISE & FERRY SERVICES PTE. LTD.,2289786.0,3,3,91.53,5.0,72.68,126460497427.7547,97.91575023384137,C
Flexspeed Technology Pte Ltd,2288925.0,4,1,100.0,5.0,68.32,126462786352.7547,97.91752250117514,C
AMICO TECHNOLOGY INTERNATIONAL PTE. LTD.,2288709.1,9,5,85.8,4.54,81.44,126465075061.8547,97.919294601342,C
FOSTRE CATERING PTE. LTD.,2288069.77,7,4,89.56,4.46,100.0,126467363131.62471,97.92106620648886,C
THONG (CE) CONSTRUCTION PTE LTD,2287000.0,1,1,93.14,3.66,82.27,126469650131.62471,97.92283698333492,C
GREENSAFE INTERNATIONAL PTE. LTD.,2272651.26,6,6,97.75,5.0,82.56,126471922782.8847,97.92459665024805,C
OTTO WASTE SYSTEMS SINGAPORE PTE LTD,2272322.0,2,2,79.55,3.83,78.07,126474195104.8847,97.92635606222197,C
KEPPEL LOGISTICS PTE LTD,2268462.0,3,2,99.36,4.07,83.89,126476463566.8847,97.92811248547764,C
THALES AUSTRALIA LIMITED,2261883.98,1,1,94.36,4.41,78.11,126478725450.8647,97.92986381550836,C
CBD EVISION PTE LTD,2261866.0,2,1,77.22,3.08,85.15,126480987316.8647,97.93161513161752,C
PANCARE MEDICAL CLINIC PTE. LTD.,2260800.0,1,1,90.39,3.87,69.23,126483248116.8647,97.93336562234491,C
Waterchem Envirotech Pte Ltd,2255909.0,4,1,83.74,4.44,78.43,126485504025.8647,97.93511232607206,C
SCREAME PTE. LTD.,2254465.0,1,1,91.68,5.0,82.45,126487758490.8647,97.93685791173985,C
Jardine Lloyd Thompson Private Limited,2253059.84,13,7,71.48,4.03,75.43,126490011550.7047,97.93860240942128,C
THONG HAI PTE. LTD.,2252522.12,2,1,84.13,4.52,84.13,126492264072.82469,97.94034649075722,C
DANIEL BOEY PTE. LTD.,2250950.0,3,1,87.85,4.38,100.0,126494515022.82469,97.94208935483313,C
GROUPE SEB SINGAPORE PTE. LTD.,2250632.8,1,1,82.34,4.66,71.37,126496765655.6247,97.94383197330764,C
RAM E PTE. LTD.,2247086.5,1,1,87.87,4.7,83.12,126499012742.1247,97.94557184595534,C
POSSIBLE WORLDWIDE PTE. LTD.,2244835.0,5,2,89.95,3.39,78.51,126501257577.1247,97.94730997531309,C
KLARECO COMMUNICATIONS PTE. LTD.,2241882.76,2,2,94.35,3.72,75.69,126503499459.88469,97.94904581881242,C
ASSA ABLOY Singapore Pte Ltd,2241199.0,1,1,96.83,4.55,88.71,126505740658.88469,97.95078113289051,C
K&H AVIATION PTE. LTD.,2239700.0,8,5,87.37,4.82,76.38,126507980358.88469,97.95251528632386,C
ACORN MARKETING & RESEARCH CONSULTANTS PTE LTD,2238088.35,1,1,93.01,4.15,84.18,126510218447.2347,97.95424819188993,C
KELLOGG BROWN & ROOT ASIA PACIFIC PTE. LTD.,2237000.0,2,2,88.91,3.3,94.96,126512455447.2347,97.95598025476909,C
BURSON-MARSTELLER (S.E.A.) PTE. LTD.,2236364.0,7,7,83.54,4.42,63.27,126514691811.2347,97.95771182520657,C
NOVOGENEAIT GENOMICS SINGAPORE PTE. LTD.,2235900.0,4,1,89.51,4.31,75.46,126516927711.2347,97.95944303637845,C
Smiling Orchid (Singapore) Private Limited,2233279.77,3,3,89.79,4.43,83.16,126519160991.0047,97.96117221876037,C
VCOP Pte Ltd,2232433.0,3,3,91.35,4.67,82.81,126521393424.0047,97.96290074550579,C
WIN CHENG CONSTRUCTION PTE. LTD.,2229500.00962,3,2,90.66,4.05,82.09,126523622924.01431,97.96462700129733,C
MICROLAMBDA PTE LTD,2228500.0,6,3,77.28,3.43,69.03,126525851424.01431,97.96635248280211,C
WELL RESOURCE MARKETING,2225575.0,2,1,100.0,4.19,97.51,126528076999.01431,97.96807569953982,C
BENTLEY SYSTEMS SINGAPORE PTE LTD,2225228.16,5,3,87.81,4.35,91.91,126530302227.17432,97.96979864772649,C
GLOBAL MARITIME & PORT SERVICES PTE. LTD.,2222974.0,1,1,88.85,4.24,83.3,126532525201.17432,97.97151985056364,C
ECOVIS ASSURANCE LLP,2222765.48,17,8,93.2,3.86,59.44,126534747966.65431,97.97324089194807,C
"HONEYWELL ANALYTICS ASIA PACIFIC CO., LTD.",2217540.18,2,1,100.0,4.6,68.52,126536965506.8343,97.97495788749066,C
BDO LLP,2215310.0,14,14,84.38,3.24,79.95,126539180816.8343,97.97667315625095,C
KLEEN WASH LAUNDRY,2215130.0,3,3,95.89,5.0,69.39,126541395946.8343,97.97838828564099,C
ORANGE CLOVE CATERING PTE. LTD.,2214123.11,5,3,94.73,3.58,66.41,126543610069.9443,97.98010263541688,C
CHRONOSOFT PTE. LTD.,2200000.0,1,1,75.08,4.11,74.71,126545810069.9443,97.98180604996053,C
HAIX-SCHUHE PRODUKTIONS- UND VERTRIEBS GMBH,2191169.12,2,1,95.8,3.61,84.51,126548001239.0643,97.98350262693624,C
LI CHUAN FOOD PRODUCTS PTE LTD,2182170.4,3,2,88.8,4.42,81.58,126550183409.4643,97.985192236389,C
ZENG FENG CONSTRUCTION PTE LTD,2181863.0,4,2,74.22,4.11,71.14,126552365272.4643,97.98688160782828,C
BAN HOCK FOOD PTE. LTD.,2180110.5,1,1,86.07,3.18,44.64,126554545382.9643,97.98856962234304,C
Continental Equipment Pte Ltd,2178499.0,6,1,85.71,4.92,95.98,126556723881.9643,97.99025638910662,C
MARSHALL CAVENDISH EDUCATION PTE. LTD.,2177448.35,2,1,89.68,3.2,72.15,126558901330.3143,97.99194234237363,C
WONG FONG ENGINEERING WORKS (1988) PTE LTD,2175350.0,1,1,76.33,4.39,80.36,126561076680.3143,97.9936266709316,C
PACIFIC SYNERGY PTE LTD,2169344.59,9,7,89.76,3.94,77.43,126563246024.9043,97.99530634962467,C
"GSN PROPERTY SERVICES CO., LTD.",2167627.8,6,1,78.32,4.47,61.43,126565413652.7043,97.99698469904273,C
JINMAC PTE LTD,2167085.0,1,1,87.27,4.2,73.44,126567580737.7043,97.99866262818196,C
VIDDSEE PTE. LTD.,2163270.15,1,1,95.02,5.0,63.56,126569744007.8543,98.00033760356165,C
SINGAPORE COMMUNICATIONS CO PTE. LTD.,2163048.25,9,6,99.19,4.09,80.89,126571907056.1043,98.00201240712876,C
STATS ASIA PACIFIC PTE. LTD.,2160000.0,1,1,90.83,4.16,77.92,126574067056.1043,98.00368485049889,C
T-SYSTEMS SINGAPORE PTE. LTD.,2158869.0,2,2,98.49,3.59,72.63,126576225925.1043,98.00535641815907,C
J. M. PANG & SEAH (PTE) LTD,2158740.0,5,3,96.73,4.42,80.71,126578384665.1043,98.00702788593722,C
ZIL SCI PTE. LTD.,2146213.68,3,2,100.0,4.84,76.23,126580530878.78429,98.00868965484462,C
MACROGEN ASIA PACIFIC PTE. LTD.,2145000.0,2,1,79.56,3.78,79.95,126582675878.78429,98.01035048402467,C
ABCAM SINGAPORE PTE. LTD.,2142351.45,2,1,84.63,2.97,73.75,126584818230.23428,98.01200926248718,C
CANACT PTE. LTD.,2139768.3,9,6,84.89,3.55,73.3,126586957998.53429,98.01366604087,C
PT ENVIRONMENTAL INDOKARYA,2137504.32,1,1,100.0,3.95,67.2,126589095502.8543,98.01532106629992,C
D'Fine Catering Services Pte Ltd,2137418.47,2,2,87.77,3.94,81.47,126591232921.3243,98.01697602525795,C
RASEL CATERING SINGAPORE PTE. LTD.,2137366.44,3,2,77.99,4.5,96.15,126593370287.7643,98.0186309439302,C
THE NATURAL ENVIRONMENT RESEARCH COUNCIL,2132145.05,1,1,90.45,4.13,80.34,126595502432.8143,98.02028181978808,C
Tiong Hwa Steel Structures Pte Ltd,2130126.6,7,4,95.82,4.63,84.87,126597632559.4143,98.02193113280183,C
HAI-OU CO. (S) PTE. LTD.,2129038.46,23,13,76.27,4.74,76.61,126599761597.87431,98.02357960329125,C
KINGSMEN OOH-MEDIA PTE. LTD.,2127873.86,4,4,87.24,4.05,79.15,126601889471.73431,98.02522717205497,C
EFFECTS TECHNOLOGIES PTE. LTD.,2124504.0,1,1,87.96,2.81,100.0,126604013975.73431,98.0268721316057,C
CBM SECURITY PTE. LTD.,2123294.0,1,1,97.49,2.91,74.92,126606137269.73431,98.02851615427845,C
PACIFIC BOOKSTORES PTE. LTD.,2121745.17,4,3,85.79,4.47,72.25,126608259014.90431,98.03015897772411,C
LLOYD & ANDREW BUILDERS PTE LTD,2121500.0,4,2,80.27,5.0,82.12,126610380514.90431,98.03180161133972,C
CENTRAL CHAMBERS LAW CORPORATION,2121318.43,39,26,90.46,4.63,74.81,126612501833.3343,98.03344410436942,C
ILLUMINA SINGAPORE PTE. LTD.,2120848.0,6,3,84.83,4.0,92.13,126614622681.3343,98.0350862331549,C
CONTROL RISKS GROUP (S) PTE LTD,2119852.0,5,3,89.52,5.0,74.65,126616742533.3343,98.03672759075816,C
KADENCE INTERNATIONAL PTE. LTD.,2118328.0,4,3,85.45,4.49,83.58,126618860861.3343,98.0383677683597,C
PRIME-TEAM PTE. LTD.,2116800.0,1,1,98.06,4.81,80.52,126620977661.3343,98.04000676286242,C
Chew Wah Press Pte Ltd,2115180.0,1,1,100.0,4.12,81.15,126623092841.3343,98.04164450303261,C
HIGH END COMMUNICATIONS PTE LTD,2111702.0,2,1,70.78,3.44,80.25,126625204543.3343,98.04327955025927,C
ST ENGINEERING SYNTHESIS PTE. LTD.,2110104.0,1,1,100.0,3.95,83.4,126627314647.3343,98.04491336018754,C
GREENMARK CONSTRUCTION PTE. LTD.,2103525.48,3,2,87.55,3.59,70.34,126629418172.8143,98.04654207650368,C
BOK SENG LOGISTICS PRIVATE LIMITED,2103413.0300000003,2,2,92.78,1.75,65.24,126631521585.8443,98.04817070575214,C
TUNITY TECHNOLOGIES PTE. LTD.,2101836.0,7,3,96.9,3.78,78.26,126633623421.8443,98.04979811393883,C
CUSTOMER CAPITAL CONSULTING PTE. LTD.,2101216.55,4,3,86.93,3.45,70.85,126635724638.3943,98.05142504249821,C
Elsie's Kitchen,2097432.4,1,1,87.66,4.62,75.11,126637822070.7943,98.0530490410684,C
BLACK DESIGN PTE. LTD.,2095830.7,8,5,72.01,4.33,74.63,126639917901.4943,98.0546717994754,C
BHATCH ARCHITECTS,2090000.0,2,2,99.04,3.27,80.94,126642007901.4943,98.05629004329187,C
STARTIN POINT PTE. LTD.,2086072.56,1,1,88.82,5.0,61.95,126644093974.05429,98.05790524617267,C
Genesis Networks Pte Ltd,2081880.15,12,8,85.86,4.54,72.76,126646175854.20428,98.05951720295705,C
GIESECKE & DEVRIENT ASIA PACIFIC LIMITED,2077928.18,1,1,64.07,3.67,78.32,126648253782.38428,98.0611260998127,C
ALWAYS 3REE PTE. LTD.,2076166.0,7,4,80.48,3.09,84.86,126650329948.38428,98.0627336322488,C
FXMEDIA INTERNET PTE. LTD.,2072479.0,7,5,97.98,3.65,78.55,126652402427.38428,98.06433830991698,C
Protectas SA,2072420.36,1,1,94.54,3.7,74.92,126654474847.74428,98.06594294218142,C
Priora FM SA,2071051.54,1,1,76.59,4.16,65.96,126656545899.28427,98.0675465145968,C
NANYANG INC PTE. LTD.,2070179.02,4,3,93.83,4.16,85.35,126658616078.30428,98.06914941143799,C
Wah Song Enterprise,2065216.0,1,1,73.76,4.63,72.05,126660681294.30428,98.07074846551534,C
WOG TECHNOLOGIES PTE. LTD.,2060870.0,2,1,94.48,3.85,69.45,126662742164.30428,98.07234415457468,C
INCALL SYSTEMS PTE LTD,2059202.0,2,1,97.56,4.66,96.42,126664801366.30428,98.07393855213608,C
ASTECH PTE. LTD.,2057000.0,3,3,90.78,4.29,88.24,126666858366.30428,98.07553124473438,C
MACO TECHNICAL PTE. LTD.,2056465.35,3,3,74.95,4.6,87.84,126668914831.65428,98.07712352336425,C
FONGSOON ENGINEERING (S) PTE LTD.,2055555.0,1,1,84.12,3.75,87.02,126670970386.65428,98.0787150971289,C
SIN HIAP MUI PTE. LTD.,2053162.25,9,5,100.0,4.18,80.79,126673023548.90428,98.08030481823668,C
TAKNET SYSTEMS PTE LTD,2043300.0,6,2,94.67,5.0,82.25,126675066848.90428,98.08188690320804,C
Innoplan Technology Pte Ltd,2040312.0,2,2,97.37,3.92,54.86,126677107160.90428,98.08346667463277,C
PICASSO PRODUCTIONS PTE. LTD.,2037000.0,4,1,88.86,4.97,66.93,126679144160.90428,98.08504388164431,C
LINS ADVERTISING & MARKETING PTE LTD,2036260.52,10,8,96.59,4.88,65.4,126681180421.42429,98.08662051609177,C
CAFE GALILEE PTE. LTD.,2036217.79,3,3,92.46,3.03,63.71,126683216639.21428,98.08819711745427,C
DIGI ENGINEERING PTE. LTD.,2035358.0,8,4,93.36,2.73,86.54,126685251997.21428,98.08977305309914,C
Singapore After-Care Association,2034740.0,2,1,82.71,3.86,78.78,126687286737.21428,98.09134851023937,C
HONG LAM ENGINEERING PTE LTD,2033473.0,2,2,80.28,3.86,82.25,126689320210.21428,98.0929229863677,C
ST ENGINEERING INFO-SECURITY PTE. LTD.,2028231.2,1,1,85.84,4.3,67.23,126691348441.41428,98.09449340387857,C
EXPLORA PTE. LTD.,2027834.35,10,8,80.6,3.89,65.99,126693376275.76428,98.09606351411672,C
EMPACT PTE. LTD.,2023917.35,9,5,96.28,3.13,78.34,126695400193.11429,98.09763059150268,C
GENOMAX TECHNOLOGIES PTE. LTD.,2022583.47,9,5,86.6,4.97,63.35,126697422776.58429,98.09919663609293,C
AXA INSURANCE SINGAPORE PTE LTD,2021650.44,12,9,87.6,2.99,87.55,126699444427.02429,98.10076195825731,C
PRACTICAL MEDISCIENCE PTE LTD,2020542.81,20,8,82.42,4.51,79.16,126701464969.83429,98.10232642280667,C
KIM HUAT REFRIGERATION AND ELECTRICAL PTE LTD,2017588.0,8,6,90.46,4.35,72.81,126703482557.83429,98.1038885995077,C
Waygood Industries Pte Ltd,2013192.92,7,5,81.87,3.79,71.52,126705495750.75429,98.10544737318911,C
REPUBLIC EXPRESS PTE. LTD.,2011820.0,3,3,95.75,5.0,78.94,126707507570.75429,98.10700508384691,C
EDEN STRATEGY INSTITUTE LLP,2011754.0,8,6,92.85,2.6,78.37,126709519324.75429,98.10856274340229,C
HOSTECH PTE. LTD.,2011208.0,2,2,100.0,4.36,83.61,126711530532.75429,98.11011998020115,C
APEXLINK PTE LTD,2010292.0,2,2,78.96,3.41,67.83,126713540824.75429,98.11167650776014,C
PLAYINC PTE. LTD.,2009850.0,12,7,97.42,4.25,77.48,126715550674.75429,98.11323269308765,C
MUTIARA (FE) PTE. LTD.,2009840.0,4,3,92.31,3.79,80.97,126717560514.75429,98.11478887067237,C
TIMES PRINTERS PRIVATE LIMITED,2009190.63,6,4,99.64,3.99,91.85,126719569705.3843,98.11634454546333,C
Image Creative Design Pte Ltd,2008903.0,6,3,84.82,3.98,93.25,126721578608.3843,98.1178999975483,C
ART LOGICA,2007400.0,6,3,91.77,3.31,79.94,126723586008.3843,98.11945428589145,C
RECON SECURITY LIMITED,2007034.19,2,1,87.82,3.21,76.89,126725593042.5743,98.12100829099546,C
INFOCEPTS PTE. LTD.,2002007.0,1,1,81.51,3.97,75.48,126727595049.5743,98.12255840365013,C
CONTINENTAL DELIGHT CATERING SERVICES PTE. LTD.,1999627.49,7,4,89.91,4.57,79.81,126729594677.0643,98.12410667389938,C
METAPHOR DESIGN + ARCHITECTURE PTE. LTD.,1998431.91,7,6,83.76,4.22,81.74,126731593108.9743,98.12565401843572,C
ITCAN PTE. LIMITED,1997247.0,14,6,79.87,5.0,70.7,126733590355.9743,98.12720044552074,C
VEOLIA ES SINGAPORE INDUSTRIAL PTE. LTD.,1995068.92,7,3,80.73,3.73,88.39,126735585424.8943,98.12874518616343,C
INTERNATIONAL PAINT SINGAPORE PTE. LTD.,1994215.0,1,1,100.0,3.98,78.84,126737579639.8943,98.13028926563348,C
INDIA INTERNATIONAL INSURANCE PTE LTD,1986964.104749,17,6,82.94,4.05,70.78,126739566603.99905,98.13182773088518,C
REGIONAL BUSINESS NETWORK PTE LTD,1985802.64,3,2,88.1,4.87,77.31,126741552406.63905,98.13336529683872,C
TRIPLEX EVENTS PTE LTD,1985360.0,1,1,78.35,4.81,64.37,126743537766.63905,98.13490252006525,C
WEN YI CONSTRUCTION PTE. LTD.,1985000.0,3,2,94.72,4.13,83.77,126745522766.63905,98.13643946455122,C
G-CUBE ENGINEERING PTE. LTD.,1984385.0,9,6,83.69,4.3,64.99,126747507151.63905,98.13797593285538,C
SCHNEIDER ELECTRIC IT SINGAPORE PTE. LTD.,1983425.0,1,1,99.4,3.49,81.08,126749490576.63905,98.1395116578514,C
NATIONAL INSTITUTE OF EDUCATION,1983000.0,1,1,93.97,5.0,77.05,126751473576.63905,98.14104705377869,C
AVLITE PTE. LTD.,1982422.0,8,4,99.27,4.24,75.96,126753455998.63905,98.14258200217252,C
ECOXPLORE PTE. LTD.,1981600.0,3,2,75.98,5.0,82.04,126755437598.63905,98.14411631410873,C
SC ENGINEERING PRIVATE LIMITED,1979838.0,4,3,79.79,4.37,77.31,126757417436.63905,98.14564926176476,C
TATA COMMUNICATIONS INTERNATIONAL PTE. LTD.,1977967.68,2,1,90.35,3.77,70.53,126759395404.31905,98.14718076127065,C
S A CHUA ARCHITECTS PTE. LTD.,1972614.33,5,4,90.45,4.11,64.69,126761368018.64905,98.14870811578824,C
WFY CIVIL ENGINEERING PTE. LTD.,1971113.0,1,1,88.53,5.0,92.48,126763339131.64905,98.15023430785705,C
NEWMAN ENTERTAINMENT INTERNATIONAL PTE. LTD.,1970000.0,1,1,80.57,4.25,81.16,126765309131.64905,98.15175963815295,C
VSolutions Pte Ltd,1969865.0,10,6,84.54,3.92,84.22,126767278996.64905,98.15328486392113,C
APEX PROJECTS PTE. LTD.,1968000.0,3,3,96.05,3.44,74.52,126769246996.64905,98.15480864565835,C
THE NUTGRAF LLP,1967263.0,5,4,85.0,5.0,61.48,126771214259.64905,98.1563318567517,C
NEWS SEARCH (SINGAPORE) PTE. LTD.,1965280.0,14,10,92.8,4.87,95.98,126773179539.64905,98.15785353244911,C
Accon Engineering Pte Ltd,1961664.0,1,1,86.58,4.21,89.5,126775141203.64905,98.15937240835245,C
PECK TIONG CHOON TRANSPORT PTE. LTD.,1960940.0,3,2,84.8,4.9,85.15,126777102143.64905,98.16089072367754,C
SPTS TECHNOLOGIES LIMITED,1958563.78,2,2,75.0,4.33,67.2,126779060707.42905,98.16240719914458,C
HOYI SYSTEM PTE. LTD.,1956973.86,9,5,89.66,3.82,79.71,126781017681.28905,98.16392244356943,C
PALL FILTRATION PTE LTD,1956603.0,11,5,86.77,4.19,76.8,126782974284.28905,98.16543740084504,C
ORANGE BUSINESS SERVICES SINGAPORE PTE. LTD.,1955625.48,1,1,84.13,4.37,69.06,126784929909.76904,98.16695160124709,C
CASSEROLE CATERING SERVICES PTE. LTD.,1954590.58,5,4,93.42,3.31,73.69,126786884500.34904,98.16846500034748,C
ADVANTAGE HEALTH BENEFITS PTE. LTD.,1951163.0,2,2,82.34,3.94,85.2,126788835663.34904,98.16997574554348,C
SHATEC INSTITUTES PTE. LTD.,1949810.0,6,5,95.49,4.14,74.35,126790785473.34904,98.17148544313955,C
UNITED SPECIALISTS PTE LTD,1946385.0,5,5,84.61,5.0,74.38,126792731858.34904,98.17299248882888,C
USL ASIA PACIFIC PTE LTD,1945727.0,1,1,97.09,4.62,76.36,126794677585.34904,98.17449902504241,C
HEINEN & HOPMAN ENGINEERING SINGAPORE PTE. LTD.,1945588.0,1,1,96.06,4.3,67.01,126796623173.34904,98.17600545363109,C
RAM I PTE. LTD.,1944586.25,2,1,93.47,3.86,78.23,126798567759.59904,98.17751110658547,C
SATA COMMHEALTH,1943982.5,5,3,68.95,5.0,74.36,126800511742.09904,98.1790162920687,C
ASHTREE INTERNATIONAL PTE. LTD.,1943869.0,2,1,100.0,3.46,77.06,126802455611.09904,98.1805213896712,C
JMS SINGAPORE PTE LTD,1943115.25,3,1,93.37,3.85,83.38,126804398726.34904,98.18202590366066,C
AURIC PACIFIC ENGINEERING PTE LTD,1942620.0,6,5,75.44,3.84,73.62,126806341346.34904,98.18353003418828,C
ADVANTI TECHNOLOGY PTE. LTD.,1936899.6,2,1,94.2,4.42,94.96,126808278245.94905,98.18502973552839,C
AIRELATED SERVICES PTE. LTD.,1936666.0,2,2,90.49,4.04,78.51,126810214911.94905,98.18652925599682,C
KEIFER CONSTRUCTION PRIVATE LIMITED,1935450.0,1,1,75.7,4.41,75.98,126812150361.94905,98.1880278349416,C
INTEGRATED DNA TECHNOLOGIES PTE. LTD.,1934408.37,10,5,96.46,4.26,93.64,126814084770.31905,98.18952560737377,C
COFORGE PTE. LTD.,1933058.15,1,1,85.07,3.52,79.68,126816017828.46904,98.19102233435851,C
ADSAN LAW LLC,1932401.0,9,9,88.36,4.38,72.21,126817950229.46904,98.19251855252557,C
NAPIER HEALTHCARE SOLUTIONS PTE. LTD.,1932000.0,1,1,83.41,4.02,93.12,126819882229.46904,98.19401446020663,C
CRYSTAL TIME (SINGAPORE) PTE. LTD.,1931352.0,1,1,88.15,3.51,54.58,126821813581.46904,98.19550986615467,C
YONGSHENG E & C PTE. LTD.,1930000.0,1,1,85.41,4.02,83.99,126823743581.46904,98.19700422527704,C
DOREMUS & COMPANY,1929136.27,1,1,86.59,3.66,69.34,126825672717.73904,98.19849791563112,C
Tai Sin Radio & Electrical Service,1927622.48,1,1,98.48,3.18,80.68,126827600340.21904,98.19999043388889,C
EXPERIENCE MATTERS PTE. LTD.,1925980.5,6,4,95.39,3.93,83.55,126829526320.71904,98.20148168079545,C
NTT SINGAPORE PTE. LTD.,1921828.53,1,1,90.05,4.21,83.89,126831448149.24904,98.20296971291745,C
CHARTERED SURVEY SERVICES CONSULTANTS PTE. LTD.,1920128.0,3,3,83.49,3.93,89.09,126833368277.24904,98.2044564283542,C
YINDA TECHNOLOGY SINGAPORE PTE. LTD.,1917928.0,2,1,84.39,3.92,80.85,126835286205.24904,98.2059414403764,C
TURNKEY CONSULTING (SINGAPORE) PTE. LTD.,1913590.0,2,2,85.77,3.23,85.73,126837199795.24904,98.20742309357485,C
KOHUP SPORTS PTE LTD,1912351.65,4,4,63.94,4.66,68.32,126839112146.89903,98.20890378794446,C
YCH GROUP PTE LTD,1911695.03,2,2,77.4,3.74,76.21,126841023841.92903,98.21038397390677,C
Fugro Global Environmental and Ocean Sciences Pte Ltd,1911000.0,2,2,75.87,4.0,72.81,126842934841.92903,98.21186362172173,C
PORTSDOWN SCIENTIFIC PTE. LTD.,1909662.99,6,3,100.0,3.68,85.38,126844844504.91904,98.21334223431748,C
DENTONS RODYK & DAVIDSON LLP,1908531.64,30,20,85.57,3.59,89.26,126846753036.55904,98.21481997093228,C
JAVINI PTE. LTD.,1906180.0,1,1,76.18,4.8,65.03,126848659216.55904,98.21629588672083,C
THINKPLACE SINGAPORE PTE. LTD.,1901654.0,15,9,85.33,3.79,79.54,126850560870.55904,98.21776829812109,C
BULOX POWER PTE. LTD.,1899620.27,1,1,91.31,4.46,87.29,126852460490.82904,98.21923913484623,C
AMITIE INTERNATIONAL PTE. LTD.,1896943.78,1,1,98.93,3.89,81.29,126854357434.60904,98.22070789922047,C
YJP SURVEYORS PTE LTD,1893210.7,10,5,96.39,4.35,97.52,126856250645.30904,98.22217377314799,C
G2W MOBILE CLEANING LLP,1891137.6,1,1,83.89,3.44,64.83,126858141782.90904,98.22363804191703,C
Autus International Pte Ltd,1891030.4,2,1,91.02,3.9,74.72,126860032813.30904,98.22510222768331,C
SUMIYOSHI ENGINEERING PTE. LTD.,1890240.0,2,1,100.0,3.65,83.48,126861923053.30904,98.2265658014592,C
XR TRACKWORK PTE. LTD.,1887036.0,1,1,82.0,4.42,68.94,126863810089.30904,98.2280268944441,C
ISOTEAM GREEN SOLUTIONS PTE. LTD.,1885758.95,1,1,78.62,4.01,74.92,126865695848.25903,98.22948699863556,C
AIK SAN CONSTRUCTION PTE LTD,1879000.0,1,1,95.8,3.88,66.01,126867574848.25903,98.2309418695117,C
SERANGOON BROADWAY PTE. LTD.,1875547.0,2,2,86.2,4.3,67.92,126869450395.25903,98.23239406680129,C
SCIMED (ASIA) PTE LTD,1873826.5,11,6,81.58,3.79,69.24,126871324221.75903,98.23384493194325,C
Towner Construction Pte Ltd,1873000.0,1,1,84.96,4.88,98.62,126873197221.75903,98.23529515714338,C
CRAY SUPERCOMPUTER SINGAPORE PTE. LTD.,1869157.86,1,1,89.71,4.08,100.0,126875066379.61903,98.23674240745387,C
CITICALL COMMUNICATIONS PTE. LTD.,1868000.0,1,1,90.58,5.0,75.9,126876934379.61903,98.23818876125728,C
MOBILE MARKET MONITOR SINGAPORE PTE. LTD.,1867300.0,1,1,95.86,3.92,82.84,126878801679.61903,98.23963457306517,C
BT GLOBAL SOLUTIONS PTE. LTD.,1864718.37,7,6,84.56,3.89,75.21,126880666397.98903,98.24107838597028,C
GREENERY ENGINEERING PTE. LTD.,1861688.0,3,3,86.51,4.32,74.79,126882528085.98903,98.24251985252252,C
SP CONSULTANCY,1861596.1,3,2,100.0,3.65,80.12,126884389682.08904,98.24396124791849,C
YONGSHENG ENGINEERING PTE. LTD.,1858000.0,2,2,89.7,4.07,65.68,126886247682.08904,98.24539985892852,C
"EBSCO INTERNATIONAL, INC.",1857885.61,7,6,82.59,4.05,70.04,126888105567.69904,98.24683838136875,C
BEACON EDUCATIONAL SUPPLIES PTE LTD,1855505.3,9,1,87.97,4.71,64.27,126889961072.99904,98.24827506078412,C
ENTERPRISE PROMOTION CENTRES PTE LTD,1853760.0,1,1,79.84,4.7,78.04,126891814832.99904,98.24971038884976,C
FLEXISOLVE TECHNOLOGY PTE LTD,1848213.0,5,3,100.0,4.12,84.59,126893663045.99904,98.25114142198792,C
AERO-MARINE VEHICLES,1848100.0,5,3,100.0,4.01,78.44,126895511145.99904,98.25257236763252,C
SOLARGY PTE. LTD.,1847500.0,3,3,89.98,5.0,79.48,126897358645.99904,98.2540028487095,C
EVERGREEN GROUP PTE. LTD.,1844530.66,2,2,91.36,4.49,86.93,126899203176.65904,98.25543103068789,C
REL SYSTEMS PTE. LTD.,1842713.0,2,2,100.0,4.17,83.14,126901045889.65904,98.25685780528968,C
SUSTAINABLE ENERGY ASSOCIATION OF SINGAPORE (SEAS),1840860.0,1,1,84.74,4.62,63.13,126902886749.65904,98.25828314515186,C
KOH KOCK LEONG ENTERPRISE PTE LTD,1838900.0,1,1,96.78,4.38,76.95,126904725649.65904,98.25970696742655,C
EZ-LINK PTE LTD,1838107.32,4,2,79.1,3.75,54.47,126906563756.97905,98.2611301759455,C
ANNE LEONG HRD CONSULTING,1838075.0,6,4,90.16,4.25,65.86,126908401831.97905,98.26255335943972,C
IP Academy,1838000.0,2,1,72.25,3.26,88.71,126910239831.97905,98.26397648486301,C
TRIDENT INNOVATIONS SDN. BHD.,1837524.0,1,1,100.0,5.0,100.0,126912077355.97905,98.26539924172931,C
SECURITAS NV,1836047.89,1,1,98.77,4.58,80.88,126913913403.86905,98.26682085567415,C
SENG HENG TABLES & CHAIRS RENTAL,1833363.9,3,2,100.0,3.92,81.58,126915746767.76904,98.26824039146099,C
UNIPROTECT SECURITE,1827227.62,1,1,62.89,3.73,86.42,126917573995.38904,98.269655176053,C
PROQUEST LLC,1827132.32,5,5,92.25,4.8,80.41,126919401127.70905,98.27106988685621,C
GTK CONSTRUCTION SDN. BHD.,1826214.09,5,1,81.95,3.11,57.32,126921227341.79904,98.2724838866929,C
SAMKNOWS LIMITED,1825400.0,1,1,84.31,3.9,80.79,126923052741.79904,98.27389725619652,C
THE X COLLECTIVE PTE. LTD.,1822084.0,1,1,88.72,3.3,61.69,126924874825.79904,98.27530805818985,C
CARRIER SINGAPORE (PTE) LIMITED,1822038.0,7,6,86.33,3.63,97.37,126926696863.79904,98.27671882456633,C
MILTENYI BIOTEC ASIA PACIFIC PTE. LTD.,1820531.03,8,3,87.92,4.48,76.81,126928517394.82904,98.27812842412709,C
UNITED OVERSEAS INSURANCE LIMITED,1820170.66,2,2,82.97,3.92,68.13,126930337565.48904,98.2795377446608,C
LIFT HUB ENGINEERING PTE. LTD.,1820052.3,7,6,96.43,4.3,74.89,126932157617.78905,98.2809469735508,C
RIEDEL COMMUNICATIONS GMBH & CO. KG,1819663.35,4,1,88.45,2.96,63.05,126933977281.13905,98.28235590128486,C
XJ ELEVATOR PRIVATE LIMITED,1818642.0,7,5,83.0,4.48,66.6,126935795923.13905,98.28376403820872,C
AEDGE SERVICES PTE. LTD.,1816980.0,5,4,83.2,4.51,71.31,126937612903.13905,98.2851708882803,C
ILA GROUP PTE. LTD.,1815688.6,9,9,97.92,4.43,85.71,126939428591.73906,98.28657673844756,C
ST SYNTHESIS PTE LTD,1815556.46,6,5,100.0,4.29,79.47,126941244148.19907,98.28798248630154,C
WD & CHEZRICH BUILDER LIMITED LIABILITY PARTNERSHIP,1813084.75,7,6,89.21,3.8,79.95,126943057232.94907,98.28938632036154,C
COURTS (SINGAPORE) PTE. LTD.,1808854.83,2,1,84.57,4.1,69.83,126944866087.77907,98.2907868792819,C
PEBBLEROAD PTE. LTD.,1808556.0,7,6,100.0,4.18,73.84,126946674643.77907,98.29218720682434,C
RONG DU BUILDING CONSTRUCTION PTE. LTD.,1805485.0,3,3,87.64,3.94,80.09,126948480128.77907,98.29358515655495,C
OTOLITH ENVIRONMENTAL ENGINEERING PTE. LTD.,1804248.0,1,1,100.0,4.41,68.16,126950284376.77907,98.29498214850202,C
IGM SERVICES PTE LTD,1804000.0,3,2,100.0,2.8,94.05,126952088376.77907,98.2963789484278,C
PROLIGHT ENGINEERING PTE. LTD.,1803900.0,1,1,91.94,3.97,74.41,126953892276.77907,98.29777567092565,C
IMPERIUM SOLUTIONS PTE. LTD.,1800532.5,5,3,81.76,4.7,69.89,126955692809.27907,98.29916978603782,C
RAMBOLL CONSULTING PTE. LTD.,1800000.0,1,1,86.24,3.48,84.58,126957492809.27907,98.30056348884627,C
Soon Lee Fire Trading Service,1800000.0,1,1,97.95,5.0,75.95,126959292809.27907,98.3019571916547,C
WHITE SPACE DIGITAL PTE. LTD.,1795735.41,3,2,86.05,4.6,82.24,126961088544.68907,98.30334759247921,C
TELCO PTE LTD,1795000.0,1,1,94.03,3.45,78.32,126962883544.68907,98.30473742389096,C
SOCLE TECHNOLOGY CORP,1794362.78,4,1,100.0,3.97,88.48,126964677907.46907,98.30612676191642,C
AROMA CHEMICAL PRIVATE LIMITED,1788292.0,2,1,90.24,3.92,74.97,126966466199.46907,98.30751139946236,C
EXECUTIVE COUNSELLING AND TRAINING ACADEMY PTE. LTD.,1787600.0,3,1,100.0,3.83,78.68,126968253799.46907,98.30889550120699,C
LYE HENG FOOD SUPPLIES PTE. LTD.,1787389.28,2,1,85.52,4.0,71.4,126970041188.74907,98.3102794397955,C
LE RAINBOW CATERING PTE. LTD.,1786892.79,4,2,79.26,4.01,65.06,126971828081.53906,98.31166299396205,C
LAVISH DINE CATERING PTE LTD,1786707.79,3,3,93.44,3.75,74.47,126973614789.32906,98.3130464048869,C
FOUR SEASONS CATERING PTE LTD,1786319.29,3,1,82.95,3.69,69.07,126975401108.61905,98.31442951500425,C
EATZ CATERING SERVICES PTE. LTD.,1786293.09,2,1,90.78,3.19,67.45,126977187401.70905,98.31581260483549,C
CATERING CULTURE PTE. LTD.,1786285.09,2,1,81.97,4.46,84.94,126978973686.79904,98.31719568847248,C
PATTAYA GARDEN CATERING SERVICES,1786031.69,2,1,100.0,3.68,75.23,126980759718.48904,98.31857857590708,C
CHILLI API CATERING PTE. LTD.,1786009.79,2,2,83.74,3.79,90.91,126982545728.27904,98.31996144638498,C
LUNA CONCEPT PTE. LTD.,1785803.29,2,2,91.91,4.25,74.17,126984331531.56903,98.32134415697419,C
DELI HUB CATERING PTE. LTD.,1785714.29,1,1,100.0,4.65,71.29,126986117245.85902,98.32272679865254,C
ROYAL CATERING SERVICES PTE LTD,1785714.28,1,1,82.23,3.91,70.55,126987902960.13902,98.32410944032316,C
THE CATERERS PTE. LTD.,1785714.28,1,1,75.74,3.29,87.94,126989688674.41902,98.32549208199374,C
SIN HONG YUN PTE. LTD.,1785714.28,1,1,82.97,4.55,56.4,126991474388.69902,98.32687472366436,C
LEVENDER GOURMET PTE. LTD.,1785714.28,1,1,70.16,4.79,58.31,126993260102.97902,98.32825736533496,C
ALPINE SPRING CATERING PTE. LTD.,1785714.28,1,1,78.53,4.34,85.07,126995045817.25902,98.32964000700557,C
LA BONNIE PASTRIES PTE. LTD.,1785714.28,1,1,89.24,4.49,83.1,126996831531.53902,98.33102264867618,C
PAN SEAS ENTERPRISES PRIVATE LIMITED,1785714.28,1,1,81.51,3.68,73.66,126998617245.81902,98.3324052903468,C
LIN KEONG PROJECTS PTE LTD,1785119.0,2,1,90.12,4.01,76.49,127000402364.81902,98.3337874711044,C
TRANSCENTECH PTE. LTD.,1783980.0,6,4,91.42,3.98,86.15,127002186344.81902,98.33516876995783,C
XTREME SAILING PRODUCTS PTE. LTD.,1783100.0,1,1,95.91,4.52,77.61,127003969444.81902,98.33654938744544,C
COSEM SAFETY & SECURITY SERVICES PTE. LTD.,1782400.0,7,4,100.0,4.11,79.86,127005751844.81902,98.33792946293754,C
SPECTRIS PTE LTD,1778323.22,6,2,92.7,4.03,78.42,127007530168.03902,98.3393063818631,C
CONEX SYSTEMS AND SERVICES (PTE. LTD.),1777632.0,2,1,85.92,3.58,63.77,127009307800.03902,98.3406827655913,C
CRIZTO SINGAPORE PTE. LTD.,1775000.0,3,1,80.1,3.62,76.95,127011082800.03902,98.34205711141628,C
STEADFAST ENGINEERING & CONSTRUCTION PTE. LTD.,1774732.7,2,2,80.17,4.47,58.38,127012857532.73901,98.34343125027641,C
PIN SI KITCHEN PTE. LTD.,1773030.41,7,2,90.46,4.32,69.03,127014630563.14902,98.34480407108855,C
BEIJING RISKCONTROL CO LTD,1772015.2600000002,2,1,93.59,4.05,54.52,127016402578.40901,98.34617610589102,C
"QUANTUM DESIGN INTERNATIONAL, INC.",1771435.74,3,2,85.52,3.95,95.72,127018174014.14902,98.34754769198312,C
GARDEN WORKS PTE. LTD.,1769616.4,6,2,80.72,3.89,74.95,127019943630.54901,98.34891786939785,C
EVANTEK PTE LTD,1767517.0,2,2,86.16,4.06,79.51,127021711147.54901,98.35028642129056,C
ROHEI CORPORATION PTE. LTD.,1764180.5,11,8,84.45,4.16,92.7,127023475328.04901,98.35165238980024,C
HOFEN BUILDERS PTE. LTD.,1763500.0,1,1,77.26,5.0,79.09,127025238828.04901,98.35301783141284,C
BUSHY SIGSUG LTD.,1762449.5,1,1,81.57,4.29,89.51,127027001277.54901,98.35438245964498,C
SHOWTEX HONG KONG LIMITED,1762225.5,1,1,99.43,5.0,89.62,127028763503.04901,98.35574691443857,C
Caisson Engineering Pte Ltd,1760000.0,1,1,78.13,4.2,78.75,127030523503.04901,98.35710964607347,C
ONET SOLUTIONS PTE. LTD.,1759204.4,1,1,100.0,4.38,65.31,127032282707.449,98.35847176169175,C
CHOP CHING HIN PTE LTD,1756751.9,11,1,94.35,4.39,77.66,127034039459.349,98.35983197838993,C
IX TECHNOLOGY PTE. LTD.,1756556.0,7,6,88.78,5.0,81.26,127035796015.349,98.3611920434068,C
MIDAS ENGINEERING & SERVICES PRIVATE LIMITED,1755143.12,5,4,95.95,3.06,79.1,127037551158.469,98.36255101445988,C
BLUETEL NETWORKS PTE. LTD.,1752000.0,1,1,96.41,4.19,69.29,127039303158.469,98.36390755186008,C
IDEXX LABORATORIES SINGAPORE PTE. LTD.,1751765.66,3,1,95.23,5.0,91.28,127041054924.129,98.36526390781569,C
TELERADIO ENGINEERING PTE. LTD.,1751764.25,4,2,81.8,3.92,78.52,127042806688.379,98.36662026267953,C
NTT SINGAPORE DIGITAL BUSINESS SOLUTIONS PTE. LTD.,1749734.0,4,4,85.96,4.15,86.77,127044556422.379,98.36797504556276,C
PENG YAP M&E SYSTEMS PTE LTD,1749000.0,1,1,86.26,3.46,84.53,127046305422.379,98.36932926012496,C
BETHESDA MEDICAL CENTRE PTE LTD,1748064.0,1,1,96.38,4.33,76.43,127048053486.379,98.37068274996169,C
CITISAFE PTE. LTD.,1747800.0,2,1,85.98,3.71,72.1,127049801286.379,98.37203603538867,C
DP INFORMATION NETWORK PTE LTD,1747703.5,5,5,98.25,3.94,77.73,127051548989.879,98.3733892460977,C
"KINGYOUP OPTRONICS CO., LTD.",1746672.56,1,1,87.52,4.34,67.15,127053295662.439,98.37474165857121,C
FIRETRONICS PRIVATE LIMITED,1739374.0,4,4,88.76,4.02,87.6,127055035036.439,98.37608841992049,C
Kurita (Singapore) Pte. Ltd.,1738002.05,2,2,93.86,4.89,86.96,127056773038.489,98.37743411899724,C
ALLROUND ADVANCED TECHNOLOGIES PTE LTD,1737632.0,1,1,97.43,4.35,91.09,127058510670.489,98.37877953155191,C
APBA PTE. LTD.,1737481.66,15,10,88.38,3.5,70.94,127060248152.149,98.38012482770144,C
INTERCONSULTANTS PTE LTD,1733776.95,17,5,80.67,2.69,76.92,127061981929.099,98.38146725537055,C
RECRUIT EXPRESS PTE LTD,1731387.34,4,4,98.23,4.8,77.0,127063713316.439,98.38280783281402,C
AUTOSWIFT RECOVERY PTE LTD,1729224.0,1,1,92.48,5.0,76.34,127065442540.439,98.38414673522803,C
HUMAN RESOURCES & MANAGEMENT SYSTEMS CONSULTING ASIA PACIFIC PTE. LTD.,1729093.0,3,3,86.98,3.62,52.5,127067171633.439,98.38548553621145,C
DELOITTE ACTUARIES & CONSULTANTS LIMITED,1728000.0,1,1,83.81,3.21,80.39,127068899633.439,98.38682349090753,C
GEES MARKETING PTE. LTD.,1727502.05,6,3,92.07,4.27,76.06,127070627135.489,98.38816106005123,C
SEMNET PTE. LTD.,1725925.0,1,1,73.28,4.43,71.54,127072353060.489,98.3894974081177,C
THIRD SIGHT PTE LTD,1725333.01,2,2,70.91,5.0,59.73,127074078393.499,98.39083329781855,C
CUSTOMADE COSTUME & MERCHANDISE PTE. LTD.,1725151.0,15,2,90.08,4.15,76.49,127075803544.499,98.39216904659281,C
TTS GROUP PTE. LTD.,1722347.3,7,4,72.52,3.51,81.37,127077525891.799,98.3935026245201,C
ENGINEERS 2002 (PTE),1722334.0,37,7,97.36,4.1,79.91,127079248225.799,98.39483619214946,C
TECHNOVATOR INTERNATIONAL LIMITED,1721190.0,1,1,97.83,3.73,87.7,127080969415.799,98.39616887400327,C
"AVL SEA & AUSTRALIA CO., LTD.",1721060.0,1,1,83.86,3.72,82.29,127082690475.799,98.39750145520075,C
UNITEST INSTRUMENTS PTE. LTD.,1720279.68,10,3,88.63,4.32,76.92,127084410755.47899,98.39883343221258,C
Bosch Rexroth Pte Ltd,1719416.0,2,1,85.47,3.35,88.32,127086130171.47899,98.40016474049484,C
MITSUBISHI ELECTRIC ASIA PTE LTD,1718380.0,3,2,96.5,5.0,65.12,127087848551.47899,98.40149524662371,C
PRINCE' S LANDSCAPE PTE. LTD.,1717454.0,4,4,94.38,4.44,73.68,127089566005.47899,98.40282503576991,C
BAFCO SINGAPORE PTE. LTD.,1715600.0,2,1,77.76,3.81,73.23,127091281605.47899,98.40415338940221,C
SERVO DYNAMICS PTE LTD,1714200.0,2,2,84.85,4.95,59.5,127092995805.47899,98.40548065904345,C
SOCIAL FOOD INC. PTE. LTD.,1709700.91,1,1,97.31,3.89,100.0,127094705506.38899,98.40680444513225,C
ANGEL'S RESTAURANT PTE LTD,1709648.27,1,1,82.79,3.98,64.68,127096415154.659,98.40812819046299,C
Standard Form Pte Ltd,1707170.9,6,3,93.8,4.19,77.79,127098122325.55899,98.40945001761733,C
RESO ENGINEERING SDN BHD,1706139.29,2,1,98.66,4.47,75.22,127099828464.84898,98.41077104601736,C
BTW Technology Pte Ltd,1705111.24,12,8,88.39,4.71,85.06,127101533576.08899,98.41209127841951,C
ITW PTE. LTD.,1704560.0,6,5,94.49,3.71,79.89,127103238136.08899,98.41341108400792,C
GPA Guardian Protection SA,1702777.92,1,1,89.26,5.0,90.12,127104940914.00899,98.4147295097686,C
S11 GRANUITY MANAGEMENT PTE. LTD.,1700000.0,1,1,78.9,3.52,71.69,127106640914.00899,98.41604578464325,C
Rita Metal & Wooden Furniture Construction Pte Ltd,1698495.25,6,4,82.68,3.35,79.43,127108339409.25899,98.41736089442104,C
HI-TECH INSTRUMENTS PTE LTD,1697942.0,4,4,84.98,4.72,74.13,127110037351.25899,98.4186755758288,C
TAI LOO INDUSTRIAL WORKS (PTE.) LTD.,1697633.4,7,3,91.71,3.9,70.36,127111734984.65898,98.41999001829393,C
ASIA RAIL ENGINEERING PTE. LTD.,1696914.56,1,1,83.8,4.02,80.5,127113431899.21898,98.42130390417613,C
SYNERGY AVL PTE. LTD.,1696807.37,8,6,80.02,4.35,70.44,127115128706.58897,98.42261770706331,C
GOSHEN CONSULTANCY SERVICES PTE. LTD.,1695000.0,2,1,85.26,4.04,81.43,127116823706.58897,98.42393011054126,C
NK INTERNATIONAL SERVICES,1692000.0,2,1,77.9,4.89,73.02,127118515706.58897,98.42524019118119,C
TAN + TSAKONAS ARCHITECTS,1691907.9,4,4,89.14,4.98,76.72,127120207614.48897,98.42655020050998,C
ARCH'LAB PTE. LTD.,1691452.0,2,2,76.17,3.23,72.16,127121899066.48897,98.42785985684482,C
HIBOT CORP.,1690000.0,1,1,98.84,3.02,72.64,127123589066.48897,98.42916838892609,C
LIGHTSTREAM ANALYTICS PTE. LTD.,1689683.81,2,2,87.73,5.0,90.9,127125278750.29897,98.43047667618794,C
ALPHA GUARD SECURITY SERVICES SDN.BHD.,1686060.0,1,1,93.16,3.99,57.2,127126964810.29897,98.43178215760861,C
L-Pine Design Pte LTd,1684655.0,3,3,96.05,3.52,76.43,127128649465.29897,98.4330865511668,C
HPH Engineering Pte Ltd,1680000.0,1,1,91.35,4.24,68.71,127130329465.29897,98.43438734045466,C
LIAN TECK CONSTRUCTION PTE LTD,1680000.0,1,1,83.36,5.0,87.86,127132009465.29897,98.43568812974253,C
SWIFTX SOLUTIONS PTE. LTD.,1679470.0,3,3,87.54,5.0,95.01,127133688935.29897,98.43698850866235,C
Netrust Pte Ltd,1679333.39,5,5,98.91,4.21,80.15,127135368268.68896,98.43828878180787,C
D'HORRIZON PRIVATE LIMITED,1677094.1,6,4,97.01,3.45,63.43,127137045362.78897,98.43958732111743,C
imc information multimedia communication AG,1673725.0,1,1,85.73,3.67,99.52,127138719087.78897,98.44088325180245,C
United Scientific Equipment Pte Ltd,1671723.5,9,6,79.6,3.88,77.18,127140390811.28897,98.44217763276738,C
BOCA PERFORMANCE IMPROVEMENT ASIA PTE. LTD.,1671700.0,1,1,86.05,4.66,70.96,127142062511.28897,98.44347199553674,C
BIOMERIEUX SINGAPORE PTE. LTD.,1671321.0,10,5,91.06,4.26,82.4,127143733832.28897,98.44476606485424,C
JIE XUAN ENGINEERING PTE. LTD.,1671312.0,6,4,85.42,4.29,65.52,127145405144.28897,98.44606012720321,C
SPRUSON & FERGUSON (ASIA) PTE. LTD.,1670693.65,4,3,88.44,4.21,68.36,127147075837.93896,98.44735371077658,C
IDEAL SYSTEMS (SINGAPORE) PTE. LTD.,1670542.88,5,5,70.48,4.52,91.42,127148746380.81897,98.44864717761183,C
BRIO CONSTRUCTION & ENGINEERING PTE. LTD.,1670127.86,2,2,80.09,3.76,73.4,127150416508.67897,98.44994032310568,C
MARKS & CLERK SINGAPORE LLP,1662614.65,5,3,87.35,3.79,96.56,127152079123.32896,98.45122765127626,C
VIERING JENTSCHURA & PARTNER LLP,1661328.64,3,2,73.85,3.25,76.41,127153740451.96896,98.45251398371586,C
MULTITASK DEVELOPMENT PTE. LTD.,1658958.0,2,2,91.19,5.0,69.92,127155399409.96896,98.4537984806179,C
SIN GUAN TECK ENGINEERING PTE. LTD.,1655000.0,6,6,90.26,3.67,72.74,127157054409.96896,98.45507991292233,C
CANTAB IP PTE. LTD.,1651363.64,2,1,97.53,3.77,67.14,127158705773.60896,98.45635852966834,C
CHINA SINDA INTELLECTUAL PROPERTY PTE. LTD.,1650213.64,2,2,80.98,3.72,93.63,127160355987.24896,98.4576362559931,C
KYOOB ARCHITECTS PTE. LTD.,1647580.0,9,3,90.91,3.68,74.61,127162003567.24896,98.45891194314483,C
AMICA LAW LLC,1647565.65,9,6,83.76,3.9,79.96,127163651132.89896,98.46018761918566,C
YUSARN AUDREY,1645229.65,7,5,85.51,3.91,76.63,127165296362.54895,98.46146148650993,C
METIA PTE. LTD.,1638390.0,6,5,67.0,4.96,70.27,127166934752.54895,98.46273005803455,C
Lexon Furniture & Construction Pte Ltd,1638000.0,2,1,64.69,4.56,76.42,127168572752.54895,98.46399832759023,C
DAVIES COLLISON CAVE LLP,1636363.64,1,1,86.7,4.83,75.01,127170209116.18895,98.46526533014617,C
INTERNATIONAL PARADISE CONNEXIONS TOURS & TRAVELS PTE LTD,1630370.0,9,5,74.9,4.65,82.41,127171839486.18895,98.46652769195049,C
CHT International Pte Ltd,1627680.0,1,1,82.12,3.91,92.59,127173467166.18895,98.4677879709434,C
ABBOTT INFORMATICS ASIA PACIFIC LTD,1626907.0,1,1,88.04,3.83,82.63,127175094073.18895,98.46904765141838,C
PSYTECH LIMITED,1623145.0,2,2,70.77,5.0,69.17,127176717218.18895,98.47030441905447,C
TERUMO BCT ASIA PTE. LTD.,1623000.0,3,1,79.39,3.66,90.31,127178340218.18895,98.4715610744201,C
3S COMMUNICATION PTE. LTD.,1621360.0,6,1,78.23,3.69,93.48,127179961578.18895,98.47281645996758,C
MEINHARDT INFRASTRUCTURE PTE. LTD.,1621000.0,3,2,81.23,3.59,70.22,127181582578.18895,98.4740715667745,C
BEAM MACHINES PTE. LTD.,1619000.0,1,1,100.0,4.72,91.12,127183201578.18895,98.47532512502275,C
SINTRUST CONSTRUCTION PTE. LTD.,1617175.0,6,5,81.96,3.81,80.45,127184818753.18895,98.47657727021121,C
CONVERTIUM PTE LTD,1615251.0,3,2,82.77,3.9,81.25,127186434004.18895,98.47782792568623,C
THE SHOPHOUSE & CO GROUP PTE. LTD.,1614250.0,6,4,96.81,4.72,70.86,127188048254.18895,98.47907780610761,C
NINE-V ENTERTAINMENT PTE. LTD.,1612740.0,6,4,97.53,4.81,86.03,127189660994.18895,98.48032651736722,C
NATURE JAPAN KK,1611002.0,2,1,87.91,3.78,91.88,127191271996.18895,98.48157388292933,C
ADAPTACE PTE. LTD.,1611000.0,1,1,93.21,3.66,75.99,127192882996.18895,98.48282124694288,C
AUGUST INTERNATIONAL PTE. LTD.,1605600.0,1,1,83.5,3.98,74.46,127194488596.18895,98.48406442984799,C
BRONJO MEDI,1605519.21,6,3,88.84,3.62,74.76,127196094115.39896,98.4853075501991,C
BRIQ PTE. LTD.,1605478.39,5,4,79.17,3.68,82.6,127197699593.78896,98.48655063894411,C
DB ENGINEERING & CONSULTING GMBH SINGAPORE BRANCH,1603312.0,1,1,88.01,3.82,64.64,127199302905.78896,98.48779205029811,C
MULTIMEDIA PEOPLE PTE LTD,1600000.0,1,1,71.16,3.31,86.36,127200902905.78896,98.48903089723893,C
DHL EXPRESS (SINGAPORE) PTE. LTD.,1598715.84,4,2,86.82,4.22,75.53,127202501621.62895,98.49026874988121,C
Samkang Construction Pte Ltd,1598497.0,1,1,93.19,5.0,61.23,127204100118.62895,98.49150643308019,C
MAX PHOTO PTE LTD,1593954.46,2,1,90.36,5.0,78.86,127205694073.08896,98.49274059908431,C
HJW BUILDERS PTE. LTD.,1590317.0,1,1,90.89,5.0,73.67,127207284390.08896,98.49397194867832,C
Chartered Survey Services Consultants,1589509.0,6,4,87.29,3.76,62.53,127208873899.08896,98.49520267265461,C
EXPONENT CHALLENGE TECHNOLOGY ASIA PTE. LTD.,1588892.0,8,6,90.04,4.61,69.62,127210462791.08896,98.49643291890055,C
EPIGRAM PTE LTD,1586567.0,10,9,82.27,4.08,72.54,127212049358.08896,98.49766136494704,C
TAISHAN SPORTS ENGINEERING PTE. LTD.,1584278.8,13,8,85.47,4.52,76.36,127213633636.88896,98.49888803928754,C
NEWBASE CONTENT PTE. LTD.,1584071.1,10,6,83.89,3.55,68.74,127215217707.98897,98.50011455281023,C
Spectra-Teknik (S) Pte Ltd,1583351.0,15,9,87.06,4.81,70.39,127216801058.98897,98.50134050877435,C
AXENTEL TECHNOLOGIES PTE. LTD.,1580323.8,4,3,91.06,4.12,69.1,127218381382.78897,98.50256412084008,C
FIRST STATE INVESTMENTS (SINGAPORE),1580003.05,3,3,90.68,4.64,82.65,127219961385.83897,98.50378748455569,C
TANTRA INCORPORATED PTE. LTD.,1579930.0,7,1,85.39,3.98,74.09,127221541315.83897,98.50501079171022,C
TO THE POINT PRIVATE LIMITED,1578000.0,1,1,77.72,4.26,74.65,127223119315.83897,98.50623260450561,C
UNITED ENGINEERING PRIVATE LIMITED,1578000.0,1,1,100.0,3.64,85.82,127224697315.83897,98.507454417301,C
CHIENG & ASSOCIATES,1576230.0,1,1,90.59,2.61,69.63,127226273545.83897,98.50867485962198,C
THU KHA CONSTRUCTION GROUP COMPANY LIMITED,1575310.01,2,1,82.06,3.18,80.49,127227848855.84897,98.50989458961368,C
WLPG,1575072.2,2,2,80.57,4.72,90.52,127229423928.04897,98.51111413547402,C
SINGEX VENUES INTERNATIONAL PTE. LTD.,1573275.0,6,2,78.59,3.74,60.42,127230997203.04897,98.51233228979955,C
WANG & EF TAN ASSOCIATES CONSULTING & REGISTERED SURVEYORS,1571800.0,8,6,70.27,4.65,70.75,127232569003.04897,98.51354930206304,C
HORTI-FLORA SERVICES PTE LTD,1570500.0,2,2,87.39,4.39,94.0,127234139503.04897,98.5147653077634,C
RMA CONSULTANTS PTE LTD,1570494.9,23,14,72.42,4.22,69.46,127235709997.94896,98.51598130951493,C
A PLUS ENGRG & SERVICES PTE. LTD.,1569750.3,8,8,95.8,4.22,93.46,127237279748.24896,98.51719673473806,C
MASTERCRAFT SYSTEMS PRIVATE LIMITED,1568888.0,2,1,93.61,3.72,78.69,127238848636.24896,98.51841149230013,C
CHIAP SENG ENTERPRISES PTE. LTD.,1568761.93,3,1,73.85,4.04,74.97,127240417398.17896,98.51962615224879,C
MAEK CONSULTING PTE. LTD.,1567000.0,3,3,83.39,3.44,60.13,127241984398.17896,98.52083944797147,C
NDT INSTRUMENTS PTE LTD,1565910.0,6,3,81.87,4.17,60.24,127243550308.17896,98.52205189972966,C
FG CONCEPTS PRIVATE LIMITED,1565000.5,8,6,80.84,5.0,85.47,127245115308.67896,98.5232636472808,C
THYE SIANG HOE KEE CONTRACTOR PTE LTD,1562948.0,1,1,81.56,4.16,80.94,127246678256.67896,98.5244738056236,C
K G CATERING PTE. LTD.,1562939.64,5,3,84.09,3.23,79.41,127248241196.31895,98.52568395749343,C
HONG LAM MARINE PTE LTD,1560000.0,1,1,92.05,3.73,77.29,127249801196.31895,98.52689183326073,C
FINN PARTNERS ASIA TRADING PTE. LTD.,1549500.0,1,1,90.08,3.5,63.02,127251350696.31895,98.52809157909499,C
KH & HONG PTE LTD,1549304.0,1,1,98.81,3.86,81.86,127252900000.31895,98.52929117317049,C
LJ ENERGY PTE. LTD.,1549000.0,4,3,91.28,4.25,79.87,127254449000.31895,98.53049053186508,C
CSD INDUSTRIES PTE LTD,1543100.0,2,1,95.63,3.94,91.6,127255992100.31895,98.53168532231159,C
NANTAH CAPITAL ONE PTE. LTD.,1538959.2,5,3,91.63,3.41,88.87,127257531059.51895,98.5328769066222,C
CS Bored Pile System Pte Ltd,1537595.0,1,1,93.67,3.69,93.93,127259068654.51895,98.53406743466094,C
ANSELL PROTECTIVE SOLUTIONS SINGAPORE PTE. LTD.,1537200.0,1,1,92.01,3.79,78.08,127260605854.51895,98.53525765685934,C
NOVA SYSTEMS (SINGAPORE) PTE. LTD.,1536173.0,2,1,85.94,3.48,74.73,127262142027.51895,98.53644708387286,C
PRICEWATERHOUSECOOPERS MANAGEMENT SERVICES PTE LTD,1536001.0,5,5,80.85,4.25,84.33,127263678028.51895,98.53763637771034,C
HONG KONG TAT KEE TAILOR,1535210.0,3,3,85.76,3.88,62.77,127265213238.51895,98.53882505909286,C
SIMPLUS PTE. LTD.,1534800.0,3,1,89.26,4.49,84.26,127266748038.51895,98.54001342302084,C
Everpaint Enterprise Pte Ltd,1533415.0,4,4,93.21,3.89,77.85,127268281453.51895,98.54120071457196,C
GSMPRJCT CREATION PTE. LTD.,1532025.0,6,2,85.59,4.62,77.05,127269813478.51895,98.54238692987478,C
IT TECHNOLOGIES PTE LTD,1530683.85,10,5,88.06,3.67,77.72,127271344162.36896,98.54357210675289,C
ANNESING PTE. LTD.,1529100.0,8,3,87.6,3.87,86.64,127272873262.36896,98.54475605728864,C
SHANGRI-LA HOTEL LIMITED,1527774.99,17,6,89.93,4.41,73.18,127274401037.35896,98.54593898189655,C
AMICUS ENGINEERING PTE LTD,1523663.28,6,2,69.58,4.93,84.24,127275924700.63896,98.54711872289235,C
ORION INTEGRATED SERVICES PTE. LTD.,1523579.6,5,3,81.15,5.0,76.47,127277448280.23897,98.54829839909645,C
ST Education & Training Private Limited,1521600.0,6,5,92.78,4.43,67.5,127278969880.23897,98.54947654253718,C
RESEARCH PLUS PTE LTD,1520355.0,6,4,90.88,4.62,74.52,127280490235.23897,98.55065372200013,C
SPD SCIENTIFIC PTE LTD,1519345.06,16,8,83.56,4.63,74.05,127282009580.29897,98.55183011948742,C
SCIENCEWERKE PTE LTD,1516711.5,5,2,90.71,4.04,86.14,127283526291.79897,98.55300447786361,C
ADMATERIALS TECHNOLOGIES PTE. LTD.,1515909.0,11,4,84.22,4.22,67.72,127285042200.79897,98.55417821488062,C
LINK FAB TECHNOLOGIES PTE LTD,1515282.28,4,3,84.66,3.75,88.07,127286557483.07896,98.55535146664128,C
HONG JUN CONSTRUCTION PTE. LTD.,1514250.0,3,1,79.81,4.08,87.38,127288071733.07896,98.55652391912888,C
SHIMADZU (ASIA PACIFIC) PTE LTD,1513992.35,11,7,82.44,4.31,56.08,127289585725.42897,98.55769617212341,C
J'KIDS AMUSEMENT PTE. LTD.,1512874.7,7,4,100.0,3.97,79.81,127291098600.12897,98.55886755974463,C
Flexim International SA,1510464.92,1,1,80.6,3.19,88.61,127292609065.04897,98.56003708152299,C
Gosh Advertising Pte Ltd,1509645.84,5,4,87.11,4.05,66.6,127294118710.88896,98.56120596910462,C
SOON KIAT CONSTRUCTION & MAINTENANCE PTE LTD,1507200.0,2,1,100.0,3.22,67.26,127295625910.88896,98.56237296292288,C
TRUMPF PTE LTD,1506982.24,3,2,100.0,3.68,91.05,127297132893.12897,98.56353978813408,C
WS GROUP PTE. LTD.,1506506.37,8,6,88.74,4.35,74.0,127298639399.49896,98.56470624488895,C
ADRED CREATION HOLDINGS PTE. LTD.,1505653.11,3,3,93.44,4.18,68.09,127300145052.60896,98.56587204098226,C
OPTIMUM SOLUTIONS (SINGAPORE) PTE LTD,1503898.27,7,4,77.79,3.28,61.36,127301648950.87897,98.5670364783392,C
EDELMAN JAPAN KK,1501232.35,1,1,100.0,4.51,78.04,127303150183.22897,98.56819885152937,C
WONGPARTNERSHIP LLP,1500373.14,33,24,85.23,4.28,98.9,127304650556.36897,98.56936055945098,C
KNOWLEDGE MANAGEMENT SOLUTIONS PTE. LTD.,1500037.0,1,1,83.93,4.54,84.21,127306150593.36897,98.57052200710635,C
KEPPEL FELS LIMITED,1500000.0,1,1,84.9,3.97,81.11,127307650593.36897,98.57168342611338,C
INTENSECOMP PTE. LTD.,1500000.0,1,1,99.62,4.5,83.58,127309150593.36897,98.57284484512041,C
TBWA HONG KONG LIMITED,1500000.0,1,1,94.21,4.06,62.47,127310650593.36897,98.57400626412745,C
MINDWAVE SOLUTIONS PTE. LTD.,1500000.0,1,1,79.86,4.83,87.89,127312150593.36897,98.57516768313447,C
HCS SCIENTIFIC & CHEMICAL PTE. LTD.,1497124.38,7,3,90.27,3.96,78.89,127313647717.74898,98.57632687560834,C
HOCK SOON HENG E&C PTE. LTD.,1496800.0,1,1,95.31,3.38,78.03,127315144517.74898,98.5774858169215,C
FOCUS SCIENCE TECHNOLOGY SERVICES PTE. LTD.,1494600.0,5,3,83.95,4.92,68.81,127316639117.74898,98.5786430548201,C
LEONG GUAN FOOD MANUFACTURER PTE. LTD.,1493998.35,1,1,80.8,3.88,71.07,127318133116.09898,98.57979982687354,C
MOBIQUEST SOLUTIONS PTE. LTD.,1492476.0,3,3,92.7,4.15,69.58,127319625592.09898,98.58095542020283,C
MAVEN LAB PRIVATE LIMITED,1481476.0,4,4,86.11,3.15,80.95,127321107068.09898,98.5821024964594,C
KB ASSOCIATES PTE. LTD.,1481317.0,3,1,86.1,4.18,79.3,127322588385.09898,98.58324944960556,C
TRANSICOM ENGINEERING PTE LTD,1480000.0,1,1,100.0,4.53,74.28,127324068385.09898,98.58439538302582,C
ISPL PTE LTD,1480000.0,1,1,91.71,3.78,66.9,127325548385.09898,98.5855413164461,C
KOSH CONSULTING GROUP (ASIA) PTE. LTD.,1479845.0,8,7,77.01,4.53,69.42,127327028230.09898,98.58668712985306,C
ON DEMAND SYSTEMS PTE. LTD.,1479721.0,2,2,86.37,3.94,64.38,127328507951.09898,98.58783284724939,C
INGERSOLL-RAND SOUTH EAST ASIA (PRIVATE) LIMITED,1478178.0,3,3,81.39,4.46,67.45,127329986129.09898,98.5889773699327,C
POLARIS CONSULTING & SERVICES PTE. LTD.,1477625.0,3,1,89.28,3.42,92.85,127331463754.09898,98.59012146443953,C
ADVANCED TECH IRRIGATION GOLF PTE. LTD.,1477320.0,2,1,96.26,4.36,84.97,127332941074.09898,98.59126532279119,C
PIVOTAL YOUTH PTE. LTD.,1477231.35,8,2,74.02,4.18,83.48,127334418305.44899,98.59240911250296,C
Medialink Printing Services Pte Ltd,1475500.0,1,1,86.24,3.65,67.96,127335893805.44899,98.59355156166622,C
DESIGN BUILD PROJECTS,1474636.45,1,1,86.9,4.05,68.25,127337368441.89899,98.59469334220053,C
VENUS ENTERPRISES PTE. LTD.,1474371.99,4,2,75.76,3.48,86.38,127338842813.88899,98.59583491796894,C
SHINEWAY ENGINEERING PTE LTD,1473500.5,2,2,81.41,3.62,75.84,127340316314.38899,98.59697581896066,C
Ban Hock Hin Company Private Limited,1471384.0,3,2,94.67,4.37,87.37,127341787698.38899,98.59811508119016,C
OMEGA SCIENTIFIC PTE LTD,1470620.4,5,3,77.2,3.76,59.11,127343258318.78899,98.59925375217993,C
AEGIS ENGINEERING PTE. LTD.,1470527.0,7,5,84.92,3.61,77.15,127344728845.78899,98.60039235085203,C
HAKUHODO INC.,1467783.52,1,1,79.17,4.49,64.25,127346196629.30899,98.60152882530426,C
TGE CONSULTING ENGINEERS,1462500.0,1,1,85.51,4.4,84.04,127347659129.30899,98.60266120883611,C
RAJAH & TANN SINGAPORE LLP,1461174.78,43,24,84.13,4.63,68.13,127349120304.08899,98.60379256627749,C
Mitsui & Co. (Asia Pacific) Pte. Ltd.,1460659.0399999998,2,1,87.08,4.44,45.04,127350580963.12898,98.60492352439205,C
SPHERE EXHIBITS PTE. LTD.,1458940.0,3,3,93.72,4.11,62.54,127352039903.12898,98.60605315148946,C
I-UNITY BUILDERS PTE. LTD.,1457800.0,3,3,99.98,4.24,84.96,127353497703.12898,98.60718189590843,C
ZOOM VISUAL PTE. LTD.,1457377.47,5,3,91.35,3.75,84.74,127354955080.59898,98.60831031317115,C
BUSADS PTE LTD,1456799.28,8,2,100.0,4.08,79.9,127356411879.87898,98.60943828275327,C
BEHAVIOURAL INSIGHTS (SINGAPORE) PTE. LTD.,1455941.0,5,5,83.43,5.0,98.24,127357867820.87898,98.61056558778697,C
BRIDGEWATER HOLDINGS PRIVATE LIMITED,1455901.5,1,1,94.07,5.0,74.08,127359323722.37898,98.6116928622366,C
CUBIC COMMUNICATIONS PTE LTD,1455688.48,6,3,95.76,4.76,78.31,127360779410.85898,98.61281997174925,C
LOYANG MARINE PTE. LTD.,1455070.0,2,1,89.68,4.18,79.47,127362234480.85898,98.61394660238561,C
SIONG ANN ENGINEERING PTE LTD,1452793.29,8,2,88.26,4.36,77.98,127363687274.14897,98.61507147021247,C
JOYSON PTE. LTD.,1447758.0,3,1,86.08,4.4,85.04,127365135032.14897,98.61619243931831,C
RYCA PTE. LTD.,1445325.2,6,2,96.79,3.82,65.66,127366580357.34897,98.6173115247574,C
STARTIN POINT PTE LTD,1444545.86,1,1,86.98,4.12,86.46,127368024903.20897,98.61843000676961,C
CYTECH ENGINEERING PTE. LTD.,1442570.0,2,1,74.53,3.52,66.03,127369467473.20897,98.61954695891426,C
JI-HON DEVELOPMENT PTE LTD,1442000.0,4,4,83.55,4.26,72.17,127370909473.20897,98.62066346971969,C
HYGIENA SINGAPORE PTE. LTD.,1441927.0,1,1,97.23,4.4,87.09,127372351400.20897,98.62177992400272,C
LCE ENGINEERING PTE LTD,1440646.0,4,3,89.79,4.42,92.38,127373792046.20897,98.62289538643392,C
TAIGER SPAIN S.L.,1435259.9,2,2,95.45,3.36,60.95,127375227306.10896,98.62400667851917,C
LATITUDE EXPERIENCE PTE. LIMITED,1434431.68,25,10,91.23,3.6,82.73,127376661737.78896,98.62511732933078,C
OGP KONSULT PTE. LTD.,1434250.0,8,6,88.27,3.61,72.27,127378095987.78896,98.62622783947134,C
SEA AND LAND TECHNOLOGIES PTE LTD,1433386.9,6,4,66.6,4.15,78.81,127379529374.68895,98.62733768133138,C
ONETOONE INTERACTIVE PTE. LTD.,1432231.0,3,3,86.53,4.78,74.16,127380961605.68895,98.62844662820196,C
Binjai Interior Design Pte Ltd,1431462.0,9,7,87.55,4.65,73.89,127382393067.68895,98.62955497965172,C
DAIFUKU MECHATRONICS (SINGAPORE) PTE LTD,1428788.0,2,2,86.42,4.27,63.02,127383821855.68895,98.63066126067852,C
ABBOTT INFORMATICS SINGAPORE PTE. LIMITED,1426297.9,2,1,86.12,4.02,81.77,127385248153.58894,98.63176561367236,C
HITACHI HOME ELECTRONICS ASIA (S) PTE. LTD.,1425293.8,2,1,97.1,5.0,78.33,127386673447.38895,98.63286918921229,C
GINGER GARDEN DINING PTE. LTD.,1425090.0,3,3,95.46,3.92,92.63,127388098537.38895,98.63397260695412,C
NETS SOLUTIONS PTE. LTD.,1425000.0,1,1,73.23,4.79,70.29,127389523537.38895,98.63507595501079,C
NOONTALK MEDIA PTE. LTD.,1424600.0,2,1,83.16,4.64,85.87,127390948137.38895,98.63617899335573,C
INTERTEK TESTING SERVICES (SINGAPORE) PTE LTD,1422868.0,3,3,94.86,4.41,70.47,127392371005.38895,98.63728069064885,C
POWERSOFT ENGINEERING PTE. LTD.,1421695.0,3,2,85.59,4.37,76.81,127393792700.38895,98.63838147971232,C
M-TECH AIR-CON & SECURITY ENGINEERING PTE LTD,1421400.0,1,1,89.97,5.0,70.17,127395214100.38895,98.63948204036338,C
AUSTRALIAN COUNCIL FOR EDUCATIONAL RESEARCH LTD,1421305.0,1,1,86.02,4.91,55.15,127396635405.38895,98.6405825274579,C
OXFORD INSTRUMENTS NANOTECHNOLOGY TOOLS LIMITED,1420000.0,1,1,87.49,4.36,99.58,127398055405.38895,98.6416820041179,C
ASIAN DETOURS PTE. LTD.,1416761.0,7,4,85.11,4.16,74.4,127399472166.38895,98.6427789728871,C
JME GLOBAL PTE. LTD.,1416478.75,1,1,78.57,4.05,92.31,127400888645.13895,98.64387572311597,C
SONOVA SINGAPORE PTE. LTD.,1415170.0,5,2,97.37,3.21,74.76,127402303815.13895,98.64497146000674,C
PADANG & CO PTE. LTD.,1410114.89,8,5,96.31,4.51,85.37,127403713930.02895,98.64606328283031,C
ONEMAKER GROUP PTE. LTD.,1408476.0,4,3,84.0,5.0,90.95,127405122406.02895,98.6471538366952,C
UNIVERSAL DISPLAYS PTE LTD,1408223.2,19,6,89.46,3.83,86.65,127406530629.22894,98.64824419482228,C
FEDERAL EXPRESS (SINGAPORE) PTE LTD,1407526.5,1,1,79.28,5.0,81.39,127407938155.72894,98.64933401350893,C
TALENT PLUS PTE. LTD.,1407162.46,2,1,88.62,3.95,66.88,127409345318.18895,98.65042355032696,C
ORISTEL SYSTEMS PTE. LTD.,1405944.1,1,1,96.95,4.85,93.88,127410751262.28896,98.65151214379401,C
MOTORWAY SSANGYONG PTE. LTD.,1405338.0,3,3,86.23,2.99,80.02,127412156600.28896,98.65260026797034,C
Redworks (S) Pte Ltd,1402613.5,2,2,94.04,4.18,65.51,127413559213.78896,98.65368628262262,C
CEMENTONE [S] PTE LTD,1402551.5,1,1,79.64,3.97,74.26,127414961765.28896,98.65477224926957,C
MECO EQUIPMENT ENGINEERS B.V.,1400975.0,1,1,90.33,4.7,92.98,127416362740.28896,98.65585699526514,C
FOOD & NUTRITION SPECIALISTS PTE LTD,1400392.0,4,1,92.5,3.96,91.77,127417763132.28896,98.65694128985588,C
NSK HEAT EXCHANGERS PTE. LTD.,1397848.4,1,1,89.59,3.24,79.11,127419160980.68895,98.65802361498967,C
TKS ENGINEERING PTE. LTD.,1391639.0,1,1,97.43,4.48,75.57,127420552619.68895,98.65910113231335,C
Active Lifestyle Pte Ltd,1391580.0,5,5,83.86,3.86,92.1,127421944199.68895,98.66017860395455,C
HI-TECH INSTRUMENTS SDN BHD,1390175.0,1,1,89.85,4.48,65.26,127423334374.68895,98.66125498773329,C
EQCOMS TECHNOLOGY PTE LTD,1390000.0,1,1,78.1,4.47,82.97,127424724374.68895,98.66233123601313,C
International SOS Pte Ltd,1389860.0,5,5,97.9,5.0,71.15,127426114234.68895,98.66340737589387,C
LINGENIUS,1389186.74,5,2,80.52,4.36,72.99,127427503421.42896,98.66448299448331,C
AVON TECHNOLOGIES PTE LTD,1388900.0,1,1,84.44,4.57,78.14,127428892321.42896,98.66555839105587,C
APP SYSTEMS SERVICES PTE. LTD.,1388753.79,13,7,86.38,3.83,89.28,127430281075.21895,98.66663367442106,C
PRO-DATECH SYSTEMS PTE. LTD.,1388585.44,5,4,89.33,3.9,68.51,127431669660.65895,98.66770882743633,C
CROWE HORWATH FIRST TRUST RISK ADVISORY PTE. LTD.,1386800.0,7,3,88.61,4.81,89.04,127433056460.65895,98.6687825980223,C
NANYANG EQUIPMENT PTE LTD,1385820.0,1,1,91.84,3.55,90.79,127434442280.65895,98.6698556098145,C
ADVINNO TECHNOLOGIES PTE. LTD.,1383362.49,4,1,76.56,4.47,86.09,127435825643.14896,98.67092671880751,C
TS GROUP PTE. LTD.,1382373.6,1,1,91.19,3.35,67.79,127437208016.74896,98.67199706212342,C
VANTAGE AUTOMOTIVE LIMITED,1382345.84,4,2,90.71,4.13,84.54,127438590362.58896,98.67306738394532,C
RSM CHIO LIM LLP,1382237.5,5,5,97.0,4.24,81.14,127439972600.08896,98.67413762188181,C
SING TEC CONSTRUCTION PTE LTD,1380000.0,1,1,84.63,3.91,74.1,127441352600.08896,98.67520612736827,C
SENTOSA BUILDING CONSTRUCTION PTE. LTD.,1378840.0,2,2,93.45,4.46,61.87,127442731440.08896,98.6762737346907,C
TRANSCEND SOLUTIONS PTE. LTD.,1378694.55,1,1,86.72,4.5,70.59,127444110134.63896,98.67734122939422,C
SINGAPORE NATIONAL EMPLOYERS FEDERATION,1378623.0,6,4,76.61,3.92,92.2,127445488757.63896,98.67840866869803,C
WESMECH ENGINEERING PTE LTD,1377758.2,2,2,71.92,4.05,74.61,127446866515.83896,98.67947543840508,C
EMITrophies (S) Pte Ltd,1375245.2,4,3,80.61,4.88,81.9,127448241761.03896,98.68054026234813,C
HYDRO ONE PTE. LTD.,1375000.0,2,1,79.52,3.4,65.68,127449616761.03896,98.68160489643792,C
KRANECARE SERVICES PRIVATE LIMITED,1374300.0,1,1,78.56,4.19,67.32,127450991061.03896,98.68266898853216,C
ESN ASIA MANAGEMENT PTE. LTD.,1374285.08,8,5,99.55,4.64,89.65,127452365346.11896,98.68373306907414,C
ECAST TECHNOLOGIES PTE LTD,1374023.0,4,2,79.31,4.3,95.31,127453739369.11896,98.684796946693,C
GENESIS NETWORKS PTE LTD,1372330.4,5,5,75.86,5.0,78.58,127455111699.51895,98.68585951376664,C
CHARSLTON TECHNOLOGIES PTE LTD,1371567.75,5,3,100.0,3.14,61.46,127456483267.26895,98.68692149033616,C
HASHTAG INTERACTIVE PTE. LTD.,1371370.0,7,4,82.58,4.31,76.59,127457854637.26895,98.68798331379195,C
AFFLE INTERNATIONAL PTE. LTD.,1370460.0,1,1,86.34,3.45,66.64,127459225097.26895,98.68904443265353,C
PERSOLKELLY SINGAPORE PTE. LTD.,1368968.8,2,2,86.16,3.54,87.39,127460594066.06895,98.69010439690976,C
SHIN TAIYOU TECHNOLOGY PTE. LTD.,1368568.0,3,2,92.17,3.86,84.91,127461962634.06895,98.69116405083483,C
BUS-PLUS SERVICES PTE LTD,1368345.0,6,4,87.29,4.17,86.72,127463330979.06895,98.69222353209561,C
M/s Carrier Midea India Pvt Ltd,1367646.62,1,1,85.73,4.54,68.44,127464698625.68895,98.6932824726152,C
AAM GEOSPATIAL PTE. LTD.,1365351.1,3,2,83.76,3.91,82.22,127466063976.78896,98.69433963576107,C
VERTICURL PTE. LTD.,1365028.2,1,1,100.0,4.06,83.03,127467429004.98895,98.69539654889213,C
SOON LEE FIRE TRADING SERVICE,1364000.0,1,1,100.0,3.59,77.08,127468793004.98895,98.69645266590919,C
HYDROSPHERE SINGAPORE PTE. LTD.,1361862.8,3,3,71.15,3.9,85.85,127470154867.78896,98.69750712813645,C
GRID COMMUNICATIONS PTE. LTD.,1357658.6,3,2,96.33,3.8,67.18,127471512526.38896,98.69855833513851,C
BT GLOBAL SERVICES TECHNOLOGIES PTE. LTD.,1356823.31,5,4,89.0,3.83,92.48,127472869349.69896,98.69960889539279,C
IDC SYSTEM AG,1356748.0,1,1,88.98,3.56,78.67,127474226097.69896,98.70065939733608,C
LEXBUILD INTERNATIONAL PTE. LTD.,1356100.0,2,2,83.58,5.0,68.48,127475582197.69896,98.70170939754638,C
Siam Express Pte Ltd,1355558.2,11,8,96.38,3.71,72.32,127476937755.89896,98.70275897825212,C
Morning Star Community Services,1355300.0,6,2,92.01,3.31,66.73,127478293055.89896,98.70380835903893,C
RIGEL TECHNOLOGY (S) PTE LTD,1352682.0,2,2,89.49,4.01,71.78,127479645737.89896,98.70485571276244,C
KAFFE ESPLANADE,1351940.0,2,1,100.0,3.86,80.46,127480997677.89896,98.70590249197069,C
EAGLES EGYPT SECURITY,1351512.96,2,1,95.1,4.89,78.64,127482349190.85896,98.70694894053068,C
PRESTIGE BIORESEARCH PTE. LTD.,1351276.0,2,2,76.81,4.83,82.45,127483700466.85896,98.70799520561744,C
FITNESS CORE-NER PTE. LTD.,1350394.0,5,4,86.92,4.65,51.85,127485050860.85896,98.70904078778983,C
IHI ASIA PACIFIC PTE. LTD.,1349890.12,1,1,78.22,3.84,68.09,127486400750.97896,98.71008597981833,C
"NEOCERA, LLC",1349874.5,2,1,87.0,5.0,65.07,127487750625.47896,98.7111311597526,C
MERCK PTE. LTD.,1347203.4,16,7,81.55,3.17,76.45,127489097828.87895,98.71217427150933,C
ADVANCED ENGINEERING GROUP (INTERNATIONAL) PTE. LTD.,1346506.26,4,3,91.24,3.88,83.23,127490444335.13895,98.71321684348496,C
ADVANCE PINNACLE TECHNOLOGIES PRIVATE LIMITED,1345110.0,3,1,87.08,3.92,90.93,127491789445.13895,98.71425833436531,C
3P ECOTECTURE PTE. LTD.,1342813.02,3,2,79.54,4.62,72.3,127493132258.15895,98.71529804674152,C
ETRONIN ELECTROMART,1342039.81,2,1,100.0,3.78,66.26,127494474297.96895,98.7163371604372,C
POH KEONG CONSTRUCTION PTE. LTD.,1342000.0,4,2,88.27,4.04,79.31,127495816297.96895,98.71737624330882,C
RSM RISK ADVISORY PTE. LTD.,1341666.0,12,11,93.47,3.55,79.91,127497157963.96895,98.71841506757114,C
HOE ANN GRANITE INDUSTRIAL CONSTRUCTION,1337077.0,1,1,99.2,4.15,75.73,127498495040.96895,98.71945033866558,C
CT-ART CREATION PTE. LTD.,1335217.5,3,3,89.28,3.5,97.55,127499830258.46895,98.7204841699876,C
ADVANT ENGINEERING PTE. LTD.,1334890.0,3,2,98.14,4.06,79.2,127501165148.46895,98.72151774773312,C
SINGAPORE PRESS HOLDINGS LIMITED,1334363.87,10,6,100.0,3.95,84.56,127502499512.33894,98.72255091810706,C
PB&M PTE. LTD.,1333627.0,6,4,90.88,4.12,89.82,127503833139.33894,98.72358351793778,C
Econ Geotech Pte Ltd,1331895.0,3,1,87.58,4.4,69.59,127505165034.33894,98.72461477671669,C
SCIENTA OMICRON GMBH,1330256.93,1,1,87.4,4.54,60.3,127506495291.26894,98.72564476717184,C
Marsh (Singapore) Pte Ltd,1329524.73,6,6,86.89,5.0,73.53,127507824815.99893,98.72667419069965,C
RESEARCH INSTRUMENTS PTE LTD,1329437.31,6,2,81.95,4.3,76.61,127509154253.30893,98.72770354653998,C
NEWPORT OPTO-ELECTRONICS TECHNOLOGIES (SINGAPORE) PTE. LTD.,1327437.75,6,2,84.57,4.17,78.14,127510481691.05893,98.7287313541623,C
RED BEAN ARCHITECTS,1326109.9,4,4,66.3,4.37,78.67,127511807800.95892,98.72975813365782,C
QSERV PTE. LTD.,1326000.0,1,1,75.93,4.56,70.54,127513133800.95892,98.73078482806004,C
PJE GROUP PTE. LTD.,1325077.0,16,6,89.12,5.0,66.08,127514458877.95892,98.73181080780242,C
PAVE SYSTEM PTE LTD,1324100.0,8,6,88.16,3.93,53.36,127515782977.95892,98.73283603107389,C
IDAS TECHNOLOGY PRIVATE LIMITED,1323827.0,3,3,93.12,3.24,73.97,127517106804.95892,98.73386104296709,C
SUN LIGHT ELECTRONICS PTE LTD,1323183.48,8,3,92.83,4.71,79.52,127518429988.43892,98.73488555659607,C
BESTWAY CLEANING SERVICES PTE LTD,1322700.0,1,1,76.29,4.26,69.22,127519752688.43892,98.73590969587647,C
MOBILE 333 PTE LTD,1321122.0,2,2,97.84,2.85,80.38,127521073810.43892,98.73693261334407,C
UNIFINE CHEMICAL PTE LTD,1317303.6,1,1,87.09,5.0,67.89,127522391114.03893,98.73795257430345,C
COUPLE CREATIVE PRIVATE LIMITED,1316177.0,5,3,83.11,4.79,90.69,127523707291.03893,98.73897166295971,C
HS INTERNATIONAL PTE. LTD.,1315943.1,7,4,91.55,3.75,78.69,127525023234.13893,98.73999057051206,C
LIONHEARTLANDERS PTE. LTD.,1310801.0,3,3,87.58,4.05,74.94,127526334035.13893,98.74100549664261,C
MICRO AIRE-CARE PTE. LTD.,1310592.9,2,1,78.04,4.53,82.77,127527644628.03893,98.74202026164564,C
Autism Resource Centre (Singapore),1310193.0,7,2,75.81,4.54,84.75,127528954821.03893,98.74303471701435,C
Power Automation Pte Ltd,1308659.0,3,3,88.93,3.55,88.8,127530263480.03893,98.74404798463856,C
CISTRI PTE. LTD.,1308000.0,1,1,84.14,4.8,86.11,127531571480.03893,98.7450607420127,C
IHS GLOBAL PTE. LTD.,1307552.0,4,3,88.57,3.88,66.51,127532879032.03893,98.74607315250967,C
AON HEWITT SINGAPORE PTE. LTD.,1307151.0,6,4,90.08,3.78,70.72,127534186183.03893,98.74708525252065,C
HCL INSYS PTE. LTD.,1306955.0,3,3,94.06,4.36,75.07,127535493138.03893,98.74809720077286,C
PDSEN PTE. LTD.,1306000.0,3,1,88.55,5.0,73.71,127536799138.03893,98.74910840958832,C
RESOURCE TRAVEL PTE. LTD.,1301742.0,6,1,74.45,4.2,78.87,127538100880.03893,98.75011632152236,C
SMITECH (ASIA) PTE LTD,1301198.24,13,9,87.67,4.92,82.79,127539402078.27893,98.75112381243424,C
DT ASIA PTE. LTD.,1301115.5,3,3,70.31,4.16,89.64,127540703193.77893,98.75213123928228,C
ADAM KHOO LOVE FOR LEARNING COMPANY PTE. LTD.,1301110.0,7,3,97.08,3.93,100.0,127542004303.77893,98.75313866187176,C
CCH ASIA PTE LIMITED,1300464.0,1,1,85.99,3.97,74.5,127543304767.77893,98.7541455842768,C
BLUESG PTE. LTD.,1300000.0,1,1,89.61,3.81,83.8,127544604767.77893,98.75515214741623,C
FISHER ASSOC. LTD,1299957.37,1,1,94.05,4.33,74.26,127545904725.14893,98.75615867754813,C
Imperium Solutions Pte Ltd,1298918.3,4,3,78.53,4.95,77.95,127547203643.44893,98.75716440314959,C
ASERO WORLDWIDE LTD,1297800.0,4,3,87.74,5.0,77.39,127548501443.44893,98.75816926287446,C
D-Ron SIngapore Pte Ltd,1296000.0,2,1,83.23,4.6,85.84,127549797443.44893,98.75917272889654,C
CUBIC DEFENCE NEW ZEALAND LIMITED,1293086.0,1,1,91.42,3.95,79.65,127551090529.44893,98.76017393866861,C
NUH REFERRAL LABORATORIES PTE LTD,1292465.0,2,1,100.0,4.3,88.35,127552382994.44893,98.76117466761323,C
RIELLO UPS SINGAPORE PTE. LTD.,1291500.0,1,1,88.91,5.0,64.32,127553674494.44893,98.76217464937828,C
STANPACK INDUSTRIES PTE. LTD.,1290290.95,7,5,89.1,3.71,76.35,127554964785.39893,98.76317369500089,C
SECURITAS,1290085.42,1,1,93.48,3.46,66.54,127556254870.81892,98.76417258148588,C
SAMWOH INNOVATION CENTRE PTE. LTD.,1290000.0,1,1,83.05,4.11,63.75,127557544870.81892,98.76517140183192,C
PAE DESIGN AND FACILITY MANAGEMENT,1289967.91,1,1,88.75,4.3,72.13,127558834838.72893,98.76617019733135,C
SGS TESTING & CONTROL SERVICES SINGAPORE PTE LTD,1289233.0,6,3,90.06,4.5,71.02,127560124071.72893,98.76716842380515,C
WILDTYPE MEDIA GROUP PTE. LTD.,1288323.0,8,4,91.11,4.72,86.59,127561412394.72893,98.76816594568473,C
ACTIVITY CONSTRUCTION PTE. LTD.,1288000.0,1,1,96.43,4.09,68.95,127562700394.72893,98.7691632174721,C
PIKASA BUILDERS PTE. LTD.,1287688.0,3,3,86.69,4.55,95.2,127563988082.72893,98.77016024768432,C
KKT TECHNOLOGY PTE. LTD.,1287000.0,2,1,73.31,4.11,70.16,127565275082.72893,98.77115674519234,C
P2M CONCEPTS PTE. LTD.,1286829.5,7,1,97.49,4.58,83.11,127566561912.22893,98.77215311068575,C
SYDHA MOVERS PTE. LTD.,1285837.0,5,3,82.97,4.22,67.43,127567847749.22893,98.77314870770691,C
NETZSCH ASIA PACIFIC PTE. LTD.,1284150.0,1,1,95.41,4.26,63.94,127569131899.22893,98.77414299851883,C
CD Imaging Pte Ltd,1283597.27,7,5,100.0,4.17,70.76,127570415496.49893,98.77513686136332,C
Lim Yak Koon & Sons Sdn Bhd,1283367.2,3,1,86.19,4.18,89.37,127571698863.69893,98.77613054606937,C
TRANS EUROKARS PTE LTD,1283159.2,8,4,82.56,4.48,67.14,127572982022.89893,98.77712406972532,C
MAGMA BUILDERS PTE LTD,1283114.0,2,2,99.77,4.51,85.79,127574265136.89893,98.77811755838384,C
DEGREE CENSUS CONSULTANCY PTE. LTD.,1282478.0,7,3,94.46,4.67,70.46,127575547614.89893,98.7791105546007,C
FOOD FEST F & B PTE. LTD.,1282371.08,3,2,80.96,4.49,81.78,127576829985.97893,98.78010346803163,C
KATE'S CATERING PTE. LTD.,1282123.71,2,2,89.56,5.0,86.25,127578112109.68893,98.78109618992906,C
MARVID INTERNATIONAL PTE LTD,1280918.0,3,1,78.49,3.6,75.15,127579393027.68893,98.78208797827016,C
HONG SENG SPORTS SURFACES PTE. LTD.,1277394.08,5,4,100.0,3.71,89.72,127580670421.76894,98.78307703811281,C
LIAN HUP SENG FURNITURE CONTRACTOR COMPANY,1276840.0,3,2,78.74,3.62,74.19,127581947261.76894,98.78406566894277,C
WEI SHENG ENGINEERING PTE. LTD.,1276175.25,1,1,94.65,3.84,79.02,127583223437.01894,98.78505378507053,C
Interhorizon Corporation Pte Ltd,1275166.0,3,2,76.62,3.93,91.35,127584498603.01894,98.78604111975687,C
DYNAMIC DIGITAL SOLUTIONS PTE. LTD.,1272819.56,1,1,91.78,3.69,83.34,127585771422.57893,98.78702663764321,C
REDBEAN DE PTE. LTD.,1266860.0,8,4,100.0,3.84,83.51,127587038282.57893,98.78800754116537,C
PROOF-TECH WATERPROOFING & MAINTENANCE PTE. LTD.,1264845.0,4,4,83.19,4.51,79.17,127588303127.57893,98.78898688451466,C
INFINITUS LAW CORPORATION,1264245.0,7,6,87.01,2.89,87.53,127589567372.57893,98.78996576329637,C
OMNISENSE SYSTEMS PRIVATE LIMITED,1262902.32,3,3,79.14,3.79,79.55,127590830274.89894,98.79094360246867,C
EUROFINS MECHEM PTE. LTD.,1262731.4,5,3,87.0,3.68,73.97,127592093006.29893,98.79192130930116,C
THEVOICE PRODUCTIONS,1262190.0,4,3,80.02,3.36,75.77,127593355196.29893,98.79289859693881,C
Software Vision Consultants Pte Ltd,1260173.4,1,1,79.06,4.8,88.11,127594615369.69893,98.79387432316474,C
AMOBEE GROUP PTE. LTD.,1260030.0,1,1,92.61,5.0,98.22,127595875399.69893,98.79484993835904,C
CRIPTON ENVIRONMENTAL ENGINEERING (S) PTE. LTD.,1260000.0,4,1,70.79,3.9,73.69,127597135399.69893,98.79582553032493,C
CHERN SENG ENGINEERING PTE LTD,1258600.0,5,5,80.32,4.73,94.63,127598393999.69893,98.79680003829976,C
CYCLE & CARRIAGE KIA PTE LTD,1256989.98,7,4,98.48,3.86,79.12,127599650989.67892,98.79777329966937,C
KANDENKO CO LTD,1256888.0,3,3,95.46,4.49,77.72,127600907877.67892,98.79874648207797,C
GWTECH ENGINEERING PTE. LTD.,1255800.0,1,1,88.33,3.99,92.93,127602163677.67892,98.79971882207066,C
DATUMSTRUCT (S) PTE LTD,1254481.82,2,1,97.51,4.82,76.84,127603418159.49893,98.80069014142381,C
STARMED SPECIALIST CENTRE PTE. LTD.,1254000.0,1,1,76.74,3.26,86.84,127604672159.49893,98.80166108771368,C
AGGREKO (SINGAPORE) PTE LTD,1253920.0,1,1,83.27,4.01,72.71,127605926079.49893,98.8026319720612,C
QT Instruments (S) Pte Ltd,1251704.18,7,5,81.83,4.92,67.05,127607177783.67892,98.80360114074509,C
DAVIS LANGDON KPK (SINGAPORE) PTE. LTD.,1251680.78,6,4,82.04,4.16,72.08,127608429464.45892,98.80457029131084,C
"NANOSTRING TECHNOLOGIES, INC.",1251308.65,4,2,91.14,4.12,73.45,127609680773.10892,98.80553915374402,C
UNICOAT PTE. LTD.,1251111.25,5,4,85.5,4.15,95.54,127610931884.35892,98.80650786333445,C
PERICOMP SOLUTIONS PTE. LTD.,1250000.0,2,1,72.76,4.63,86.73,127612181884.35892,98.80747571250697,C
SWTS PTE. LTD.,1249485.0,4,3,89.96,3.97,83.51,127613431369.35892,98.80844316292564,C
SONY ELECTRONICS (SINGAPORE) PTE. LTD.,1249422.48,1,1,76.28,3.29,83.99,127614680791.83891,98.80941056493636,C
HAWKO TRADING CO. PTE. LTD.,1249422.48,1,1,100.0,4.03,84.13,127615930214.31891,98.81037796694707,C
SOLAR-DRIVEN ASIA (PRIVATE) LTD.,1248910.0,3,1,81.74,4.1,74.28,127617179124.31891,98.81134497215511,C
ADVAN ENGINEERING PTE. LTD.,1248641.0,5,4,71.8,4.13,90.41,127618427765.31891,98.81231176908202,C
ZOHAAR MEDIA PTE. LTD.,1247222.24,8,1,79.45,4.72,88.92,127619674987.55891,98.81327746749237,C
STANDARD SECURITY & INVESTIGATION SERVICES PTE LTD,1245395.0,3,1,85.53,4.58,71.59,127620920382.55891,98.81424175110854,C
SPLASH INTERACTIVE PTE. LTD.,1244921.96,2,2,98.77,4.22,100.0,127622165304.51892,98.81520566845961,C
ESKI INC.,1243960.0,1,1,87.89,4.49,70.95,127623409264.51892,98.81616884098494,C
SINGEX VENUES PTE. LTD.,1241894.0,8,6,95.42,3.75,75.62,127624651158.51892,98.81713041384916,C
WINSON PRESS PTE LTD,1241581.0,2,2,94.16,4.19,80.12,127625892739.51892,98.81809174436393,C
SEE-OUT PTY LTD,1241000.0,1,1,99.8,5.0,80.22,127627133739.51892,98.81905262502241,C
MACO TECHNICAL PTE LTD,1240078.99,6,5,93.22,3.77,84.51,127628373818.50893,98.82001279256188,C
IPAV Limited,1239602.02,1,1,100.0,4.04,52.54,127629613420.52893,98.82097259079333,C
LHW CONSTRUCTION PTE. LTD.,1238800.0,2,1,72.51,4.34,63.87,127630852220.52893,98.82193176803727,C
RC M&E PTE. LTD.,1237163.0,3,2,85.89,3.72,66.23,127632089383.52893,98.82288967778592,C
ASPEN3 PTE. LTD.,1235778.0,8,3,100.0,4.11,68.34,127633325161.52893,98.82384651515771,C
COMINCO PTE LTD,1233000.0,2,1,92.11,3.64,74.53,127634558161.52893,98.8248012015815,C
VEOLIA ES SINGAPORE PTE. LTD.,1232329.0,4,4,92.83,4.61,72.66,127635790490.52893,98.82575536846383,C
LDR PTE. LTD.,1232313.0,7,7,74.06,3.13,81.57,127637022803.52893,98.8267095229577,C
TECHCOM SOLUTIONS PTE. LTD.,1231279.9,8,5,100.0,4.57,88.11,127638254083.42892,98.82766287754359,C
ONE9NINETY PTE. LTD.,1231208.0,7,6,91.05,3.85,75.3,127639485291.42892,98.82861617645878,C
AIRFRESH BUILDING SERVICES PTE. LTD.,1230328.0,4,4,99.8,4.6,69.83,127640715619.42892,98.82956879400817,C
Interlink Power System Pte Ltd,1229884.0,3,3,80.24,3.93,62.12,127641945503.42892,98.83052106777754,C
VERSUM MATERIALS SINGAPORE PTE. LTD.,1228413.23,3,3,76.43,4.92,78.48,127643173916.65892,98.83147220276007,C
LBE ENGINEERING PTE. LTD.,1224702.91,4,3,83.23,4.05,67.32,127644398619.56892,98.83242046491848,C
INNOCOM TECHNOLOGIES PTE LTD,1223518.4,8,7,90.5,4.86,67.08,127645622137.96892,98.8333678099353,C
SUN SINGAPORE SYSTEMS PTE. LTD.,1222004.44,5,4,82.21,5.0,74.08,127646844142.40892,98.83431398272415,C
FOUND CORPORATE INNOVATION PTE. LTD.,1222000.0,1,1,92.98,4.35,74.64,127648066142.40892,98.83526015207521,C
CHUGOKU MARINE PAINTS (SINGAPORE) PTE LTD,1221979.25,1,1,64.63,4.36,98.48,127649288121.65892,98.83620630535998,C
EPSON SINGAPORE PTE LTD,1221474.2,1,1,93.94,4.2,63.43,127650509595.85892,98.83715206759496,C
GOLDEN VILLAGE PICTURES PTE LTD,1220780.0,4,3,89.52,4.41,68.46,127651730375.85892,98.83809729232522,C
RAMBOLL STUDIO DREISEITL PTE. LTD.,1219000.0,1,1,85.03,3.81,72.7,127652949375.85892,98.83904113883827,C
HELIUS TECHNOLOGIES PTE. LTD.,1218228.63,6,5,100.0,3.58,78.44,127654167604.48892,98.83998438809546,C
ORCHID COUNTRY CLUB,1216558.0,6,4,90.07,2.94,80.65,127655384162.48892,98.84092634381835,C
CHEMISTRY FORM PTE. LTD.,1216410.0,7,6,86.45,3.6,82.83,127656600572.48892,98.84186818494793,C
SERVE2LEAD PTE. LTD.,1216360.0,4,2,75.45,4.83,75.4,127657816932.48892,98.84280998736351,C
NEWTON 101 PTE. LTD.,1214329.6,1,1,79.55,4.5,64.16,127659031262.08893,98.84375021768234,C
ALL BIG FROZEN FOOD PTE LTD,1213486.6,7,5,95.6,4.21,90.3,127660244748.68893,98.84468979528368,C
DIAMOND GLASS ENTERPRISE PTE. LTD.,1212411.0,2,2,78.89,3.67,73.63,127661457159.68893,98.84562854007018,C
Safeguard Systems & Services Pte Ltd,1212000.0,1,1,100.0,4.06,60.96,127662669159.68893,98.84656696662785,C
SCOTIA UK PLC,1211906.65,1,1,92.63,1.92,73.98,127663881066.33893,98.84750532090655,C
RIDEWELL TRAVEL PTE. LTD.,1210317.0,4,3,86.53,3.6,76.29,127665091383.33893,98.8484424443521,C
TOSHIBA DATA DYNAMICS PTE LTD,1209664.5699999998,7,6,92.86,3.91,78.13,127666301047.90894,98.8493790626346,C
U3 INFOTECH PTE. LTD.,1206625.3,3,3,83.92,3.85,94.22,127667507673.20894,98.8503133276731,C
LITEWELL ENGINEERING PTE LTD,1206600.0,2,1,82.9,3.08,78.17,127668714273.20894,98.85124757312236,C
PATIENCE CONSTRUCTION PTE LTD,1205395.0,1,1,100.0,4.99,66.28,127669919668.20894,98.85218088556502,C
BLACKBLUE MEDIA GROUP PTE. LTD.,1203071.7,2,2,95.33,3.33,86.14,127671122739.90894,98.85311239912447,C
SINGBUILD PTE. LTD.,1202303.0,1,1,78.78,4.18,82.05,127672325042.90894,98.85404331749542,C
CRIMSON (S) PTE. LTD.,1199808.0,1,1,100.0,4.39,90.28,127673524850.90894,98.8549723040394,C
SIMPLE SOLUTION SYSTEMS PTE. LTD.,1199727.16,6,5,90.93,4.63,79.53,127674724578.06894,98.85590122799066,C
BURNING GLASS INTERNATIONAL INC.,1199448.0,2,2,95.71,4.46,78.34,127675924026.06894,98.85682993579408,C
KIB INSURANCE BROKERS (S) PTE LTD,1199432.95,6,4,84.36,3.24,98.06,127677123459.01894,98.8577586319446,C
"TOHO KASEI CO.,LTD.",1197673.0,1,1,100.0,3.35,79.71,127678321132.01894,98.8586859654022,C
NCODE CONSULTANT PTE LTD,1196001.0,3,2,88.13,4.37,81.72,127679517133.01894,98.85961200426475,C
HIAP ENGINEERING & CONSTRUCTION PTE LTD,1195200.0,1,1,95.05,3.95,75.96,127680712333.01894,98.86053742292957,C
ECOPAVE PTE LTD,1193500.0,3,1,81.36,3.64,53.1,127681905833.01894,98.86146152531948,C
ALLIED TRANSMISSIONS (S.E.A.) PTE LTD,1193300.0,1,1,92.12,4.28,83.67,127683099133.01894,98.86238547285355,C
YNY DESIGN + CONSTRUCTION PTE. LTD.,1192945.98,2,1,84.54,4.54,100.0,127684292078.99893,98.86330914627722,C
ECOFYS NETHERLANDS B.V.,1191301.54,3,2,100.0,5.0,64.22,127685483380.53893,98.864231546445,C
STARWORLD INFOTECH PTE. LTD.,1186832.0,12,1,84.9,4.29,78.58,127686670212.53893,98.86515048594029,C
FITTERLAB ENGINEERING PTE. LTD.,1185618.0,2,2,90.67,4.18,95.47,127687855830.53893,98.86606848546047,C
HBB ENGINEERING PTE. LTD.,1182700.0,5,4,82.12,4.38,73.8,127689038530.53893,98.86698422563354,C
ESN ASIA MANAGEMENT,1181971.9,4,2,84.06,4.74,73.05,127690220502.43892,98.86789940205382,C
MODERN ASIA ENVIRONMENTAL HOLDINGS PTE. LTD.,1181390.0,4,3,100.0,5.0,73.34,127691401892.43892,98.86881412792097,C
THE THINC GROUP PTE. LTD.,1181272.13,5,3,79.22,3.92,83.36,127692583164.56892,98.8697287625238,C
OXYGEN STUDIO DESIGNS PTE. LTD.,1180353.15,14,12,88.6,2.93,92.01,127693763517.71892,98.87064268557941,C
PRO-INTERACTIVE SERVICES (INDIA) PVT. LTD.,1177341.23,2,1,97.45,4.89,85.46,127694940858.94891,98.8715542765676,C
TECHDIRECT PTE. LTD.,1177121.8,1,1,89.56,4.11,62.8,127696117980.74892,98.87246569765567,C
FOCUS PUBLISHING LTD,1175960.1,8,3,100.0,5.0,79.25,127697293940.84892,98.87337621926345,C
METAPHOR CREATIONS PTE. LTD.,1175880.0,4,1,70.57,4.31,89.8,127698469820.84892,98.87428667885143,C
QUANTUM TECHNOLOGIES GLOBAL PTE. LTD.,1174416.88,7,6,93.96,4.37,93.67,127699644237.72893,98.87519600557584,C
HIVELOCITY PTE. LTD.,1174140.0,2,2,96.49,3.76,72.79,127700818377.72893,98.87610511791777,C
"BULLFROG & BAUM, LTD",1172199.17,1,1,90.48,3.71,85.35,127701990576.89893,98.87701272751515,C
KO'ACH CONSULTANTS PTE. LTD.,1171420.0,7,4,100.0,3.42,65.1,127703161996.89893,98.8779197338173,C
Kaba Security Pte Ltd,1170699.06,1,1,75.9,5.0,78.44,127704332695.95892,98.87882618191048,C
FOODGLE HUB PTE. LTD.,1170468.0,1,1,85.32,3.33,81.48,127705503163.95892,98.8797324510987,C
BETH-EL (ASIA PACIFIC) PTE. LTD.,1170450.0,3,3,89.8,4.21,64.81,127706673613.95892,98.88063870634987,C
MYASSET PTE. LTD.,1170390.44,2,2,91.99,5.0,62.34,127707844004.39893,98.88154491548498,C
A-SPEED INFOTECH PTE. LTD.,1169178.0,5,5,94.58,4.35,91.75,127709013182.39893,98.88245018585286,C
SINGAPORE MOBILITY CORPORATION PTE. LTD.,1168600.0,1,1,71.14,4.38,73.1,127710181782.39893,98.88335500868726,C
"KONG, LIM & PARTNERS LLP",1168575.5,17,12,85.95,4.27,60.29,127711350357.89893,98.88425981255182,C
GAMLITE IT (S) PTE. LTD.,1168500.0,1,1,82.9,4.46,81.2,127712518857.89893,98.8851645579583,C
DATA TERMINATOR PTE. LTD.,1167652.63,7,6,94.9,4.28,84.94,127713686510.52893,98.8860686472637,C
AXS PTE. LTD.,1166850.7,7,5,83.01,3.25,86.17,127714853361.22893,98.88697211565126,C
ISENTIA BRANDTOLOGY PTE. LTD.,1166352.0,10,8,91.77,3.6,78.84,127716019713.22893,98.88787519790571,C
RS-SYSTEMS AS,1164658.59,1,1,95.19,4.23,57.95,127717184371.81892,98.88877696898778,C
CMG GROUP (SINGAPORE) PTE. LTD.,1160363.0,4,4,89.35,3.75,78.06,127718344734.81892,98.88967541408329,C
DIRECT FUNERAL SERVICES PTE. LTD.,1160000.0,1,1,93.93,3.99,74.87,127719504734.81892,98.8905735781154,C
CAMP HIGH ACHIEVERS PTE. LTD.,1159720.0,9,2,89.19,3.81,76.52,127720664454.81892,98.89147152534929,C
MYPX PTE. LTD.,1159280.0,1,1,86.64,3.97,71.31,127721823734.81892,98.89236913190025,C
VVOLVE MANAGEMENT CONSULTANTS PTE. LTD.,1155988.0,5,2,73.21,3.48,67.97,127722979722.81892,98.89326418952365,C
HONAV SINGAPORE PTE. LTD.,1155660.0,2,1,74.5,3.53,82.13,127724135382.81892,98.89415899318344,C
MEGA EXHIBITION EVENTS PRIVATE LIMITED,1155420.0,3,1,82.09,4.66,68.22,127725290802.81892,98.89505361101617,C
IG LOGISTICS PTE. LTD.,1154403.0,3,3,82.89,3.45,87.48,127726445205.81892,98.89594744140682,C
DESISTI ASIA PTE LTD,1154121.11,6,6,97.89,4.86,68.04,127727599326.92892,98.89684105353585,C
GOLDEN SEASON PTE LTD,1152360.8,4,2,97.23,3.69,58.58,127728751687.72893,98.89773330269324,C
AZURE PTE. LTD.,1152335.0,6,4,90.29,4.14,74.13,127729904022.72893,98.89862553187422,C
ETIQA INSURANCE BERHAD,1151625.0,1,1,81.4,3.39,79.54,127731055647.72893,98.89951721131686,C
SECURA SINGAPORE PTE. LTD.,1149374.3199999998,9,6,85.76,4.82,76.28,127732205022.04893,98.90040714810449,C
NOVEM HEALTHCARE PTE LTD,1147500.7,1,1,81.56,3.58,69.48,127733352522.74893,98.90129563418685,C
A-STAR ENRICHMENT SERVICES,1145700.0,1,1,88.7,4.95,72.39,127734498222.74893,98.90218272602444,C
Sin Yong Iron Works Pte Ltd,1145036.0,4,2,81.4,4.01,82.79,127735643258.74893,98.90306930374052,C
KESTREL INVESTIGATION & SECURITY PTE. LTD.,1144800.0,1,1,79.74,3.92,67.52,127736788058.74893,98.90395569872668,C
GLASS@WORX PTE. LTD.,1144400.0,4,4,81.4,5.0,78.07,127737932458.74893,98.9048417840011,C
HIGHNESS ELECTRICAL ENGINEERING PTE LTD,1143145.6,1,1,95.01,4.26,78.58,127739075604.34894,98.90572689801954,C
HAI LENG CONTRACT PTE LTD,1141400.0,3,3,79.98,3.25,80.9,127740217004.34894,98.90661066045595,C
K. S. SERVICES PTE. LTD.,1141300.0,2,1,83.86,4.92,62.81,127741358304.34894,98.90749434546443,C
AURECON SINGAPORE (PTE.) LTD.,1137252.31,3,3,95.78,5.0,83.79,127742495556.65894,98.90837489643019,C
RIGHT ENGINEERING PTE. LTD.,1137210.0,3,3,83.25,4.7,81.77,127743632766.65894,98.90925541463616,C
AIR & AIR SERVICES PTE LTD,1135776.0,3,1,89.96,4.59,78.63,127744768542.65894,98.91013482252559,C
SPORTS AND WELLNESS PTE. LTD.,1129227.0,10,5,85.53,3.56,64.07,127745897769.65894,98.91100915965961,C
AQUAFORCE PRIVATE LIMITED,1129194.25,5,3,90.32,4.47,88.97,127747026963.90894,98.911883471436,C
SINGAPORE FIRST AID TRAINING CENTRE PTE. LTD.,1128000.0,1,1,100.0,3.7,56.08,127748154963.90894,98.91275685852928,C
UNINEC CONSTRUCTION PTE LTD,1126650.0,3,3,82.14,4.35,74.7,127749281613.90894,98.91362920034547,C
RIGHT-SPACE PTE LTD,1123800.0,1,1,85.48,2.76,78.58,127750405413.90894,98.91449933546554,C
BUSINESS MACHINES SYSTEMS (S) PTE. LTD.,1123000.0,1,1,83.57,3.91,68.83,127751528413.90894,98.91536885116213,C
KIN PRODUCTIONS PTE. LTD.,1120859.39,3,2,87.55,3.95,79.21,127752649273.29893,98.91623670942863,C
United BMEC Pte Ltd,1120732.5,9,7,91.52,3.6,67.55,127753770005.79893,98.91710446944681,C
WOODS BAGOT ASIA LIMITED SINGAPORE BRANCH,1120630.0,1,1,87.7,4.34,75.2,127754890635.79893,98.91797215010139,C
LEE & LEE CONSULTANTS PTE LTD,1115000.0,3,2,94.56,5.0,67.74,127756005635.79893,98.91883547156327,C
ALL EIGHTS (SINGAPORE) PRIVATE LIMITED,1114738.0,4,2,91.94,4.63,81.65,127757120373.79893,98.91969859016397,C
TRANSAS MARINE PACIFIC PTE LTD,1113255.0,2,1,81.63,3.19,90.06,127758233628.79893,98.92056056050842,C
EQcoms Technology Pte Ltd,1113168.6,2,1,96.58,3.52,89.89,127759346797.39894,98.92142246395514,C
AV LINKS COMMUNICATIONS (ASIA) PTE. LTD.,1112022.28,4,1,94.67,4.16,79.79,127760458819.67894,98.92228347982996,C
KEY EDITIONS PTE LTD,1111060.0,2,1,92.76,4.13,59.48,127761569879.67894,98.92314375063125,C
LOVELY LANDSCAPE AND CONSTRUCTION PTE. LTD.,1109400.0,6,5,83.47,4.65,67.43,127762679279.67894,98.92400273612886,C
HARVEST CONSULTING ENGINEERS LLP,1107834.7,12,6,91.4,3.14,68.21,127763787114.37894,98.924860509647,C
BEIJING HAITIAN RUISHENG SCIENCE TECHNOLOGY LTD.,1107140.0,5,2,99.19,3.92,73.58,127764894254.37894,98.9257177452733,C
LINK ELECTRICAL PTE. LTD.,1106784.0,1,1,80.7,4.64,84.88,127766001038.37894,98.92657470525614,C
NOISE & VIBRATION CONTROL ENGINEERING PTE LTD,1105439.0,3,2,91.33,3.23,81.95,127767106477.37894,98.92743062383329,C
NOTCH PRODUCTIONS PTE. LTD.,1103630.0,3,2,85.5,3.92,74.27,127768210107.37894,98.92828514173911,C
AVETICS GLOBAL PTE. LTD.,1100200.0,3,2,84.52,4.17,79.32,127769310307.37894,98.9291370038668,C
SIN MING INDUSTRIES (PTE) LTD.,1100187.94,14,11,78.65,4.38,80.71,127770410495.31894,98.92998885665666,C
MILABS B.V.,1099951.0,1,1,84.21,3.8,69.75,127771510446.31894,98.9308405259888,C
HGH SYSTEMES INFRAROUGES,1099000.0,1,1,100.0,4.27,61.52,127772609446.31894,98.93169145898129,C
MLS (OVERSEAS) LIMITED,1098449.4,4,1,96.98,3.7,77.97,127773707895.71893,98.93254196565556,C
WEY TECHNOLOGY SINGAPORE PTE. LTD.,1095995.0,4,3,100.0,4.44,86.55,127774803890.71893,98.93339057193863,C
ELIXIR TECHNOLOGY PTE LTD,1093924.0,1,1,96.9,4.24,77.26,127775897814.71893,98.9342375746892,C
Life Community Services Society,1090200.0,1,1,92.19,3.98,80.42,127776988014.71893,98.9350816940235,C
Telstra Singapore Pte Ltd,1090128.0,1,1,86.48,3.64,64.99,127778078142.71893,98.9359257576097,C
SWISSWERKZ (S) PTE. LTD.,1089764.0,2,2,79.69,3.83,57.2,127779167906.71893,98.93676953935821,C
CJS CATERING PTE LTD,1087413.33,7,5,100.0,4.51,74.6,127780255320.04893,98.93761150103153,C
HILL+KNOWLTON STRATEGIES GMBH,1087412.86,1,1,85.7,4.29,79.8,127781342732.90894,98.93845346234092,C
Jason Electronics (Pte) Ltd,1087290.0,3,3,88.23,3.9,67.88,127782430022.90894,98.93929532852235,C
"NEW CHARIS MISSION, THE",1087080.0,1,1,83.95,4.39,77.02,127783517102.90894,98.94013703210513,C
RESEM TECHNOLOGIES PTE LTD,1085800.0,3,1,86.27,4.15,88.73,127784602902.90894,98.94097774461034,C
THE MEDIA SHOP GROUP PTE. LTD.,1083511.6,2,2,86.97,4.7,84.04,127785686414.50894,98.94181668525472,C
Sigma-Aldrich Pte Ltd,1082424.05,11,7,82.99,4.81,77.67,127786768838.55894,98.94265478383161,C
JARDIN ENCHANTE PTE. LTD.,1080000.0,1,1,100.0,3.41,76.98,127787848838.55894,98.94349100551668,C
WOLERO (SINGAPORE) PTE. LTD.,1080000.0,2,1,90.45,3.89,96.56,127788928838.55894,98.94432722720174,C
IDENTIV PTE. LTD.,1079768.73,5,2,96.59,4.11,63.97,127790008607.28894,98.94516326981922,C
ADOBE SYSTEMS SOFTWARE IRELAND LIMITED,1079742.56,1,1,79.38,3.01,67.12,127791088349.84894,98.94599929217381,C
KINOKUNIYA BOOK STORES OF SINGAPORE PTE LTD,1079178.85,5,4,88.69,3.88,79.33,127792167528.69894,98.94683487805939,C
PIRAMAL ENTERPRISES LIMITED,1078541.48,4,1,92.73,4.78,67.4,127793246070.17894,98.94766997044255,C
TECHNOCHEM ENVIRONMENTAL COMPLEX PTE. LTD.,1075744.0,3,3,85.3,4.61,74.05,127794321814.17894,98.94850289679475,C
Homewood Design & Management,1074791.0,7,2,83.99,4.07,70.47,127795396605.17894,98.94933508525872,C
CHODAI & BURO ENGINEERING PTE. LTD.,1074083.2,5,3,93.89,4.26,56.47,127796470688.37894,98.9501667256878,C
HEXA PRO SERVICES PTE LTD,1073400.0,2,2,86.1,3.55,93.54,127797544088.37894,98.95099783712922,C
COMAT TRAINING SERVICES PTE LTD,1073088.8,4,2,84.28,4.78,72.51,127798617177.17894,98.95182870761494,C
ABSOLUTE SC PTE. LTD.,1072066.6,1,1,78.65,3.91,56.23,127799689243.77895,98.9526587866323,C
BS TECHNOLOGY PTE LTD,1071600.0,1,1,87.84,4.41,87.51,127800760843.77895,98.95348850437091,C
E THREE FIVE PTE. LTD.,1069791.0,3,3,88.85,4.51,66.56,127801830634.77895,98.95431682143821,C
ACA ENGRG PTE LTD,1068565.1,3,3,92.69,3.8,95.22,127802899199.87895,98.95514418931648,C
STAR CRUISE TRAVEL SERVICE PTE LTD,1067944.0,4,1,72.91,4.55,93.36,127803967143.87895,98.95597107628984,C
ALLMASTER ENTERPRISE,1062989.0,7,4,90.66,4.87,68.65,127805030132.87895,98.95679412670908,C
Tuffi Build Pte Ltd,1062920.0,1,1,100.0,3.78,79.53,127806093052.87895,98.95761712370305,C
ARC SCIENCES PTE. LTD.,1059978.4,3,2,100.0,3.93,80.8,127807153031.27895,98.95843784307691,C
I DESIGN & BUILD PTE. LTD.,1056822.5,1,1,81.64,3.91,87.82,127808209853.77895,98.9592561189026,C
SIN YUE TEXTILE TAILOR CO,1055250.0,3,2,94.58,4.11,66.09,127809265103.77895,98.96007317717405,C
ACEPLP.COM PTE LTD,1054980.28,5,3,97.27,3.4,75.56,127810320084.05894,98.96089002660688,C
PS1 EDU SERVICES,1053703.0,4,2,83.26,5.0,89.35,127811373787.05894,98.96170588706818,C
CERTIS CISCO SECURITY PTE. LTD.,1053582.0,1,1,88.17,3.32,97.88,127812427369.05894,98.96252165384169,C
AS-1 LOGISTICS PTE. LTD.,1053573.99,10,2,86.03,3.85,85.04,127813480943.04895,98.96333741441322,C
PT GITACIPTA SELARAS,1053449.39,1,1,92.98,5.0,92.15,127814534392.43895,98.96415307850954,C
GEMALTO PTE. LTD.,1049950.0,2,2,100.0,3.53,70.23,127815584342.43895,98.9649660331005,C
TEMBUSU ASIA CONSULTING PTE. LTD.,1049490.0,2,2,78.58,5.0,73.87,127816633832.43895,98.96577863152297,C
UNIQUE MOTORSPORTS PTE. LTD.,1048671.0,2,2,86.9,4.34,65.41,127817682503.43895,98.96659059581063,C
ARTIZEN PTE. LTD.,1045880.0,2,2,79.9,3.95,71.03,127818728383.43895,98.96740039908468,C
Mitutoyo Asia Pacific Pte. Ltd.,1045000.0,3,3,85.23,4.33,89.57,127819773383.43895,98.96820952099291,C
UNICORN OIL COMPANY PTE LTD,1044565.5,1,1,85.7,4.24,79.33,127820817948.93895,98.96901830647677,C
M & M MECHANICAL ENGINEERING PTE LTD,1041000.0,1,1,93.01,3.53,87.97,127821858948.93895,98.96982433126765,C
ACESIAN STAR (S) PTE. LTD.,1038730.2,3,3,86.04,3.61,97.18,127822897679.13895,98.97062859859928,C
SATS SECURITY SERVICES PRIVATE LIMITED,1037463.0,1,1,86.05,5.0,74.38,127823935142.13895,98.97143188476414,C
NAGASE SINGAPORE (PTE) LTD.,1037209.0,3,1,76.96,3.85,67.62,127824972351.13895,98.97223497426204,C
EMSON SYSTEMS (S) PTE. LTD.,1034763.47,7,2,82.8,5.0,68.37,127826007114.60895,98.97303617023661,C
INFOHOST PTE LTD,1034092.66,4,2,90.07,4.26,78.44,127827041207.26895,98.97383684681684,C
BHL CONSTRUCTION PTE. LTD.,1032000.0,1,1,91.17,3.63,70.48,127828073207.26895,98.97463590309368,C
NORDEA INVESTMENT FUNDS S.A. SINGAPORE BRANCH,1030000.0,1,1,95.28,4.29,70.23,127829103207.26895,98.97543341081183,C
RUDER FINN ASIA PTE LTD,1028900.0,3,3,85.93,4.14,83.29,127830132107.26895,98.97623006682272,C
SEMICAPS Pte Ltd,1028700.0,1,1,83.02,4.05,91.12,127831160807.26895,98.97702656797775,C
CBM PARKING PTE. LTD.,1027960.0,1,1,82.74,4.67,76.3,127832188767.26895,98.97782249616604,C
A.MAX PTE. LTD.,1027614.0,2,2,99.82,4.76,71.83,127833216381.26895,98.9786181564537,C
I.Z. PLASTICS & SUPPLIES PTE. LTD.,1026957.6,1,1,78.09,4.5,82.67,127834243338.86896,98.97941330850442,C
MEDIAMAC PTE LTD,1026794.0,4,2,77.89,3.47,82.72,127835270132.86896,98.98020833388301,C
WELTRON EQUIPMENT PTE LTD,1025827.2,1,1,86.5,3.77,72.88,127836295960.06895,98.98100261068835,C
MIN HWA ENVELOPE MANUFACTURERS PTE. LTD.,1024163.61,8,6,93.37,4.48,89.55,127837320123.67896,98.98179559941033,C
IDEACTIO PTE. LTD.,1023041.0,5,3,77.61,4.74,75.69,127838343164.67896,98.98258771891857,C
GE BETZ SINGAPORE PTE LTD,1023002.5,2,1,99.11,3.93,60.64,127839366167.17896,98.98337980861706,C
CHUAN SENG HUAT EGGS PTE LTD,1022875.56,1,1,93.54,2.46,75.5,127840389042.73895,98.98417180002853,C
ACTIVEO SINGAPORE PTE. LTD.,1021929.56,2,2,92.49,4.67,66.2,127841410972.29895,98.98496305897174,C
EWC ENGINEERS PTE. LTD.,1021474.49,3,2,95.81,4.04,97.09,127842432446.78896,98.98575396556367,C
THREE LEARNING PTE. LTD.,1019390.56,7,7,81.29,3.7,88.36,127843451837.34895,98.98654325861165,C
PERRETT LAVER LIMITED,1018764.0,7,4,78.28,4.28,70.87,127844470601.34895,98.98733206652717,C
"G&E REAL ESTATE MANAGEMNET SERVICES, INC. DBA NEWMARK GRUBB KNIGHT FRANK",1018597.37,1,1,83.14,4.11,73.43,127845489198.71895,98.98812074542451,C
IT-BIO PTE. LTD.,1017824.0,1,1,85.4,4.15,66.51,127846507022.71895,98.98890882551746,C
THERMO SCIENTIFIC MICROBIOLOGY PTE. LTD.,1016476.0,11,5,100.0,4.86,74.4,127847523498.71895,98.98969586188184,C
CITY HOTELS PTE. LTD.,1014995.36,21,11,95.06,5.0,72.67,127848538494.07895,98.99048175181727,C
ADAM KHOO LIFE SKILLS COMPANY PTE. LTD.,1014105.0,8,5,92.57,4.06,85.56,127849552599.07895,98.99126695236535,C
RUBICON MEDICAL PTE. LTD.,1014000.0,1,1,84.59,4.08,77.04,127850566599.07895,98.99205207161411,C
ASPENHEALTH PTE. LTD.,1014000.0,1,1,71.34,3.54,82.27,127851580599.07895,98.99283719086286,C
THASWATER SDN.BHD,1013483.4,1,1,88.09,4.45,88.61,127852594082.47894,98.9936219101189,C
TAI SIN RADIO & ELECTRICAL PTE. LTD.,1012106.87,1,1,92.87,4.17,81.45,127853606189.34894,98.9944055635562,C
Epworth Community Services,1011252.0,4,2,86.52,4.12,72.08,127854617441.34894,98.99518855508533,C
PORTLAND PR LIMITED SINGAPORE BRANCH,1009870.0,2,2,83.64,3.47,89.03,127855627311.34894,98.99597047656042,C
THINKFARM PTE. LTD.,1009332.23,6,3,84.92,4.46,70.88,127856636643.57893,98.9967519816513,C
Multistor Storage Solution Providers Pte Ltd,1004925.0,1,1,88.65,3.51,82.94,127857641568.57893,98.99753007431505,C
CHAIN-SYS ASIA PACIFIC PTE. LTD.,1004625.0,1,1,78.43,4.94,66.97,127858646193.57893,98.99830793469502,C
XCELLINK PTE. LTD.,1004401.0,3,3,93.32,3.92,68.4,127859650594.57893,98.9990856216364,C
ENVISION DIGITAL INTERNATIONAL PTE. LTD.,1003568.54,1,1,90.11,3.47,80.27,127860654163.11893,98.9998626640212,C
2ND PET TAXI & CREMATION SERVICES,1003180.0,2,2,99.73,4.44,86.24,127861657343.11893,99.00063940556751,C
SERVICE QUALITY CENTRE PTE. LTD.,1002312.0,8,5,84.85,4.28,78.89,127862659655.11893,99.00141547503935,C
COMFORTDELGRO RENT-A-CAR PTE. LTD.,1002000.0,1,1,100.0,4.4,68.26,127863661655.11893,99.00219130293605,C
TJ SYSTEMS (S) PTE LTD,1000855.0,2,2,90.66,3.83,74.46,127864662510.11893,99.0029662442829,C
HILADT ARCHITECTS LLP,1000117.3,3,2,86.31,3.8,80.41,127865662627.41893,99.00374061444388,C
MARCORP INTEGRATED PTE. LTD.,1000000.0,1,1,87.7,3.75,71.4,127866662627.41893,99.00451489378192,C
MASTERMARK PTE LTD,1000000.0,1,1,88.01,4.09,69.9,127867662627.41893,99.00528917311993,C
FIRST PARAGON ENTERPRISE PTE LTD,1000000.0,1,1,85.36,4.01,75.37,127868662627.41893,99.00606345245795,C
STRAUGHAN & MATHEW RESEARCH CONSULTING,1000000.0,2,2,74.55,3.36,90.25,127869662627.41893,99.00683773179597,C
C. S. BUILDERS PTE LTD,1000000.0,1,1,88.65,3.6,100.0,127870662627.41893,99.00761201113399,C
EWERKZ PROJECTS PTE. LTD.,999645.2,1,1,78.03,4.64,84.29,127871662272.61893,99.0083860157577,C
EA RESEARCH & CONSULTING PTE. LTD.,999243.0,6,6,87.9,4.75,68.46,127872661515.61893,99.00915970896625,C
"SCHMID THERMAL SYSTEMS, INC.",999031.94,1,1,78.21,4.45,80.7,127873660547.55893,99.00993323875542,C
DDL Security Services (Pty) Ltd T/A 24/7 Security Services,996953.95,2,1,85.88,3.88,91.78,127874657501.50893,99.01070515959985,C
IPOS INTERNATIONAL PTE. LTD.,996760.0,1,1,90.58,4.9,67.11,127875654261.50893,99.01147693027282,C
LABMAN AUTOMATION LIMITED,996516.0,1,1,97.76,4.71,81.58,127876650777.50893,99.01224851202163,C
ISOLAB (S) PTE LTD,996318.0,2,1,86.8,4.24,66.3,127877647095.50893,99.01301994046312,C
SYT CONSULTANTS PTE. LTD.,995800.0,2,1,95.73,4.38,62.54,127878642895.50893,99.01379096782792,C
SOMNOTEC (S) PTE. LTD.,995010.0,5,3,73.29,4.16,69.63,127879637905.50893,99.01456138351205,C
THINK 360 INCORPORATED,994249.27,5,1,79.53,3.78,80.54,127880632154.77893,99.01533121017864,C
ELLIPSIZ DSS PTE. LTD.,993625.06,7,2,100.0,4.81,80.81,127881625779.83893,99.01610055353234,C
PIPELINE SERVICES PTE. LTD.,993600.0,2,1,100.0,3.59,67.13,127882619379.83893,99.01686987748259,C
WORLD HEALTH SAFETYTEC PTE. LTD.,993000.0,1,1,82.98,3.94,89.47,127883612379.83893,99.01763873686524,C
NEWMARK GRUBB KNIGHT FRANK,992923.46,1,1,100.0,3.51,70.06,127884605303.29893,99.01840753698457,C
FORMWERKZ ARCHITECTS LLP,990833.51,4,4,78.79,4.13,82.48,127885596136.80893,99.01917471889877,C
CREATIVE EDGE CONSULTANTS PTE. LTD.,990081.0,4,3,81.63,3.35,68.55,127886586217.80893,99.01994131816004,C
LEK CONSULTING PTE LIMITED,990000.0,1,1,68.02,5.0,66.06,127887576217.80893,99.02070785470467,C
FOUR COMMUNICATIONS GROUP PLC,988466.0,1,1,81.57,2.67,91.75,127888564683.80893,99.02147320350481,C
POLY-M PTE. LTD.,987100.0,2,2,89.47,5.0,81.36,127889551783.80893,99.02223749463937,C
IEC TELECOM SINGAPORE PTE. LTD.,987091.4,2,2,90.57,4.99,77.64,127890538875.20892,99.02300177911512,C
SITA INFORMATION NETWORKING COMPUTING (ASIA PACIFIC) PTE LTD,985958.0,2,1,85.66,4.17,66.44,127891524833.20892,99.02376518602267,C
D.V.I SOLUTIONS (S) PTE. LTD.,984902.0,2,2,96.45,3.93,83.51,127892509735.20892,99.02452777529123,C
ACOM ASIAN RESOURCES PTE. LTD.,984240.0,3,2,100.0,4.3,58.5,127893493975.20892,99.02528985198688,C
INTEGRATED ALLIED SERVICES PVT LTD,983623.95,1,1,94.72,3.85,83.99,127894477599.15892,99.02605145168776,C
SOUNDBITEZ MEDIA,982119.68,5,1,92.3,2.65,65.71,127895459718.83891,99.02681188666344,C
OVERSEAS CHINESE TRADING PTE. LTD.,982000.0,1,1,91.75,3.81,73.99,127896441718.83891,99.02757222897337,C
GONE ADVENTURIN' PTE. LTD.,981087.0,1,1,68.09,5.0,75.73,127897422805.83891,99.02833186436627,C
COMWERKS PTE. LTD.,980772.0,4,4,94.78,3.7,91.52,127898403577.83891,99.02909125586118,C
CHILD EDUCATIONAL CO. PTE LTD,978426.0,4,2,84.27,5.0,61.35,127899382003.83891,99.02984883089675,C
L.C.H. CONSTRUCTION & TRADING PTE LTD,977700.0,2,1,97.02,4.24,78.87,127900359703.83891,99.03060584380553,C
NAM PLUMBING ENGINEERING PTE LTD,977601.1,1,1,93.51,5.0,84.88,127901337304.93892,99.03136278013808,C
STRATEGIC CONSTRUCTION PTE. LTD.,977000.0,1,1,83.78,3.35,94.23,127902314304.93892,99.03211925105133,C
KLP LLP,976021.0,9,7,91.93,3.91,72.37,127903290325.93892,99.0328749639451,C
CHEW WAH PRESS PTE LTD,975997.15,1,1,100.0,4.4,87.9,127904266323.08891,99.03363065837232,C
ZESTEC INTEGRATED PTE. LTD.,975180.0,5,1,83.05,4.49,66.85,127905241503.08891,99.03438572009716,C
MECHANTRONIC ENGINEERING PTE LTD,973053.0,9,1,90.23,4.44,63.99,127906214556.08891,99.03513913492986,C
GLOBAL MASCOT PTE. LTD.,972350.0,12,3,98.11,3.33,61.57,127907186906.08891,99.03589200544418,C
INSEAD,972260.0,2,2,86.8,5.0,84.23,127908159166.08891,99.03664480627337,C
ARTCOM,970570.26,5,1,83.91,3.44,93.44,127909129736.3489,99.03739629877177,C
EPIQ SINGAPORE PTE. LTD.,970530.46,3,2,93.46,4.23,96.72,127910100266.80891,99.03814776045388,C
RENAISSANCE INFOSYSTEMS PTE. LTD.,968437.0,1,1,82.95,3.88,79.17,127911068703.80891,99.03889760121315,C
TAT SOON PTE. LTD.,965510.0,3,3,80.61,4.25,73.31,127912034213.80891,99.0396451756568,C
INNOFLEX PTE. LTD.,964629.2,4,2,97.54,3.89,86.54,127912998843.00891,99.0403920681152,C
ACADEMY OF SPORTS AND EXERCISE SCIENCE PTE. LTD.,963564.44,5,3,75.59,3.39,75.88,127913962407.44891,99.04113813615194,C
"KAPTEYN-MURNANE LABORATORIES, INC.",963518.5,1,1,91.15,4.19,71.08,127914925925.94891,99.0418841686183,C
LENG HIANG CATERING,963184.5,3,2,85.19,4.27,82.78,127915889110.44891,99.04262994247534,C
WATERCHEM ENVIROTECH PTE. LTD.,962480.0,3,1,100.0,4.33,68.76,127916851590.44891,99.0433751708526,C
"The Northern Trust Company, Singapore Branch",961943.0,3,3,85.72,4.41,72.59,127917813533.44891,99.04411998344185,C
APEX SEALING TECHNOLOGIES PTE. LTD.,960064.25,2,1,83.38,4.13,79.92,127918773597.69891,99.04486334135379,C
FLEISHMAN-HILLARD INC.,958573.8,1,1,88.19,4.41,74.15,127919732171.49892,99.0456055452411,C
UBS Library Services Pte Ltd,958553.13,7,4,80.1,4.01,83.64,127920690724.62892,99.04634773312407,C
Hock Services (Pte) Ltd,958408.51,1,1,88.36,3.87,77.18,127921649133.13892,99.04708980903074,C
BIZLINK CENTRE SINGAPORE LTD,958398.6,8,6,93.82,3.65,94.06,127922607531.73892,99.0478318772643,C
SHINKAWA SINGAPORE PTE LTD,958348.33,1,1,70.24,2.86,69.5,127923565880.06892,99.04857390657484,C
C. S. SEATING & CONTRACT (S) PTE LTD,957940.0,2,2,87.21,3.96,79.35,127924523820.06892,99.04931561972391,C
TOP GUARD SECURITY MANAGEMENT PTE. LTD.,957600.0,2,2,82.2,2.83,63.14,127925481420.06892,99.05005706961799,C
APS ASIA PDA ENTERPRISE PTE. LTD.,956120.0,3,3,84.1,4.05,75.32,127926437540.06892,99.05079737357866,C
METROHM SINGAPORE PTE LTD,955515.56,8,6,89.19,4.58,80.52,127927393055.62892,99.05153720953392,C
ESS WEATHERTECH PTY LTD,954634.66,1,1,94.32,3.15,93.54,127928347690.28893,99.05227636342651,C
ST ELECTRONICS (ENTERPRISE 1) PTE. LTD.,954251.0,2,2,94.38,3.89,76.81,127929301941.28893,99.0530152202591,C
SARTORIUS SINGAPORE PTE. LTD.,953410.0,18,9,82.69,3.25,78.56,127930255351.28893,99.05375342592276,C
CHAMELEON EVENTS PTE. LTD.,952258.9,2,2,83.12,3.7,70.93,127931207610.18892,99.05449074031347,C
"SPECTRUM GAMING GROUP, L.L.C.",952200.25,1,1,95.57,3.98,77.84,127932159810.43892,99.0552280092927,C
BMK GLOBAL TRADING PTE. LTD.,951005.6,1,1,93.11,3.83,78.83,127933110816.03893,99.05596435327912,C
LIFEFORCE MAINTENANCE & SERVICES,950700.0,6,4,84.31,3.77,85.95,127934061516.03893,99.05670046064579,C
CERTIFER,950000.0,1,1,77.63,3.91,61.13,127935011516.03893,99.0574360260169,C
Agro Technic Pte Ltd,949200.0,3,1,100.0,4.81,83.11,127935960716.03893,99.05817097196454,C
YONG HUP SENG MESH CO PTE LTD,946648.0,1,1,89.62,5.0,64.76,127936907364.03893,99.05890394195133,C
ABRAMTLE INTERNATIONAL PTE. LTD.,946490.45,3,2,87.79,4.63,81.15,127937853854.48892,99.05963678995039,C
CENTRE FOR PERFORMANCE TRANSFORMATION (PTE.) LTD.,946249.0,14,8,94.88,3.28,74.47,127938800103.48892,99.0603694509997,C
WAVEREACH PTE. LTD.,945792.0,2,1,94.45,4.25,93.85,127939745895.48892,99.06110175820338,C
OPTVIO PTE. LTD.,943269.72,2,1,70.44,4.52,70.27,127940689165.20892,99.06183211245775,C
ADHESIVE PR,942722.95,1,1,73.06,2.9,71.24,127941631888.15892,99.0625620433594,C
DC-FM PTE. LTD.,942263.61,2,2,95.5,3.74,92.3,127942574151.76892,99.06329161860359,C
CUTECH INFOCOMM SOLUTIONS PTE. LTD.,941893.74,4,3,94.35,3.68,79.39,127943516045.50893,99.06402090746509,C
VERT ENERGIE PTE. LTD.,940870.0,1,1,84.28,4.11,88.87,127944456915.50893,99.06474940366586,C
PAN MASTER CRAFT CONSTRUCTION PTE. LTD.,940673.0,3,3,87.22,4.84,83.01,127945397588.50893,99.06547774733359,C
VILLAGE HOTEL CHANGI,939898.0,8,3,98.11,3.7,80.42,127946337486.50893,99.06620549093482,C
SOUTH POLE CARBON ASSET MANAGEMENT LTD,939677.0,2,2,87.38,3.19,87.32,127947277163.50893,99.06693306342034,C
PAIA CONSULTING PTE. LTD.,938600.0,2,2,83.91,5.0,67.42,127948215763.50893,99.067659802007,C
CONRAD CENTENNIAL SINGAPORE,938552.1,16,6,85.57,4.49,78.22,127949154315.60893,99.06838650350569,C
TQ SOLUTIONS PTE. LTD.,938150.0,1,1,82.9,4.0,81.17,127950092465.60893,99.06911289366666,C
GYRO COMMUNICATIONS PTE. LTD.,938100.0,1,1,91.54,3.48,85.21,127951030565.60893,99.06983924511364,C
DYNAMICS CIRCUIT (S) PTE. LTD.,938090.0,1,1,78.0,3.6,76.31,127951968655.60893,99.07056558881784,C
THINKSECURE PTE. LTD.,937800.0,1,1,100.0,4.27,74.55,127952906455.60893,99.07129170798105,C
B.T. GROUP PTE. LTD.,937780.0,2,1,79.83,5.0,87.83,127953844235.60893,99.07201781165865,C
IZEN BIOSCIENCES PRIVATE LIMITED,935200.0,1,1,77.88,3.62,93.12,127954779435.60893,99.07274191769557,C
MOORE STEPHENS LLP,935032.0,8,7,71.31,4.58,63.13,127955714467.60893,99.07346589365355,C
HIEND SOFTWARE PTE. LTD.,935000.0,1,1,89.07,4.07,79.46,127956649467.60893,99.07418984483459,C
Credit Management Consultancy (asia) Pte Ltd,933800.0,1,1,91.97,4.01,86.44,127957583267.60893,99.07491286688044,C
NANYANG TECHNOLOGICAL UNIVERSITY,932169.1,3,3,82.73,2.91,60.56,127958515436.70894,99.07563462615411,C
CAMBRIDGE ASSOCIATES ASIA PTE LTD,930000.0,1,1,100.0,4.51,78.34,127959445436.70894,99.07635470593847,C
FEDERAL FIRE ENGINEERING PTE LTD,929400.0,2,2,81.72,4.11,68.09,127960374836.70894,99.07707432115522,C
INSPIRE JOY,928045.0,5,1,84.85,3.31,81.11,127961302881.70894,99.07779288722347,C
Laerdal Singapore Pte Ltd,927429.58,8,3,100.0,3.85,83.46,127962230311.28894,99.07851097678474,C
TOKYO SANGYO SINGAPORE PTE. LTD.,927100.0,2,1,93.68,4.27,82.91,127963157411.28894,99.07922881115901,C
Metro Parking (S) Pte Ltd,925826.0,3,3,100.0,4.59,82.74,127964083237.28894,99.07994565910143,C
VTEC SYSTEMS (ASIA) PRIVATE LIMITED,925005.45,3,3,86.03,4.65,75.1,127965008242.73894,99.0806618717089,C
CALIBRE CONSULTING (SINGAPORE) PTE. LTD.,924606.0,8,5,88.45,3.57,91.34,127965932848.73894,99.0813777750305,C
ABTUS SINGAPORE PTE LTD,923677.53,1,1,97.14,4.63,91.69,127966856526.26894,99.08209295945699,C
SINGAPORE CHILDREN'S SOCIETY,922810.56,4,2,86.4,4.35,80.72,127967779336.82893,99.08280747260649,C
S E A T H SOCIETE DETUDE ET DAPPLICATION THERMIQUE (SEATH),918696.65,2,1,89.46,3.31,84.49,127968698033.47893,99.08351880044049,C
Winning Flag Enterprise Pte Ltd,915956.0,2,2,87.81,4.68,82.7,127969613989.47893,99.08422800624582,C
REFRESH WATER TRADING PTE LTD,915330.0,1,1,77.56,3.53,85.56,127970529319.47893,99.08493672735229,C
ROLAND BERGER PTE LTD,915000.0,2,1,87.08,4.11,80.07,127971444319.47893,99.08564519294659,C
FOODXERVICES INC. PTE. LTD.,912558.07,8,5,90.74,4.85,80.83,127972356877.54893,99.08635176780493,C
Exera Myanmar Limited,911312.15,1,1,87.95,4.05,86.14,127973268189.69893,99.08705737797315,C
BAKELS SINGAPORE (PRIVATE) LIMITED,911082.5,4,2,93.2,4.34,78.7,127974179272.19893,99.08776281032813,C
TRAVTUS MANAGEMENT GROUP PTE. LTD.,910138.0,3,2,86.23,5.0,83.04,127975089410.19893,99.08846751137628,C
GMP RECRUITMENT SERVICES (S) PTE LTD,909090.46,4,3,78.07,5.0,92.01,127975998500.65894,99.08917140133585,C
DLM PTE. LTD.,907500.0,1,1,93.75,4.36,96.04,127976906000.65894,99.0898740598351,C
PETER KLARE CONSULTING PTE. LTD.,906576.0,4,2,86.48,4.82,86.31,127977812576.65894,99.09057600290025,C
MEDS TECHNOLOGIES PTE LTD,906158.93,1,1,75.23,4.6,76.75,127978718735.58893,99.0912776230367,C
PRUDENTIAL ASSURANCE COMPANY SINGAPORE (PTE) LIMITED,905859.62,1,1,97.79,4.37,69.42,127979624595.20892,99.0919790114236,C
IH SINGAPORE PTE. LTD.,905561.38,5,3,100.0,4.83,90.25,127980530156.58893,99.09268016888946,C
ROFFEY PARK INSTITUTE LIMITED,905043.7,2,2,83.87,3.72,77.03,127981435200.28893,99.09338092552636,C
ALC TECHNOLOGIES PTE LTD,904142.0,5,3,88.2,4.4,75.97,127982339342.28893,99.0940809839956,C
FALCON EPC PTE. LTD.,903760.0,1,1,84.46,3.77,70.66,127983243102.28893,99.09478074669012,C
MITSUI-SOKO (SINGAPORE) PTE LTD,903296.0,1,1,98.34,4.2,81.18,127984146398.28893,99.09548015011904,C
KAISER-SGI (ASIA) PTE. LTD.,901829.96,1,1,87.82,4.03,93.96,127985048228.24893,99.09617841842348,C
ASPIRE! GROUP PTE. LTD.,900467.28,3,2,83.64,4.12,98.18,127985948695.52893,99.09687563163294,C
VISUAL STUDIO SINGAPORE PRIVATE LIMITED,899800.0,2,2,88.86,3.38,76.19,127986848495.52893,99.0975723281813,C
SAVANT INFOTECH SOLUTIONS PTE. LTD.,899702.0,5,4,71.78,3.78,78.12,127987748197.52893,99.09826894885026,C
HYPE RECORDS PTE LTD,899550.0,1,1,85.58,3.83,76.17,127988647747.52893,99.09896545182878,C
REM EVENT MANAGEMENT PTE. LTD.,899391.2,2,2,76.59,3.58,77.63,127989547138.72893,99.09966183185173,C
SLA DESIGN CONSULTANTS (S) PTE LTD,898985.0,3,3,89.44,3.81,85.81,127990446123.72893,99.10035789736243,C
K&C PROTECTIVE TECHNOLOGIES PTE. LTD.,898000.0,1,1,89.59,5.0,82.23,127991344123.72893,99.10105320020797,C
BNF ENGINEERING (S) PTE LTD,897757.5,1,1,87.49,3.25,61.94,127992241881.22893,99.10174831529076,C
ITALMATIC TYRE & RETREADING EQUIPMENT (ASIA) PTE LTD,897740.28,1,1,80.05,4.91,72.77,127993139621.50893,99.10244341704048,C
PLANISWARE SAS,895618.0,1,1,82.81,3.64,67.45,127994035239.50893,99.10313687555264,C
LIBRARYFORCE LIMITED,895159.9,2,2,98.36,4.32,96.34,127994930399.40892,99.10382997936742,C
MICE NEUROL PTE. LTD.,895055.9,2,1,83.82,4.24,64.99,127995825455.30891,99.10452300265715,C
J&CO ENGINEERING PTE. LTD.,893950.0,1,1,77.03,4.93,65.76,127996719405.30891,99.10521516967138,C
AVEC CHEM ASIA PACIFIC PTE. LTD.,892669.6000000001,5,2,88.23,4.62,71.83,127997612074.90892,99.10590634529835,C
Checkbox Technology Pty Ltd,890910.0,1,1,85.04,3.53,65.91,127998502984.90892,99.10659615850338,C
Air Venture Airconditioning Pte Ltd,890843.0,3,1,96.87,5.0,79.52,127999393827.90892,99.1072859198317,C
BRITISH COUNCIL (SINGAPORE) LIMITED,888680.0,4,3,99.14,4.77,89.96,128000282507.90892,99.1079740063938,C
AITBIOTECH PTE. LTD.,888361.52,12,8,87.85,5.0,70.85,128001170869.42892,99.10866184636343,C
STRATEGIC CAFES PTE. LTD.,886800.0,1,1,83.11,3.98,93.04,128002057669.42892,99.10934847728039,C
ROBERT BOSCH (SOUTH EAST ASIA) PTE. LTD.,885365.0,1,1,97.7,3.33,76.98,128002943034.42892,99.1100339971065,C
AMBULANCE MEDICAL SERVICE PTE. LTD.,884158.0,3,2,88.28,4.87,94.98,128003827192.42892,99.11071858237743,C
ARCHITECTS SG LLP,882920.0,2,2,84.33,3.56,69.84,128004710112.42892,99.11140220909056,C
SK CATERING EVENTS PTE. LTD.,882472.9,4,3,87.91,5.0,93.14,128005592585.32892,99.11208548962338,C
JIN CUISINE PTE. LTD.,881628.2,1,1,89.75,3.94,80.2,128006474213.52892,99.11276811612247,C
FIVE ALUMINIUM BOAT & ENGINEERING PTE. LTD.,881320.0,2,2,99.45,4.51,83.56,128007355533.52892,99.11345050398864,C
WISESCAN ENGINEERING SERVICES PTE LTD,881100.0,3,2,90.81,5.0,68.6,128008236633.52892,99.11413272151337,C
REDSTACK (S) PTE. LTD,878175.0,2,2,87.49,4.08,66.47,128009114808.52892,99.11481267427104,C
IBASE TECHNOLOGY PRIVATE LIMITED,877200.0,1,1,87.61,5.0,93.77,128009992008.52892,99.11549187210635,C
S K E ENGINEERING (S) PTE LTD,876082.0,3,3,91.52,3.08,81.39,128010868090.52892,99.11617020429735,C
CHATEAU ITALIA PTE LTD,875835.0,9,7,100.0,2.47,90.44,128011743925.52892,99.11684834524137,C
"SECTEK, INC",874642.1799999999,2,1,91.18,3.93,64.41,128012618567.70891,99.11752556260949,C
WIRA SECURITY SERVICES SDN. BHD.,874006.92,1,1,83.49,4.97,89.82,128013492574.6289,99.11820228810893,C
D & G MARKETING PTE. LTD.,873020.0,2,1,91.74,5.0,83.41,128014365594.6289,99.11887824945661,C
Squire Mech Private Limited,871402.0,3,2,93.66,4.6,75.08,128015236996.6289,99.11955295802032,C
BOOZ ALLEN HAMILTON INTERNATIONAL PTE. LTD.,869820.0,1,1,81.22,4.74,64.34,128016106816.6289,99.1202264416741,C
Mei De Engineering Pte Ltd,869600.0,2,2,96.3,4.48,75.4,128016976416.6289,99.12089975498645,C
INTEL TECHNOLOGY ASIA PTE LTD,869550.0,1,1,95.47,3.57,73.88,128017845966.6289,99.12157302958484,C
ADRENALIN GROUP PTE. LTD.,866658.55,5,2,82.16,3.84,72.55,128018712625.17891,99.12224406539322,C
HUP SENG FURNISHING & CONSTRUCTION PTE. LTD.,866214.0,5,3,100.0,4.1,70.64,128019578839.17891,99.12291475699571,C
REED BUSINESS INFORMATION PTE. LTD.,866140.0,1,1,82.72,4.23,74.08,128020444979.17891,99.12358539130155,C
CUT-E CONSULTING SINGAPORE PTE. LTD.,866033.0,1,1,94.49,3.69,64.62,128021311012.17891,99.12425594275949,C
CUBIC SPACE PRIVATE LIMITED,866000.5,12,10,82.83,3.3,74.09,128022177012.67891,99.12492646905335,C
INTERGLOW (S) PTE. LTD.,865813.08,2,1,98.82,4.38,75.28,128023042825.75891,99.12559685023177,C
96 BEVERAGE (ASIA) PTE. LTD.,864646.3500000001,6,5,84.92,4.6,81.02,128023907472.10892,99.12626632803529,C
IGINE PTE LTD,864158.0,1,1,79.47,4.1,91.53,128024771630.10892,99.12693542771946,C
LENTOR AMBULANCE PTE. LTD.,863990.0,2,2,98.96,4.24,76.68,128025635620.10892,99.12760439732472,C
ECO FIELD SERVICES PTE. LTD.,863915.0,3,3,91.7,3.78,80.96,128026499535.10892,99.12827330885902,C
MICE RANKING PTE. LTD.,863900.0,3,1,100.0,4.56,84.39,128027363435.10892,99.12894220877914,C
Force Technology,863693.98,1,1,100.0,3.95,58.9,128028227129.08891,99.12961094918222,C
"BROWN & BROWN OF GARDEN CITY, INC.",863577.62,5,1,83.19,3.99,98.99,128029090706.70891,99.13027959949015,C
SINGAPORE EMERGENCY AMBULANCE SERVICES PTE. LTD.,863185.0,2,2,85.74,3.71,87.8,128029953891.70891,99.13094794580056,C
COMMUTE SOLUTIONS GROUP PTE. LTD.,862500.0,4,4,100.0,3.42,92.36,128030816391.70891,99.13161576172959,C
PLEODATA PTE. LTD.,862085.0,3,3,100.0,4.85,66.29,128031678476.70891,99.13228325633271,C
ONEQ PTE. LTD.,860493.0,1,1,86.64,5.0,78.13,128032538969.70891,99.13294951828311,C
ELECTROTECH MECHANICAL SYSTEMS & TRADING PTE. LTD.,859600.0,2,1,96.48,3.86,86.98,128033398569.70891,99.13361508880207,C
Tractel Singapore Private Limited,859265.0,3,2,82.96,4.67,67.54,128034257834.70891,99.13428039993745,C
NIMROD ENGINEERING PTE LTD,858169.0,3,2,91.34,4.44,72.94,128035116003.70891,99.13494486246267,C
TSL Builders Pte Ltd,857930.0,2,2,89.13,3.97,80.27,128035973933.70891,99.13560913993516,C
DIGITAL BOOMERANG,857289.0,6,2,81.04,3.51,90.26,128036831222.70891,99.13627292109456,C
YONG SIN RENOVATION WORKS PTE LTD,856881.0,6,5,84.04,4.7,95.06,128037688103.70891,99.13693638634801,C
KOH CONTRACTS & SERVICES PTE. LTD.,856720.0,2,2,68.9,4.2,72.71,128038544823.70891,99.13759972694247,C
MO DESIGN,856231.54,1,1,88.03,3.74,75.49,128039401055.2489,99.13826268933245,C
ATKINS DESIGN ENGINEERING CONSULTANTS PTE. LTD.,856130.0,3,2,100.0,3.2,84.91,128040257185.2489,99.1389255731021,C
SUN JIN HONG CONSTRUCTION PTE. LTD.,855985.0,1,1,86.65,3.49,74.41,128041113170.2489,99.13958834460126,C
VIZEUM SINGAPORE PTE. LTD.,855796.0,2,2,83.68,4.48,80.57,128041968966.2489,99.14025096976161,C
MAC TRANSPORT SERVICE,855444.0,3,2,82.87,3.45,74.46,128042824410.2489,99.14091332237564,C
VIVIDTHREE PRODUCTIONS PTE. LTD.,853980.0,2,2,57.31,4.51,82.92,128043678390.2489,99.14157454144473,C
MAVENTREE TECHNOLOGY PTE. LTD.,853401.0,2,2,83.72,3.99,63.37,128044531791.2489,99.14223531220607,C
Palico Biotech Pte Ltd,852910.45,10,6,94.7,3.93,85.8,128045384701.6989,99.14289570314469,C
Sin Hong Yun Pte Ltd,852849.0,2,2,84.65,4.15,80.36,128046237550.6989,99.14355604650383,C
SIRSIDYNIX PTY LTD SINGAPORE BRANCH,852033.0,2,2,100.0,5.0,85.08,128047089583.6989,99.14421575805105,C
CAVU CORP PTE. LTD.,851081.16,1,1,85.08,4.25,83.04,128047940664.8589,99.14487473260822,C
URBAN FOREST DESIGN PTE LTD,850803.6799999999,3,3,93.4,4.46,80.33,128048791468.5389,99.14553349231834,C
KOH CHONG HO CO. PTE. LTD.,850000.0,1,1,68.59,4.39,81.36,128049641468.5389,99.14619162975565,C
CLOUD COMRADE PTE. LTD.,849305.15,2,2,100.0,4.06,66.98,128050490773.68889,99.14684922918498,C
ANTICS HOLDINGS PTE. LTD.,849242.5,1,1,81.89,4.29,66.26,128051340016.18889,99.14750678010569,C
IGNESIS ENGINEERING PTE. LTD.,847003.45,2,2,98.65,4.84,85.95,128052187019.63889,99.14816259737626,C
INGERSOLL-RAND SINGAPORE ENTERPRISES PTE. LTD.,845000.0,1,1,91.56,4.02,74.51,128053032019.63889,99.14881686341688,C
BAN HOCK HIN COMPANY PRIVATE LIMITED,844648.0,3,2,90.82,4.26,90.84,128053876667.63889,99.14947085691117,C
PENCIL GROUP PTE. LTD.,844301.0,4,4,92.9,3.96,75.31,128054720968.63889,99.15012458173054,C
KOMCO ENGINEERING PTE LTD,843392.0,3,2,82.99,3.74,68.1,128055564360.63889,99.15077760272999,C
SLE POWER ENGINEERING PRIVATE LIMITED,842998.0,1,1,81.48,4.51,72.26,128056407358.63889,99.15143031866339,C
MECTRON ENGINEERING PTE LTD,842220.0,1,1,100.0,2.88,79.76,128057249578.63889,99.15208243220745,C
NAVAL GROUP FAR EAST PTE. LTD.,841177.62,1,1,86.53,3.61,95.65,128058090756.25888,99.15273373865821,C
CONCEPT ELEMENTS PTE. LTD.,839330.0,4,4,89.52,3.97,77.6,128058930086.25888,99.153383614535,C
MINTONETTE SPORTS MANAGEMENT,837942.0,4,2,98.6,4.77,74.44,128059768028.25888,99.15403241571205,C
EMA PARTNERS SINGAPORE PTE. LIMITED,837000.0,1,1,83.61,4.55,94.76,128060605028.25888,99.15468048751798,C
Our Lady of Lourdes Nursing Home Pte Ltd,835000.0,1,1,87.98,3.3,74.74,128061440028.25888,99.15532701076522,C
PORTA PUMPER PTE LTD,834200.0,1,1,71.01,4.4,66.13,128062274228.25888,99.155972914589,C
SINGCON (M & E) SERVICES PTE. LTD.,833904.0,1,1,88.87,5.0,92.6,128063108132.25888,99.15661858922608,C
QS CONSULTANTS PTE. LTD.,833601.75,4,3,84.02,4.32,83.27,128063941734.00888,99.15726402983725,C
ACP OFFICE SUPPLIES PTE. LTD.,833002.0,2,2,93.71,4.15,79.81,128064774736.00888,99.15790900607438,C
MANDARIN ORCHARD SINGAPORE,832687.6,16,4,93.33,4.7,76.26,128065607423.60889,99.15855373887808,C
SIA HUAT PRIVATE LIMITED,832455.09,4,4,100.0,3.87,67.67,128066439878.69888,99.15919829165409,C
YI LI NURSERY SDN. BHD.,831740.8,12,1,100.0,4.11,85.56,128067271619.49889,99.15984229137013,C
Aeradio Technology Pte Ltd,831726.79,1,1,96.35,3.29,92.0,128068103346.28888,99.16048628023849,C
DIGIMAGIC COMMUNICATIONS PTE LTD,830605.0,3,3,75.57,3.16,86.02,128068933951.28888,99.16112940052805,C
ADAM KHOO LEADERSHIP COMPANY PTE. LTD.,830583.0,7,3,100.0,4.53,70.58,128069764534.28888,99.16177250378345,C
AVIATIONLEARN PTE. LTD.,830456.0,3,3,99.58,4.96,69.96,128070594990.28888,99.1624155087054,C
CYCLE & CARRIAGE AUTOMOTIVE PTE LIMITED,830415.44,5,3,85.54,4.11,73.14,128071425405.72888,99.16305848222255,C
YANGZHOU BUILDERS PTE. LTD.,830380.0,4,4,77.22,3.04,82.3,128072255785.72888,99.16370142829926,C
DATAWIN ENTERPRISES,829800.0,2,1,94.4,4.37,100.0,128073085585.72888,99.16434392529393,C
RAMKY SOLUTIONS PTE. LTD.,829000.0,1,1,80.93,4.4,63.77,128073914585.72888,99.16498580286516,C
Ingrid Design Pte Ltd,828738.0,4,3,87.64,3.85,72.68,128074743323.72888,99.16562747757519,C
TOYOTRON (PTE.) LIMITED,828000.0,1,1,88.48,3.98,76.63,128075571323.72888,99.16626858086708,C
CLEXTRAL,827310.0,1,1,87.36,3.64,63.99,128076398633.72888,99.16690914990622,C
PEOPLEBANK SINGAPORE PTE. LTD.,825634.61,1,1,88.7,4.4,92.07,128077224268.33888,99.16754842172548,C
TT INNOVATION AND TECHNOLOGY PTE. LTD.,825230.0,2,1,89.33,4.31,68.63,128078049498.33888,99.16818738026359,C
PMS PUBLISHERS SERVICES PTE LTD,824535.8099999999,5,3,89.41,4.78,93.03,128078874034.14888,99.16882580130473,C
SATO ASIA PACIFIC PTE. LTD.,823400.0,4,2,92.93,3.95,82.16,128079697434.14888,99.16946334291165,C
SEPTEMBER 21 ENTERPRISE PTE LTD,822552.67,7,1,96.72,4.0,69.79,128080519986.81888,99.17010022844848,C
ARBURG PTE LTD,820746.9,2,1,88.15,3.81,81.67,128081340733.71887,99.17073571581489,C
DHKS Pet Supplies Pte Ltd,819060.36,1,1,83.93,5.0,76.7,128082159794.07887,99.17136989732822,C
TAIGER SINGAPORE PTE. LTD.,818590.0,2,2,91.18,4.56,71.93,128082978384.07887,99.17200371465152,C
GSK GLOBAL PTE. LTD.,818503.02,7,4,85.73,4.03,78.66,128083796887.09888,99.17263746462802,C
SUPREME REFRIGERATION SERVICE PTE. LTD.,818373.0,2,2,99.92,3.71,76.81,128084615260.09888,99.17327111393271,C
E DE DESIGN & CONTRACTS,818120.0,6,3,72.24,4.07,81.62,128085433380.09888,99.17390456734474,C
ADAM KHOO OUTDOOR COMPANY PTE. LTD.,817148.0,5,2,95.63,4.36,58.24,128086250528.09888,99.17453726815724,C
HUNGLI PRIVATE LTD.,816400.0,1,1,96.71,4.84,86.45,128087066928.09888,99.17516938980879,C
SML SHIPYARD PTE LTD,815170.3,2,1,88.44,3.21,76.0,128087882098.39888,99.17580055932905,C
Fullerton Fund Management Company Ltd,815002.0,4,3,78.66,4.95,83.14,128088697100.39888,99.1764315985381,C
INTEXCO (PTE) LTD,814737.0,1,1,71.85,4.55,92.61,128089511837.39888,99.17706243256312,C
CHBC INTEGRATED BUILDERS PTE. LTD.,814151.0,3,2,100.0,4.2,81.28,128090325988.39888,99.17769281286044,C
HYRAX PTE. LTD.,813494.35,4,3,85.11,3.9,66.39,128091139482.74889,99.17832268472725,C
EXPERIAN CREDIT SERVICES SINGAPORE PTE. LTD.,813134.0,1,1,90.62,4.0,86.21,128091952616.74889,99.17895227758248,C
PRINCE'S LANDSCAPE PTE. LTD.,812768.0,2,2,93.17,3.61,62.81,128092765384.74889,99.17958158705149,C
MFT-SG PTE. LTD.,812353.0,1,1,81.39,4.05,84.27,128093577737.74889,99.18021057519456,C
BRANDTHINK PR SDN BHD,811582.88,1,1,100.0,4.33,76.2,128094389320.62889,99.18083896704964,C
IESVE SINGAPORE PTE. LTD.,810000.0,1,1,77.84,4.6,69.43,128095199320.62889,99.18146613331345,C
Yutaka Pte Ltd,809200.0,1,1,93.68,3.69,66.19,128096008520.62889,99.18209268015377,C
ASIA GEORESEARCH AGENCY CORPORATION PTE LTD,809116.0,4,1,85.26,4.7,92.88,128096817636.62889,99.18271916195462,C
CONNECT CENTRE PTE. LTD.,808100.0,3,3,100.0,3.66,67.62,128097625736.62889,99.18334485708768,C
ASIS TECHNOLOGIES PTE LTD,806852.0,3,2,86.52,3.91,84.95,128098432588.62889,99.18396958592012,C
KIM TIAM BUILDING CONTRACTOR PTE LTD,806800.0,2,2,82.12,4.8,55.41,128099239388.62889,99.18459427449004,C
HEULAB PTE. LTD.,805912.0,2,2,82.3,3.67,73.9,128100045300.62889,99.18521827549989,C
AMPHIRO AG,805800.0,1,1,100.0,5.0,68.56,128100851100.62889,99.18584218979046,C
ASCEND COM PTE. LTD.,805057.0,4,3,93.57,4.16,77.77,128101656157.62889,99.18646552879149,C
SHIFT PARTNERS PTE. LTD.,805050.0,2,1,73.96,4.48,81.36,128102461207.62889,99.18708886237256,C
Supratechnic Pte Ltd,804410.24,3,2,94.81,4.14,95.52,128103265617.8689,99.18771170060069,C
ADVENTURE PLUS PTE. LTD.,804025.0,7,2,62.07,3.43,77.55,128104069642.8689,99.18833424054544,C
TESCOM (SINGAPORE) SOFTWARE SYSTEMS TESTING PTE LTD.,803650.0,4,4,84.55,5.0,80.41,128104873292.8689,99.18895649013544,C
C'IGNATURE PASSION PTE. LTD.,803453.0,7,5,100.0,4.73,81.01,128105676745.8689,99.1895785871924,C
D'PERCEPTION RITZ PTE. LTD.,803305.45,5,5,73.82,3.81,83.3,128106480051.3189,99.19020057000446,C
FUTURE-MOVES GROUP PTE. LTD.,802400.0,5,4,76.76,4.47,76.63,128107282451.3189,99.19082185174528,C
YM PROJECTS PTE. LTD.,802238.0,5,4,92.68,5.0,85.67,128108084689.3189,99.19144300805286,C
THOMSON REUTERS ASIA PTE. LTD.,801691.0,5,3,95.15,4.0,77.47,128108886380.3189,99.19206374082962,C
BINNIES SINGAPORE PTE. LTD.,801400.0,1,1,84.26,3.95,69.44,128109687780.3189,99.19268424829112,C
NETRUST PTE LTD,800691.4,4,4,83.27,4.88,82.35,128110488471.71889,99.19330420709827,C
DREAMTECHNOLOGY SYSTEM PTE. LTD.,800000.05,1,1,89.21,3.7,80.53,128111288471.76889,99.1939236306074,C
ALPSOFT TECHNOLOGIES PTE. LTD.,799100.0,1,1,71.69,3.63,70.83,128112087571.76889,99.19454235722641,C
KRDS DIGITAL PTE. LTD.,798601.0,3,3,99.63,4.22,80.9,128112886172.76889,99.19516069748002,C
STARHIGH ASIA PACIFIC (PTE. LTD.),798045.54,2,2,93.4,4.92,66.33,128113684218.30888,99.19577860765244,C
SINBOR COMPANY (PRIVATE) LIMITED,797874.0,3,3,94.59,4.1,75.1,128114482092.30888,99.19639638500499,C
CHU TAT CO PTE LTD,797358.5,1,1,81.52,4.34,80.69,128115279450.80888,99.19701376321652,C
AIG EDENSPIEKERMANN LIMITED,796960.0,1,1,93.03,4.02,81.29,128116076410.80888,99.19763083287776,C
CRAMOIL SINGAPORE PTE LTD,796839.8,3,3,86.72,3.53,73.38,128116873250.60889,99.1982478094706,C
Caltron Pte. Limited,796657.0,11,6,87.79,3.42,63.18,128117669907.60889,99.1988646445252,C
SIMYIT CONSTRUCTION & TRADING COMPANY,795538.8099999999,4,1,71.01,5.0,89.05,128118465446.41888,99.19948061378837,C
SERBEST TRADING ENTERPRISE PTE. LTD.,795438.3999999999,2,1,89.54,4.27,66.02,128119260884.81888,99.20009650530615,C
QUANTS ASSOCIATES,795000.0,1,1,97.77,3.73,69.88,128120055884.81888,99.20071205737987,C
METRACO REFRIGERATION ENGINEERING PTE. LTD.,794850.0,2,2,100.0,4.31,74.38,128120850734.81888,99.2013274933117,C
GEOSOLV CONSULTING ENGINEERS LLP,794513.88,4,4,83.17,4.44,74.13,128121645248.69888,99.20194266899276,C
BEXOURCE PTE. LTD.,793701.42,12,11,96.63,4.48,70.82,128122438950.11888,99.20255721560281,C
ADVANTEST (SINGAPORE) PTE. LTD.,792810.31,1,1,91.55,3.92,69.41,128123231760.42888,99.20317107224481,C
ABTUS SINGAPORE PTE. LTD.,792631.78,1,1,94.02,4.42,74.06,128124024392.20888,99.20378479065472,C
ALL ELITE SECURITY PTE. LTD.,792000.0,1,1,77.44,4.13,80.83,128124816392.20888,99.20439801989043,C
TECHTRON CHAIR LINE (S) PTE. LTD.,789522.8,2,2,90.01,4.67,79.22,128125605915.00888,99.20500933108137,C
SINGAPORE MANAGEMENT UNIVERSITY,788107.0,4,4,76.53,4.36,82.17,128126394022.00888,99.20561954604761,C
HITACHI AQUA-TECH ENGINEERING PTE. LTD.,787640.0,2,1,78.34,5.0,75.79,128127181662.00888,99.20622939942541,C
Kay Ngee Tan Architects,787422.6,3,2,84.34,3.6,75.15,128127969084.60889,99.2068390844749,C
QE ELEMECH ENGINEERING PTE. LTD.,786240.0,1,1,92.78,4.19,87.6,128128755324.60889,99.20744785386162,C
DIESELTECH PTE LTD,785480.0,1,1,96.31,3.84,70.87,128129540804.60889,99.20805603479604,C
Ordnance Developments Ltd,784875.0,1,1,96.7,4.16,51.27,128130325679.60889,99.20866374729147,C
UT ENGINEERING PTE. LTD.,784800.0,1,1,98.67,4.01,77.48,128131110479.60889,99.20927140171595,C
PLAYWARE STUDIOS PTE. LTD.,784364.0,1,1,85.11,3.42,79.01,128131894843.60889,99.20987871855463,C
Megaforce Marketing Pte Ltd,783400.0,1,1,88.33,3.39,78.6,128132678243.60889,99.21048528898804,C
BENG SIEW CONSTRUCTION PTE LTD,782700.0,2,2,91.39,4.51,88.16,128133460943.60889,99.2110913174259,C
CH M&E GROUP PTE. LTD.,782196.5,4,4,92.71,4.28,61.54,128134243140.10889,99.21169695601412,C
AWA INDUSTRIAL PTE. LTD.,782172.0,1,1,85.75,4.08,71.31,128135025312.10889,99.21230257563249,C
THE MEDIA VILLAGE PTE LTD,782057.2,2,2,83.93,4.03,64.86,128135807369.30888,99.21290810636361,C
Straits Knowledge,781714.0,2,2,89.93,3.86,84.78,128136589083.30888,99.21351337136204,C
SOLUTIONS PLUS PTE. LTD.,780000.0,1,1,95.72,4.5,81.76,128137369083.30888,99.2141173092457,C
KINGSMEN PROJECTS PTE LTD,780000.0,1,1,83.88,4.78,94.34,128138149083.30888,99.21472124712936,C
KUNYI (SINGAPORE) PTE LTD,778992.0,2,1,91.95,3.99,85.78,128138928075.30888,99.21532440453943,C
MONZONE AIR-CONDITIONING PTE LTD,778735.0,1,1,99.62,4.13,70.82,128139706810.30888,99.21592736295972,C
OASIS SOLUTIONS PTE. LTD.,778553.4,2,2,90.49,4.4,80.59,128140485363.70888,99.21653018077089,C
AIR PRODUCTS SINGAPORE INDUSTRIAL GASES PTE. LTD.,777944.0,3,2,89.86,4.07,80.25,128141263307.70888,99.21713252673622,C
A+B Edu Tours and Travel Pte. Ltd.,776732.96,8,4,87.42,4.04,79.25,128142040040.66888,99.21773393501832,C
CMGRP UK LIMITED,776038.87,1,1,98.54,3.65,78.9,128142816079.53888,99.21833480588084,C
APKIM RESOURCES,775620.0,6,3,68.23,4.85,78.11,128143591699.53888,99.218935352421,C
ASPACIO DESIGN ASSOCIATES PTE LTD,775481.0,4,4,92.85,3.97,67.39,128144367180.53888,99.21953579133633,C
K.C. DAT (SINGAPORE) PRIVATE LIMITED,774810.0,3,3,100.0,5.0,89.07,128145141990.53888,99.22013571071022,C
PT DESIGN STUDIO PTE. LTD.,774633.56,2,1,82.89,3.54,94.39,128145916624.09888,99.22073549347026,C
E3 DESIGN PTE. LTD.,774344.53,1,1,86.98,3.81,84.83,128146690968.62888,99.22133505244034,C
NORDIC FLOW CONTROL PTE. LTD.,774192.0,1,1,100.0,4.09,73.43,128147465160.62888,99.2219344933096,C
U&P PTE. LTD.,772765.5,2,2,82.76,5.0,75.83,128148237926.12888,99.22253282966939,C
Envision Digital Singapore Pte. Ltd.,772397.6,1,1,82.92,4.04,76.83,128149010323.72888,99.22313088117181,C
STANDARD FORM PTE. LTD.,771890.5,2,1,82.78,3.61,79.93,128149782214.22888,99.22372854003717,C
ROGUE RESOLUTIONS LIMITED,771531.88,1,1,88.89,4.02,89.07,128150553746.10889,99.22432592123049,C
MEDIA ARCHITECTS PTE. LTD.,771050.65,6,6,82.79,4.3,80.55,128151324796.75888,99.22492292981734,C
"SHENZHEN FANGDA AUTOMATIC SYSTEM CO., LTD.",770000.0,1,1,93.72,3.73,87.76,128152094796.75888,99.2255191249076,C
HL SUNTEK INSURANCE BROKERS PTE. LTD.,769601.13,6,4,85.11,4.45,93.37,128152864397.88889,99.22611501116108,C
OGILVY PUBLIC RELATIONS WORLDWIDE INC.,769209.2,1,1,83.44,4.27,72.06,128153633607.08888,99.22671059395127,C
HONEYCOMBERS PTE. LTD.,768818.88,2,1,77.16,3.39,69.71,128154402425.96889,99.22730587452473,C
AUTODESK ASIA PTE LTD,768796.8,1,1,91.04,3.37,71.01,128155171222.76889,99.22790113800211,C
EZRA PRINT & PACK PTE LTD,767868.0,2,1,95.97,5.0,87.13,128155939090.76889,99.22849568232883,C
ASIA FOOD CAFETERIA,766800.0,1,1,97.97,4.42,82.86,128156705890.76889,99.22908939972523,C
NIKKO ASSET MANAGEMENT ASIA LIMITED,766000.3200000001,3,2,98.02,4.04,75.03,128157471891.0889,99.22968249794592,C
RESEARCH BIOLABS PTE LTD,765933.18,4,2,88.42,4.42,67.31,128158237824.26889,99.2302755441815,C
THE HOMELAB PTE. LTD.,765838.86,9,3,79.69,3.62,72.63,128159003663.12889,99.23086851738704,C
JNR EVENT PRIVATE LIMITED,765450.0,1,1,88.48,4.42,86.8,128159769113.12889,99.23146118950633,C
MANPOWER STAFFING SERVICES (SINGAPORE) PTE LTD,765124.53,12,9,84.13,3.81,68.4,128160534237.65889,99.23205360962092,C
AIM FIRE SYSTEMS & ENGINEERING PTE. LTD.,764800.0,2,2,91.3,3.87,65.44,128161299037.65889,99.23264577845863,C
GEOMIL EQUIPMENT B.V.,764500.0,1,1,95.88,3.41,59.23,128162063537.65889,99.23323771501255,C
Roche Diagnostics Asia Pacific Pte Ltd,763547.8,6,5,88.93,3.97,76.29,128162827085.4589,99.23382891429769,C
ARIS INTEGRATED MEDICAL PTE. LTD.,763328.0,2,1,91.31,4.42,65.51,128163590413.4589,99.23441994339622,C
ADVANCED BUSINESS SOFTWARE AND SOLUTIONS PTE. LTD.,763300.0,2,2,84.2,4.44,82.55,128164353713.4589,99.23501095081491,C
FAMILYWISE,763200.0,4,2,90.37,4.07,89.87,128165116913.4589,99.23560188080569,C
5 Estrelas Sistema de Seguranca LTDA,762443.0,1,1,87.07,3.89,72.25,128165879356.4589,99.23619222466701,C
COLLIN'S MOVERS PTE. LTD.,760923.0,5,5,90.59,4.65,77.63,128166640279.4589,99.23678139162374,C
TEAM AXIS CORPORATE PTE. LTD.,760140.0,12,3,83.07,4.19,91.12,128167400419.4589,99.23736995231974,C
LEISTRITZ SEA PTE. LTD.,760000.0,1,1,87.51,3.51,75.79,128168160419.4589,99.23795840461663,C
Klareco Communications Pte Ltd,758875.5,1,1,84.61,4.67,88.34,128168919294.9589,99.2385459862364,C
INTELLEDOX ASIA PTE. LTD.,758688.8400000001,2,2,96.52,4.4,87.18,128169677983.79889,99.2391334233292,C
STRAITS TIMES PRESS PTE. LTD.,758230.0,5,5,92.13,3.57,78.81,128170436213.79889,99.23972050515167,C
Tractors Singapore Limited,758000.0,1,1,100.0,3.16,79.17,128171194213.79889,99.24030740888988,C
INK AND PIXEL PTE. LTD.,756264.15,3,3,89.19,4.25,77.6,128171950477.94888,99.2408929685953,C
EMERGENT BIOSOLUTIONS CANADA INC.,756182.1,1,1,84.69,4.22,62.52,128172706660.04889,99.24147846477112,C
AR43 ARCHITECTS PTE. LTD.,756006.55,2,2,97.61,5.0,86.88,128173462666.59889,99.2420638250222,C
GOLDBELL WEIGH-SYSTEM PTE LTD,756000.0,1,1,65.34,4.69,72.74,128174218666.59889,99.24264918020174,C
IMS Mahajak Pro Audio Pte. Ltd.,755779.0,5,3,91.17,5.0,74.0,128174974445.59889,99.24323436426555,C
Hudson Hospitality DBA 20/20 Hotel Services,755439.13,1,1,80.99,5.0,66.09,128175729884.7289,99.24381928517504,C
NPE PRINT COMMUNICATIONS PTE. LTD.,753853.9,6,3,89.79,5.0,74.0,128176483738.62889,99.24440297867369,C
GERSTEL LLP,753609.0,4,2,74.88,4.7,76.27,128177237347.62889,99.24498648255134,C
GOLIN/HARRIS INTERNATIONAL PTE LIMITED,753197.7,2,2,88.28,3.75,81.45,128177990545.32889,99.24556966796789,C
EDMUND TIE & COMPANY (SEA) PTE. LTD,751908.9800000001,12,6,85.43,4.51,70.35,128178742454.30888,99.24615185555517,C
LIBERTY INTERNATIONAL UNDERWRITERS PTE. LTD.,750273.47,3,3,88.86,4.26,77.01,128179492727.77888,99.24673277680085,C
CONVIC PTY LTD,750000.0,1,1,73.35,4.02,66.33,128180242727.77888,99.24731348630436,C
VISUALWERKS,750000.0,1,1,95.99,4.71,75.58,128180992727.77888,99.24789419580789,C
SMSDOME PTE. LTD.,749312.8,1,1,80.88,2.71,80.71,128181742040.57889,99.24847437322664,C
MENDEL VERLAG GMBH & CO.KG,748656.0,2,2,92.7,4.26,84.83,128182490696.57889,99.24905404209872,C
TDS TECHNOLOGY (S) PTE LTD,748000.0,2,2,80.72,3.08,62.03,128183238696.57889,99.24963320304356,C
MAKINO ASIA PTE LTD,747453.0,2,1,86.41,4.87,67.51,128183986149.57889,99.2502119404576,C
ALIGN SMA PTE. LTD.,747446.6799999999,6,5,83.79,3.51,78.63,128184733596.25888,99.25079067297818,C
GF MACHINING SOLUTIONS PTE. LTD.,747300.0,3,2,84.27,4.11,87.58,128185480896.25888,99.25136929192749,C
THYE CHUAN ENGINEERING CONSTRUCTION CO. PTE LTD,746110.0,1,1,59.19,3.28,83.69,128186227006.25888,99.25194698948438,C
YONG FAN KIONG & CO,744520.0,2,2,98.31,4.65,94.72,128186971526.25888,99.25252345593711,C
Purple Circle Design Pte Ltd,743749.8,5,4,97.75,3.6,88.79,128187715276.05888,99.25309932603992,C
ABV SYSTEMS PTE LTD,743360.0,1,1,80.72,3.87,72.73,128188458636.05888,99.25367489432863,C
TEMPRESS SYSTEMS B.V.,743059.0,1,1,68.97,4.07,78.13,128189201695.05888,99.25425022955925,C
ARETHOS PTE. LTD.,742065.0,4,4,84.45,4.07,70.52,128189943760.05888,99.25482479515621,C
IIJ GLOBAL SOLUTIONS SINGAPORE PTE. LTD.,741944.0,2,2,77.65,4.06,83.18,128190685704.05888,99.25539926706539,C
HEATOLOGY LLP,741896.0,4,3,84.66,4.47,91.84,128191427600.05888,99.25597370180914,C
Porta Pumper Pte Ltd,741852.0,2,2,85.46,4.23,80.97,128192169452.05888,99.25654810248462,C
SMART WALKIE PTE. LTD.,739837.8,1,1,83.69,3.79,90.16,128192909289.85889,99.25712094360664,C
CGS CONSTRUCTION PTE. LTD.,739800.0,3,1,83.36,4.5,86.03,128193649089.85889,99.2576937554609,C
GOH TONG HENG ENGINEERING PTE LTD,738723.0,4,4,84.23,4.08,75.35,128194387812.85889,99.25826573341632,C
VEEV DIGITAL WORKS PTE. LTD.,737885.0,3,3,90.25,4.98,63.56,128195125697.85889,99.25883706252566,C
Asiatel(S) Pte Ltd,737441.0,6,5,89.49,2.87,90.5,128195863138.85889,99.25940804785498,C
NANOFLUX PTE. LTD.,737100.0,6,3,88.78,4.3,73.38,128196600238.85889,99.25997876915503,C
RED LION EMERGENCY AMBULANCE AND MEDICAL SERVICES PTE. LTD.,736855.0,1,1,85.13,3.7,91.57,128197337093.85889,99.26054930075664,C
AMEC FOSTER WHEELER ASIA PACIFIC PTE. LTD.,736489.0,2,1,92.91,4.16,62.55,128198073582.85889,99.261119548972,C
BLUE ORANGE PTE LTD,736238.0,4,4,91.97,4.49,73.01,128198809820.85889,99.26168960284328,C
NAM SOON TIMBER PTE LTD,734000.0,2,1,82.53,3.21,72.08,128199543820.85889,99.26225792387739,C
WORMWOOD PTE. LTD.,733906.0,3,1,83.37,4.38,85.07,128200277726.85889,99.26282617212922,C
Alfa Laval Singapore Pte Ltd,733900.0,2,2,94.56,4.67,66.91,128201011626.85889,99.2633944157354,C
"COLLIERS INTERNATIONAL INDONESIA, PT",733147.74,1,1,80.77,3.71,70.74,128201744774.59889,99.26396207688221,C
OUR FRIENDS ELECTRIC PTY LTD,731650.21,1,1,78.14,3.32,61.82,128202476424.8089,99.26452857852247,C
DINO EVENTS PTE. LTD.,730100.0,1,1,83.65,3.6,94.84,128203206524.8089,99.26509387986717,C
DEMBICON EQUIPMENT PTE. LTD.,729107.0,4,3,89.24,4.16,77.37,128203935631.8089,99.26565841235247,C
HONG UNION BUILDER PTE. LTD.,728617.0,1,1,96.22,3.79,83.08,128204664248.8089,99.26622256544088,C
RAVEL INNOVATION PTE. LTD.,728333.3200000001,2,2,83.11,4.1,84.89,128205392582.1289,99.26678649888177,C
TRUWATER SINGAPORE PTE. LTD.,728080.0,1,1,90.62,4.18,89.24,128206120662.1289,99.26735023618218,C
PT Bewe Kharisma Komunika (BW COMMS),728013.83,1,1,91.58,3.75,87.35,128206848675.95891,99.26791392224855,C
CHEMIKALIE PTE. LTD.,727206.98,6,5,78.87,3.73,67.22,128207575882.9389,99.26847698358762,C
MAVEN POTTER LLP,727100.0,2,1,84.74,4.22,56.99,128208302982.9389,99.2690399620943,C
VOUCH SG PTE. LTD.,726400.0,1,1,86.23,5.0,74.89,128209029382.9389,99.26960239860543,C
HOPE FIRST RESPONSE PTE. LTD.,723855.5,4,3,88.63,4.23,93.63,128209753238.4389,99.2701628649628,C
A.MAX PTE LTD,723228.1599999999,4,3,90.86,3.9,74.93,128210476466.5989,99.27072284558376,C
FLAME SPRAY TECHNOLOGIES PTE. LTD.,722988.0,1,1,96.73,4.76,87.42,128211199454.5989,99.27128264025379,C
BOON POH REFUSE DISPOSAL PTE. LTD.,722730.0,3,3,79.23,4.6,88.93,128211922184.5989,99.27184223515975,C
DYNAGLASS REINFORCED PLASTIC (PTE) LTD,722423.0,2,1,77.65,3.96,87.53,128212644607.5989,99.27240159236197,C
Resolving Limited,721217.68,1,1,75.28,4.4,73.04,128213365825.2789,99.2729600163098,C
SUEZ WATER TECHNOLOGIES & SOLUTIONS SINGAPORE PTE. LTD.,721002.35,2,1,87.54,4.47,78.1,128214086827.6289,99.27351827353206,C
VEC Environment Pte Ltd,720500.0,1,1,87.89,3.49,77.74,128214807327.6289,99.2740761417951,C
INFICON PTE LTD,719800.0,2,2,91.37,3.74,90.28,128215527127.6289,99.27463346806262,C
RHTLAW TAYLOR WESSING LLP,719441.75,16,15,83.2,4.53,73.61,128216246569.3789,99.27519051694456,C
ROYAL INSIGNIA PTE LTD,718378.5,3,2,79.7,5.0,72.27,128216964947.8789,99.27574674257397,C
ANTON PAAR SINGAPORE PTE. LTD.,718311.55,6,5,73.56,4.44,61.24,128217683259.42891,99.27630291636541,C
"Silicon Valley Microelectronics, Inc.",718209.0599999999,3,1,80.17,3.8,81.5,128218401468.4889,99.27685901080095,C
Reach Community Services Society,717972.5,3,2,76.62,3.97,89.06,128219119440.9889,99.27741492207296,C
VISCO JOINT STOCK,717657.79,1,1,62.07,4.46,83.0,128219837098.7789,99.27797058967151,C
OCCASIONS CATERING PTE. LTD.,717011.8300000001,8,8,88.73,3.55,83.3,128220554110.6089,99.2785257571166,C
SENSYS SINGAPORE PTE LTD,715960.0,6,4,89.5,5.0,96.63,128221270070.6089,99.27908011015145,C
BINJAI INTERIOR DESIGN PTE LTD,715910.0,2,2,97.29,3.21,86.29,128221985980.6089,99.27963442447233,C
KENTUCKY FRIED CHICKEN MANAGEMENT PTE LTD,715321.6,1,1,72.71,4.15,78.82,128222701302.20891,99.28018828320725,C
CONSIS ENGINEERING PTE. LTD.,714500.8,2,2,79.57,3.28,80.65,128223415803.00891,99.28074150641369,C
MEYER BURGER (NETHERLANDS) B.V.,714340.0,1,1,89.05,3.6,84.92,128224130143.00891,99.28129460511602,C
CHAN BUS SERVICES,713837.0,3,3,81.72,4.44,94.42,128224843980.00891,99.28184731435582,C
SPOC PLAN E PTE. LTD.,712525.0,1,1,88.26,4.57,78.15,128225556505.00891,99.28239900774115,C
Leaptron Engineering Pte Ltd,712510.0,5,3,82.14,4.42,75.46,128226269015.00891,99.28295068951228,C
L-META ENGINEERING PTE LTD,712500.0,1,1,91.07,4.6,81.86,128226981515.00891,99.28350236354062,C
SHINE SECURITY AGENCY AND INVESTIGATION PTE. LTD.,712200.0,2,1,95.98,4.12,80.54,128227693715.00891,99.28405380528515,C
VSOLUTIONS PTE LTD,712150.39,5,5,84.16,4.43,91.29,128228405865.39891,99.28460520861769,C
LAGOON EVENTS & ENTERTAINMENT PTE LTD,711833.02,5,1,100.0,4.75,69.37,128229117698.41891,99.2851563662172,C
ORIGINAL MEDIA PRIVATE LIMITED,710792.9,5,4,83.08,3.89,82.41,128229828491.31891,99.28570671847328,C
BROADCAST COMMUNICATIONS INTERNATIONAL PTE. LTD.,709978.0,3,3,95.53,4.1,70.54,128230538469.31891,99.28625643976913,C
ADVANCELAB (S) PTE. LTD.,709153.0,5,3,84.13,4.02,79.7,128231247622.31891,99.28680552228451,C
HIGHNESS ELECTRICAL ENGINEERING PTE. LTD.,708460.0,2,1,75.51,4.56,76.62,128231956082.31891,99.28735406822433,C
ARCHITECTS PROJECT GROUP LLP,708107.12,4,4,89.99,4.26,63.1,128232664189.4389,99.28790234093644,C
EARTH ENGINEERING PTE. LTD.,708000.0,2,2,67.17,4.15,75.11,128233372189.4389,99.28845053070776,C
Medicell Pharmaceutical (S) Pte Ltd,708000.0,1,1,75.56,4.79,78.64,128234080189.4389,99.28899872047909,C
JK59 TRANSPORT PTE. LTD.,707616.0,1,1,75.11,3.2,92.43,128234787805.4389,99.28954661292713,C
Maventree Technology Pte Ltd,707471.0,3,3,86.36,4.65,76.31,128235495276.4389,99.29009439310468,C
TASEK JURONG LIMITED,707410.6,1,1,75.54,4.95,82.94,128236202687.03891,99.29064212651576,C
SHARP SINGAPORE ELECTRONICS CORPORATION PTE. LTD.,707222.28,1,1,88.99,3.51,66.78,128236909909.31891,99.29118971411455,C
DNA Engineering Pte Ltd,706300.0,3,2,92.73,4.66,75.52,128237616209.31891,99.29173658761098,C
LIMRA ENGINEERING PTE. LTD.,703000.0,1,1,93.52,4.47,95.02,128238319209.31891,99.29228090598562,C
MOTOR IMAGE ENTERPRISES PTE LTD,702750.0,2,2,100.0,3.37,70.13,128239021959.31891,99.29282503079041,C
HUA HNG TRADING CO PTE. LTD.,702519.7,11,1,83.09,3.2,60.69,128239724479.0189,99.29336897727866,C
DESIGN INTERNATIONAL ARCHITECTS LLP,701776.7,4,3,87.17,3.45,71.57,128240426255.7189,99.29391234847738,C
HTP GmbH & Co. KG,701600.0,1,1,77.69,4.52,60.64,128241127855.7189,99.29445558286093,C
Edge Renovation LLC,701370.13,1,1,96.77,4.76,77.88,128241829225.8489,99.2949986392609,C
REPASSA SINGAPORE PTE LTD,700400.0,2,1,86.53,4.65,62.94,128242529625.8489,99.29554094450924,C
LE TACH PTE. LTD.,700200.0,1,1,89.08,3.57,74.38,128243229825.8489,99.29608309490172,C
TRINAX PRIVATE LIMITED,700197.0,3,3,85.54,4.3,69.8,128243930022.8489,99.29662524297137,C
SAMCO ENTERPRISE PTE LTD,700000.0,1,1,80.82,4.73,80.37,128244630022.8489,99.29716723850798,C
CITYSTATE ARDENT TRAVEL PTE LTD,699907.4,9,8,81.99,4.1,67.37,128245329930.2489,99.29770916234632,C
HOME-FIX D.I.Y. PTE LTD,699300.0,1,1,83.25,4.15,56.99,128246029230.2489,99.2982506158874,C
NATIONAL DOPE TESTING LABORATORY,698315.0,1,1,88.99,3.78,76.2,128246727545.2489,99.29879130676332,C
VECTOR BIOMED PTE. LTD.,697607.73,9,6,85.33,4.75,64.16,128247425152.9789,99.2993314500147,C
CLASSIC AIRCONDITIONING CO,696845.6799999999,2,1,81.23,4.01,75.72,128248121998.65889,99.29987100322651,C
VINTEDGE TECHNOLOGIES PTE. LTD.,696400.0,1,1,94.06,4.22,80.68,128248818398.65889,99.3004102113575,C
INTRAIX PTE. LTD.,696000.0,2,2,87.02,4.45,55.63,128249514398.65889,99.30094910977677,C
ARBSOLUTIONS ASIA PTE. LTD.,695700.0,2,2,85.19,3.81,65.68,128250210098.65889,99.30148777591222,C
Sinclair Communications Limited,695574.0,1,1,79.53,3.73,74.32,128250905672.65889,99.3020263444885,C
CALLAGHAN INNOVATION RESEARCH LIMITED,695000.0,1,1,88.52,4.34,66.2,128251600672.65889,99.3025644686284,C
FREIGHT LINKS LOGISTICS PTE. LTD.,694918.0,4,2,82.8,4.25,87.48,128252295590.65889,99.30310252927742,C
INNOVAX SYSTEMS PTE LTD,694100.0,1,1,94.98,4.34,79.42,128252989690.65889,99.30363995656595,C
SHOWA SPECIALTY GAS SINGAPORE PTE LTD,693833.61,2,1,88.26,3.97,70.96,128253683524.26889,99.3041771775942,C
3M TECHNOLOGIES (S) PTE. LTD.,693760.12,11,4,87.89,3.91,95.58,128254377284.38889,99.30471434172064,C
LOZON (S) PTE. LTD.,693058.7,8,5,80.12,3.2,86.61,128255070343.08888,99.30525096275208,C
CITEC INTERNATIONAL (SEA) PTE. LTD.,692720.0,2,2,80.37,3.99,72.31,128255763063.08888,99.30578732153512,C
PARKWAY COLLEGE OF NURSING & ALLIED HEALTH PTE. LTD.,692000.0,2,2,76.17,4.36,81.71,128256455063.08888,99.30632312283703,C
GLIDEROL DOORS (S) PTE LTD,690400.0,1,1,85.93,5.0,87.01,128257145463.08888,99.30685768529199,C
SILVERSKY PTE. LTD.,689915.85,1,1,92.15,3.42,81.3,128257835378.93889,99.30739187287962,C
ERNTEN TECHNOLOGIEN PTE. LTD.,688000.0,1,1,94.88,4.05,82.78,128258523378.93889,99.30792457706418,C
INFINITY DESIGN AND ENGINEERING PTE. LTD.,687252.3,3,3,91.66,4.2,65.82,128259210631.23889,99.30845670232009,C
CASUARINA SERVICES PTE. LTD.,687000.0,2,2,98.41,3.67,100.0,128259897631.23889,99.30898863222531,C
GLAXOSMITHKLINE PTE LTD,686565.0,1,1,83.13,4.88,80.04,128260584196.23889,99.309520225319,C
RED SPADE VENTURES PTE. LTD.,685986.0,1,1,79.22,4.39,68.58,128261270182.23889,99.31005137010499,C
FOUNDATION COMMUNICATIONS PTE. LTD.,685545.02,3,2,93.04,4.42,68.66,128261955727.2589,99.31058217344925,C
REFLEX-O RECREATIONS PTE LTD,685532.5800000001,4,4,84.19,4.22,79.6,128262641259.8389,99.31111296716149,C
MF TECH,685083.75,1,1,84.19,3.97,77.99,128263326343.5889,99.31164341335392,C
GLOBAL CONTROL SYSTEMS CORPORATION,683533.1,1,1,73.44,2.99,70.77,128264009876.6889,99.3121726589101,C
ICHI SEIKI PTE LTD,683200.0,3,3,93.5,3.19,51.99,128264693076.6889,99.31270164655383,C
SV BROS PTE. LTD.,683045.0,5,3,92.51,5.0,67.35,128265376121.6889,99.31323051418428,C
GPS LANDS (SINGAPORE) PTE LTD,683002.0,7,5,83.31,2.86,69.82,128266059123.6889,99.3137593485207,C
EVERTEAM PTE. LTD.,682641.0,13,5,80.59,5.0,85.56,128266741764.6889,99.31428790334229,C
TCP GLOBAL PTE. LTD.,682549.2,2,2,79.49,3.61,71.75,128267424313.8889,99.31481638708503,C
KNK DESIGN & BUILDER'S PTE. LTD.,682442.19,3,3,85.26,3.92,96.88,128268106756.0789,99.31534478797214,C
ELEMENT14 PTE. LTD.,681816.6,5,2,93.47,4.67,80.85,128268788572.67891,99.31587270447784,C
DE DIETRICH SINGAPORE PTE. LTD.,681658.0,3,1,93.08,3.97,87.06,128269470230.67891,99.31640049818283,C
NEW HORIZON DEVELOPMENT PTE LTD,681402.0174,4,1,79.37,4.11,70.29,128270151632.6963,99.31692809368579,C
EXER-FIT CONSULTANCY SERVICES,681362.0,7,5,75.31,4.56,68.54,128270832994.6963,99.3174556582041,C
MASTERPRO INDUSTRIAL PTE. LTD.,681337.2,2,2,91.32,4.35,86.49,128271514331.8963,99.31798320352027,C
MKS GLOBAL PTE. LTD.,681155.0,2,2,91.58,3.04,87.91,128272195486.8963,99.31851060776276,C
JD ACOUSTIC PTE. LTD.,680626.8300000001,4,3,73.25,4.01,78.92,128272876113.7263,99.31903760305414,C
HOGARTH & OGILVY,680230.0,1,1,86.81,2.48,73.86,128273556343.7263,99.31956429108824,C
Cafe-Bar Services,680000.0,1,1,95.72,4.04,88.63,128274236343.7263,99.32009080103809,C
LINDE GAS SINGAPORE PTE. LTD.,679400.0,2,1,87.44,4.75,78.25,128274915743.7263,99.32061684642034,C
KPMG ADVISORY SERVICES PTE. LTD.,679300.0,3,3,98.84,3.23,70.35,128275595043.7263,99.32114281437465,C
"Bonsey Jaden (Thailand) Co., Ltd.",677972.95,1,1,82.12,4.66,90.85,128276273016.6763,99.32166775482158,C
INCHONE PTE. LTD.,677950.0,3,3,95.16,3.32,74.09,128276950966.6763,99.32219267749879,C
TECHXPRESS PTE. LTD.,677605.0,4,3,94.47,3.37,78.54,128277628571.6763,99.32271733304962,C
MONGOOSE PUBLISHING PTE. LTD.,677094.0,4,2,82.75,4.2,85.63,128278305665.6763,99.32324159294372,C
Star Horizon Learning Pte Ltd,677078.0,7,3,100.0,3.83,88.35,128278982743.6763,99.32376584044934,C
LUMINARIES HOLDINGS PTE. LTD.,676510.0,1,1,85.97,4.65,78.82,128279659253.6763,99.32428964816431,C
VOLKSWAGEN GROUP SINGAPORE PTE LTD,676476.55,2,2,81.7,4.3,90.67,128280335730.2263,99.32481342997963,C
SINGEX EXHIBITIONS PTE. LTD.,676120.4,1,1,91.09,4.62,78.09,128281011850.6263,99.32533693603536,C
NATURAL COOL AIRCONDITIONING & ENGINEERING PTE LTD,675000.0,1,1,81.05,2.68,89.54,128281686850.6263,99.32585957458852,C
ACEXON TECHNOLOGIES PTE. LTD.,674780.0,3,1,80.88,4.4,68.31,128282361630.6263,99.32638204280023,C
MSTS ASIA (S'PORE) PTE. LTD.,673894.0,1,1,77.81,3.21,79.4,128283035524.6263,99.32690382500044,C
FAIRFIELD INDUSTRIES INCORPORATED,673777.41,1,1,99.23,3.82,85.27,128283709302.0363,99.32742551692743,C
DUN & BRADSTREET (SINGAPORE) PTE. LTD.,672013.17,5,5,91.7,4.32,74.76,128284381315.2063,99.32794584283984,C
ASIASTAR INTERNATIONAL CONSULTANCY PTE. LTD.,671350.03,11,6,92.74,3.62,85.97,128285052665.2363,99.32846565529665,C
IWATANI CORPORATION (SINGAPORE) PTE. LTD.,671080.0,1,1,91.36,3.24,90.12,128285723745.2363,99.3289852586748,C
388 PTE. LTD.,670800.0,2,2,88.89,5.0,65.01,128286394545.2363,99.32950464525474,C
K.B.C. ENGINEERING (PTE. LTD.),670000.0,1,1,87.3,3.28,67.23,128287064545.2363,99.33002341241122,C
TOTAL SWIMMING PTE LTD,669390.0,4,1,97.33,4.46,74.94,128287733935.2363,99.3305417072573,C
AYP STAFFING PTE. LTD.,669223.0,2,1,83.43,4.82,47.89,128288403158.2363,99.33105987279872,C
PRIME POWER (S) PTE LTD,668400.0,1,1,92.05,4.12,77.11,128289071558.2363,99.33157740110825,C
ZENO COMMUNICATIONS (UK) LIMITED,667830.1,1,1,80.1,4.06,63.06,128289739388.3363,99.332094488156,C
KIM TECHNOLOGY & SYSTEMS ENGINEERING PTE LTD,667710.0,2,2,100.0,3.94,90.15,128290407098.3363,99.33261148221278,C
ICON RESOURCES AND TECHNOLOGIES PTE LTD,667600.0,2,2,83.75,4.04,87.9,128291074698.3363,99.33312839109885,C
Echo Myanmar Communications Company Limited,665604.72,1,1,91.11,4.45,72.11,128291740303.0563,99.33364375508083,C
NOVUS DIGITAL SOLUTIONS PTE. LTD.,664664.0,1,1,86.24,4.44,91.94,128292404967.0563,99.33415839068275,C
ZOOLOO INFORMATION SYSTEMS PTE. LTD.,664636.49,2,1,100.0,4.77,79.98,128293069603.54631,99.33467300498425,C
Surfing Technology Beijing Ltd,664500.0,2,2,79.86,4.12,92.75,128293734103.54631,99.33518751360437,C
ACHIEVERS PLUS LLP,663650.65,2,2,90.21,3.58,73.29,128294397754.1963,99.33570136459032,C
YEO-LEONG & PEH LLC,663636.28,14,13,80.1,4.29,65.79,128295061390.4763,99.33621520444989,C
MASTERCARD ASIA/PACIFIC PTE. LTD.,663000.0,1,1,88.27,4.01,76.73,128295724390.4763,99.33672855165099,C
MOXIE DESIGN PTE. LTD.,662600.0,1,1,71.21,4.46,76.66,128296386990.4763,99.33724158914036,C
JOINT ANALYTICAL SYSTEMS (SINGAPORE) PTE. LTD.,661714.0,4,2,92.3,3.35,67.29,128297048704.4763,99.33775394061823,C
B.T. SPORTS PTE LTD,661700.0,1,1,93.67,3.87,78.12,128297710404.4763,99.33826628125621,C
DAS ACADEMY LTD.,660800.0,2,1,81.82,3.98,63.78,128298371204.4763,99.33877792504276,C
HEIMDALL DEFENCE PTE. LTD.,660727.6,2,1,89.52,2.77,66.63,128299031932.07631,99.33928951277151,C
ADVANCE COACH PTE. LTD.,660000.0,1,1,89.49,3.28,81.2,128299691932.07631,99.33980053713461,C
PINK APPLE PTE. LTD.,659753.0,4,2,93.58,3.76,67.63,128300351685.07631,99.3403113702507,C
PESTKARE PTE. LTD.,659520.0,1,1,96.18,3.34,81.56,128301011205.07631,99.34082202295971,C
ANG KUAH TRADING COMPANY,659423.9,2,1,100.0,4.26,70.79,128301670628.9763,99.34133260126046,C
PAPENDORF SOFTWARE ENGINEERING GMBH,659230.0,1,1,85.28,3.99,69.17,128302329858.9763,99.34184302942846,C
DIA Brand Consultants Pte. Ltd.,658800.0,3,3,90.4,4.14,80.43,128302988658.9763,99.34235312465636,C
NEXUS ANALYTICS PTE. LTD.,658389.0,4,4,76.82,4.5,80.61,128303647047.9763,99.34286290165544,C
LEWIS PUBLIC RELATIONS PTE. LTD.,658213.78,2,2,83.51,5.0,82.88,128304305261.7563,99.34337254298529,C
SNC-LAVALIN (MALAYSIA) SDN. BHD.,657325.0,1,1,71.12,4.16,76.68,128304962586.7563,99.34388149615116,C
TRUSSCO PTE LTD,657262.98,2,1,100.0,3.54,90.77,128305619849.7363,99.34439040129621,C
TRIPPLE LLP,656916.8,2,1,80.91,5.0,79.0,128306276766.5363,99.34489903840125,C
POTENTIAL HITECH INDUSTRIES (S) PTE. LTD.,656796.95,1,1,84.24,4.31,76.49,128306933563.4863,99.3454075827089,C
GLOBAL SPECIALISED SERVICES PTE. LTD.,656201.14,7,2,93.86,3.88,65.24,128307589764.6263,99.34591566569318,C
Ntegrator Pte Ltd,655285.0,2,2,100.0,4.06,49.18,128308245049.6263,99.3464230393292,C
ALBERT PANG TRANSPORT,655200.0,2,2,81.82,4.74,69.52,128308900249.6263,99.34693034715147,C
KORN/FERRY INTERNATIONAL PTE. LTD.,653751.0,4,3,87.96,3.4,74.21,128309554000.6263,99.34743653304298,C
CHS ES HOLDINGS LIMITED,653300.0,1,1,97.32,3.69,76.92,128310207300.6263,99.34794236973451,C
IPS SECUREX PTE. LTD.,652943.01,3,3,87.91,3.63,77.91,128310860243.63629,99.34844793001605,C
FJ VANITY BUSINESS SERVICES,652234.0,2,2,77.5,3.82,71.33,128311512477.63629,99.3489529413258,C
Esco Micro Pte Ltd,651786.0,4,4,70.36,4.18,78.68,128312164263.63629,99.34945760575842,C
LIAN HOE DECOR PTE. LTD.,651775.15,3,2,98.14,4.82,67.97,128312816038.78629,99.3499622617901,C
ACE BUILDING SERVICES PTE. LTD.,651300.0,1,1,92.18,3.66,64.65,128313467338.78629,99.35046654992293,C
NOMURA ASSET MANAGEMENT SINGAPORE LIMITED,650002.0,2,2,98.91,5.0,71.0,128314117340.78629,99.35096983304122,C
OFFICE VENDORS PTE. LTD.,650000.0,1,1,72.19,3.52,65.75,128314767340.78629,99.35147311461093,C
FUSION GENESIS PTE. LTD.,649900.0,3,2,91.15,3.75,49.06,128315417240.78629,99.3519763187527,C
"SHANGHAI PROSEGUR SECURITY SERVICES CO., LTD",649752.58,1,1,66.34,4.16,67.2,128316066993.36629,99.35247940875021,C
SHANGRI-LA HOTEL,648624.0,5,4,91.09,2.64,82.41,128316715617.36629,99.35298162491156,C
DUO MEDICAL PTE. LTD.,648000.0,1,1,77.09,3.93,82.29,128317363617.36629,99.3534833579226,C
ARCHITECTS TEAM 3 PTE. LTD.,648000.0,3,2,81.2,3.85,69.51,128318011617.36629,99.35398509093363,C
Procems Asia-Pacific Pte Ltd,647020.0,1,1,74.44,3.56,64.28,128318658637.36629,99.35448606515092,C
BOK SOON BOAT BUILDER,646710.0,3,1,93.61,4.27,77.67,128319305347.36629,99.3549867993416,C
HUMAN CAPITAL (SINGAPORE) PTE. LTD.,646330.0,3,3,77.96,4.07,84.39,128319951677.36629,99.35548723930616,C
CREO ADWORLD PTE. LTD.,646240.0,1,1,75.89,4.21,86.41,128320597917.36629,99.35598760958555,C
FOUR SQUARES LLC,646220.0,2,1,94.56,3.62,73.5,128321244137.36629,99.35648796437937,C
ROCHE DIAGNOSTICS ASIA PACIFIC PTE LTD,646127.8,4,4,84.9,4.4,80.05,128321890265.16629,99.35698824778463,C
YEN LEE FIREWELD PTE LTD,645827.0,2,1,92.57,3.99,71.85,128322536092.16629,99.35748829828665,C
CLIFFORD CONSTRUCTION & SERVICES PTE. LTD.,645640.0,2,2,91.43,4.33,87.39,128323181732.16629,99.35798820399846,C
EXPERIENTIAL CREATIONS PTE. LTD.,645153.0,5,4,79.89,3.93,69.04,128323826885.16629,99.35848773263622,C
Megachem Limited,645110.9,3,2,88.81,4.31,61.7,128324471996.06628,99.35898722867682,C
Zelos Developers Private Limited,644511.81,1,1,89.75,4.32,79.83,128325116507.87628,99.3594862608544,C
VERYDAY AB,643939.0,1,1,91.74,4.94,67.77,128325760446.87628,99.35998484951705,C
SOMPO INSURANCE SINGAPORE PTE. LTD.,643806.98,2,2,95.18,3.73,69.87,128326404253.85628,99.36048333595934,C
FICO PTE. LTD.,643500.0,1,1,77.06,3.82,91.42,128327047753.85628,99.36098158471334,C
Ban Chuan Trading & Engineering Pte Ltd,643200.0,1,1,90.65,3.38,76.43,128327690953.85628,99.36147960118356,C
"BGI TECH SOLUTIONS (HONGKONG) CO., LIMITED",642670.7,1,1,99.81,3.86,91.79,128328333624.55627,99.36197720782772,C
BRK INTERNATIONAL PTE. LTD.,641808.0,3,2,95.35,4.02,87.13,128328975432.55627,99.36247414650109,C
URBAN 3 ARCHITECTS,641450.0,4,2,95.58,4.64,82.47,128329616882.55627,99.36297080798246,C
SPEECHOCEAN LIMITED,641000.0,3,1,82.95,3.92,84.05,128330257882.55627,99.36346712103813,C
TYT CORPORATION PTE LTD,639547.74,3,2,91.74,3.53,81.69,128330897430.29628,99.3639623096389,C
ADHESIVE PUBLIC RELATIONS PTY LTD,638726.21,1,1,93.49,4.01,74.48,128331536156.50629,99.36445686214596,C
IDS MEDICAL SYSTEMS (SINGAPORE) PTE. LTD.,638326.2,15,5,98.5,4.39,77.25,128332174482.70628,99.36495110493352,C
OVERSEA-CHINESE BANKING CORPORATION LIMITED,637622.0,3,3,100.0,3.14,87.91,128332812104.70628,99.36544480247359,C
Crown Worldwide Pte Ltd,637038.95,8,8,100.0,4.87,82.82,128333449143.65628,99.36593804857009,C
KING AUTO TECHNOLOGIES & ENGINEERING PTE. LTD.,636975.0,2,2,92.95,4.52,71.68,128334086118.65628,99.36643124515142,C
M S R ENGINEERING PTE. LTD.,636811.0,4,3,92.99,4.15,74.69,128334722929.65628,99.36692431475095,C
ENERGREEN TECHNOLOGIES PTE. LTD.,636636.0,1,1,79.97,4.25,85.3,128335359565.65628,99.36741724885158,C
INVOKE PTE. LTD.,636099.22,1,1,76.21,5.0,83.06,128335995664.87628,99.36790976733457,C
B. Braun Singapore Pte Ltd,633975.0,8,5,83.98,4.41,63.32,128336629639.87628,99.36840064107788,C
CARE INCORPORATION PRIVATE LIMITED,633136.0,1,1,97.57,2.9,70.68,128337262775.87628,99.36889086520084,C
BUREAU VAN DIJK ELECTRONIC PUBLISHING PTE. LTD.,633000.0,1,1,86.96,3.87,73.56,128337895775.87628,99.3693809840218,C
ACTIVISTE PTE. LTD.,631650.0,4,4,96.66,4.52,75.34,128338527425.87628,99.36987005756566,C
"COMIN KHMERE CO., LTD",630475.8200000001,2,1,80.0,4.41,76.13,128339157901.69629,99.37035822196621,C
MEDGENOME LABS LIMITED,630000.0,1,1,85.56,3.47,65.07,128339787901.69629,99.37084601794916,C
EGON ZEHNDER INTERNATIONAL PTE LTD,630000.0,3,2,94.79,3.34,83.0,128340417901.69629,99.37133381393211,C
OCTOPUS DESIGN & CONSULTANT PTE. LTD.,629151.0,3,3,96.95,3.75,67.32,128341047052.69629,99.37182095255191,C
PLAYTIVATE PTE. LTD.,628250.0,2,2,69.57,3.93,83.27,128341675302.69629,99.37230739354602,C
HOTEL MIRAMAR (SINGAPORE) LIMITED,627465.0,7,3,93.46,5.0,97.01,128342302767.69629,99.37279322673085,C
DOSK CONTRACT SERVICES PTE. LTD.,627000.0,2,2,88.17,5.0,70.68,128342929767.69629,99.37327869987578,C
INRESEARCH PTE. LTD.,626975.0,5,4,87.48,4.51,67.39,128343556742.69629,99.37376415366374,C
HYDRA TECH PTE. LTD.,626041.11,2,2,87.35,4.77,76.11,128344182783.80629,99.37424888435997,C
FUTURA SOLUTIONS PTE. LTD.,625400.0,2,1,72.58,3.59,89.93,128344808183.80629,99.37473311865797,C
"AGAPE, CONNECTING PEOPLE PTE. LTD.",625109.0,4,4,94.5,3.88,78.47,128345433292.80629,99.37521712764067,C
DAITRON (MALAYSIA) SDN. BHD.,625000.0,1,1,64.48,3.39,91.82,128346058292.80629,99.37570105222694,C
MANULIFE ASSET MANAGEMENT (SINGAPORE) PTE. LTD.,625000.0,1,1,83.13,3.76,94.34,128346683292.80629,99.37618497681319,C
DATAVOICE TECHNOLOGY PTE. LTD.,624834.0,1,1,91.46,4.37,75.22,128347308126.80629,99.3766687728691,C
LEEDEN FIRE SAFETY PTE. LTD.,624280.8,3,2,90.79,4.61,75.76,128347932407.6063,99.37715214059365,C
SOLO PTE. LTD.,624144.0,1,1,77.59,5.0,74.05,128348556551.6063,99.3776354023968,C
ACCURATE GENERAL GORP.,623178.73,1,1,77.44,4.0,65.79,128349179730.33629,99.37811791681132,C
QUANTUM INVENTIONS PRIVATE LIMITED,622925.0,2,2,87.68,4.69,85.38,128349802655.33629,99.37860023476797,C
Eng Hiap Kiong General Contractor Pte Ltd,622116.0,1,1,70.02,5.0,74.9,128350424771.33629,99.37908192633262,C
TANG K.L. ENGINEERING PTE LTD,621632.8,1,1,86.02,4.01,69.37,128351046404.13629,99.37956324376549,C
RIC-TAT TRANSPORT SERVICE,621230.0,3,1,95.75,3.58,71.72,128351667634.13629,99.38004424931864,C
ERIDEON PRIVATE LIMITED,621000.0,1,1,83.15,4.12,76.79,128352288634.13629,99.38052507678756,C
"Connex Communications Co,, Ltd",620879.63,1,1,67.76,4.04,85.86,128352909513.7663,99.38100581105647,C
K. A. FABRIC SHUTTERS PTE. LTD.,620390.0,1,1,84.15,3.02,82.33,128353529903.7663,99.38148616621498,C
MOEPHOSIS CONCEPTS PTE. LTD.,619273.0,6,2,89.92,2.32,83.26,128354149176.7663,99.38196565650347,C
JOSHUA RESEARCH CONSULTANTS PTE. LTD.,618196.0,2,1,83.35,4.95,68.23,128354767372.7663,99.38244431289311,C
Simyit Construction & Trading Co.,618181.12,2,1,88.98,3.52,90.14,128355385553.88629,99.3829229577615,C
GEE SHENG MACHINERY & ENGINEERING PTE LTD,617850.0,1,1,89.72,4.3,67.28,128356003403.88629,99.38340134625048,C
"ZENI LITE BUOY CO., LTD. , SINGAPORE BRANCH",617500.0,3,1,82.24,3.48,80.22,128356620903.88629,99.3838794637417,C
ABL CONSULTANTS PTE. LTD.,616837.0,9,3,90.06,3.65,80.56,128357237740.88629,99.38435706788573,C
POWERTOOLS SINGAPORE PTE. LTD.,615399.6,1,1,82.95,4.03,55.4,128357853140.4863,99.38483355908065,C
OMEGA SCIENTIFIC TAIWAN LIMITED,614643.5,1,1,100.0,4.5,67.89,128358467783.9863,99.38530946484295,C
CALYTRON ENGINEERING PTE LTD,614500.0,1,1,78.32,3.46,76.59,128359082283.9863,99.38578525949615,C
PERNIAGAAN TUNAS HARAPAN,614360.0,6,1,84.42,4.13,69.1,128359696643.9863,99.38626094575027,C
QVISTA PTE. LTD.,614025.0,2,1,92.27,4.43,84.62,128360310668.9863,99.38673637262077,C
SIGMA ELEVATOR SINGAPORE PTE. LTD.,613904.0,3,3,89.18,3.23,84.69,128360924572.9863,99.38721170580351,C
AVM ENGINEERING PTE. LTD.,613130.0,4,3,100.0,4.57,84.77,128361537702.9863,99.38768643969402,C
SIMPLIFYNEXT PTE. LTD.,612916.0,4,4,100.0,3.72,91.33,128362150618.9863,99.38816100788877,C
CLOVER GLOBAL PTE. LTD.,612753.59,1,1,85.17,4.29,77.81,128362763372.5763,99.3886354503328,C
SEMBCORP POWER PTE LTD,612411.74,2,2,99.45,4.23,57.68,128363375784.3163,99.38910962808944,C
ESPRIMO PTE. LTD.,612008.5,4,3,85.77,3.68,88.06,128363987792.8163,99.3895834936257,C
SCIENCEWERKE PTE. LTD.,611532.8,3,2,85.21,3.33,69.81,128364599325.6163,99.39005699083725,C
SIGNMECHANIC PTE LTD,610830.0,3,2,92.92,5.0,80.06,128365210155.6163,99.3905299438853,C
R3 ENGINEERING PTE. LTD.,610670.0,2,2,81.91,4.71,69.81,128365820825.6163,99.39100277304864,C
SCANIA SINGAPORE PTE LTD,610000.0,1,1,87.47,3.82,72.32,128366430825.6163,99.39147508344483,C
SCIENTE CONSULTING PTE. LTD.,609803.0,2,2,85.05,3.44,68.27,128367040628.6163,99.39194724130799,C
TRANSPORT MINISTRY (EXCURSION),609060.0,1,1,84.41,4.56,66.72,128367649688.6163,99.3924188238816,C
ON ENGINEERS PTE. LTD.,609000.0,2,2,87.71,3.21,72.9,128368258688.6163,99.39289035999846,C
5 ESTRELAS SISTEMAS DE SEGURANCA LTDA,608951.0,1,1,89.37,4.82,86.57,128368867639.6163,99.39336185817562,C
Zugo Photonics Pte Ltd,608679.54,4,2,76.02,3.51,81.36,128369476319.1563,99.39383314616693,C
AGRI OPUS PROBA PTE. LTD.,607801.99,2,2,93.46,4.3,92.02,128370084121.1463,99.39430375468939,C
TAG TEAM INC. PTE. LTD.,607608.0,2,2,72.73,5.0,64.51,128370691729.1463,99.3947742130094,C
PAPRIKA GLOBAL PTE. LTD.,607185.26,1,1,94.29,3.27,69.25,128371298914.4063,99.39524434401056,C
SILVER BULLET COMMUNICATIONS PTE. LTD.,606430.09,3,1,76.06,4.32,83.34,128371905344.49629,99.39571389029919,C
ABSG CONSULTING INC.,606094.0,2,2,88.48,5.0,84.54,128372511438.49629,99.3961831763603,C
PP CONSULTING,605200.0,1,1,97.95,3.67,85.69,128373116638.49629,99.39665177021566,C
NATIONAL INSTRUMENTS SINGAPORE (PTE) LTD,604356.5,3,3,90.6,3.65,68.53,128373720994.99629,99.39711971096641,C
OSG CONTAINERS AND MODULAR PTE. LTD.,604100.0,2,2,87.12,3.91,96.13,128374325094.99629,99.39758745311451,C
TOTEX CORPORATION,603753.5,2,1,95.13,4.64,71.36,128374928848.49629,99.39805492697481,C
TNB ACCELERATOR PTE. LTD.,603333.3200000001,2,2,89.32,3.78,95.71,128375532181.8163,99.39852207549843,C
NINEMER COMMUNICATIONS PTE. LTD.,603200.0,3,2,81.45,3.33,72.32,128376135381.8163,99.39898912079512,C
AITECH ROBOTICS AND AUTOMATION PTE. LTD.,601603.0,1,1,90.58,5.0,93.49,128376736984.8163,99.39945492956772,C
MAHRINAS (M) SDN. BHD.,601560.0,1,1,81.63,4.02,76.14,128377338544.8163,99.3999207050463,C
K.K. LOGISTICS,601092.1799999999,2,1,76.61,4.33,77.39,128377939636.99629,99.40038611830151,C
CBRE GWS PTE. LTD.,601086.78,1,1,95.97,3.92,90.82,128378540723.77629,99.40085152737562,C
LIBERTY INSURANCE PTE LTD,600065.0,3,3,91.34,4.12,95.16,128379140788.77629,99.40131614530658,C
VOITH TURBO PTE. LTD.,600000.0,1,1,92.98,3.2,71.59,128379740788.77629,99.4017807129094,C
EAT RIGHT PTE. LTD.,599749.0,3,1,87.35,3.78,75.06,128380340537.77629,99.4022450861681,C
INVADE INDUSTRY PTE. LTD.,599541.11,1,1,92.17,3.53,81.87,128380940078.88629,99.40270929846186,C
ICF CONSULTING SERVICES HONG KONG LIMITED,599108.0,1,1,90.51,3.58,99.28,128381539186.88629,99.4031731754075,C
SYSKEY TECHNOLOGY PTE. LTD.,598400.0,2,2,87.06,3.79,88.66,128382137586.88629,99.40363650416337,C
TINDO PTE. LTD.,598280.0,2,2,94.81,4.14,76.57,128382735866.88629,99.40409974000572,C
TEE HAI CHEM PTE LTD,598176.4199999999,6,3,79.53,4.9,67.51,128383334043.30629,99.40456289564821,C
CLD CONSTRUCTION PTE. LTD.,597986.0,5,2,85.32,3.84,78.48,128383932029.30629,99.40502590385243,C
RC HOTELS (PTE) LTD,597248.8,11,9,77.44,3.7,86.26,128384529278.1063,99.40548834125794,C
"PRESTIGE PUBLIC RELATIONS INTERNATIONAL CO., LTD",596332.8,1,1,88.3,3.91,94.75,128385125610.9063,99.40595006942357,C
FEDERAL INSURANCE COMPANY,596089.9,4,4,85.04,4.36,72.26,128385721700.80629,99.40641160951674,C
P & E Technical Services Pte Ltd,596000.0,1,1,80.16,3.4,100.0,128386317700.80629,99.40687308000219,C
"STRATEGIC WORKS, (STRATWORKS) INC",595584.05,2,1,91.16,4.45,79.52,128386913284.8563,99.40733422842615,C
STELLENT NETWORKS PTE. LTD.,595484.0,4,3,98.51,3.56,78.98,128387508768.8563,99.40779529938348,C
G4S HOLDING INC,595403.31,1,1,82.26,3.72,69.72,128388104172.16629,99.40825630786419,C
TSK ENGINEERING PTE. LTD.,595010.0,4,3,87.54,4.51,66.66,128388699182.16629,99.40871701181312,C
LIANG SENG SPORTS EQUIPMENT PTE LTD,594709.0,3,2,78.75,3.69,63.87,128389293891.16629,99.40917748270395,C
R A INTERNATIONAL MARKETING,593519.86,4,2,79.75,2.65,78.28,128389887411.02629,99.40963703286825,C
Instructure Global Limited,593194.75,2,2,91.85,5.0,93.1,128390480605.77629,99.41009633130659,C
CONCEPT ALLIANCE ASIA PTE. LTD.,591048.0,1,1,90.66,4.57,83.21,128391071653.77629,99.41055396756077,C
SUNYAU EXPO PTE LTD,590991.0,2,2,93.98,3.42,73.07,128391662644.77629,99.41101155968103,C
LUXLIGHT PTE. LTD.,590949.0,1,1,99.54,4.1,93.17,128392253593.77629,99.41146911928155,C
METTLER-TOLEDO (S) PTE LTD,590429.31,5,5,94.97,4.26,93.69,128392844023.08629,99.41192627649684,C
ONG YAO KWANG,590400.0,2,1,88.66,2.57,86.73,128393434423.08629,99.41238341101801,C
KHL PRINTING CO. PTE LTD,589994.8,3,2,89.85,5.0,93.79,128394024417.88629,99.4128402318012,C
VEEV INTERACTIVE PTE. LTD.,589325.0,2,2,85.82,3.95,85.51,128394613742.88629,99.41329653397206,C
SEEMECV PTE. LTD.,589045.0,2,2,86.94,3.33,80.37,128395202787.88629,99.41375261934473,C
CELLS MANAGEMENT AND CONSULTANCY PTE. LTD.,588101.0,3,2,96.58,3.44,87.35,128395790888.88629,99.4142079737977,C
AVIATION VIRTUAL PTE. LTD.,586497.0,1,1,84.48,4.15,75.64,128396377385.88629,99.4146620863066,C
CHUAN SENG HUAT EGG STORE,585900.0,1,1,91.43,4.64,58.67,128396963285.88629,99.41511573657074,C
GOODRICH GLOBAL PTE. LTD.,585508.0,2,2,80.14,3.65,98.71,128397548793.88629,99.41556908331741,C
ECOSOFTT PTE. LTD.,585001.0,2,2,91.35,3.47,70.34,128398133794.88629,99.41602203750442,C
CAXTON ENGINEERING PTE. LTD.,584740.0,1,1,89.48,3.95,74.85,128398718534.88629,99.41647478960452,C
ENGINEERS 2002 PRIVATE LIMITED,584540.0,11,3,86.16,4.6,76.69,128399303074.88629,99.41692738684877,C
EZRA ARCHITECTS,584500.6,3,2,99.71,4.39,89.78,128399887575.4863,99.41737995358642,C
IPC INFORMATION SYSTEMS (SINGAPORE) PTE LTD,584322.27,1,1,90.22,4.84,80.97,128400471897.7563,99.41783238224683,C
JPL WONG & CO,583500.0,4,4,100.0,5.0,67.57,128401055397.7563,99.41828417424055,C
SWP CONSTRUCTION PTE. LTD.,583185.0,1,1,100.0,2.89,84.73,128401638582.7563,99.41873572233631,C
"Scipio Services Co., Ltd",582805.86,1,1,88.63,3.47,86.06,128402221388.6163,99.41918697687177,C
ROFFEY PARK ASIA PACIFIC PTE. LTD.,582677.0,5,5,76.7,3.8,70.35,128402804065.6163,99.41963813163362,C
MEDIOS ASSOCIATE PTE. LTD.,582218.0,4,3,76.84,3.34,74.56,128403386283.6163,99.42008893100123,C
WINFINITY (S'PORE) PTE. LTD.,580200.0,1,1,83.55,3.46,74.54,128403966483.6163,99.42053816787315,C
Pipeline Services Pte Ltd,580000.0,1,1,90.0,2.66,93.29,128404546483.6163,99.42098724988921,C
GLOBAL TRAVEL EXPERTS PTE. LTD.,579208.0,7,5,74.76,3.89,76.57,128405125691.6163,99.42143571867602,C
LHN PARKING PTE. LTD.,578810.83,3,3,77.14,4.52,96.15,128405704502.4463,99.42188387994231,C
MALAYAN DACHING CO PTE LTD,578500.0,1,1,92.08,4.13,76.25,128406283002.4463,99.42233180053935,C
GEOLAB (M) SDN BHD,578091.76,2,1,89.72,3.43,77.83,128406861094.2063,99.42277940504461,C
AREINA CREATIVES PTE. LTD.,577340.5,3,1,85.84,3.04,71.42,128407438434.7063,99.42322642786475,C
WKS INDUSTRIAL GAS PTE LTD,576504.47,3,3,77.08,3.71,76.86,128408014939.1763,99.42367280336416,C
DEZIRE TECHNOLOGIES PTE. LTD.,576107.0,4,4,88.0,3.24,88.03,128408591046.1763,99.42411887111074,C
PETER'S ENVIRONMENTAL PRODUCTS & SERVICES PTE LTD,575900.0,1,1,83.41,3.73,77.05,128409166946.1763,99.4245647785815,C
RIGHT MANAGEMENT SINGAPORE PTE. LTD.,575737.0,9,4,79.68,4.06,73.41,128409742683.1763,99.42501055984472,C
Cafe Galilee Pte Ltd,575581.5,6,4,81.55,4.1,100.0,128410318264.6763,99.42545622070753,C
ADECCO PERSONNEL PTE LTD,574830.0,6,5,81.82,3.8,86.5,128410893094.6763,99.4259012996994,C
HUNGAMA DIGITAL SERVICES PVT LTD,574664.06,1,1,100.0,4.41,74.91,128411467758.7363,99.42634625020736,C
CHUBB INSURANCE SINGAPORE LIMITED,574662.0,5,4,88.69,3.98,82.23,128412042420.7363,99.4267911991203,C
AGORIZE SINGAPORE PTE. LTD.,573333.4,2,1,88.17,4.21,76.21,128412615754.13629,99.42723511932572,C
ALNIFF INDUSTRIES PTE LTD,573150.0,1,1,100.0,4.06,89.23,128413188904.13629,99.42767889752831,C
EGRADE CONTRACTOR PTE. LTD.,573000.0,3,3,85.65,3.65,70.25,128413761904.13629,99.42812255958899,C
RS Components Pte Ltd,572999.46,3,2,75.64,3.91,81.48,128414334903.5963,99.42856622123156,C
SPCS CONSULTANCY PTE. LTD.,572800.0,1,1,82.63,4.49,81.77,128414907703.5963,99.42900972843638,C
TEAM ONE TECHNOLOGIES PTE LTD,572001.0,2,2,78.79,3.55,75.32,128415479704.5963,99.42945261699201,C
MECH-POWER GENERATOR PTE. LTD.,572000.0,1,1,62.59,4.35,76.86,128416051704.5963,99.42989550477336,C
HUDSON RPO (SINGAPORE) PTE. LTD.,572000.0,1,1,84.18,3.62,76.42,128416623704.5963,99.4303383925547,C
CD IMAGING PTE LTD,572000.0,1,1,91.65,3.6,67.86,128417195704.5963,99.43078128033605,C
NATIONAL HEART CENTRE OF SINGAPORE PTE LTD,571401.6,3,1,86.31,4.2,78.76,128417767106.1963,99.43122370478864,C
LEACON ENGINEERING PTE. LTD.,570440.0,2,2,69.03,4.49,89.32,128418337546.1963,99.43166538469423,C
TOKYO ELECTRON LIMITED,570285.0,1,1,92.92,4.19,77.97,128418907831.1963,99.43210694458651,C
YS SECURITY SERVICES PTE. LTD.,569520.0,1,1,93.68,3.39,66.62,128419477351.1963,99.43254791215509,C
HASKONINGDHV NEDERLAND B.V.,569000.0,1,1,81.82,5.0,90.65,128420046351.1963,99.43298847709843,C
METALWORLD PTE LTD,568940.0,3,2,92.25,3.5,90.17,128420615291.1963,99.43342899558499,C
ARCHITECTS VISTA PTE LTD,568507.96,3,1,94.64,4.27,75.79,128421183799.15631,99.43386917955192,C
V3 SMART TECHNOLOGIES PTE. LTD.,568425.0,1,1,82.57,3.6,82.11,128421752224.15631,99.43430929928464,C
ALTO CONSTRUCTION AND ENGINEERING SERVICES PTE. LTD.,567922.5,2,2,87.74,4.99,85.2,128422320146.65631,99.43474902994198,C
SNT TECHNOLOGIES (PTE.) LTD.,567910.0,1,1,98.71,3.63,79.62,128422888056.65631,99.43518875092084,C
ZQ PTE. LTD.,567241.5,2,1,92.91,3.19,81.91,128423455298.15631,99.43562795429396,C
FIRST SIGHT INTERNATIONAL PRIVATE LIMITED,567146.0,3,1,93.85,3.58,80.31,128424022444.15631,99.4360670837234,C
MINDPOWER INNOVATIONS PTE. LTD.,565612.0,4,2,84.86,5.0,67.97,128424588056.15631,99.43650502540832,C
TACTICS SYSTEM ENGINEERING PTE LTD,565000.0,3,3,84.85,4.31,78.86,128425153056.15631,99.43694249323431,C
NEPTUNE WORK WEAR PTE. LTD.,564911.2,1,1,84.43,3.94,72.96,128425717967.35631,99.43737989230429,C
PLANARTECH UK LIMITED,564425.0,2,1,85.93,4.73,71.15,128426282392.35631,99.43781691491965,C
CGNG ARCHITECTS,564280.0,2,1,81.2,5.0,62.55,128426846672.35631,99.4382538252645,C
XL INSURANCE COMPANY SE SINGAPORE BRANCH,564108.5,1,1,79.19,4.06,72.09,128427410780.85631,99.43869060282046,C
NEO BOON SIONG,563880.0,1,1,92.4,3.62,95.6,128427974660.85631,99.43912720345358,C
COLIN NG & PARTNERS LLP,563775.0,6,5,100.0,4.53,73.67,128428538435.85631,99.43956372278737,C
DBS BANK LTD.,563623.0,7,5,81.46,4.08,94.26,128429102058.85631,99.44000012443071,C
BIRD & BIRD ATMD LLP,562914.15,21,13,96.24,4.46,75.59,128429664973.0063,99.44043597722612,C
MENDAKI SOCIAL ENTERPRISE NETWORK SINGAPORE PTE. LTD.,562710.0,1,1,78.51,3.44,94.18,128430227683.0063,99.44087167195241,C
CHUAN SENG HUAT EGGS PTE. LTD.,562458.81,1,1,89.41,4.81,89.62,128430790141.8163,99.44130717218749,C
HAPPY MARKETER PRIVATE LTD.,561200.0,1,1,100.0,3.43,72.99,128431351341.8163,99.44174169775198,C
UNIT4 ASIA PACIFIC PTE. LTD.,560933.14,1,1,88.66,3.97,95.26,128431912274.9563,99.44217601669229,C
RAMBOLL ENVIRON SINGAPORE PTE. LTD.,560819.0,2,2,88.51,4.03,85.32,128432473093.9563,99.44261024725635,C
MATTRESS INTERNATIONAL PTE. LTD.,560748.0,3,2,85.95,4.66,77.97,128433033841.9563,99.4430444228466,C
Pro-Datech Systems Pte Ltd,560642.0,3,2,88.55,5.0,91.27,128433594483.9563,99.44347851636321,C
ARCADIS PROJECT MANAGEMENT PTE. LTD.,560004.2,2,2,86.25,3.08,80.79,128434154488.1563,99.44391211604447,C
Grid Private Limited,558900.0,1,1,98.63,3.17,82.79,128434713388.1563,99.44434486076649,C
HARILELA HOTELS (SINGAPORE) PTE LTD,558852.3,8,4,72.93,4.17,56.6,128435272240.4563,99.4447775685554,C
DRPL CORPORATION PTE. LTD.,558637.0,4,4,89.48,4.4,76.37,128435830877.4563,99.44521010964195,C
MARVELE GROUP PTE. LTD.,556388.0,1,1,88.15,3.35,68.05,128436387265.4563,99.44564090937426,C
DNV SINGAPORE PTE. LTD.,556130.0,3,3,76.26,5.0,75.76,128436943395.4563,99.44607150934252,C
INNOTREK PTE. LTD.,555111.0,9,4,86.86,4.24,48.35,128437498506.4563,99.44650132032012,C
KLA-TENCOR (SINGAPORE) PTE LTD,554878.52,1,1,84.54,3.52,82.32,128438053384.9763,99.44693095129328,C
Note Design Co. Ltd,554400.0,1,1,83.54,5.0,67.83,128438607784.9763,99.44736021175828,C
GREAT EASTERN GENERAL INSURANCE LIMITED,553714.3,4,3,77.85,3.1,83.6,128439161499.2763,99.44778894129993,C
UNITED SURVEYORS PTE LTD,553650.0,3,3,84.09,3.42,72.94,128439715149.2763,99.44821762105542,C
UMW EQUIPMENT & ENGINEERING PTE LTD,553519.0,4,1,83.97,3.73,84.18,128440268668.2763,99.44864619938033,C
HUASING CONSTRUCTION & TRADING PTE LTD,553300.0,1,1,78.87,4.36,74.67,128440821968.2763,99.44907460813806,C
FUJI SMBE INDUSTRIES PTE. LTD.,552500.0,1,1,89.47,2.79,60.7,128441374468.2763,99.44950239747232,C
MANTHRA SOFTWARE SERVICES PTE. LTD.,552000.0,1,1,87.69,3.67,81.02,128441926468.2763,99.44992979966689,C
VISEO ASIA PTE. LTD.,551220.0,1,1,87.99,3.71,78.56,128442477688.2763,99.4503565979236,C
JOBSTUDIO PTE. LTD.,551113.3200000001,2,2,77.34,3.82,67.18,128443028801.59631,99.45078331358019,C
DAS MARKETING SERVICES (THAILAND) COMPANY LIMITED,550912.27,1,1,91.26,4.77,83.86,128443579713.86632,99.45120987356792,C
ROLAND BERGER PTE. LTD.,550000.0,1,1,88.67,5.0,74.98,128444129713.86632,99.45163572720382,C
ASSOCIATED PROPERTY CONSULTANTS PTE. LTD.,549737.52,3,2,74.32,4.2,89.33,128444679451.38632,99.4520613776069,C
SAS Institute Pte Ltd,549495.0,1,1,89.03,4.46,58.19,128445228946.38632,99.45248684023173,C
Macmarine Services Pte Ltd,549400.0,1,1,81.5,4.62,63.94,128445778346.38632,99.45291222930004,C
PROGRESS STEP ENGINEERING PTE. LTD.,548800.0,1,1,75.36,2.95,76.73,128446327146.38632,99.45333715380075,C
Trust Management Centre,548620.0,2,2,84.76,4.38,70.71,128446875766.38632,99.45376193893118,C
ACE KEGAN PTE. LTD.,547278.0,2,2,90.38,4.67,67.57,128447423044.38632,99.45418568497873,C
TMA EVENTS PTE. LTD.,547240.0,2,1,78.11,3.25,71.35,128447970284.38632,99.45460940160366,C
AIRWAVE PTE LTD,546159.0,2,1,79.98,3.73,100.0,128448516443.38632,99.45503228123263,C
RPS AUSTRALIA WEST PTY LTD,546000.0,1,1,86.12,4.72,90.64,128449062443.38632,99.4554550377512,C
The Press Room,545777.5,3,3,72.22,4.94,82.96,128449608220.88632,99.4558776219926,C
BE.NERGY PTE. LTD.,544980.0,3,1,94.08,4.48,70.62,128450153200.88632,99.45629958874623,C
FELIX INVESTMENTS & TRADING PTE. LTD.,544850.0,1,1,92.09,3.71,90.9,128450698050.88632,99.45672145484356,C
POWER AUTOMATION PTE LTD,544648.0,2,1,76.95,4.1,68.68,128451242698.88632,99.45714316453645,C
LEICA GEOSYSTEMS PTE. LTD.,544440.0,2,1,92.33,3.56,76.13,128451787138.88632,99.45756471317924,C
ETHOZ GROUP LTD.,544000.0,2,1,79.32,3.52,87.59,128452331138.88632,99.45798592113911,C
THOUGHTS CREATIONS,543563.9,2,1,71.88,3.91,92.55,128452874702.78632,99.45840679143578,C
OPSTRON PTE. LTD.,543515.96,2,2,91.45,4.19,67.16,128453418218.74632,99.45882762461349,C
STRmix Limited,543253.5,1,1,93.93,3.61,57.03,128453961472.24632,99.45924825457385,C
LEO INFOCOMM PTE. LTD.,542860.0,1,1,95.57,4.09,83.39,128454504332.24632,99.45966857985529,C
CLEANMAGE LANDSCAPE PTE. LTD.,542510.0,2,2,79.46,3.87,71.57,128455046842.24632,99.46008863413896,C
APHESYS NETWORKS PTE. LTD.,541359.4,4,2,99.53,3.87,67.89,128455588201.64632,99.4605077975368,C
VICOM LTD,541234.0,2,1,91.49,4.29,100.0,128456129435.64632,99.46092686384004,C
VANTAGE CONSTRUCTION PTE LTD,540800.0,1,1,86.14,5.0,84.71,128456670235.64632,99.46134559410605,C
Synopsys International Limited,540300.0,3,3,80.8,2.9,85.69,128457210535.64632,99.46176393723238,C
FUTUREX TECHNOLOGIES PTE. LTD.,539472.0,2,2,100.0,4.6,87.96,128457750007.64632,99.4621816392554,C
UNIVERSAL AV PTE. LTD.,539300.0,3,1,85.69,4.41,59.56,128458289307.64632,99.4625992081024,C
LJW RESOURCES PTE. LTD,538968.1,3,2,86.15,3.43,83.87,128458828275.74632,99.46301651996609,C
PERMASTEELISA PACIFIC HOLDINGS LTD.,538895.0,1,1,81.86,3.73,84.06,128459367170.74632,99.46343377522996,C
G - ENERGY GLOBAL PTE. LTD.,538500.0,5,5,83.29,3.33,61.88,128459905670.74632,99.46385072465348,C
GIS HEALTHCARE COURIERS PTE. LTD.,537850.0,2,2,86.11,3.52,75.6,128460443520.74632,99.46426717079542,C
AIBI INTERNATIONAL PTE. LTD.,536051.2,1,1,94.33,3.92,77.68,128460979571.94632,99.46468222416371,C
Borneo Air-Conditioning & Engineering,534900.0,1,1,79.26,4.68,66.29,128461514471.94632,99.46509638618161,C
CANDY FLORICULTURE PTE. LTD.,534766.0,6,1,89.36,4.52,81.21,128462049237.94632,99.4655104444461,C
MEDIACOM SINGAPORE,534366.4,1,1,84.8,3.93,60.37,128462583604.34631,99.46592419330852,C
IT MENG LANDSCAPE & CONSTRUCTION PTE. LTD.,534347.51,2,1,90.06,3.91,84.84,128463117951.85631,99.46633792754484,C
MOJITO VENTURES PTE. LTD.,534000.0,1,1,96.48,4.22,79.77,128463651951.85631,99.46675139271134,C
TEC REVOX ENGINEERING PTE LTD,533435.0,1,1,85.06,4.42,76.1,128464185386.85631,99.46716442041003,C
COMM PRODUCTS TECHNOLOGIES PTE. LTD.,533147.79,1,1,90.81,5.0,85.46,128464718534.6463,99.46757722572792,C
Premium Automobiles Pte Ltd,532964.0,2,2,74.93,3.93,76.32,128465251498.6463,99.46798988874104,C
STICHTING NATIONAAL LUCHT- EN RUIMTEVAARTLABORATORIUM,532800.0,1,1,84.18,4.03,74.25,128465784298.6463,99.46840242477234,C
AY DESIGNS PTE LTD,532284.0,3,3,82.9,3.2,58.34,128466316582.6463,99.4688145612755,C
ASHNIK PTE. LTD.,531332.13,3,3,85.96,4.18,66.46,128466847914.7763,99.46922596076537,C
ASEPTEC PTE. LTD.,530989.69,3,2,83.63,4.34,76.14,128467378904.46631,99.46963709511104,C
BAIZONN PTE. LTD.,530932.05,2,1,94.98,2.45,64.26,128467909836.51631,99.47004818482725,C
CHRISTOPHER CHAI REGISTERED SURVEYOR,530930.0,3,1,87.71,3.2,68.48,128468440766.51631,99.47045927295619,C
QUANTEL PTE LTD,530650.0,1,1,100.0,5.0,72.19,128468971416.51631,99.4708701442869,C
ACERPACER CONSULTING PTE. LTD.,529900.0,1,1,91.3,4.64,86.51,128469501316.51631,99.47128043490812,C
BIO BASIC ASIA PACIFIC PTE. LTD.,529818.8300000001,6,3,91.82,4.1,73.08,128470031135.34631,99.47169066268108,C
VERTIV (SINGAPORE) PTE. LTD.,529644.0,2,2,90.11,4.73,67.59,128470560779.34631,99.47210075508679,C
A-ONE AIR-CONDITIONING PTE LTD,529200.0,1,1,100.0,4.5,60.01,128471089979.34631,99.47251050371247,C
BILLIGENCE ASIA PTE. LTD.,528749.29,1,1,79.04,4.47,80.4,128471618728.6363,99.4729199033627,C
KLOE SA,528738.31,1,1,84.13,3.52,73.42,128472147466.9463,99.47332929451136,C
JNR ENTERTAINMENT PRIVATE LIMITED,528512.41,6,2,94.09,3.84,80.4,128472675979.35631,99.47373851075031,C
"MEIKI CO., LTD.",528059.4,1,1,85.76,4.18,76.72,128473204038.7563,99.47414737623296,C
GUERILLA MEDIA PRIVATE LIMITED,528000.0,2,1,93.92,5.0,78.95,128473732038.7563,99.47455619572344,C
ST LEE TRANSPORT PTE. LTD.,527420.0,2,2,89.89,4.02,80.58,128474259458.7563,99.4749645661319,C
PHARMLINE MARKETING PTE. LTD.,527252.0,1,1,90.93,5.0,76.06,128474786710.7563,99.47537280646142,C
PURPLECLICK MEDIA PTE. LTD.,526276.0,3,3,97.22,3.66,97.29,128475312986.7563,99.47578029109432,C
CRISPCONTRASTS,525910.0,1,1,82.25,3.96,73.32,128475838896.7563,99.47618749234098,C
EXPANDORE ELECTRONICS PTE. LTD.,525665.0,6,4,66.91,4.6,68.76,128476364561.7563,99.4765945038892,C
Explorance,525570.56,2,2,93.35,4.04,67.97,128476890132.3163,99.47700144231449,C
Micrographics Data Pte Ltd,525495.6,4,2,88.68,4.83,73.5,128477415627.9163,99.47740832269977,C
ACOUSTIC & LIGHTING SYSTEM PTE. LTD.,525400.0,6,2,79.43,4.29,74.16,128477941027.9163,99.47781512906397,C
SILKWAY INTERNATIONAL TRADING,524856.24,6,6,74.32,4.2,68.71,128478465884.15631,99.47822151440604,C
FLAT WORLD TECHNOLOGIES INTERNATIONAL PTE. LTD.,524420.88,4,3,96.19,3.52,79.58,128478990305.03632,99.47862756265785,C
GLOBAL LINGO (S) PTE. LTD.,524372.97,5,4,100.0,3.45,97.8,128479514678.00632,99.47903357381395,C
SK ENGINEERING SERVICES PRIVATE LIMITED,523880.0,1,1,96.76,4.76,85.96,128480038558.00632,99.47943920327354,C
NOTTINGHAMSHIRE HEALTHCARE NHS FOUNDATION TRUST,523593.0,1,1,92.43,3.86,100.0,128480562151.00632,99.47984461051497,C
LIM JIA MIN,523200.0,2,1,91.16,3.55,94.53,128481085351.00632,99.48024971346463,C
KAISER FOUNDATION HEALTH PLAN OF THE MID ATLANTIC STATES,522541.24,3,1,86.23,3.13,84.78,128481607892.24632,99.48065430635002,C
"AJA INTERNATIONAL, INC.",521832.66,2,2,92.15,4.01,58.5,128482129724.90633,99.48105835059657,C
ULTRA SUPPLIES,521607.58,4,3,81.32,4.14,90.06,128482651332.48633,99.48146222056832,C
HUR SOLUTIONS PTE. LTD.,521324.0,2,1,100.0,3.91,87.91,128483172656.48633,99.48186587096993,C
Tritech Scientific Pte Ltd,521140.1,5,4,84.96,3.69,77.81,128483693796.58633,99.48226937898158,C
ANTE OFFICE PTE. LTD.,520899.0,2,2,88.79,4.5,64.12,128484214695.58633,99.48267270031448,C
TAT HIN TIMBER (PTE) LTD,519750.0,1,1,76.62,2.89,79.18,128484734445.58633,99.48307513200041,C
ISOTEAM C&P PTE. LTD.,519701.0,3,2,79.66,5.0,77.48,128485254146.58633,99.48347752574665,C
MANTA EQUIPMENT (S) PTE LTD,519097.0,1,1,95.64,2.87,86.6,128485773243.58633,99.48387945182819,C
MORNING STAR COMMUNITY SERVICES LTD.,518800.0,2,1,91.12,4.14,61.96,128486292043.58633,99.48428114794875,C
GALLAGHER & ASSOCIATES ASIA PTE. LTD.,518478.0,3,2,85.54,3.7,88.13,128486810521.58633,99.48468259475136,C
HI-V TRADING,518167.53,1,1,81.02,3.51,70.85,128487328689.11633,99.48508380116348,C
SHAMA TECHNOLOGIES (S) PTE LTD,516800.0,2,2,100.0,4.44,82.94,128487845489.11633,99.48548394872536,C
MICRO PHOTO ACOUSTICS INC.,515736.0,1,1,89.86,4.91,87.07,128488361225.11633,99.48588327245403,C
PRIDE-CHEM INDUSTRIES PTELTD,515700.0,1,1,64.8,3.34,86.07,128488876925.11633,99.48628256830865,C
BLUE STAR INFOSTACK SOLUTIONS PTE. LTD.,513743.0,3,3,90.92,3.41,91.25,128489390668.11633,99.4866803488986,C
ROOKS VAC PTE. LTD.,513000.0,2,2,86.85,4.73,70.69,128489903668.11633,99.487077554199,C
ALPHINE BUILDERS PTE. LTD.,512901.0,5,2,96.47,4.04,89.63,128490416569.11633,99.48747468284576,C
DUCK LEARNING,512135.92,8,4,92.71,4.06,62.43,128490928705.03633,99.48787121910686,C
S.C. JOHNSON & SON PRIVATE LIM ITED,512000.0,1,1,91.93,4.03,63.11,128491440705.03633,99.48826765012794,C
Pavilion Health,510634.0,1,1,97.12,5.0,68.46,128491951339.03633,99.48866302348343,C
PROJECT INNOVATIONS PTE. LTD.,510400.0,1,1,94.17,3.39,70.54,128492461739.03633,99.48905821565755,C
TOURISM MANAGEMENT INSTITUTE OF SINGAPORE PTE LTD,509850.0,2,1,96.32,4.25,82.0,128492971589.03633,99.48945298197803,C
LED SIGNS PTE. LTD.,509695.2,2,2,92.68,4.71,75.88,128493481284.23633,99.48984762844007,C
BRADDELL BROTHERS LLP,509659.15,5,4,68.0,4.21,79.24,128493990943.38632,99.49024224698935,C
"MOSCHIP TECHNOLOGIES, USA",509256.9,1,1,95.1,3.67,63.87,128494500200.28632,99.49063655408477,C
JANISON SOLUTIONS PTY LTD,508000.0,1,1,86.28,3.77,69.58,128495008200.28632,99.49102988798847,C
THE LENS MEN PTE LTD,507300.0,1,1,87.18,4.76,79.42,128495515500.28632,99.49142267989664,C
THYE HONG ESOLUTIONS PTE. LTD.,506412.0,2,2,82.39,4.21,80.76,128496021912.28632,99.49181478424478,C
ADFACTORS PR PRIVATE LIMITED,505886.05,1,1,100.0,3.1,90.19,128496527798.33632,99.4922064813607,C
SCANSYS PTE. LTD.,505300.0,2,2,78.32,4.12,79.78,128497033098.33632,99.49259772471018,C
O BUILDERS PTE. LTD.,504000.0,2,2,98.81,3.85,90.58,128497537098.33632,99.49298796149655,C
NAVITECH PTE. LTD.,504000.0,1,1,71.4,4.23,74.16,128498041098.33632,99.49337819828291,C
KLIQUE DESIGN PTE. LTD.,503500.0,1,1,86.71,4.16,91.13,128498544598.33632,99.49376804792959,C
INSULGLAS SYSTEMS PTE LTD,503472.0,2,2,90.12,3.95,78.09,128499048070.33632,99.49415787589648,C
MEGACHEM LIMITED,502315.28,2,2,93.28,5.0,74.43,128499550385.61632,99.49454680823895,C
FOCUS ADVENTURE PTE. LTD.,502140.5,15,9,83.26,3.3,70.47,128500052526.11632,99.49493560525288,C
SM METAL SOLUTIONS PTE. LTD.,500500.0,1,1,100.0,3.43,76.77,128500553026.11632,99.49532313206156,C
TRUESCOPE (SINGAPORE) PTE. LTD.,500450.0,3,3,78.76,3.56,72.73,128501053476.11632,99.49571062015626,C
UNLEASH & SOAR,500280.0,5,2,75.98,4.25,68.94,128501553756.11632,99.49609797662349,C
EXALIT PTE. LTD.,500045.0,4,2,77.93,3.91,74.77,128502053801.11632,99.49648515113508,C
TECK PHOTO,500001.0,2,2,83.18,4.59,84.96,128502553802.11632,99.49687229157837,C
POSITIVE INTENTIONS PTE. LTD.,500000.0,1,1,83.48,3.45,71.89,128503053802.11632,99.49725943124736,C
"Appen Technology (Wuxi) Co., Ltd.",500000.0,1,1,88.23,4.59,71.65,128503553802.11632,99.49764657091637,C
LAVISION BIOTEC GMBH,500000.0,1,1,90.46,4.88,71.75,128504053802.11632,99.49803371058539,C
Children-At-Risk Empowerment Association,500000.0,1,1,93.58,3.84,55.72,128504553802.11632,99.4984208502544,C
EXTRUDE HONE K.K.,499998.0,1,1,76.41,4.03,90.1,128505053800.11632,99.49880798837485,C
PRODUCT DEVELOPMENT SOLUTIONS PTE. LTD.,499634.0,1,1,69.49,3.95,72.02,128505553434.11632,99.49919484465761,C
SYS-MAC AUTOMATION ENGINEERING PTE LTD,499559.0,1,1,93.59,3.93,77.12,128506052993.11632,99.49958164286944,C
LITHOZ GMBH,499400.0,1,1,85.57,5.0,76.84,128506552393.11632,99.49996831797084,C
SYSTEMVARIO LLP,499125.0,1,1,90.69,3.67,82.36,128507051518.11632,99.50035478014544,C
JKK TECHNOLOGIES PTE. LTD.,498550.0,1,1,85.9,4.1,74.41,128507550068.11632,99.5007407971094,C
ALEXANDER DENNIS (ASIA PACIFIC) LIMITED,498500.0,1,1,81.86,4.69,61.47,128508048568.11632,99.50112677535941,C
ZOO COMMUNICATIONS (SINGAPORE) PTE. LTD.,498374.0,2,2,81.9,3.63,80.26,128508546942.11632,99.50151265605021,C
GURUSOFT PTE. LTD.,498000.0,1,1,88.58,4.14,69.8,128509044942.11632,99.50189824716055,C
HUA ZHAN CONSTRUCTION PTE. LTD.,498000.0,1,1,89.13,3.47,81.6,128509542942.11632,99.50228383827088,C
WASSON-ECE SOUTH-EAST ASIA PTE. LTD.,497780.0,2,1,91.02,4.16,82.59,128510040722.11632,99.50266925903975,C
VIKING LIFE-SAVING EQUIPMENT PTE LTD,497640.5,3,1,93.78,3.4,80.04,128510538362.61632,99.50305457179667,C
NEXIA TS RISK ADVISORY PTE. LTD.,497401.0,3,3,85.94,5.0,70.0,128511035763.61632,99.50343969911367,C
NETWEB PTE. LTD.,496912.0,3,2,84.57,3.92,81.21,128511532675.61632,99.50382444780809,C
Axxel Marketing Pte Ltd,496705.99,11,6,87.47,3.62,82.63,128512029381.60632,99.50420903699322,C
FOUR SEASONS HOTEL SINGAPORE,496689.5,11,4,90.03,4.17,77.17,128512526071.10632,99.50459361341049,C
HIGH ACHIEVERS OUTDOOR CONSULTANTS PTE. LTD.,495839.0,5,3,92.43,3.31,82.29,128513021910.10632,99.50497753130317,C
DESARA NIAGA,495821.55,2,1,89.55,4.62,73.52,128513517731.65633,99.50536143568468,C
ADRIAN FISHER DESIGN LIMITED,495500.0,1,1,89.73,3.11,82.93,128514013231.65633,99.50574509109667,C
FITCH RATINGS SINGAPORE PTE. LTD.,494725.05,1,1,86.05,5.0,68.38,128514507956.70633,99.50612814648089,C
MAZARS LLP,494700.0,3,3,90.0,3.67,76.78,128515002656.70633,99.50651118246941,C
TILT PTE. LTD.,494612.64,8,6,91.28,4.12,63.18,128515497269.34633,99.50689415081688,C
MODERN LINK PTE. LTD.,494566.8,1,1,96.32,4.4,83.97,128515991836.14633,99.50727708367138,C
WILLY INSURANCE BROKERS PTE. LTD.,493755.95,5,3,88.7,4.29,73.04,128516485592.09633,99.5076593887015,C
Anachem Technologies (S) Pte Ltd,493220.0,1,1,86.66,4.21,95.47,128516978812.09633,99.5080412787566,C
THE LITTLE VOICE PTE. LTD.,492800.0,6,1,79.58,4.47,80.74,128517471612.09633,99.50842284361437,C
ASIAWERKZ COMMUNICATIONS PTE. LTD.,492788.0,4,2,95.39,4.95,65.82,128517964400.09633,99.50880439918079,C
WIN WAH ALUMINIUM & CONSTRUCTION,492390.0,1,1,90.53,4.19,67.96,128518456790.09633,99.50918564658404,C
MAXI TECHNOLOGIES PTE. LTD.,491237.04,1,1,82.68,4.32,61.94,128518948027.13632,99.50956600127418,C
WHOLESOME (S) PTE. LTD.,491080.0,1,1,87.0,4.37,75.53,128519439107.13632,99.50994623437148,C
SPACEAGE LABS PTE. LTD.,490000.0,1,1,98.79,4.25,58.52,128519929107.13632,99.51032563124713,C
SIMULATION SOFTWARE & TECHNOLOGY (S2T) PTE. LTD.,489899.0,4,4,90.38,4.11,79.68,128520419006.13632,99.51070494992054,C
TUV RHEINLAND HONG KONG LIMITED,489715.0,1,1,94.18,4.04,76.15,128520908721.13632,99.51108412612655,C
CERTIS LLC,489507.89,2,1,89.93,4.46,75.47,128521398229.02632,99.51146314197157,C
JEBSEN & JESSEN COMMUNICATIONS (S) PTE LTD,488928.0,1,1,89.14,4.1,75.65,128521887157.02632,99.51184170881974,C
CINE EQUIPMENT PTE LTD,488875.0,6,3,82.18,3.38,84.63,128522376032.02632,99.51222023463112,C
PINES FOOD DELIGHT PTE. LTD.,488674.0,5,4,91.62,3.59,75.04,128522864706.02632,99.51259860481235,C
"ENTERPRISE LEASING COMPANY OF PHOENIX, LLC",488601.87,1,1,92.52,3.03,71.41,128523353307.89632,99.5129769191448,C
IGENE LABORATORY PRIVATE LIMITED,488275.0,1,1,81.48,3.27,78.93,128523841582.89632,99.51335498038858,C
108 GROWTH PARTNERS PTE. LTD.,488000.0,1,1,84.27,4.21,70.39,128524329582.89632,99.51373282870553,C
"QUANTUM DESIGN INTERNATIONAL,INC. SOUTHEAST ASIA BRANCH",487941.84,2,1,75.62,4.42,64.23,128524817524.73631,99.51411063199039,C
TAILER INT'L PTE. LTD.,487600.0,1,1,81.63,4.19,65.75,128525305124.73631,99.51448817059561,C
NOVUS MEDIA SOLUTIONS PTE. LTD.,487137.0,4,3,86.45,3.72,87.5,128525792261.73631,99.51486535070948,C
WEARNES AUTOMOTIVE PTE. LTD.,487025.76,3,3,72.75,4.51,82.54,128526279287.4963,99.51524244469255,C
BEC CONSULTANTS,487000.49,8,3,89.67,4.21,74.29,128526766287.98631,99.51561951910955,C
CLASSIC ACCESS CONTROL PTE LTD,486260.0,2,2,91.88,4.45,72.59,128527252547.98631,99.51599602018047,C
KOMA INDUSTRIAL GLOVES PRIVATE LIMITED,486235.6,4,4,88.88,3.49,80.81,128527738783.58632,99.51637250235896,C
YAMAZAKI MAZAK SINGAPORE PTE LTD,486076.0,3,2,91.83,3.89,82.21,128528224859.58632,99.51674886096247,C
CHIAP LEE COMPANY,486000.0,1,1,89.13,4.27,87.68,128528710859.58632,99.51712516072074,C
PARASOLS UNLIMITED PTE. LTD.,486000.0,1,1,98.87,4.41,73.71,128529196859.58632,99.51750146047902,C
EDVANTEDGE PRIVATE LIMITED,485921.0,7,7,79.2,4.72,87.43,128529682780.58632,99.51787769906922,C
Innovative Management Partner,485625.0,1,1,78.59,3.02,65.61,128530168405.58632,99.51825370847274,C
KAIA ARCHITECTS,484000.0,2,2,78.79,3.88,72.27,128530652405.58632,99.51862845967236,C
BURO ENGINEERING PTE. LTD.,483600.0,2,1,100.0,4.38,64.97,128531136005.58632,99.51900290116022,C
TVT SEA PTE. LTD.,483515.0,3,1,92.34,5.0,65.91,128531619520.58632,99.51937727683435,C
MONSTER AV PTE. LTD.,483430.0,1,1,85.64,3.57,74.43,128532102950.58632,99.51975158669471,C
SERVIONT GLOBAL SOLUTIONS PTE LTD,483207.24,1,1,81.92,4.35,72.45,128532586157.82632,99.52012572407664,C
"JANI-KING OF WASHINGTON D.C., INC.",483161.76,1,1,87.94,4.16,79.59,128533069319.58632,99.52049982624432,C
SPORTPSYCH CONSULTING,482600.0,2,1,93.86,4.13,77.52,128533551919.58632,99.52087349345284,C
BIO-RAD LABORATORIES (SINGAPORE) PTE LTD,482308.35,7,5,75.55,3.29,78.92,128534034227.93633,99.52124693484281,C
MULTININE CORPORATION PTE. LTD.,481920.0,2,1,100.0,4.47,82.77,128534516147.93633,99.52162007554139,C
WISAG FACILITY MANAGEMENT BERLIN-BRANDENBURG GMBH & CO. KG,481510.84,2,1,77.41,3.74,83.22,128534997658.77632,99.52199289943583,C
BIOSYS CORPORATION PTE. LTD.,480670.0,3,2,91.44,3.46,69.77,128535478328.77632,99.52236507228524,C
GWS LIVING ART PTE. LTD.,480148.0,1,1,99.96,4.54,84.56,128535958476.77632,99.52273684096082,C
Choon Ying Transport Services,480000.0,2,1,78.99,5.0,79.49,128536438476.77632,99.52310849504308,C
SMART AND BLUE,479396.0,1,1,78.04,3.87,86.68,128536917872.77632,99.5234796814606,C
"THE RITZ-CARLTON, MILLENIA SINGAPORE",478927.9,10,4,100.0,3.41,100.0,128537396800.67632,99.52385050543798,C
VIRTALIS LIMITED,478869.0,1,1,85.98,4.83,72.36,128537875669.67632,99.52422128381029,C
SAFETY INNOVATORS (INTERNATIONAL) PTE. LTD.,478299.6,1,1,84.27,4.12,76.49,128538353969.27632,99.52459162130796,C
DELOITTE & TOUCHE FINANCIAL ADVISORY SERVICES PTE. LTD.,478001.0,4,3,82.44,3.58,86.52,128538831970.27632,99.52496172760581,C
ENTI PTE. LTD.,477120.0,1,1,89.8,3.92,74.64,128539309090.27632,99.52533115176357,C
ACEZ INSTRUMENTS PTE. LTD.,477050.0,2,1,81.47,4.48,75.3,128539786140.27632,99.52570052172176,C
AZ UNITED PTE. LTD.,476472.25,2,1,93.06,4.07,86.01,128540262612.52632,99.52606944434008,C
SINTEF Ocean AS,476114.39,1,1,80.05,3.94,77.82,128540738726.91632,99.52643808987479,C
VECTOR INFOTECH PTE LTD,475000.0,1,1,95.03,4.41,99.82,128541213726.91632,99.52680587256035,C
SIA ENGINEERING COMPANY LIMITED,474840.0,1,1,87.35,3.11,71.62,128541688566.91632,99.52717353136121,C
DIgSILENT Pacific Pty Ltd,474350.0,1,1,78.55,4.34,100.0,128542162916.91632,99.5275408107652,C
GREEN PASTURES PSYCHOLOGICAL PRACTICE,474300.0,2,1,92.42,4.04,80.97,128542637216.91632,99.52790805145523,C
USC SOLUTIONS PTE LTD,473990.0,3,3,89.23,3.6,99.96,128543111206.91632,99.52827505211866,C
WHOOSHPRO PTE. LTD.,473200.0,2,2,86.28,3.07,91.69,128543584406.91632,99.5286414411014,C
BLACKROCK (SINGAPORE) LIMITED,473000.65,2,2,64.83,3.35,71.67,128544057407.56631,99.52900767573156,C
NEWROCARE TECHNOLOGY PTE. LTD.,472937.0,2,1,91.33,4.13,71.0,128544530344.56631,99.52937386107884,C
VEGA PROJECT PTE. LTD.,472828.86,2,2,92.68,3.85,52.66,128545003173.42632,99.52973996269556,C
Dacon Networks Pte Ltd,472000.32,1,1,84.38,3.98,73.43,128545475173.74632,99.53010542279088,C
ETHNOGRAPHICA PRIVATE LIMITED,471700.0,1,1,85.35,4.21,84.99,128545946873.74632,99.53047065035463,C
"Sathorn Thani Management Services Co., Ltd",471188.19,2,1,88.1,3.33,80.03,128546418061.93633,99.53083548163445,C
I-LOGIC CONCEPTS PTE. LTD.,470396.92,4,4,78.61,4.52,75.8,128546888458.85632,99.53119970025028,C
INTAIR ASIA PTE LTD,470370.0,1,1,92.27,2.91,75.46,128547358828.85632,99.53156389802251,C
Dreamchasers Interactive,470100.0,1,1,73.07,4.01,78.53,128547828928.85632,99.53192788673931,C
QBE INSURANCE (SINGAPORE) PTE. LTD.,469603.0,6,4,90.73,3.82,82.94,128548298531.85632,99.53229149063928,C
"EVERGREEN INTERNATIONAL NZ, LLC",469575.92,1,1,92.85,5.0,72.8,128548768107.77632,99.53265507357176,C
LEYBOLD SINGAPORE PTE. LTD.,469000.0,1,1,85.28,4.27,80.06,128549237107.77632,99.5330182105813,C
ASIA PACIFIC AIR QUALITY GROUP PTE. LTD.,467448.74,2,2,98.17,3.53,91.46,128549704556.51633,99.53338014648226,C
LINKEDIN SINGAPORE PTE. LTD.,467414.62,2,2,90.79,4.58,68.49,128550171971.13632,99.53374205596481,C
NEOTECH AMT GMBH,466240.59,1,1,89.75,4.27,99.23,128550638211.72632,99.5341030564202,C
ADVANCED MICRO FOUNDRY PTE. LTD.,466000.0,1,1,95.34,3.87,76.2,128551104211.72632,99.53446387059172,C
BIH LI & LEE LLP,466000.0,1,1,85.1,4.17,89.65,128551570211.72632,99.53482468476324,C
ETHOS SEARCH ASSOCIATES PTE. LTD.,465868.0,8,7,83.1,3.29,100.0,128552036079.72632,99.53518539672987,C
CHEMICALS TESTING & CALIBRATION LABORATORY,465865.6,4,3,88.71,3.99,72.82,128552501945.32632,99.53554610683825,C
RECTITUDE PTE LTD,465502.0,5,4,95.66,4.37,80.81,128552967447.32632,99.53590653541866,C
ICEBERG DESIGN PTE. LTD.,465490.0,1,1,79.38,3.9,56.81,128553432937.32632,99.53626695470771,C
ENCORA TECHNOLOGIES PTE. LTD.,465002.0,5,4,76.4,3.25,76.19,128553897939.32632,99.53662699614844,C
QIAN HU TAT LENG PLASTIC PTE. LTD.,464400.0,1,1,85.08,4.44,63.75,128554362339.32632,99.53698657147302,C
ECKINDA TECHNOLOGY PTE. LTD.,464090.74,3,1,82.58,4.43,78.14,128554826430.06633,99.53734590734398,C
KYOOB - ID PTE. LTD.,463851.0,1,1,87.46,4.2,67.69,128555290281.06633,99.53770505758919,C
ABR HOLDINGS LIMITED,463000.0,1,1,72.65,4.18,57.84,128555753281.06633,99.5380635489227,C
TRITECH SCIENTIFIC PTE LTD,462019.66,2,2,100.0,3.5,91.15,128556215300.72633,99.53842128119919,C
OFFICE PLANNER PTE LTD,461241.0,3,3,84.94,3.63,68.7,128556676541.72633,99.53877841057535,C
PHUTURE INTERNATIONAL PTE. LTD.,460835.64,9,4,80.15,4.28,65.7,128557137377.36633,99.53913522608961,C
AEL TRAVEL PTE. LTD.,460800.0,1,1,93.3,4.27,66.05,128557598177.36633,99.53949201400857,C
BDO CONSULTANTS PTE. LTD.,459900.0,5,5,72.88,4.36,74.21,128558058077.36633,99.53984810507613,C
XZQT STYLE,459800.0,2,1,78.33,4.4,76.37,128558517877.36633,99.54020411871576,C
WOODPRO,459708.0,3,3,93.41,4.15,79.77,128558977585.36633,99.54056006112168,C
KIPP & ZONEN ASIA PACIFIC PTE. LTD.,459500.0,1,1,95.92,4.22,93.93,128559437085.36633,99.54091584247749,C
BMS CONTRACTORS PTE LTD,459317.0,1,1,78.86,4.73,76.7,128559896402.36633,99.54127148214019,C
DYMEK ASIA (S) PTE LTD,458917.5,2,1,93.76,5.0,87.27,128560355319.86633,99.5416268124783,C
Pacific Century Consulting Pte Ltd,458565.0,6,6,86.29,4.48,60.34,128560813884.86633,99.54198186988293,C
JUST SIMPLY GIFTS PTE. LTD.,458260.0,2,2,71.34,4.44,81.03,128561272144.86633,99.54233669113238,C
MODUTEK CORP.,458038.0,1,1,91.48,3.54,64.78,128561730182.86633,99.54269134049181,C
JJ CONSTRUCTION PTE. LTD.,458000.0,1,1,95.6,4.4,79.19,128562188182.86633,99.54304596042863,C
BUILDWERKZ BUILDERS PTE. LTD.,457957.19,3,3,82.61,3.6,80.86,128562646140.05634,99.54340054721852,C
ARCHITECTSOFLIFE LTD.,457700.0,2,1,81.15,3.99,69.96,128563103840.05634,99.54375493487154,C
ARINA INTERNATIONAL HOLDING PTE. LTD.,457650.0,1,1,98.85,3.31,76.0,128563561490.05634,99.54410928381058,C
YISHUN TOWING PTE LTD,457350.0,3,2,77.02,4.5,92.59,128564018840.05634,99.54446340046583,C
MECOMB SINGAPORE LIMITED,456820.0,3,2,74.47,4.02,71.39,128564475660.05634,99.54481710675303,C
PLANET EVENTS,456607.5,4,1,92.08,3.11,60.32,128564932267.55634,99.54517064850586,C
WATERPLAYZ,456552.0,1,1,97.08,3.59,97.67,128565388819.55634,99.54552414728619,C
Bennett Daniel Mark,456000.0,1,1,97.82,4.02,77.64,128565844819.55634,99.54587721866433,C
SIGNVEC TECHNOLOGY PTE LTD,454700.0,4,2,92.08,3.54,83.38,128566299519.55634,99.54622928347932,C
SQL VIEW PTE LTD,454203.12,2,2,97.1,3.26,82.36,128566753722.67633,99.54658096357039,C
Bluestone Corporation Pte Ltd,454000.0,2,2,80.77,4.67,75.95,128567207722.67633,99.54693248638986,C
GB-PERFORMANCE PTE. LTD.,453915.0,1,1,91.66,5.0,66.41,128567661637.67633,99.54728394339558,C
INTERFACE TOURISM,453465.0,1,1,83.8,4.39,51.1,128568115102.67633,99.54763505197559,C
FLEISHMAN-HILLARD,452323.16,1,1,89.16,5.0,88.85,128568567425.83633,99.5479852764525,C
SEED INSTITUTE PTE. LTD.,452000.0,1,1,86.45,4.84,81.22,128569019425.83633,99.54833525071327,C
KWOK PRINTERS PTE LTD,451683.0,2,2,79.36,3.04,87.07,128569471108.83633,99.54868497952751,C
JPL CONSULTANTS PTE. LTD.,450960.5,5,3,82.15,3.61,68.67,128569922069.33633,99.54903414892492,C
CENTER FOR CREATIVE LEADERSHIP,450913.75,3,3,86.23,4.18,85.76,128570372983.08633,99.54938328212477,C
ACE LAND SURVEY,450799.0,3,2,90.0,4.81,72.51,128570823782.08633,99.54973232647608,C
BEAU VOIX UNIFORM,450197.0,3,3,88.22,3.79,79.94,128571273979.08633,99.55008090471121,C
BROADWAY MALYAN ASIA PTE. LTD.,450000.0,1,1,80.25,4.34,92.46,128571723979.08633,99.55042933041331,C
LOCKER & LOCK PTE. LTD.,449989.0,3,3,93.24,3.64,78.48,128572173968.08633,99.55077774759835,C
ITHACA PTE. LTD.,449410.0,3,1,75.2,4.3,91.7,128572623378.08633,99.55112571647565,C
HMC GROUP PTE. LTD.,449398.0,1,1,87.57,3.61,76.57,128573072776.08633,99.55147367606159,C
FUJIFILM BUSINESS INNOVATION SINGAPORE PTE. LTD.,449338.0,4,4,79.97,3.38,82.88,128573522114.08633,99.5518215891908,C
AGENDA,449181.0,1,1,88.94,5.0,61.88,128573971295.08633,99.55216938075812,C
PU XING CONCEPT BUILDERS PTE. LTD.,449000.0,1,1,83.45,5.0,67.93,128574420295.08633,99.55251703218089,C
DIGITAL SOLUTIONS PTE. LTD.,448832.0,2,1,78.48,5.0,95.46,128574869127.08633,99.55286455352473,C
GATEWAY LAW CORPORATION,448500.28,22,15,70.09,3.7,84.87,128575317627.36633,99.55321181802464,C
SIMPLE TECHNOLOGIES PTE. LTD.,448000.0,1,1,72.47,3.17,80.07,128575765627.36633,99.55355869516806,C
TSF BUILDING CONSTRUCTION PTE LTD,448000.0,1,1,86.09,4.15,78.4,128576213627.36633,99.55390557231149,C
NEW CASTLE ENGINEERING PTE. LTD.,447780.5,1,1,97.28,4.01,53.53,128576661407.86633,99.55425227950062,C
KANTAR MEDIA SINGAPORE PTE. LTD.,447520.0,1,1,93.61,4.72,63.52,128577108927.86633,99.55459878498996,C
Lin Ho (Private) Limited,446850.0,1,1,93.1,3.91,82.75,128577555777.86633,99.55494477171214,C
DIRECTIONS GROUP INC PTE. LTD.,446838.0,1,1,83.89,3.54,100.0,128578002615.86633,99.555290749143,C
BIAM TECHNOLOGY PTE LTD,446564.33,1,1,90.09,4.7,100.0,128578449180.19633,99.55563651467682,C
RYOSEI ENGINEERING PTE LTD,446420.0,2,1,100.0,4.65,77.58,128578895600.19633,99.55598216845888,C
PICH EVENT MANAGEMENT PTE. LTD.,446140.2,1,1,85.45,3.43,79.04,128579341740.39633,99.5563276055976,C
ROXWELL PTE. LTD.,445999.0,3,3,98.18,4.42,67.48,128579787739.39633,99.55667293340808,C
Manteena Security (Aust) Pty Ltd,445620.77,1,1,93.83,3.68,74.19,128580233360.16634,99.5570179683629,C
KHOON YAN PTE. LTD.,445000.0,1,1,75.76,4.09,74.89,128580678360.16634,99.55736252266831,C
REBL PTE. LTD.,444590.51,2,2,91.33,4.25,82.48,128581122950.67633,99.55770675991408,C
ENG HIN CONSTRUCTION PTE. LTD.,444505.0,4,4,89.41,4.69,76.81,128581567455.67633,99.55805093095123,C
LIBERTY SPECIALTY MARKETS SINGAPORE PTE. LIMITED,444001.0,3,3,98.27,3.24,67.75,128582011456.67633,99.55839471175159,C
NEOLASER SOLUTIONS PTE. LTD.,443480.0,3,3,88.13,4.13,76.3,128582454936.67633,99.55873808915241,C
"ATALIAN SECURITY GUARD (THAILAND) CO., LTD",442936.15,1,1,91.27,4.77,70.17,128582897872.82632,99.55908104546141,C
D'FINE CATERING SERVICES PTE LTD,442716.5,3,3,91.02,4.33,79.75,128583340589.32632,99.55942383169996,C
"Jackpot Janitorial & Commercial Services, LLC",442173.62,1,1,94.01,4.36,82.49,128583782762.94632,99.55976619759774,C
PACIFIC RELIANCE PTE LTD,441781.0,2,2,91.35,4.31,70.45,128584224543.94632,99.56010825949797,C
PREMIER SOLUTIONS PTE. LTD.,441511.0,2,2,82.1,4.9,62.87,128584666054.94632,99.56045011234276,C
Core Communications,440080.0,2,1,96.81,3.84,73.36,128585106134.94632,99.56079085719385,C
UNITED SHIPPING SERVICES PTE. LTD.,440050.27,4,4,78.58,3.26,65.8,128585546185.21632,99.56113157902561,C
ELDO CONSULTING PTE. LTD.,440001.0,3,1,91.37,4.4,78.16,128585986186.21632,99.5614722627086,C
UOB Asset Management Ltd,440000.2,3,3,80.95,4.09,60.27,128586426186.41632,99.56181294577219,C
LUCKY GARDEN FLORICULTURE PTE. LTD.,438768.0,1,1,87.94,4.17,66.24,128586864954.41632,99.56215267476878,C
SIN JIT SENG BUILDING CONSTRUCTION PTE. LTD.,438200.0,3,3,87.74,3.3,78.85,128587303154.41632,99.5624919639747,C
TD GLOBAL SOLUTIONS PTE. LTD.,437826.0,1,1,96.17,4.87,59.49,128587740980.41632,99.56283096360015,C
MANITOU ASIA PTE LTD,437600.0,2,1,92.62,3.98,72.21,128588178580.41632,99.56316978823845,C
INTERSECT PTE. LTD.,437500.0,1,1,96.56,4.19,73.86,128588616080.41632,99.56350853544885,C
PAN ASIAN HOLDINGS LIMITED,437387.89,3,1,100.0,4.6,66.51,128589053468.30632,99.56384719585478,C
LKH PRECICON PTE. LTD.,437272.0,3,2,99.15,3.93,82.45,128589490740.30632,99.56418576652946,C
XENOCS,436482.0,1,1,81.71,4.77,71.91,128589927222.30632,99.56452372552349,C
ALFA LAVAL SINGAPORE PTE LTD,436000.0,1,1,100.0,4.31,82.66,128590363222.30632,99.56486131131486,C
GRID_SYNERGY PTE. LTD.,435540.0,3,3,92.67,4.42,68.47,128590798762.30632,99.56519854093774,C
"ATALIAN SECURITY MANAGEMENT CO., LTD",435288.6,1,1,74.38,3.2,85.85,128591234050.90633,99.5655355759068,C
MACROGEN INC.,434700.0,1,1,94.58,3.81,81.83,128591668750.90633,99.56587215513503,C
PTL GLOBAL PRIVATE LIMITED,434639.5,2,1,91.14,4.99,74.85,128592103390.40633,99.56620868751936,C
ANDERCO PTE. LTD.,434176.0,1,1,81.11,4.14,77.99,128592537566.40633,99.56654486102524,C
SEMBCORP ENVIRONMENT PTE. LTD.,433840.0,2,2,100.0,3.57,82.75,128592971406.40633,99.56688077437323,C
INTRADO EC SINGAPORE PRIVATE LIMITED,433608.0,1,1,94.35,3.95,80.08,128593405014.40633,99.56721650808844,C
R2C PTE. LTD.,433557.0,1,1,87.08,4.12,89.06,128593838571.40633,99.5675522023154,C
DTEM PTE. LTD.,433453.6,1,1,85.87,5.0,82.11,128594272025.00633,99.56788781648187,C
EML ARCHITECTS,433150.0,2,1,95.12,4.43,82.78,128594705175.00633,99.56822319557713,C
NIPRO ASIA PTE LTD,433100.0,1,1,98.33,4.07,73.11,128595138275.00633,99.56855853595842,C
A S K ELECTRONIC PTE. LTD.,432926.7,4,1,84.17,4.42,92.15,128595571201.70633,99.5688937421571,C
HIGH AUTOMATION AND SERVICES PTE. LTD.,432915.0,1,1,88.24,3.67,80.66,128596004116.70633,99.56922893929672,C
BENCHMARK TECHNOLOGIES,432729.98,3,2,82.49,3.92,77.19,128596436846.68633,99.56956399317917,C
RESOLUTE LABS PTE. LTD.,432500.0,1,1,95.43,3.88,95.24,128596869346.68633,99.56989886899287,C
COWIN TECHNOLOGY PTE. LTD.,432382.5,1,1,88.66,4.86,95.23,128597301729.18633,99.57023365382874,C
S.A.C. (PTE) LTD,431900.0,2,1,77.72,4.72,93.17,128597733629.18633,99.57056806507482,C
DREW & NAPIER LLC,430502.0,18,14,75.14,3.72,97.74,128598164131.18633,99.57090139387842,C
ENGAGE2SERVE PTE. LTD.,430500.0,1,1,100.0,4.75,88.74,128598594631.18633,99.57123472113342,C
PINEBRIDGE INVESTMENTS SINGAPORE LIMITED,430005.72,6,6,77.58,3.33,73.74,128599024636.90633,99.57156766567765,C
ATLAS MAINTENANCE PTE. LTD.,430000.0,1,1,82.19,4.83,91.68,128599454636.90633,99.57190060579299,C
LIGHT10 INDUSTRIES PTE. LTD.,429444.5,1,1,78.44,4.62,68.12,128599884081.40633,99.57223311579617,C
UNTITLED FILM PROJECT PTE. LTD.,428947.5,1,1,95.97,4.73,92.99,128600313028.90633,99.57256524098251,C
Vistron Pte Ltd,428930.0,1,1,89.7,2.85,79.91,128600741958.90633,99.57289735261897,C
MICROSOFT REGIONAL SALES CORPORATION,428819.0,2,2,82.55,3.96,59.05,128601170777.90633,99.57322937831043,C
SICK PTE. LTD.,428789.0,2,1,90.67,4.53,83.91,128601599566.90633,99.57356138077348,C
ESTATE EXCHANGE CONSULTING,428376.02,3,2,95.75,4.8,89.45,128602027942.92633,99.57389306347469,C
D'EVENT FACTORY PTE. LTD.,427604.0,3,1,85.04,3.81,88.77,128602455546.92633,99.57422414841675,C
DOU YEE ENTERPRISES (S) PTE LTD,427337.89,2,2,77.92,4.73,82.05,128602882884.81633,99.57455502731531,C
New Hope Community Services,427200.0,1,1,84.09,3.97,81.96,128603310084.81633,99.57488579944852,C
OP3 INTERNATIONAL PTE. LTD.,427140.0,1,1,93.96,5.0,73.36,128603737224.81633,99.57521652512497,C
GEZE (ASIA PACIFIC) PTE. LTD.,426825.0,1,1,95.97,3.85,84.73,128604164049.81633,99.5755470069034,C
EREZ PRIVATE LIMITED,426800.0,1,1,93.77,3.77,75.76,128604590849.81633,99.57587746932488,C
EUROFINS FOOD TESTING SINGAPORE PTE. LTD.,426089.2,1,1,85.96,4.64,81.38,128605016939.01633,99.5762073813886,C
TINKERTANKER PTE. LTD.,425531.0,8,4,95.13,3.12,60.63,128605442470.01633,99.57653686124958,C
Teo Gim Leng,425487.6,1,1,94.8,4.57,75.82,128605867957.61633,99.57686630750683,C
BRC GLOBAL PTE. LTD.,425400.0,2,1,92.51,3.39,87.44,128606293357.61633,99.57719568593724,C
UDS DESIGN PTE. LTD.,425000.0,2,1,83.97,4.2,68.68,128606718357.61633,99.57752475465588,C
MULTIPLY ARCHITECTS LLP,424800.0,1,1,89.24,4.33,68.25,128607143157.61633,99.57785366851869,C
WONG YUH JU,424700.0,1,1,100.0,3.8,76.2,128607567857.61633,99.57818250495353,C
ICS MULTIMEDIA PTY LTD,424000.0,1,1,75.46,3.26,79.06,128607991857.61633,99.57851079939286,C
TANGIBLE PTE. LTD.,424000.0,2,2,78.93,4.33,84.06,128608415857.61633,99.57883909383219,C
M-SQUARED LASERS LIMITED,423948.25,2,2,85.48,3.7,81.89,128608839805.86633,99.57916734820255,C
SECURITY USA INC,423664.82,1,1,99.77,3.78,83.15,128609263470.68634,99.57949538311892,C
WOOD MACKENZIE ASIA PACIFIC PTE. LTD.,423658.0,3,1,95.4,3.91,73.96,128609687128.68634,99.5798234127547,C
ASSIMILATED TECHNOLOGIES (S) PTE LTD,423560.0,1,1,87.54,4.39,72.17,128610110688.68634,99.58015136651112,C
Grand Copthorne Waterfront Hotel Singapore,422759.5,8,5,85.05,3.84,81.48,128610533448.18634,99.58047870045692,C
OUR GRANDFATHER STORY PTE. LTD.,422700.7,1,1,95.62,4.98,69.87,128610956148.88634,99.58080598887508,C
Digital Mirage Pte Ltd,422301.0,6,2,93.95,3.61,72.05,128611378449.88634,99.58113296781382,C
DE PALMCO PRIVATE LIMITED,421690.0,4,4,90.22,3.1,81.46,128611800139.88634,99.58145947366786,C
AVANTUS TRAINING PRIVATE LIMITED,421200.0,3,3,87.68,2.91,79.39,128612221339.88634,99.58178560012504,C
STA INSPECTION PTE LTD,420000.0,1,1,80.51,4.14,87.29,128612641339.88634,99.58211079744702,C
STATE STREET GLOBAL ADVISORS SINGAPORE LIMITED,420000.0,2,1,69.06,3.26,83.35,128613061339.88634,99.58243599476897,C
I.EM ENGINEERING CONSULTANTS PTE. LTD.,420000.0,1,1,100.0,4.13,70.32,128613481339.88634,99.58276119209094,C
THE HOFFMAN AGENCY ASIA PACIFIC PTE LTD,419840.0,2,2,81.42,3.47,77.93,128613901179.88634,99.58308626552822,C
BLUE LAKE CONSULTANCY SERVICES,419680.0,1,1,89.74,4.21,57.88,128614320859.88634,99.5834112150808,C
INFO ACCESS AND DISTRIBUTION (HK) LIMITED,419296.0,1,1,80.08,4.22,80.23,128614740155.88634,99.58373586731011,C
AWE ENVIRONMENTAL SYSTEMS PTE LTD,419290.0,1,1,79.97,4.42,83.73,128615159445.88634,99.58406051489375,C
TECHCOMP (SINGAPORE) PTE. LTD.,419192.85,9,5,70.04,3.75,76.39,128615578638.73634,99.58438508725615,C
MEXPLAY (SINGAPORE) PTE. LTD.,418400.0,1,1,95.59,3.74,84.07,128615997038.73634,99.58470904573117,C
JUNNIMED SERVICES PTE. LTD.,417685.0,6,2,92.05,2.87,72.87,128616414723.73634,99.58503245059647,C
Wu qingde,417600.0,1,1,77.51,4.53,96.78,128616832323.73634,99.58535578964803,C
RESON8 CREATIVE PTE. LTD.,417500.0,2,2,91.98,4.15,83.58,128617249823.73634,99.58567905127165,C
SINGAPORE GP PTE. LTD.,417500.0,1,1,86.99,5.0,89.72,128617667323.73634,99.58600231289529,C
KHIENG BENG TRADING,417356.3000000001,2,1,98.85,4.66,78.97,128618084680.03635,99.58632546325497,C
PM LINK PTE LTD,416191.69,6,2,68.52,4.07,66.05,128618500871.72635,99.5866477118812,C
HEIDRICK & STRUGGLES SINGAPORE PTE LTD,416001.0,2,2,100.0,3.42,74.94,128618916872.72635,99.58696981286008,C
FUTURE-PROOF SOFTWARE PTE. LTD.,415925.0,1,1,87.58,5.0,76.12,128619332797.72635,99.58729185499375,C
APPTITUDE PTE. LTD.,415810.0,2,1,90.7,3.07,83.02,128619748607.72635,99.5876138080853,C
SELECT GROUP PTE. LTD.,415522.4,9,5,83.13,5.0,72.5,128620164130.12634,99.5879355384941,C
FOOTBALL ASSOCIATION OF SINGAPORE,415440.0,1,1,91.32,4.24,63.1,128620579570.12634,99.58825720510227,C
EURACO FINEFOOD PTE LTD,414818.79,10,4,92.38,4.91,77.96,128620994388.91634,99.5885783907204,C
H Fifty Five,414750.0,5,4,78.77,2.98,74.83,128621409138.91634,99.58889952307584,C
AMNET TECHNOLOGY PTE LTD,414022.0,2,2,86.01,4.37,69.81,128621823160.91634,99.58922009175592,C
LITTLE RED ANTS CREATIVE STUDIO PTE. LTD.,414020.0,3,2,86.25,3.52,67.61,128622237180.91634,99.58954065888744,C
CONCEPT SYSTEMS TECHNOLOGIES PTE. LTD.,414017.0,3,3,93.68,4.18,68.07,128622651197.91634,99.58986122369613,C
QUINTILES EAST ASIA PTE LTD,414000.0,2,1,81.11,3.6,74.49,128623065197.91634,99.59018177534207,C
CUSTODIO TECHNOLOGIES PTE. LTD.,413664.0,1,1,90.31,3.5,65.63,128623478861.91634,99.59050206683015,C
EASTLAND DENTAL SUPPLIES PTE. LTD.,413154.8,6,2,73.77,3.69,73.68,128623892016.71634,99.5908219640552,C
LIFESKILLS ENRICHMENT PTE LTD,412683.8,5,3,76.84,4.86,94.24,128624304700.51634,99.59114149659469,C
JARDIFLORE SPRL,411619.03,2,1,90.56,3.99,68.23,128624716319.54634,99.59146020470475,C
ACUATE PRIVATE LIMITED,411044.0,3,2,92.12,4.95,72.8,128625127363.54634,99.59177846758097,C
INTERSWIFT MOVING AND STORAGE PTE. LTD.,410435.5,2,1,69.47,4.68,84.91,128625537799.04634,99.59209625930819,C
ZENO COMMUNICATIONS SINGAPORE PTE. LTD.,410400.0,1,1,69.95,3.6,94.54,128625948199.04634,99.59241402354851,C
ACADEMICLINIC PTE. LTD.,409825.0,2,1,80.08,4.2,68.35,128626358024.04634,99.59273134257822,C
GERMS DIGITAL PTE. LTD.,409800.0,2,2,86.16,3.69,74.64,128626767824.04634,99.59304864225095,C
LIVING CALENDARS PTE. LTD.,409394.49,8,7,92.67,5.0,86.55,128627177218.53635,99.59336562794564,C
SENG HENG TENTAGE RENTALS PTE. LTD.,408930.0,3,2,77.68,3.98,74.87,128627586148.53635,99.59368225399535,C
BEE TECK INTERNATIONAL PTE. LTD.,408600.0,2,1,100.0,3.58,80.33,128627994748.53635,99.59399862453286,C
Lancer Design Pte Ltd,408500.0,4,2,94.17,3.96,87.81,128628403248.53635,99.59431491764245,C
MORGANS GROUP PTY LTD,408424.5,1,1,88.93,3.29,79.43,128628811673.03635,99.59463115229393,C
Lim Rui Jia Alanna,408000.0,1,1,89.03,4.16,76.94,128629219673.03635,99.59494705826386,C
WISE SG PTE. LTD.,407500.0,2,1,95.02,4.73,76.58,128629627173.03635,99.59526257709409,C
SQUARE FRESCO PTE. LTD.,407031.0,3,3,90.48,4.13,74.5,128630034204.03635,99.59557773278732,C
WONDERS TRAVEL PTE. LTD.,407010.0,2,1,88.74,4.24,83.31,128630441214.03635,99.59589287222069,C
LIMITLESS (LTD.),407000.0,1,1,86.29,3.85,72.53,128630848214.03635,99.59620800391126,C
SATIRE SINGAPORE PTE. LTD.,406972.0,3,2,73.36,3.97,61.74,128631255186.03635,99.596523113922,C
SITOCA PTE. LTD.,406760.0,2,2,95.19,4.26,76.16,128631661946.03635,99.59683805978554,C
"ALL REAL TECHNOLOGY CO., LTD",406619.2,1,1,97.44,3.84,72.33,128632068565.23634,99.59715289663055,C
Chemoscience Pte Ltd,405934.75,7,6,85.93,4.78,69.72,128632474499.98634,99.59746720352005,C
INFOSTRADA B.V.,405900.0,1,1,91.26,4.49,80.22,128632880399.98634,99.59778148350335,C
TOPCON SINGAPORE POSITIONING SALES PTE. LTD.,405330.0,1,1,100.0,3.7,68.54,128633285729.98634,99.59809532214743,C
KSA CONSULTANTS,405000.0,1,1,100.0,4.61,77.62,128633690729.98634,99.59840890527933,C
CONVERSION HUB HOLDINGS PTE. LTD.,404976.0,5,4,93.42,4.16,82.93,128634095705.98634,99.59872246982853,C
RIGHT SERVICE PTE. LTD.,404253.8,1,1,99.59,4.02,60.53,128634499959.78635,99.59903547519319,C
GEOICON PTE. LTD.,404250.01,1,1,90.02,2.89,67.03,128634904209.79634,99.59934847762332,C
SPHERE SECURE SERVICES SDN BHD,403705.38,1,1,86.13,4.53,79.3,128635307915.17635,99.5996610583577,C
THOMAS CARLINGTON & ASSOCIATES PTE. LTD.,403200.0,1,1,89.14,4.72,79.53,128635711115.17635,99.59997324778679,C
KC & WATSON (FAR EAST) PTE LTD,403078.46,3,3,80.39,3.69,74.65,128636114193.63635,99.60028534310997,C
PALICO BIOTECH PTE LTD,402871.0,3,1,91.12,5.0,99.26,128636517064.63635,99.60059727780116,C
OUTEREDIT PRIVATE LIMITED,402567.0,3,1,97.79,3.15,76.24,128636919631.63635,99.60090897711143,C
IMGVISION PTE. LTD.,402200.0,6,6,90.69,4.29,69.65,128637321831.63635,99.60122039226118,C
PRECISION HYDRAULIC TECHNOLOGY PTE LTD,402000.0,1,1,75.06,4.11,90.22,128637723831.63635,99.60153165255507,C
UI-LI PRINT & SERVICES,401800.0,2,2,97.67,4.9,83.48,128638125631.63635,99.60184275799307,C
SAN SYSTEM PRODUCTIONS,401258.0,1,1,79.97,4.54,71.89,128638526889.63635,99.60215344377168,C
RIPPLE GROUP HOLDINGS PTE. LTD.,401162.0,4,2,92.04,4.08,71.02,128638928051.63635,99.60246405521949,C
STAR SERVICE CO,401037.6,1,1,84.18,3.47,85.98,128639329089.23636,99.60277457034694,C
OLYMPUS SINGAPORE PTE. LTD.,400837.7,7,5,82.93,4.26,89.71,128639729926.93636,99.60308493069596,C
ID ARCHITECTS PTE. LTD.,400702.84,2,2,90.77,4.41,91.92,128640130629.77635,99.60339518662565,C
DE LORENZO S.P.A,400349.71,1,1,88.48,3.87,74.72,128640530979.48636,99.60370516913409,C
LIKE BUILDING MATERIALS (S) PRIVATE LTD.,400179.0,1,1,83.38,4.39,74.07,128640931158.48636,99.6040150194653,C
SUCCESS ALLIANCE ENRICHMENT PTE. LTD.,400050.0,1,1,97.34,3.38,88.38,128641331208.48636,99.60432476991447,C
LUM SAU KIM,400000.0,1,1,95.5,5.0,100.0,128641731208.48636,99.60463448164968,C
CNT TECHNOLOGY,400000.0,3,1,87.82,5.0,69.22,128642131208.48636,99.60494419338488,C
FRACTURE GAMES LIMITED,400000.0,1,1,86.43,3.67,82.66,128642531208.48636,99.60525390512008,C
BUILD-UP MOULDING & MACHINING,400000.0,3,1,100.0,4.9,69.69,128642931208.48636,99.60556361685529,C
MOTHERSHIP.SG LTD.,400000.0,1,1,92.52,4.32,73.05,128643331208.48636,99.6058733285905,C
STARLIGHT TOOL PRECISION ENGINEERING,400000.0,3,1,80.98,2.39,59.51,128643731208.48636,99.60618304032572,C
"BERMELLO, AJAMIL & PARTNERS, INC.",399950.0,1,1,92.91,4.07,84.87,128644131158.48636,99.60649271334695,C
INFINITE COMPUTER SOLUTIONS PTE LTD,399744.0,4,4,85.29,3.57,78.75,128644530902.48636,99.60680222686665,C
EXPRESS POINT ENGINEERING & SERVICES PTE. LTD.,399638.24,1,1,80.03,4.39,86.9,128644930540.72636,99.60711165849857,C
TELTEC SEMICONDUCTOR PACIFIC (SINGAPORE) PTE LTD,399599.2,2,2,100.0,3.94,67.95,128645330139.92636,99.6074210599026,C
CYBER TEST SYSTEMS PTE. LTD.,399553.87,1,1,79.15,4.57,68.23,128645729693.79636,99.60773042620858,C
T.K.H LIGHTING & ELECTRICAL TRADING PTE. LTD.,399200.0,2,1,81.92,4.38,90.41,128646128893.79636,99.60803951852031,C
G ELEMENT PTE LTD,399000.0,1,1,81.3,3.36,79.57,128646527893.79636,99.60834845597618,C
LAGARDERE SPORTS ASIA PTE. LTD.,398500.01,2,2,95.2,3.34,58.08,128646926393.80635,99.60865700630012,C
ASIA MASIMA PTE. LTD.,398500.0,1,1,100.0,4.72,69.27,128647324893.80635,99.60896555661633,C
DNR WHEELS PTE LTD,398488.5,2,2,100.0,5.0,76.51,128647723382.30635,99.60927409802831,C
CLINNOVATE HEALTH PTE. LTD.,398050.0,2,2,95.89,4.81,54.18,128648121432.30635,99.60958229991881,C
Advanced Vacuum Scandinavia AB,397900.0,1,1,83.75,3.95,79.45,128648519332.30635,99.60989038566741,C
SEMGAS SUPPLY PTE. LTD.,397513.6,1,1,99.76,4.28,78.29,128648916845.90636,99.61019817223446,C
ST HEALTHCARE PTE. LTD.,397281.7,3,2,82.31,3.93,53.71,128649314127.60635,99.61050577924615,C
Isa Halim,397200.0,1,1,85.52,3.47,67.27,128649711327.60635,99.61081332299922,C
EVENTS MASTER (GLC) PTE. LTD.,396904.5,4,1,90.94,3.48,90.28,128650108232.10635,99.61112063795274,C
LS TELCOM AKTIENGESELLSCHAFT,396882.0,3,1,97.54,4.83,75.45,128650505114.10635,99.61142793548497,C
OSACAR CITY AUDIO VISUAL PTE. LTD.,396750.0,4,4,86.57,4.73,67.13,128650901864.10635,99.61173513081232,C
SENG JOO HARDWARE PTE. LTD.,396659.5,2,1,88.47,3.86,83.86,128651298523.60635,99.6120422560674,C
LEXON FURNITURE & CONSTRUCTION PTE LTD,396500.0,1,1,97.39,3.5,72.47,128651695023.60635,99.61234925782492,C
Twinspark Contracting Pte Ltd,396000.0,1,1,93.16,3.97,79.68,128652091023.60635,99.61265587244277,C
CENTRE FOR SOCIAL EMOTIONAL LEARNING (SEL),395900.0,4,2,90.26,4.36,67.49,128652486923.60635,99.6129624096327,C
CONGRUENCE INTERNATIONAL SYSTEMS PTE LTD,395445.0,2,1,94.46,4.17,94.95,128652882368.60635,99.61326859452552,C
TRUE STATS LAB PTE. LTD.,395150.0,2,1,94.48,4.72,79.71,128653277518.60635,99.61357455100594,C
KOH BUS TRANSPORT SERVICE,395140.0,2,2,98.27,3.77,68.23,128653672658.60635,99.61388049974357,C
ARMOUR PUBLISHING PTE LTD,394800.0,1,1,99.97,4.06,93.89,128654067458.60635,99.61418618522622,C
"TAN,CHAN & PARTNERS",394652.0,2,1,94.26,4.5,71.85,128654462110.60635,99.61449175611551,C
SERVICEDOTT PTE. LTD.,394400.0,1,1,81.9,5.0,74.07,128654856510.60635,99.61479713188643,C
"REAL-TIME INNOVATIONS, INC.",393880.2,1,1,100.0,4.68,82.2,128655250390.80635,99.61510210518695,C
QUASI-S PTE. LTD.,393677.7,2,2,86.7,3.9,92.31,128655644068.50635,99.6154069216959,C
Munters Pte Ltd,393600.0,1,1,84.15,3.66,67.95,128656037668.50635,99.61571167804334,C
Radius (Shanghai) Exhibition Design & Services Co.LTD,393389.0,1,1,83.88,4.59,76.14,128656431057.50635,99.61601627101784,C
ZEN TYRES PTE LTD,393225.0,2,1,97.84,4.58,58.96,128656824282.50635,99.61632073701054,C
MANNING SELVAGE & LEE SINGAPORE,392400.0,2,1,99.26,3.63,64.0,128657216682.50635,99.61662456422278,C
APPAREL EMPIRE PTE. LTD.,392354.85,5,5,83.17,3.87,82.99,128657609037.35635,99.61692835647631,C
GLOBAL SINOTRUST PTE. LTD.,392144.0,3,2,98.18,3.55,59.92,128658001181.35635,99.61723198547303,C
RHT COMPLIANCE SOLUTIONS PTE. LTD.,392000.0,1,1,94.19,3.13,83.97,128658393181.35635,99.61753550297352,C
ALLAN DEFENCE TECHNOLOGIES PTE. LTD.,391905.12,5,1,98.83,3.69,63.25,128658785086.47635,99.61783894701041,C
PHILIP LIEW & CO,391700.0,2,2,80.19,3.94,94.55,128659176786.47635,99.61814223222711,C
KULICKE & SOFFA PTE. LTD.,390934.5,1,1,80.9,3.84,77.28,128659567720.97635,99.61844492473298,C
ASC PROCESS SYSTEMS LIMITED,390541.0,1,1,86.15,4.79,75.69,128659958261.97635,99.61874731255993,C
PRO-MATRIX PTE LTD,390512.0,1,1,91.23,3.13,78.66,128660348773.97635,99.61904967793278,C
DAIKIN AIRCONDITIONING (SINGAPORE) PTE. LTD.,390000.0,1,1,86.44,4.81,70.01,128660738773.97635,99.6193516468746,C
ATTRIBUTE DATA PTE. LTD.,390000.0,1,1,87.23,4.52,74.38,128661128773.97635,99.61965361581643,C
SKYCOM SATELLITE SYSTEMS PTE LTD,389860.98,4,2,77.22,4.27,84.43,128661518634.95634,99.61995547711794,C
MINISTRY OF MOVEMENT PTE. LTD.,389782.5,1,1,78.77,3.88,65.22,128661908417.45634,99.620257277654,C
LISTEN TO SERVE PTE. LTD.,389760.0,1,1,92.01,3.56,73.41,128662298177.45634,99.6205590607688,C
JYC CONSULTANCY PTE. LTD.,388800.0,1,1,72.2,2.7,78.63,128662686977.45634,99.62086010057543,C
EMPOWERING COUNSELLING & PSYCHOLOGICAL CONSULTANCY SERVICES (PTE. LTD.),388400.0,2,1,80.56,4.65,76.81,128663075377.45634,99.6211608306703,C
THE LANTAU GROUP (HK) LIMITED,388250.0,4,1,92.86,4.45,77.33,128663463627.45634,99.62146144462329,C
KANG SWEE ANN,388200.0,1,1,84.68,4.4,68.23,128663851827.45634,99.62176201986232,C
NOVATIQ PTE. LTD.,387820.0,1,1,80.17,3.56,80.87,128664239647.45634,99.62206230087519,C
SHRI CORPORATION PTE. LTD.,387300.0,2,2,99.47,3.83,78.78,128664626947.45634,99.62236217926281,C
AKROBAT PTE. LTD.,387145.0,1,1,84.79,5.0,74.32,128665014092.45634,99.62266193763712,C
SJ THAMES ENGINEERING PTE. LTD.,387000.0,1,1,90.05,4.58,60.39,128665401092.45634,99.62296158374093,C
"SYSKEY TECHNOLOGY CO., LTD.",387000.0,1,1,82.97,4.03,79.82,128665788092.45634,99.62326122984474,C
HOSING ENGINEERING AND DEVELOPMENT PTE. LTD.,387000.0,1,1,92.04,3.26,89.72,128666175092.45634,99.62356087594856,C
SYSMEX ASIA PACIFIC PTE. LTD.,386804.0,1,1,88.12,4.64,66.31,128666561896.45634,99.62386037029361,C
FUNCTIONAL ENGINEERING SDN BHD,386334.93,1,1,85.43,4.46,74.73,128666948231.38634,99.62415950144747,C
MarketLine,386143.24,1,1,78.27,4.64,78.51,128667334374.62634,99.62445848417971,C
MODE ARCHITECTS PRIVATE LIMITED,386000.0,1,1,86.35,3.53,73.76,128667720374.62634,99.6247573560042,C
BAN NEE CHEN PTE. LTD.,385984.0,3,3,77.99,4.79,67.74,128668106358.62634,99.6250562154402,C
MANAGEMENT CENTRE OF ASIA PTE. LTD.,385800.0,4,4,80.06,4.39,88.05,128668492158.62634,99.62535493240881,C
PSC Nortel Security LLC,384489.0,1,1,93.49,2.82,68.44,128668876647.62634,99.6256526342972,C
WONG FONG ACADEMY PTE. LTD.,384000.0,2,2,88.99,3.41,81.32,128669260647.62634,99.625949957563,C
QUANTUM CONSUMER SOLUTIONS PTE. LTD.,384000.0,1,1,87.24,3.97,71.82,128669644647.62634,99.62624728082879,C
UNITED LAUNDRY PTE. LTD.,383636.0,4,3,86.38,4.25,63.95,128670028283.62634,99.62654432225692,C
BALLYHOO EXHIBITIONS & EVENTS PTE. LTD.,383599.0,1,1,75.8,3.45,53.14,128670411882.62634,99.6268413350367,C
BOSSA NOVA TECHNOLOGIES LLC,383500.0,1,1,77.42,4.22,84.39,128670795382.62634,99.62713827116283,C
ENGIE PROPERTY SERVICES PTE. LTD.,383403.0,4,4,92.41,3.99,87.97,128671178785.62634,99.62743513218388,C
"SHANGHAI SHANGFANG PROPERTY SERVICES CO., LTD",383004.29,1,1,82.24,3.72,85.84,128671561789.91634,99.62773168449198,C
KPJ BANDAR DATO' ONN SPECIALIST HOSPITAL,382674.6,1,1,75.43,4.42,79.79,128671944464.51634,99.62802798152795,C
AMCON INTEGRATION LLP,382618.0,2,2,89.71,4.19,85.51,128672327082.51634,99.62832423473971,C
ESSAR ENGINEERING PTE. LTD.,382500.0,2,2,90.72,4.34,81.85,128672709582.51634,99.6286203965865,C
RAPID BIOMEDIZINISCHE GERATE RAPID BIOMEDICAL GMBH,382233.04,1,1,86.73,3.89,97.98,128673091815.55634,99.62891635173166,C
H.A.M. CREATIONS PTE. LTD.,382105.0,1,1,87.23,4.1,66.62,128673473920.55634,99.62921220773812,C
FORRESTER RESEARCH LIMITED,381941.46,3,3,91.09,4.39,72.14,128673855862.01634,99.62950793711894,C
MOHAMMAD HERMAN B ZAILANI,381312.0,1,1,90.61,3.74,77.49,128674237174.01634,99.62980317912188,C
INTAGE SINGAPORE PTE. LTD.,381270.0,1,1,86.79,4.59,86.11,128674618444.01634,99.63009838860508,C
CONEXUS PTE. LTD.,380888.0,1,1,80.52,4.4,87.85,128674999332.01634,99.63039330231358,C
IMPOSSIBLE PSYCHOLOGICAL SERVICES,380825.0,1,1,84.68,4.16,80.17,128675380157.01634,99.63068816724248,C
SECURITY & RISK SOLUTIONS PTE. LTD.,380680.0,2,2,86.45,4.03,89.02,128675760837.01634,99.63098291990087,C
UNIPAC CONSULTING ENGINEERS LLP,380000.0,3,2,73.5,5.0,71.73,128676140837.01634,99.63127714604933,C
WORLD BIOHAZTEC PTE. LTD.,380000.0,2,2,69.08,3.74,92.33,128676520837.01634,99.63157137219778,C
ADVENTURE SYSTEMS PTE. LTD.,379940.0,2,2,79.8,5.0,88.03,128676900777.01634,99.63186555188946,C
DEMARCO PTE LTD,379900.0,1,1,85.38,3.6,62.98,128677280677.01634,99.63215970060998,C
WT PARTNERSHIP (S) PTE. LTD.,379501.75,5,4,95.55,3.78,76.38,128677660178.76634,99.63245354097374,C
HOL CONTENT CURATORS LLP,379501.0,3,3,86.06,3.61,75.26,128678039679.76634,99.6327473807568,C
MEDIWELL ENTERPRISE PTE LTD,379020.0,4,2,82.34,4.8,56.75,128678418699.76634,99.63304084811149,C
ANDROID BUILDER PTE. LTD.,379000.0,1,1,86.48,4.7,78.09,128678797699.76634,99.6333342999806,C
T.O.P DESIGN & ENGINEERING PTE. LTD.,379000.0,1,1,93.31,3.88,83.64,128679176699.76634,99.63362775184972,C
BUILT PTY LTD,378265.67,1,1,78.5,4.51,86.74,128679554965.43634,99.63392063514227,C
ASR BUILDING & CONSERVATION PTE. LTD.,378230.0,1,1,91.19,4.0,66.12,128679933195.43634,99.6342134908163,C
PROSTRUCT CONSULTING PTE. LTD.,378000.0,1,1,84.43,3.3,76.99,128680311195.43634,99.63450616840606,C
SITE GROUP INTERNATIONAL PTE. LTD.,378000.0,1,1,83.05,3.44,68.98,128680689195.43634,99.63479884599583,C
IOSYS SOLUTIONS PTE. LTD.,377967.0,2,2,82.46,3.9,94.72,128681067162.43634,99.63509149803438,C
Green House Design & Communications Pte. Ltd.,376057.0,5,5,78.1,5.0,67.74,128681443219.43634,99.63538267119941,C
DUSSMANN SERVICES DEUTSCHLAND GMBH,375188.04,1,1,82.7,4.27,91.45,128681818407.47633,99.63567317154664,C
ONTHESTREETS PHOTOGRAPHY,374750.0,6,4,88.29,4.33,64.31,128682193157.47633,99.63596333272858,C
MUSIC & MOVEMENT (S) PTE. LTD.,374500.0,1,1,78.12,4.79,100.0,128682567657.47633,99.63625330034066,C
COMMONWEALTH OF AUSTRALIA,374470.25,1,1,96.88,4.06,78.29,128682942127.72633,99.63654324491793,C
ZYGO PTE LTD.,374238.66,1,1,84.33,3.88,66.91,128683316366.38634,99.63683301017986,C
Navigate Pte Ltd,373538.0,2,1,88.5,3.92,74.96,128683689904.38634,99.63712223293523,C
NUCLEUS EVENTS PRODUCTION PTE. LTD.,373424.0,2,2,83.51,3.9,64.58,128684063328.38634,99.63741136742274,C
T.G ENGINEERING PTE. LTD,373227.0,2,2,86.15,3.99,81.16,128684436555.38634,99.63770034937724,C
PROTIVITI PTE. LTD.,373200.0,2,1,81.5,4.83,70.06,128684809755.38634,99.63798931042619,C
EGIS RAIL PTE. LTD.,373002.0,2,1,93.56,2.32,93.65,128685182757.38634,99.63827811816782,C
AUGUST TRAINING AND CONSULTANCY SERVICES,373000.0,1,1,93.06,4.47,65.68,128685555757.38634,99.6385669243609,C
SDB SOLUTIONS & SERVICES PTE. LTD.,373000.0,1,1,83.87,4.02,78.16,128685928757.38634,99.63885573055398,C
G-ONE PESTKARE PTE. LTD.,372653.0,1,1,83.61,3.88,80.98,128686301410.38634,99.63914426807213,C
L. H. MGMT PTE. LTD.,372550.0,3,3,78.98,5.0,72.53,128686673960.38634,99.63943272583951,C
KONGSBERG NORCONTROL PTE. LTD.,372438.0,1,1,94.38,5.0,68.44,128687046398.38634,99.63972109688761,C
Selvaraj s/0 Vengadasalam,372000.0,1,1,86.19,3.62,81.05,128687418398.38634,99.64000912880135,C
LUAN CHIN HOW,372000.0,1,1,92.37,4.73,66.92,128687790398.38634,99.6402971607151,C
LINEAR DOTS PRODUCTION PTE. LTD.,371853.63,4,4,96.46,4.11,72.97,128688162252.01634,99.64058507929757,C
Siong Bee Industries Private Limited,370880.0,1,1,80.22,4.74,78.44,128688533132.01634,99.64087224401847,C
STRAITS VENTURA PTE. LTD.,369915.85,1,1,82.78,4.05,69.46,128688903047.86635,99.64115866221792,C
TAC CONTRACTS PTE. LTD.,369700.0,2,2,83.96,4.12,80.52,128689272747.86635,99.64144491328919,C
BATES SINGAPORE ASIA PTE. LTD.,369334.0,1,1,98.63,4.78,67.09,128689642081.86635,99.64173088097422,C
KURITA (SINGAPORE) PTE. LTD.,368802.2,2,1,79.03,3.71,80.26,128690010884.06635,99.64201643689748,C
"SHANGHAI HANG YE VACUUM EQUIPMENT SCIENCE AND TECHNOLOGY CO.,LTD.",368680.0,1,1,82.96,3.64,72.62,128690379564.06635,99.64230189820384,C
FOO SIANG LUEN,368640.0,1,1,100.0,4.16,81.88,128690748204.06635,99.642587328539,C
SENYUAN BUILDTECH PTE. LTD.,368589.0,1,1,78.19,4.42,84.06,128691116793.06635,99.64287271938592,C
Targos Molecular Pathology GmbH,368371.93,1,1,90.51,4.61,77.4,128691485164.99634,99.64315794216002,C
FTI CONSULTING LLP,368113.0,1,1,80.59,3.88,89.09,128691853277.99634,99.64344296444997,C
EXCELSOFT TECHNOLOGIES PTE. LTD.,367800.0,2,2,76.98,3.88,97.83,128692221077.99634,99.6437277443905,C
Tricor Shared Services Sdn. Bhd.,367444.44,1,1,84.32,3.36,59.34,128692588522.43634,99.64401224902826,C
DARTFISH LTD,367390.0,1,1,95.58,3.7,84.94,128692955912.43634,99.64429671151426,C
PEARSON EDUCATION SOUTH ASIA PTE. LTD.,366601.0,3,3,79.62,3.98,70.82,128693322513.43634,99.64458056309385,C
SPEEDWING TRAINING (ASIA) PTE LTD,366590.0,1,1,87.96,4.79,84.39,128693689103.43634,99.64486440615637,C
DIVERGENT TECHNOLOGIES PTE. LTD.,366520.0,1,1,85.9,4.1,78.28,128694055623.43634,99.64514819501935,C
AMBER VETERINARY PRACTICE PTE. LTD.,366427.2,1,1,100.0,3.41,78.1,128694422050.63634,99.6454319120292,C
EWERKZ PROJECTS,366372.96,1,1,95.35,4.03,84.94,128694788423.59634,99.64571558704213,C
ALCOTRAD PTE. LTD.,366350.0,1,1,95.67,3.41,69.0,128695154773.59634,99.64599924427762,C
PRO INTERACTIVE SERVICES INDIA PVT LTD,366289.94,1,1,73.98,3.09,75.32,128695521063.53635,99.64628285500989,C
DOUBLE S CONSTRUCTION PTE. LTD.,365850.0,1,1,83.07,4.05,66.61,128695886913.53635,99.64656612510569,C
AP MEDIA PTE. LTD.,365771.0,4,3,74.71,4.74,59.55,128696252684.53635,99.64684933403345,C
Y T LIM ENGINEERING SERVICES,365760.0,2,1,83.47,4.08,76.18,128696618444.53635,99.64713253444411,C
KS CIVIL ENGINEERING PTE. LTD.,365750.0,1,1,88.2,2.77,88.12,128696984194.53635,99.647415727112,C
KIZEN,365656.0,1,1,82.8,4.37,85.95,128697349850.53635,99.64769884699763,C
METROPOLITAN FISHERY GROUP PTE. LTD.,365650.0,2,1,100.0,4.12,68.67,128697715500.53635,99.64798196223757,C
CAPELLE ACADEMY PTE. LTD.,364900.0,2,2,76.12,3.56,78.55,128698080400.53635,99.64826449676801,C
IDEA KONZEPTE CONSTRUCTION PTE. LTD.,364821.2,2,2,87.09,4.37,69.31,128698445221.73634,99.64854697028525,C
DAY LED LIGHT PTE. LTD.,363000.0,1,1,86.84,3.18,89.85,128698808221.73634,99.64882803368495,C
SPOC SOLUTIONS IMS PTE. LTD.,362592.4,4,3,94.98,4.38,69.46,128699170814.13634,99.64910878148838,C
JPKINSTRUMENTS AKTIENGESELLSCHAFT (SINGAPORE BRANCH),361950.0,1,1,89.49,4.94,82.89,128699532764.13634,99.64938903189477,C
HAVAS MEDIA ASIA PACIFIC PTE. LTD.,361501.0,3,3,91.61,3.51,67.37,128699894265.13634,99.64966893464975,C
CAREERBUILDER (SINGAPORE) PTE. LTD.,361160.0,3,2,86.73,3.68,68.93,128700255425.13634,99.64994857337547,C
OH SWEE GEOK JESSIE,361000.0,2,1,87.27,4.67,72.99,128700616425.13634,99.65022808821648,C
BESCON CONSULTING ENGINEERS PTE,361000.0,4,2,91.19,3.74,75.29,128700977425.13634,99.65050760305752,C
LIM'S TIMBER TRADING CO,360968.0,1,1,77.18,4.1,88.13,128701338393.13634,99.65078709312161,C
Hainei Building & Development (S) Pte Ltd,360828.0,1,1,93.32,3.61,61.51,128701699221.13634,99.65106647478657,C
IMS MAHAJAK PRO AUDIO PTE. LTD.,360755.0,2,2,86.57,5.0,75.43,128702059976.13634,99.65134579992917,C
Deco-Base Enterprise Pte Ltd,360455.0,1,1,87.47,3.72,75.34,128702420431.13634,99.65162489278795,C
Omron Electronics Pte Ltd,360419.0,3,3,87.79,4.77,77.88,128702780850.13634,99.65190395777267,C
KAFFEE KULTUR,360360.0,2,1,94.42,4.07,81.96,128703141210.13634,99.65218297707493,C
Solidheat Industries Pte Ltd,360040.8,1,1,80.57,3.54,86.1,128703501250.93634,99.65246174922721,C
CSE-EIS PTE. LTD.,360000.0,1,1,83.1,3.61,83.04,128703861250.93634,99.65274048978891,C
DELTA INSURANCE SINGAPORE PRIVATE LIMITED,360000.0,3,1,81.42,4.76,92.27,128704221250.93634,99.6530192303506,C
NG SUEY LI,360000.0,1,1,94.55,3.41,73.94,128704581250.93634,99.65329797091228,C
AZIL ENGINEERS PTE. LTD.,360000.0,1,1,83.1,4.85,79.45,128704941250.93634,99.65357671147396,C
ONG CHEE BENG,360000.0,1,1,84.14,3.63,86.98,128705301250.93634,99.65385545203564,C
BLOOM CONSULTING SERVICES PTE. LTD.,359750.0,2,1,92.9,4.65,65.46,128705661000.93634,99.65413399902751,C
SINGAPORE HISTORY CONSULTANTS PTE. LTD.,359562.0,3,1,93.56,5.0,93.96,128706020562.93634,99.65441240045485,C
PROVAC INTERNATIONAL PTE LTD,359301.0,1,1,77.0,3.02,85.89,128706379863.93634,99.65469059979527,C
AMAZING EXPLORER PTE. LTD.,358444.36,5,3,83.57,4.52,69.21,128706738308.29634,99.65496813585705,C
AARON WILLS & CO. PRIVATE LIMITED,358083.0,8,3,95.75,4.29,62.36,128707096391.29634,99.65524539212524,C
VALTECH DIGITAL SINGAPORE PTE. LTD.,357735.23,1,1,91.32,3.81,78.55,128707454126.52634,99.6555223791223,C
GOLDEN LANDSCAPE & CONSTRUCTION PTE. LTD.,357680.0,2,2,84.29,5.0,77.25,128707811806.52634,99.65579932335594,C
CSIM SYSTEMS PTE. LTD.,357500.0,2,2,78.85,4.83,86.18,128708169306.52634,99.65607612821927,C
MUHAMMAD ISA S/O ABDUL HALEEM,357480.0,1,1,86.87,3.86,75.93,128708526786.52634,99.65635291759702,C
BRAND COURAGE PTE. LTD.,357230.0,1,1,74.84,4.85,71.48,128708884016.52634,99.65662951340495,C
LIMO Z PTE. LTD.,357000.0,2,1,91.04,3.59,76.62,128709241016.52634,99.65690593112862,C
A+B PTE. LTD.,356761.0,2,1,96.03,3.39,71.92,128709597777.52634,99.65718216379953,C
Advanced Marine Pte Ltd,356396.0,1,1,100.0,4.69,100.0,128709954173.52634,99.65745811385848,C
AKK TH3X (S) PTE. LTD.,356341.0,1,1,91.21,4.16,100.0,128710310514.52634,99.65773402133206,C
TRADE 21 PTE. LTD.,356028.99,2,2,88.91,3.2,80.08,128710666543.51634,99.65800968722277,C
XTRA DESIGNS PTE. LTD.,355931.0,3,3,70.7,3.72,78.07,128711022474.51634,99.65828527724183,C
SALARY BOARD PTE. LTD.,355000.0,1,1,85.75,3.81,70.78,128711377474.51634,99.65856014640683,C
LEARNING NEEDS CENTRE PTE LTD,354532.27,2,1,84.77,4.75,78.44,128711732006.78635,99.65883465341815,C
FARMWORK PTE. LTD.,354501.0,2,2,89.53,4.76,79.21,128712086507.78635,99.65910913621777,C
COURTEQUIP,353852.4,2,1,87.7,4.22,64.13,128712440360.18634,99.65938311681978,C
GOODSTUPH PRIVATE LIMITED,352928.0,1,1,88.47,4.61,79.35,128712793288.18634,99.65965638167799,C
INSIGHT TECHNOLOGY SOLUTIONS PTE. LTD.,352834.45,2,2,87.33,4.36,64.92,128713146122.63634,99.65992957410236,C
RICHZ TECHNOLOGY (S) PTE. LTD.,352800.0,1,1,87.26,3.22,60.2,128713498922.63634,99.6602027398528,C
SHINERS FACILITIES PTE. LTD.,352800.0,1,1,78.96,3.73,69.06,128713851722.63634,99.66047590560326,C
ECYT Law LLC,352751.0,2,1,84.93,4.25,71.78,128714204473.63634,99.66074903341404,C
HJGHER,352489.7,1,1,92.26,3.72,86.8,128714556963.33633,99.66102195890561,C
CERTIS GUARDING SERVICES LLC,352043.02,2,1,90.47,4.26,79.18,128714909006.35634,99.6612945385421,C
THE SMART LOCAL PTE. LTD.,351602.81,3,2,81.17,4.05,82.86,128715260609.16634,99.66156677733305,C
PAC-WEST TRAVEL (S) PTE LTD,351504.48,5,4,81.97,3.42,80.11,128715612113.64633,99.66183893998914,C
YM & ASSOCIATES,351360.0,2,1,88.02,3.71,66.12,128715963473.64633,99.66211099077734,C
PROTOCOL PTE. LTD.,351000.0,2,2,88.28,2.97,60.51,128716314473.64633,99.66238276282499,C
ST CHEW & ASSOCIATES,350700.0,3,2,94.13,3.57,83.09,128716665173.64633,99.66265430258883,C
NAVBLUE LIMITED,350040.0,1,1,78.96,4.36,77.35,128717015213.64633,99.66292533132831,C
"MITSUBOSHI DIAMOND INDUSTRIAL CO., LTD.",350000.0,1,1,98.81,4.57,73.85,128717365213.64633,99.66319632909662,C
IO-CONSULTANTS PTE. LTD.,350000.0,1,1,90.63,3.88,86.75,128717715213.64633,99.66346732686493,C
LIM KIM CHEONG,350000.0,2,1,80.34,4.09,71.63,128718065213.64633,99.66373832463323,C
PDC GROUP PTE. LTD.,350000.0,1,1,77.85,3.43,85.4,128718415213.64633,99.66400932240154,C
TAY HAO CONSTRUCTION PTE. LTD.,350000.0,2,2,93.05,3.27,86.76,128718765213.64633,99.66428032016984,C
Paperclip Communications Pte Ltd,349860.0,1,1,85.43,3.7,74.44,128719115073.64633,99.66455120953904,C
NAIT CONSULTING SERVICES PTE. LTD.,349737.0,1,1,85.94,4.08,60.29,128719464810.64633,99.66482200367189,C
Markono Print Media Pte Ltd,349680.47,3,1,88.16,4.58,90.92,128719814491.11633,99.66509275403472,C
SAGANA INTERNATIONAL PTE LTD,349409.21,5,2,76.15,4.22,65.35,128720163900.32634,99.66536329436654,C
P S RESOURCES (S) PTE LTD,349360.0,1,1,77.21,4.01,94.1,128720513260.32634,99.66563379659607,C
M8M PTE. LTD.,349000.0,1,1,93.75,4.44,88.21,128720862260.32634,99.66590402008504,C
INNOHEART PTE. LTD.,348657.0,1,1,77.94,3.72,87.03,128721210917.32634,99.66617397799618,C
SUN-CITY TRAVEL & TOURS PTE LTD,348355.0,4,2,85.13,3.86,86.52,128721559272.32634,99.66644370207499,C
AB ASSOCIATES PTE. LTD.,348000.0,1,1,84.86,5.0,85.1,128721907272.32634,99.66671315128461,C
VERONE WELLNESS ENTERPRISE,347256.0,1,1,82.96,2.92,66.64,128722254528.32634,99.66698202443041,C
TRIANGLE AUTO PTE LTD,346830.0,2,2,93.63,3.94,80.85,128722601358.32634,99.66725056773322,C
MICROLIGHT3D,346700.0,1,1,91.46,5.0,70.71,128722948058.32634,99.6675190103797,C
RISORSA UMANA SOLUTIONS PTE. LTD.,346525.0,1,1,78.47,4.42,75.74,128723294583.32634,99.66778731752733,C
Iterate Pte Ltd,346000.0,1,1,83.09,4.29,97.25,128723640583.32634,99.66805521817828,C
CHEM-GAS PTE LTD,345846.34,2,1,87.97,3.81,87.64,128723986429.66634,99.66832299985346,C
BDL Group Architects,345532.5,2,2,82.78,5.0,95.63,128724331962.16634,99.66859053852883,C
SINGGAS (LPG) PTE. LTD.,344736.0,1,1,83.38,4.43,65.93,128724676698.16634,99.6688574604907,C
Communication One Trader,344700.0,1,1,89.91,3.19,93.01,128725021398.16634,99.66912435457851,C
SHANGYIN MUSIC PTE LTD,344640.0,1,1,90.95,4.44,63.86,128725366038.16634,99.66939120220957,C
STUCK DESIGN PTE. LTD.,344551.0,4,4,80.99,4.53,68.09,128725710589.16634,99.66965798092976,C
IT MENG LANDSCAPE & CONSTRUCTION PTE LTD,344236.63,2,2,84.7,4.62,95.92,128726054825.79634,99.66992451623976,C
"SPACELOGIC INTERNATIONAL (CAMBODIA) CO., LTD",344116.7,1,1,88.2,4.62,96.82,128726398942.49634,99.67019095869044,C
BERGEN EQUIPMENT PTE. LTD.,344100.0,1,1,91.49,2.99,95.46,128726743042.49634,99.67045738821065,C
TAN TOCK SENG HOSPITAL PTE LTD,343900.0,2,2,100.0,3.55,75.98,128727086942.49634,99.67072366287499,C
OKAMOTO (SINGAPORE) PRIVATE LIMITED,343750.0,1,1,93.5,4.5,87.67,128727430692.49634,99.67098982139744,C
PRICEWATERHOUSECOOPERS SINGAPORE PTE. LTD.,343700.0,2,2,86.59,3.21,90.63,128727774392.49634,99.67125594120591,C
H2 HUB PTE. LTD.,343530.0,1,1,92.87,3.83,78.21,128728117922.49634,99.67152192938691,C
BENTZ JAZ SINGAPORE PTE LTD,343300.0,2,1,100.0,4.88,74.84,128728461222.49634,99.67178773948365,C
ZHAO WEI FILMS PTE LTD,343275.5,2,2,85.87,4.22,84.55,128728804497.99634,99.67205353061055,C
INTERMASS FISCHER-ASIA PTE LTD,343020.0,2,1,77.47,4.56,85.19,128729147517.99634,99.67231912390908,C
MARSHALL CAVENDISH INTERNATIONAL (ASIA) PRIVATE LIMITED,343000.01,3,3,84.09,4.7,81.92,128729490518.00633,99.67258470172975,C
PHOTOPLAY,342751.1,7,5,94.83,4.82,80.51,128729833269.10634,99.67285008682457,C
FIREBALL SECURITAS & CONSULTANTS PVT. LTD.,342238.97,1,1,90.8,3.81,71.08,128730175508.07634,99.67311507538771,C
YAP HSIAO MING WINSTON,342000.0,1,1,87.74,3.82,82.61,128730517508.07634,99.67337987892131,C
FIELDTEC ENGINEERING SDN. BHD.,341475.9,6,1,92.42,4.23,72.75,128730858983.97633,99.67364427665511,C
"MILITARY FREEFALL SOLUTIONS, INC.",340921.16,1,1,100.0,3.76,64.36,128731199905.13634,99.67390824486519,C
SPARTANS SERVICE SUPPORT PTE. LTD.,340838.0,2,1,98.48,4.36,63.74,128731540743.13634,99.6741721486862,C
K. N. Nursery (B) Sdn Bhd,340734.96,2,1,93.57,4.93,84.67,128731881478.09634,99.67443597272548,C
IMAGE CREATIVE DESIGN PTE LTD,340380.0,2,2,100.0,3.74,81.2,128732221858.09634,99.67469952192654,C
JANUS HENDERSON INVESTORS (SINGAPORE) LIMITED,340001.0,2,2,85.03,4.65,73.57,128732561859.09634,99.67496277767576,C
CHANGI GENERAL HOSPITAL PTE LTD,339620.0,2,2,76.65,3.65,70.83,128732901479.09634,99.67522573842453,C
BYZORO NETWORKS LTD.,339540.0,1,1,88.27,3.43,81.81,128733241019.09634,99.67548863723097,C
PARCEL PERFORM PTE. LTD.,339460.0,1,1,94.08,4.46,100.0,128733580479.09634,99.67575147409505,C
Kenetics Innovations Pte Ltd,338886.0,1,1,76.13,4.37,82.75,128733919365.09634,99.6760138665228,C
INFORMATICA S.E.A. PTE. LTD.,338806.52,3,1,84.55,3.82,78.78,128734258171.61635,99.67627619741081,C
GUAN LEE HENG CONTRACTOR PTE LTD,338400.0,1,1,91.93,3.74,82.88,128734596571.61635,99.6765382135388,C
MOOVITA PTE. LTD.,338250.0,1,1,77.01,4.8,67.04,128734934821.61635,99.67680011352489,C
LUCKY JOINT CONSTRUCTION PTE. LTD.,338192.0,1,1,89.26,3.31,71.46,128735273013.61635,99.67706196860277,C
EPITOME GLOBAL PTE. LTD.,338000.0,1,1,83.36,2.33,83.5,128735611013.61635,99.67732367501903,C
WENERGY GLOBAL PTE. LTD.,338000.0,1,1,81.4,4.9,94.93,128735949013.61635,99.67758538143528,C
GOLDBELL CAR RENTAL PTE. LTD.,337680.0,1,1,83.33,4.79,67.13,128736286693.61635,99.67784684008213,C
"SINERGI INTEGRA SERVICES, PT",337646.11,2,1,97.62,3.84,85.26,128736624339.72635,99.67810827248866,C
UBS LIBRARY SERVICES PTE LTD,337500.0,1,1,90.57,4.45,94.19,128736961839.72635,99.67836959176525,C
LANCER DESIGN PTE LTD,337410.0,1,1,89.54,4.24,83.5,128737299249.72635,99.67863084135669,C
DH REGSYS PRIVATE LIMITED,337280.0,3,1,69.63,3.19,67.4,128737636529.72635,99.67889199029182,C
STATE SECURITY SERVICES ENTERPRISE,337181.64,2,1,72.52,4.14,80.05,128737973711.36635,99.67915306306882,C
ANTI-DOPING LABORATORY QATAR,337087.5,1,1,82.7,3.92,80.85,128738310798.86635,99.67941406295519,C
POLARIS SCIENCE PTE. LTD.,336850.0,3,1,98.9,4.4,77.65,128738647648.86635,99.6796748789502,C
GLEN-BROMAC (S) PTE LTD,336718.0,2,2,79.55,4.62,74.94,128738984366.86635,99.67993559274034,C
E-ORANGE INTERNATIONAL,336687.45,7,5,75.49,2.93,88.3,128739321054.31635,99.68019628287624,C
WITT/KIEFFER CCENTRIC LIMITED,336502.0,4,3,89.89,4.21,82.57,128739657556.31635,99.68045682942204,C
OPCON PTE. LTD.,336235.8,2,1,91.43,3.58,98.02,128739993792.11635,99.68071716985469,C
"JC & ASSOCIATES COMMUNICATIONS, INC.",336177.0,1,1,75.74,3.63,71.88,128740329969.11635,99.6809774647597,C
YEW SENG HENG TRADING PTE. LTD.,335552.5,3,1,92.28,4.01,78.55,128740665521.61635,99.68123727612726,C
TRIBE STUDIOS PTE. LTD.,335500.0,2,2,84.42,4.8,72.02,128741001021.61635,99.68149704684517,C
OMEN PTE. LTD.,335426.0,1,1,76.74,5.0,86.14,128741336447.61635,99.68175676026641,C
IBC Asia (S) Pte Ltd,335055.0,1,1,86.72,4.32,72.95,128741671502.61635,99.68201618643,C
BIBI & BABA PRIVATE LIMITED,335022.7,3,3,82.63,3.19,66.18,128742006525.31635,99.68227558758439,C
Design Metabolists,335014.0,2,2,85.13,3.98,86.55,128742341539.31635,99.68253498200254,C
VALUE VALVES PTE. LTD.,334400.0,1,1,72.54,4.37,80.31,128742675939.31635,99.68279390101317,C
WIREDCOMMS STRATEGIES PTE. LTD.,334000.0,2,1,93.24,3.35,62.52,128743009939.31635,99.68305251031207,C
TAN PHAYE PHAYE,333540.0,3,1,81.82,4.38,82.86,128743343479.31635,99.68331076344246,C
GALEA SMS CONSORTIUM,333505.0,1,1,91.27,3.81,92.2,128743676984.31635,99.68356898947309,C
IMPACTECH PTE. LTD.,333333.32,1,1,88.01,3.77,86.95,128744010317.63635,99.68382708257545,C
pilot44,333333.32,1,1,82.52,4.82,79.39,128744343650.95636,99.6840851756778,C
Fly Entertainment Pte Ltd,333333.0,1,1,85.6,4.17,85.1,128744676983.95636,99.68434326853239,C
AEDGE HOLDINGS PTE. LTD.,333085.0,2,2,89.59,4.44,86.97,128745010068.95636,99.68460116936568,C
Asialink W Pte. Ltd,332641.2,4,4,87.24,4.5,87.25,128745342710.15636,99.68485872657381,C
NOBELTECH PTE. LTD.,332600.0,1,1,93.27,2.93,73.28,128745675310.15636,99.68511625188164,C
CORNERSTONE ENRICHMENT PTE. LTD.,332240.0,4,3,93.94,3.88,78.9,128746007550.15636,99.68537349844891,C
ACOUSTIC GROUP PTE. LTD.,331891.63,1,1,91.86,4.14,76.65,128746339441.78636,99.68563047528048,C
PR & GO UP COMMUNICATIONS PARTNERS S.R.L.,331839.59,1,1,83.2,5.0,83.19,128746671281.37636,99.68588741181856,C
ZENITH ENGINEERING PTE LTD,331595.0,2,2,97.72,4.03,100.0,128747002876.37636,99.68614415897564,C
AETOS TRAINING ACADEMY PTE. LTD.,331550.0,3,3,83.02,4.34,94.84,128747334426.37636,99.68640087129016,C
ZWAAN PTE. LTD.,331250.0,1,1,100.0,5.0,65.36,128747665676.37636,99.68665735132087,C
SYSNET SYSTEM AND SOLUTIONS PTE. LTD.,330407.92000000004,2,2,72.66,3.67,80.85,128747996084.29636,99.68691317934645,C
BLUEOCEAN MEMTECH PTE. LTD.,330390.0,3,1,87.54,4.79,75.53,128748326474.29636,99.68716899349694,C
SINGAPORE SALVAGE ENGINEERS PTE LTD,330289.43,4,2,92.46,5.0,69.95,128748656763.72635,99.68742472977814,C
POLAR ELECTRO SINGAPORE PTE LTD,330140.0,1,1,88.28,3.72,87.44,128748986903.72635,99.6876803503588,C
MACBUILD CONSTRUCTION PTE. LTD.,330000.0,1,1,100.0,3.2,100.0,128749316903.72635,99.68793586254034,C
Asian Institute of Technology,330000.0,1,1,90.23,4.55,91.55,128749646903.72635,99.6881913747219,C
ACADIAN ASSET MANAGEMENT (SINGAPORE) PTE LTD,330000.0,2,2,88.55,4.45,70.9,128749976903.72635,99.68844688690344,C
PVCG PTE. LTD.,330000.0,1,1,82.95,3.78,97.38,128750306903.72635,99.68870239908499,C
JONKERS RESOURCES,330000.0,1,1,92.12,4.04,97.16,128750636903.72635,99.68895791126653,C
NAVBLUE WALES LIMITED,330000.0,1,1,90.18,4.64,67.34,128750966903.72635,99.68921342344808,C
IQVIA SOLUTIONS ASIA PTE. LTD.,330000.0,1,1,80.2,3.3,79.48,128751296903.72635,99.68946893562962,C
QUE MARITIME PTE. LTD.,329759.0,1,1,88.58,4.32,64.88,128751626662.72635,99.68972426120985,C
DNIV INT'L PTE LTD,329646.87,2,2,83.41,5.0,77.22,128751956309.59634,99.68997949997012,C
CENTURY PROPERTIES MANAGEMENT INC,329044.69,1,1,93.3,4.69,68.0,128752285354.28635,99.69023427247488,C
STRAITS KNOWLEDGE,329000.0,1,1,88.79,4.36,83.32,128752614354.28635,99.69048901037709,C
Sysmatic Global Pte Ltd,329000.0,1,1,89.01,3.89,64.98,128752943354.28635,99.6907437482793,C
"ENTERTAINMENT + CULTURE ADVISORS, INC.",329000.0,1,1,86.61,3.9,70.2,128753272354.28635,99.6909984861815,C
CHJ SINGAPORE PTE LTD,328781.0,2,1,82.02,4.09,68.39,128753601135.28635,99.69125305451654,C
RAHAA CONSULTANCY & PARTNERS PTE. LTD.,328750.0,1,1,100.0,5.0,81.2,128753929885.28635,99.69150759884891,C
ULTIMATE DISPLAY SYSTEM PTE LTD,328705.5,1,1,90.62,4.96,63.36,128754258590.78635,99.69176210872585,C
BTW TECHNOLOGY PTE. LTD.,328633.7,3,3,92.35,4.73,73.73,128754587224.48634,99.69201656300953,C
INTERCONTINENTAL SINGAPORE,328579.96,12,3,81.3,3.31,79.4,128754915804.44635,99.69227097568346,C
SERVTOUCH-WYWY (SINGAPORE) PTE. LTD.,328539.89,2,2,91.06,4.7,72.35,128755244344.33635,99.692525357332,C
DATA-SPHERE (S) PTE. LTD.,328230.0,3,3,95.63,4.32,68.28,128755572574.33635,99.69277949903912,C
BCM CONSULTANTS PTE LTD,328020.0,4,2,89.02,4.21,75.39,128755900594.33635,99.69303347814757,C
CRIMSONWORKS SOLUTIONS PTE. LTD.,327977.8,1,1,80.87,3.47,65.17,128756228572.13635,99.69328742458144,C
PARK + ASSOCIATES PTE. LTD.,327950.0,1,1,100.0,4.27,80.14,128756556522.13635,99.69354134949035,C
WEAVE PTE. LTD.,327780.0,4,3,87.29,4.63,87.33,128756884302.13635,99.69379514277176,C
GENSCRIPT (HONG KONG) LIMITED,327233.87,1,1,82.25,4.81,79.55,128757211536.00635,99.694048513196,C
YMC MARINE PTE LTD,327086.0,2,1,89.9,3.63,72.14,128757538622.00635,99.69430176912756,C
ATT TRAFFICOMMS PTE. LTD.,327035.0,2,2,81.13,4.03,72.91,128757865657.00635,99.69455498557086,C
GOINDUSTRY DOVEBID (S) PTE. LTD,326780.0,2,2,98.61,2.32,64.51,128758192437.00635,99.69480800457295,C
ZHAPLIN CONTRACTS PTE. LTD.,326557.0,3,2,92.45,4.51,82.46,128758518994.00635,99.69506085091074,C
TECHBRIDGE MARKET HOLDINGS PTE. LTD.,326501.0,3,2,98.2,5.0,79.47,128758845495.00635,99.69531365388887,C
CREDENT TECHNOLOGY (ASIA) PTE. LTD.,326456.0,2,1,87.51,4.07,79.47,128759171951.00635,99.69556642202444,C
WINCHEL LANDSCAPE BUILDER PTE LTD,326055.0,1,1,92.67,4.13,81.59,128759498006.00635,99.69581887967401,C
AI4R,325965.0,1,1,78.29,3.89,88.09,128759823971.00635,99.69607126763842,C
VINOVA PTE. LTD.,325750.0,1,1,100.0,4.69,87.28,128760149721.00635,99.69632348913278,C
"HITACHI PLANT SERVICES CO., LTD.",325600.0,2,2,90.71,3.86,98.21,128760475321.00635,99.69657559448524,C
CHAMELEON GLOBAL EVENTS PTE. LTD.,325564.0,2,2,86.93,3.59,81.54,128760800885.00635,99.69682767196363,C
OVUM PTY LTD,325300.0,2,1,98.62,5.0,55.46,128761126185.00635,99.6970795450323,C
Quek Boon Hui,324800.0,3,2,77.88,4.48,85.59,128761450985.00635,99.6973310309613,C
I-LAB ENGINEERING PRIVATE LIMITED,324412.0,1,1,83.35,4.16,64.69,128761775397.00635,99.6975822164699,C
LSH Industrial Solutions Pte Ltd,324294.3,2,2,96.17,4.03,78.87,128762099691.30635,99.69783331084582,C
NITYO INFOTECH SERVICES PTE. LTD.,324081.0,3,3,76.24,3.69,87.68,128762423772.30635,99.69808424006797,C
BIOFRONTIER TECHNOLOGY PTE. LTD.,324022.0,6,4,85.21,3.33,60.23,128762747794.30635,99.69833512360763,C
MODUS CONSULTING PTE. LTD.,323900.0,3,3,84.91,4.13,73.89,128763071694.30635,99.69858591268522,C
PAN ASIAN FLOW TECHNOLOGY PTE. LTD.,323794.0,2,1,91.81,3.91,70.26,128763395488.30635,99.69883661968917,C
A-IT Software Services Pte Ltd,323720.0,1,1,90.89,3.23,65.57,128763719208.30635,99.69908726939649,C
FAST FORWARD THINKING S.L.,323657.62,1,1,91.18,3.8,80.47,128764042865.92635,99.69933787080424,C
CADRE SELF DEFENSE & MARTIAL ARTS PTE. LTD.,323240.0,1,1,94.54,5.0,77.23,128764366105.92635,99.69958814885746,C
HSBC GLOBAL ASSET MANAGEMENT (SINGAPORE) LIMITED,323005.0,2,2,91.73,3.74,71.6,128764689110.92635,99.69983824495505,C
UNION BOOK COMPANY (PRIVATE) LIMITED,322815.94999999995,5,2,82.08,4.22,71.51,128765011926.87634,99.7000881946751,C
CROWN WORLDWIDE PTE LTD,322382.42,4,4,89.35,3.78,60.75,128765334309.29634,99.70033780872186,C
MINTEL (CONSULTING) SINGAPORE PTE. LTD,322200.0,2,1,83.85,3.71,65.64,128765656509.29634,99.70058728152455,C
SERIOUS TECHNOLOGY PTE. LTD.,321840.0,1,1,99.64,3.18,77.44,128765978349.29634,99.70083647558671,C
CRAFTSMEN DESIGN & CONSTRUCTION LLP,320780.0,1,1,73.0,4.11,81.88,128766299129.29634,99.70108484891276,C
ORANGE ROOM PTE. LTD.,320715.0,2,2,79.59,2.66,93.1,128766619844.29634,99.70133317191066,C
"TRANE U.S., INC",320372.14,1,1,81.33,3.76,67.78,128766940216.43634,99.70158122943913,C
ATREX ENGINEERING PTE. LTD.,320370.0,1,1,80.61,3.34,76.12,128767260586.43634,99.70182928531065,C
XIN NETWORKS PTE. LTD.,320100.0,2,1,91.63,4.91,63.53,128767580686.43634,99.70207713212676,C
CVD EQUIPMENT CORPORATION,320067.41,1,1,74.7,4.15,79.53,128767900753.84634,99.70232495370908,C
RAINCUBE ELECTRONICS PTE. LTD.,320000.0,1,1,96.72,2.7,81.38,128768220753.84634,99.70257272309725,C
CLC-GLOBAL PRIVATE LIMITED,320000.0,1,1,96.24,4.34,76.18,128768540753.84634,99.70282049248542,C
Schaefer Systems International Pte Ltd,319220.0,2,2,91.09,3.63,82.52,128768859973.84634,99.7030676579357,C
LKK AUTO CONSULTANTS PTE LTD,319000.0,1,1,94.71,4.2,77.5,128769178973.84634,99.70331465304453,C
COE PTE. LTD.,318960.0,2,2,86.09,5.0,74.2,128769497933.84634,99.70356161718217,C
TRUSTED HUB LTD,318670.4,3,3,100.0,4.39,88.38,128769816604.24634,99.70380835708855,C
SEMCO ENGINEERING PTE. LTD.,318520.0,1,1,86.27,3.7,81.19,128770135124.24634,99.70405498054329,C
STGS TOURS PTE. LTD.,318399.0,2,2,84.51,4.41,85.65,128770453523.24634,99.70430151031023,C
"COMIN LAO SOLE CO., LTD",318321.35,2,1,82.58,4.74,63.95,128770771844.59634,99.7045479799544,C
DOLLAR LAND SINGAPORE PRIVATE LIMITED,318220.0,3,2,88.41,4.91,58.71,128771090064.59634,99.70479437112533,C
VERSO DIGITAL PTE. LTD.,318000.0,1,1,82.13,3.22,93.7,128771408064.59634,99.70504059195481,C
NEWOOD DESIGN PTE. LTD.,317410.0,1,1,79.41,3.85,88.95,128771725474.59634,99.7052863559595,C
TRAVEL STAR PTE. LTD.,317220.0,3,3,97.32,3.22,87.72,128772042694.59634,99.70553197285112,C
"Cytek Biosciences, Inc.",317123.1,1,1,90.03,3.81,73.29,128772359817.69635,99.70577751471505,C
MARYLAND NURSERY,317000.0,2,1,79.63,4.13,59.77,128772676817.69635,99.7060229612652,C
S & L INNOVATIONS AND TECHNOLOGY PTE. LTD.,316910.24,2,1,87.34,3.42,72.61,128772993727.93636,99.70626833831605,C
En Community Services Society,316380.0,6,3,88.46,2.44,78.15,128773310107.93636,99.706513304813,C
LUMIERE32 PTE. LTD.,315644.0,4,2,98.49,4.62,75.52,128773625751.93636,99.70675770144038,C
LEGO HOUSE PTE. LTD.,315300.0,2,1,84.92,4.9,74.99,128773941051.93636,99.70700183171566,C
TCE@SYSTEMS,315016.45,1,1,91.8,4.75,60.34,128774256068.38635,99.70724574244403,C
ERA DANCE THEATRE LIMITED,315000.0,2,1,81.71,4.51,100.0,128774571068.38635,99.7074896404355,C
STORIES WORTH TELLING LLP,315000.0,2,2,93.0,4.64,78.51,128774886068.38635,99.70773353842698,C
PACIFIC ELECTRONICS (S) PTE. LTD.,314987.5,2,2,86.29,4.43,86.15,128775201055.88635,99.70797742673996,C
SUPERMAMA STORE PTE. LTD.,314920.0,2,2,89.12,3.92,78.55,128775515975.88635,99.70822126278908,C
ST ENGINEERING MISSION SOFTWARE & SERVICES PTE. LTD.,314820.0,1,1,93.5,3.26,66.86,128775830795.88635,99.70846502141029,C
HOSPILITE PTE. LTD.,314356.94,4,1,99.91,4.67,82.01,128776145152.82635,99.70870842149368,C
BARRELS N LITRES PTE. LTD.,314210.0,1,1,91.65,4.58,86.93,128776459362.82635,99.70895170780449,C
WITTMANN BATTENFELD (SINGAPORE) PTE. LTD.,314170.0,1,1,80.67,4.07,68.51,128776773532.82635,99.70919496314411,C
LE TACH VENDING PTE. LTD.,313920.0,1,1,95.96,3.61,85.33,128777087452.82635,99.70943802491391,C
"SHANGRI-LA HOTEL, KUALA LUMPUR",313808.63,3,1,82.67,3.93,69.85,128777401261.45636,99.7096810004522,C
GALLI INTERIORS & MANUFACTURE,313665.11,1,1,97.83,4.35,73.01,128777714926.56636,99.70992386486594,C
LSW CONSULTING ENGINEERS PTE. LTD.,313606.44,4,3,95.35,3.27,89.26,128778028533.00636,99.7101666838527,C
SUK ENGINEERING & CONSTRUCTION PRIVATE LIMITED,313209.5,1,1,92.38,3.92,60.04,128778341742.50636,99.71040919549704,C
SUPERANDCO PTE. LTD.,312850.0,1,1,91.6,5.0,86.56,128778654592.50636,99.71065142878793,C
TEM SA/NV,312320.13,1,1,89.74,4.91,82.55,128778966912.63637,99.71089325181144,C
O&M HALYARD SINGAPORE PTE. LTD.,310500.0,1,1,82.4,3.57,64.67,128779277412.63637,99.71113366554589,C
BOON YONG ELECTRICAL PTE LTD,310440.0,1,1,100.0,3.83,88.99,128779587852.63637,99.71137403282358,C
EPECOM GRAPHICS PTE LTD,310170.0,1,1,81.35,3.84,76.85,128779898022.63637,99.71161419104587,C
DYNAMIC HUMAN CAPITAL PTE. LTD.,309693.0,2,2,99.87,3.77,67.73,128780207715.63637,99.71185397993688,C
GLOBEX GREEN LLP,309225.0,1,1,100.0,4.0,69.53,128780516940.63637,99.71209340646519,C
PRESTIGE ENVIRO-CARE PTE. LTD.,308976.0,2,2,75.84,4.9,84.61,128780825916.63637,99.71233264019793,C
EY CORPORATE ADVISORS PTE. LTD.,308510.0,2,2,85.6,4.92,77.09,128781134426.63637,99.7125715131165,C
Chokim Scientific (S) Pte Ltd,308272.4,10,6,91.58,3.4,80.04,128781442699.03636,99.7128102020663,C
OMNITEC PTE. LTD.,308244.0,1,1,95.81,4.92,70.78,128781750943.03636,99.71304886902657,C
PERMACARE ASSOCIATE,308100.0,1,1,100.0,4.47,70.89,128782059043.03636,99.7132874244906,C
CHENG SENG ELECTRIC CO. PTE LTD,308001.0,2,2,92.66,3.26,92.12,128782367044.03636,99.71352590330099,C
QT INSTRUMENTS (S) PTE LTD,308000.0,2,2,100.0,4.42,67.33,128782675044.03636,99.71376438133711,C
HIGH AUTOMATION AND SERVICES,308000.0,1,1,81.11,4.02,86.81,128782983044.03636,99.71400285937322,C
PRIME GYMNASTICS CLUB,307920.0,1,1,80.79,4.92,61.16,128783290964.03636,99.71424127546697,C
"Universal Protection Services, LP. DBA: Allied Universal Security Services",307826.76,1,1,87.17,4.49,57.25,128783598790.79636,99.71447961936694,C
BEIJING YI KUN YUAN LIN GONG CHENG YOU XIAN GONG SI,307703.12,2,1,91.15,5.0,77.94,128783906493.91635,99.71471786753499,C
MATERION ADVANCED MATERIALS TECHNOLOGIES AND SERVICES FAR EAST PTE. LTD.,307431.16,1,1,79.31,4.44,93.65,128784213925.07635,99.71495590513004,C
AUDAX VISUALS PTE. LTD.,307300.0,5,2,97.19,4.48,75.68,128784521225.07635,99.71519384117062,C
Joyous SE Engineering,307050.0,3,3,92.74,4.61,87.74,128784828275.07635,99.71543158364136,C
ZEROWASTE ASIA PTE. LTD.,307000.0,2,1,89.39,4.72,85.53,128785135275.07635,99.71566928739813,C
VECTRA INFORMATION SECURITY PTE LTD,307000.0,1,1,80.43,3.95,80.03,128785442275.07635,99.7159069911549,C
KINLAB PTE. LTD.,306598.0,3,1,97.02,3.69,68.94,128785748873.07635,99.71614438365137,C
ARETESE PTE. LTD.,306380.0,2,2,80.17,4.11,75.56,128786055253.07635,99.71638160735495,C
DIGITAL BLOWFISH PTE. LTD.,305480.0,3,2,80.78,3.78,77.3,128786360733.07635,99.71661813420714,C
IRON MOUNTAIN SINGAPORE PTE. LIMITED,305380.37,2,2,93.32,4.55,87.17,128786666113.44635,99.71685458391786,C
RSTN CONSULTING PTE LTD,305340.0,1,1,69.59,4.01,75.9,128786971453.44635,99.71709100237092,C
WORLD EXPRESS PTE. LTD.,305153.46,3,1,100.0,3.38,86.57,128787276606.90636,99.71732727638994,C
SMS INVESTIGATION & SECURITY PTE. LTD.,304775.0,1,1,85.14,4.32,88.32,128787581381.90636,99.71756325737519,C
SINGAPORE AQUACULTURE TECHNOLOGIES (SAT) PTE. LTD.,304400.0,1,1,87.29,4.94,83.05,128787885781.90636,99.71779894800568,C
IT-DNS PTE. LTD.,304400.0,1,1,86.69,3.96,96.26,128788190181.90636,99.71803463863617,C
SIMPLEX CONSULTANTS PTE. LTD.,304327.0,2,2,68.92,4.58,75.15,128788494508.90636,99.71827027274426,C
EVOTECH ASIA CONSULTANCY PTE. LTD.,303583.0,1,1,84.66,3.34,84.7,128788798091.90636,99.71850533078855,C
V8 ENVIRONMENTAL PTE LTD,303450.0,2,2,84.16,4.35,76.69,128789101541.90636,99.71874028585367,C
BLAK RICE PTE. LTD.,303000.0,2,2,100.0,4.91,79.72,128789404541.90636,99.71897489249308,C
SMART CONSULTING SOLUTIONS PTE. LTD.,302485.0,2,1,91.6,4.76,77.64,128789707026.90636,99.71920910037865,C
Rotary Engineering Limited,302473.0,1,1,95.04,3.52,89.64,128790009499.90636,99.71944329897285,C
JTB PTE LTD,302437.2,3,3,88.69,4.32,83.9,128790311937.10635,99.71967746984785,C
DPS ENGINEERING (SINGAPORE) PTE. LTD.,302400.0,1,1,89.97,4.36,78.57,128790614337.10635,99.71991161191967,C
DAIICHI-ENGEI CO. LTD.,302265.56,1,1,86.79,4.32,72.61,128790916602.66635,99.72014564989738,C
ARK SEMICONDUCTOR SERVICES PTE. LTD.,301964.4,1,1,73.77,4.57,88.82,128791218567.06635,99.7203794546931,C
KAIA ARCHITECTS PTE. LTD.,301500.0,1,1,65.29,3.72,68.58,128791520067.06635,99.72061289991352,C
AFON TECHNOLOGIES PTE. LTD.,301440.0,1,1,83.29,3.43,81.93,128791821507.06635,99.72084629867717,C
ASCENSTAR PTE. LTD.,301395.0,1,1,79.15,2.59,79.86,128792122902.06635,99.72107966259826,C
AMDON CONSULTING PTE LTD,301250.0,1,1,86.23,3.36,76.48,128792424152.06635,99.72131291424883,C
JB PARADE SDN.BHD.,301214.0,2,2,95.6,3.18,64.53,128792725366.06635,99.72154613802535,C
SIAC PTE LTD,300890.0,2,2,94.88,3.57,76.05,128793026256.06635,99.72177911093537,C
YHI CORPORATION (SINGAPORE) PTE LTD,300872.0,1,1,96.51,5.0,79.8,128793327128.06635,99.72201206990836,C
SINAMYANG GROUP PTE. LTD.,300725.80000000005,4,2,90.59,4.71,86.38,128793627853.86635,99.72224491568171,C
COMPASS LIFE,300600.0,4,3,80.2,2.9,72.84,128793928453.86635,99.72247766405073,C
Q'SON KITCHEN EQUIPMENT PTE LTD,300226.0,2,2,88.02,4.8,75.2,128794228679.86635,99.72271012283926,C
LOK RESOURCES PTE LTD,300000.0,1,1,88.11,4.98,70.74,128794528679.86635,99.72294240664066,C
KORVIS AUTOMATION ASIA PTE. LTD.,300000.0,1,1,97.43,3.01,76.32,128794828679.86635,99.72317469044206,C
"CRYOMAGNETICS, INC.",299982.34,1,1,87.21,3.34,83.76,128795128662.20634,99.72340696056969,C
THE REALLY BIG IMPACT COMPANY PTE. LTD.,299910.0,1,1,81.58,4.25,73.92,128795428572.20634,99.72363917468596,C
TRAINING VISION INSTITUTE PTE. LTD.,299889.84,2,2,77.28,3.37,81.0,128795728462.04634,99.72387137319275,C
CBL M&E PTE. LTD.,299888.0,1,1,80.23,4.05,59.42,128796028350.04634,99.72410357027486,C
Rental Hygiene Services Pte Ltd,299840.0,2,1,72.47,4.89,78.27,128796328190.04634,99.72433573019158,C
BAUTEC PACIFIC PTE. LTD.,299500.0,2,2,89.57,4.16,70.49,128796627690.04634,99.72456762685333,C
NANYANG LAW LLC,299220.0,6,5,82.46,4.28,86.69,128796926910.04634,99.72479930671683,C
BUILD-MAX CONSTRUCTION PTE LTD,299035.0,1,1,76.78,3.44,58.01,128797225945.04634,99.72503084333869,C
SPECIALIST APPS LIMITED,299000.0,1,1,100.0,3.88,84.97,128797524945.04634,99.72526235286075,C
MCBEL BUILDERS PTE. LTD.,299000.0,1,1,85.98,4.8,94.0,128797823945.04634,99.72549386238282,C
SSB CRYOGENIC SERVICES PTE. LTD.,299000.0,1,1,80.54,5.0,78.04,128798122945.04634,99.72572537190489,C
"WUXI MNT MICRO AND NANOTECH CO.,LTD",299000.0,2,2,94.64,4.06,81.82,128798421945.04634,99.72595688142695,C
KOMOCO MOTORS PTE LTD,298800.0,3,2,91.95,4.34,92.22,128798720745.04634,99.72618823609317,C
ECOSYSTM ADVISORY PTE. LTD.,298596.5,1,1,99.21,3.97,75.18,128799019341.54634,99.72641943319351,C
STRIKE ACADEMY PTE. LTD.,298560.0,2,1,98.93,3.83,70.45,128799317901.54634,99.72665060203268,C
LASALLE COLLEGE OF THE ARTS LIMITED,297750.0,2,1,88.38,4.57,70.97,128799615651.54634,99.72688114370555,C
JOS APPLICATIONS (S) PTE. LTD.,297411.92,2,2,81.33,5.0,87.14,128799913063.46634,99.7271114236101,C
DIA BRAND CONSULTANTS PTE. LTD.,297300.0,1,1,90.61,4.12,86.18,128800210363.46634,99.72734161685729,C
STORY INC LIMITED,297000.0,1,1,89.55,4.54,84.8,128800507363.46634,99.72757157782068,C
CONFUOCO CONSULTANCY,296400.0,2,1,96.69,2.91,64.02,128800803763.46634,99.72780107421647,C
UP BRANDBUZZ PTE. LTD.,296302.55,3,3,95.41,4.68,84.41,128801100066.01634,99.72803049515873,C
LEAPTRON ENGINEERING PTE. LTD.,296086.0,1,1,89.41,5.0,81.59,128801396152.01634,99.72825974843082,C
Pharmaceutical Society of Singapore,296000.0,2,1,100.0,5.0,55.55,128801692152.01634,99.72848893511487,C
VISION DISPLAY PTE. LTD.,295845.0,2,2,77.39,5.0,79.63,128801987997.01634,99.72871800178564,C
HOLIDAY INN RESORT BATAM,295445.0,2,1,100.0,3.25,58.32,128802283442.01634,99.72894675874466,C
VOODOO COMMUNICATIONS PTE. LTD.,295334.0,5,5,71.62,4.54,77.48,128802578776.01634,99.72917542975867,C
"RH SYSTEMS, LLC",295000.0,1,1,79.97,3.69,64.2,128802873776.01634,99.72940384216338,C
POMEROY STUDIO PTE. LTD.,295000.0,1,1,83.27,3.88,93.5,128803168776.01634,99.72963225456809,C
GNT BUILDERS PTE. LTD.,294545.0,1,1,81.12,4.32,81.38,128803463321.01634,99.7298603146757,C
EUNIX FIRE PROTECTION PTE. LTD.,294400.0,2,1,77.42,4.98,75.85,128803757721.01634,99.73008826251282,C
LAU CHOY SENG PTE. LTD.,294392.83,1,1,93.73,3.22,72.58,128804052113.84634,99.73031620479836,C
ATT INFOSOFT PTE. LTD.,294260.0,1,1,91.95,4.72,77.66,128804346373.84634,99.73054404423635,C
KK OFFICEPOINT PTE. LTD.,294000.0,1,1,91.84,3.89,78.84,128804640373.84634,99.73077168236173,C
FRONTIER ECONOMICS PTE. LTD.,293230.0,1,1,89.45,4.47,63.9,128804933603.84634,99.73099872429202,C
SA DENTAL SUPPLY PTE LTD,292644.0,5,1,81.43,3.97,99.4,128805226247.84634,99.73122531249462,C
STAR FURNITURE PTE. LTD.,292640.0,1,1,88.42,4.62,63.41,128805518887.84634,99.7314518976001,C
COMWORTH SOLUTIONS PTE. LTD.,292020.0,1,1,83.72,4.63,69.64,128805810907.84634,99.73167800265237,C
WITFLUX ENGINEERING PTE. LTD.,291900.0,1,1,91.06,4.28,76.98,128806102807.84634,99.73190401479116,C
THE SINGAPORE RESORT & SPA,291467.0,5,3,96.58,3.89,88.35,128806394274.84634,99.73212969166697,C
CARL WALTHER GMBH,291417.4,1,1,80.53,4.49,71.56,128806685692.24634,99.73235533013852,C
Design 3,291130.86,2,1,100.0,3.58,53.14,128806976823.10634,99.73258074674808,C
SWEE LEE HOLDINGS PTE LTD,291096.0,3,2,86.37,3.53,80.31,128807267919.10634,99.73280613636626,C
ACP COMPUTER TRAINING SCHOOL PTE. LTD.,290945.0,5,5,86.21,3.94,76.37,128807558864.10634,99.73303140906826,C
VERZTEC CONSULTING PTE. LTD.,290803.97,11,8,83.65,4.47,94.06,128807849668.07634,99.73325657257365,C
KING'S SHOE MANUFACTURING PTE LTD.,290500.0,1,1,75.85,3.45,90.77,128808140168.07634,99.73348150072134,C
RHINO DESIGN GMBH,290109.02,2,1,99.33,4.44,82.13,128808430277.09634,99.7337061261413,C
EASTBUILDS PTE. LTD.,289885.0,3,3,79.43,4.26,95.03,128808720162.09634,99.7339305781072,C
SCANDIA MARINE PTE. LTD.,289688.0,1,1,97.46,3.16,77.33,128809009850.09634,99.73415487754008,C
BHOLAT- SAFEGUARD COMPANY LIMITED,289342.0,1,1,91.95,3.63,88.26,128809299192.09634,99.73437890907229,C
KH SECURITY AGENCY PTE. LTD.,289200.0,1,1,87.5,3.64,86.11,128809588392.09634,99.73460283065685,C
HOT Microfluidics GmbH,288595.46,1,1,84.76,3.4,68.83,128809876987.55635,99.73482628415857,C
ARCHIPELAGO VENTURE PARTNERS PRIVATE LIMITED,288400.0,1,1,93.06,3.73,71.79,128810165387.55635,99.73504958631966,C
ANDES APPRAISAL PTE. LTD.,288000.0,1,1,100.0,4.44,62.8,128810453387.55635,99.73527257876901,C
MAJIC COMMUNICATIONS PTE. LTD.,288000.0,1,1,95.61,4.44,84.25,128810741387.55635,99.73549557121835,C
SENG CHAI MUSICAL INSTRUMENT CENTRE,288000.0,1,1,83.14,4.06,87.01,128811029387.55635,99.7357185636677,C
Mastermark Pte Ltd,287745.0,1,1,85.32,3.59,84.06,128811317132.55635,99.73594135867583,C
MING KEE UMBRELLAS FACTORY PRIVATE LIMITED,287233.88,9,4,85.01,4.64,97.47,128811604366.43636,99.73616375793429,C
IBMS TECHNOLOGY PTE LTD,286940.0,1,1,95.04,2.94,79.73,128811891306.43636,99.73638592964754,C
"PERRIS VALLEY AVIATION SERVICES, INC.",286901.22,1,1,70.33,3.71,82.36,128812178207.65636,99.73660807133425,C
CFLT (S) PTE. LTD.,286627.0,5,2,86.89,2.63,83.98,128812464834.65636,99.73683000069806,C
LECIP (SINGAPORE) PTE. LTD.,286625.0,1,1,76.54,3.95,69.25,128812751459.65636,99.73705192851332,C
KELVIN WONG & CO,286600.0,4,1,84.89,3.94,98.73,128813038059.65636,99.7372738369716,C
AUDIO RESOURCES PTE LTD,286260.0,4,2,100.0,4.48,60.59,128813324319.65636,99.7374954821749,C
Q RESEARCH CONSULTING LLP,286250.0,2,2,88.88,3.86,69.47,128813610569.65636,99.7377171196354,C
THE LEGENDS FORT CANNING PARK PTE. LTD.,285937.0,4,4,81.96,4.5,83.08,128813896506.65636,99.73793851474649,C
SONG-CHO (IMP & EXP) PTE LTD,285813.0,1,1,77.34,4.17,77.19,128814182319.65636,99.73815981384692,C
CAMP CHALLENGE PTE. LTD.,285570.0,5,3,99.93,4.4,72.0,128814467889.65636,99.73838092479748,C
Industrial Electronics Pte Ltd,285400.0,2,1,90.15,3.78,77.66,128814753289.65636,99.73860190412054,C
Measurement & Metrology (S) Pte Ltd,285344.0,3,3,90.31,3.21,78.06,128815038633.65636,99.73882284008397,C
SINGAPORE PIPING ENGINEERING PTE. LTD.,285265.0,1,1,76.15,4.76,60.9,128815323898.65636,99.73904371487934,C
Well Master Marketing,285152.4,1,1,85.69,4.17,63.4,128815609051.05635,99.73926450249084,C
SIERRA ROMEO LLC,284811.3,1,1,100.0,4.14,82.02,128815893862.35635,99.73948502599566,C
ECUBE ENTERPRISE PTE. LTD.,284809.0,1,1,80.02,4.16,89.32,128816178671.35635,99.73970554771965,C
WARTSILA VOYAGE PACIFIC PTE. LTD.,284715.0,1,1,79.01,4.28,80.48,128816463386.35635,99.73992599666137,C
JIGZAW PRODUCTIONS PTE. LTD.,284500.0,2,1,98.6,3.43,83.0,128816747886.35635,99.74014627913303,C
"ALLIED UNIVERSAL SECURITY, LLC",284246.16,1,1,79.0,3.0,71.94,128817032132.51636,99.74036636506163,C
"ENLI TECHNOLOGY CO., LTD.",284000.0,1,1,92.11,3.69,79.9,128817316132.51636,99.74058626039364,C
SCATECH ENGINEERING PTE. LTD.,284000.0,2,1,91.51,4.32,73.61,128817600132.51636,99.74080615572564,C
EXOTISSIMO TRAVEL (SINGAPORE) CO. PTE. LTD.,283675.82,2,1,81.05,4.7,95.3,128817883808.33636,99.74102580005176,C
HARUNA PAINT PTE. LTD.,283412.0,1,1,89.48,4.36,60.02,128818167220.33636,99.7412452401075,C
MIDWEST WORLDWIDE MOVERS PTE. LTD.,283069.0,3,2,81.18,4.19,92.56,128818450289.33636,99.74146441458544,C
RIGHT PROJECTS PTE. LTD.,282500.0,1,1,93.59,3.49,97.35,128818732789.33636,99.74168314849842,C
SEMBCORP MARINE REPAIRS & UPGRADES PTE. LTD.,282490.0,1,1,88.83,3.81,93.81,128819015279.33636,99.74190187466863,C
COMFORTDELGRO INSURANCE BROKERS PTE. LTD.,282009.81,3,1,89.01,4.18,89.27,128819297289.14636,99.74212022903762,C
VOLVO CONSTRUCTION EQUIPMENT SINGAPORE (PTE.) LTD.,281824.74,2,1,89.92,4.26,77.89,128819579113.88637,99.74233844011076,C
GREEN ACRES INT SDN. BHD.,281725.0,2,1,89.62,4.41,77.89,128819860838.88637,99.74255657395726,C
Conexor Singapore Pte Ltd,281646.0,3,1,80.64,3.94,97.79,128820142484.88637,99.7427746466357,C
CORPS SECURITY,281626.52,1,1,88.99,4.06,71.61,128820424111.40637,99.74299270423117,C
SHUN YUAN TRADING & CONSTRUCTION PTE LTD,281333.26,2,1,96.39,3.16,84.45,128820705444.66637,99.74321053476149,C
HONAN BENEFITS PTE. LTD.,281000.0,1,1,80.16,3.23,69.33,128820986444.66637,99.74342810725545,C
"CHEMDIV, INC.",280974.6,2,2,84.37,3.0,80.69,128821267419.26637,99.74364566008276,C
CORPORATE OFFICE ACCOUNTING PRIVATE LIMITED,280800.0,1,1,100.0,3.94,99.92,128821548219.26637,99.74386307772087,C
ADVANCED CAE PTE. LTD.,280721.0,1,1,82.77,3.71,96.22,128821828940.26637,99.74408043419092,C
CWT LOGISTICS PTE LTD,280596.0,1,1,97.01,4.18,60.58,128822109536.26637,99.74429769387605,C
PHOTONITECH (ASIA) PTE. LTD.,280550.0,2,2,83.85,3.44,91.75,128822390086.26637,99.74451491794434,C
TIMBERLUX INTERNATIONAL PTE LTD,280000.0,1,1,99.94,3.89,60.71,128822670086.26637,99.74473171615898,C
HLY VALUE PTE. LTD.,280000.0,1,1,91.33,3.23,72.38,128822950086.26637,99.74494851437362,C
JPN INDUSTRIAL TRADING PTE LTD,279980.0,1,1,83.13,4.11,66.22,128823230066.26637,99.74516529710267,C
SAF Yacht Club,279850.0,1,1,100.0,3.54,88.77,128823509916.26637,99.74538197917543,C
ARQON PTE. LTD.,279680.0,2,1,89.03,3.51,68.18,128823789596.26637,99.74559852962068,C
SCIENTIFIC RESOURCES PTE LTD,279623.85,2,2,85.29,3.47,67.46,128824069220.11638,99.74581503659016,C
HITECH ENGINEERING,279600.0,3,3,96.81,4.58,64.12,128824348820.11638,99.74603152509307,C
CLEARSTATE (PTE.) LTD.,279500.0,1,1,99.3,4.66,71.91,128824628320.11638,99.74624793616805,C
DMC EVENT MANAGEMENT PTE LTD,279500.0,1,1,91.51,3.91,69.7,128824907820.11638,99.74646434724302,C
D D CONSULTING PTE. LTD.,279400.0,2,1,96.69,2.99,74.2,128825187220.11638,99.74668068089007,C
"Crestwood Behavioral Health, Inc.",278840.0,1,1,84.28,5.0,86.99,128825466060.11638,99.74689658094069,C
ABVOLUTION WELLNESS,278730.2,2,2,99.22,3.71,80.77,128825744790.31638,99.7471123959754,C
WIDEVISION ASIA PTE. LTD.,278400.0,1,1,89.2,3.88,53.94,128826023190.31638,99.74732795534312,C
MEDIACORP TV SINGAPORE PTE LTD,278010.0,2,2,90.11,4.65,65.27,128826301200.31638,99.74754321274189,C
BEDOK TRANSPORT PTE. LTD.,277980.0,1,1,79.99,4.21,87.44,128826579180.31638,99.74775844691227,C
GLOBAL INTERNATIONAL TRAVEL PTE. LTD.,276995.0,5,4,77.05,3.77,76.64,128826856175.31638,99.7479729184175,C
KOKANDO (SINGAPORE) PTE. LTD.,276930.0,4,2,79.28,4.92,84.19,128827133105.31638,99.74818733959458,C
AMANACLIQ SINGAPORE PTE. LTD.,276770.0,1,1,80.11,4.93,89.61,128827409875.31638,99.74840163688697,C
RAINBOW COMPANY,276540.0,1,1,81.58,4.2,93.06,128827686415.31638,99.74861575609509,C
HO AH CHAN,276480.0,1,1,100.0,2.57,68.73,128827962895.31638,99.74882982884648,C
ACT 3 INTERNATIONAL PTE LTD,276460.0,4,3,84.43,4.26,74.91,128828239355.31638,99.74904388611226,C
HC CLEANING SERVICES SDN BHD,276428.0,1,1,93.77,4.19,87.99,128828515783.31638,99.7492579186011,C
ARTISTIC EXPRESSIONS PRIVATE LIMITED,276400.0,4,1,86.74,3.54,85.92,128828792183.31638,99.74947192941013,C
Quebec Leisure International Pte Ltd,276290.0,1,1,96.33,4.39,80.88,128829068473.31638,99.74968585504844,C
ATK VIP GUVENLIK HIZMETLERI LIMITED SIRKETI,276289.0,1,1,95.86,4.32,70.19,128829344762.31638,99.74989977991247,C
SESAMI (SINGAPORE) PTE LTD,276112.0,2,2,77.5,3.55,85.15,128829620874.31638,99.75011356772903,C
DISTINCTIONS ASIA PTE. LTD.,275900.0,2,1,94.28,3.42,48.88,128829896774.31638,99.7503271913984,C
FURAMA RIVERFRONT SINGAPORE,275711.14,9,4,91.86,4.68,80.75,128830172485.45638,99.75054066883736,C
AUDIO LIGHT ASIA PTE LTD,275560.0,1,1,87.72,3.78,86.46,128830448045.45638,99.75075402925174,C
UL VERIFICATION SERVICES PRIVATE LIMITED,275432.0,2,2,95.26,3.24,81.31,128830723477.45638,99.75096729055838,C
IMPACT! MEDIA MONITORING LLP,275400.0,2,1,100.0,4.01,81.42,128830998877.45638,99.75118052708807,C
RED SENTRY PTE LTD,275368.0,2,2,83.58,4.4,77.23,128831274245.45638,99.75139373884082,C
DYNASTY TRAVEL INTERNATIONAL PTE LTD,275057.71,4,2,92.84,4.45,77.59,128831549303.16638,99.75160671034244,C
PT. CHROMA INTERNATIONAL,275000.0,1,1,80.01,4.7,65.29,128831824303.16638,99.7518196371604,C
APBA TG HUMAN RESOURCE PTE. LTD.,274518.0,3,3,81.12,4.26,89.69,128832098821.16638,99.75203219077571,C
KISTLER INSTRUMENTS (PTE) LTD,274487.0,2,2,84.18,4.69,45.87,128832373308.16638,99.75224472038836,C
ATTAIN ANALYTICS GROUP PTE. LTD.,273778.0,1,1,93.6,5.0,79.95,128832647086.16638,99.75245670103696,C
HUASON CONSTRUCTION PTE LTD,273702.0,1,1,87.11,5.0,53.58,128832920788.16638,99.75266862284035,C
AJ JETTING PTE. LTD.,273600.0,1,1,81.38,4.64,92.86,128833194388.16638,99.75288046566723,C
KUKAYA MEDIA SUPPLIES PTE. LTD.,273545.0,1,1,87.27,4.69,92.43,128833467933.16638,99.75309226590873,C
WOW KAMPUNG PTE. LTD.,273350.0,3,1,90.36,3.74,85.57,128833741283.16638,99.75330391516579,C
PRINT LAB PTE. LTD.,273218.0,1,1,98.02,5.0,84.56,128834014501.16638,99.75351546221796,C
ENGELIN TEH PRACTICE LLC,273207.34,11,9,96.14,4.97,78.31,128834287708.50638,99.75372700101632,C
HETTICH ASIA PACIFIC PTE. LTD.,272648.21,7,1,80.95,3.99,70.28,128834560356.71638,99.75393810689187,C
ITT GLOBAL LEARNING PTE. LTD.,272523.8,5,2,93.24,4.28,91.63,128834832880.51639,99.75414911643934,C
NSHC (SINGAPORE) PTE. LTD.,272370.0,1,1,89.68,4.25,93.7,128835105250.51639,99.75436000690263,C
SHOWTEC RIGGING PTE. LTD.,272220.0,1,1,96.58,4.57,75.29,128835377470.51639,99.75457078122403,C
EINCSMART,271915.0,2,1,95.12,4.48,86.32,128835649385.51639,99.75478131939022,C
SHING DESIGN ATELIER PTE. LTD.,271100.0,2,1,97.53,5.0,72.88,128835920485.51639,99.75499122651877,C
JMJ DISTRIBUTION SERVICES PTE LTD,270480.0,2,1,89.38,3.96,89.66,128836190965.51639,99.75520065359412,C
AN ACADEMY PTE. LTD.,270220.0,1,1,80.36,3.91,67.63,128836461185.51639,99.75540987935683,C
"Grail Insights, Inc",270101.0,2,2,80.83,3.73,64.91,128836731286.51639,99.7556190129803,C
DUXTON CONSULTING GROUP PTE. LTD.,270002.0,3,2,88.15,3.74,80.92,128837001288.51639,99.75582806995013,C
AITECH MECHATRONICS (S) PTE. LTD.,270000.0,1,1,85.69,3.83,80.52,128837271288.51639,99.75603712537139,C
"BEIJING ZHONGJIXINKE SCIENTIFIC INSTRUMENT CO., LTD",270000.0,1,1,95.16,3.73,75.95,128837541288.51639,99.75624618079266,C
LANGZAUNER GMBH,269950.05,1,1,75.34,3.57,94.96,128837811238.56639,99.75645519753867,C
SCIENCESCAN CONSULTANCY & SERVICES PTE LTD,269598.0,2,2,89.15,3.85,81.94,128838080836.56639,99.75666394169964,C
AI ANALYTICAL PTE. LTD.,269539.0,1,1,79.95,3.4,79.15,128838350375.56639,99.75687264017813,C
FOOD HAVEN THE RESTAURANT PTE. LTD.,269500.0,1,1,100.0,3.83,95.14,128838619875.56639,99.75708130845973,C
APPAREL EMPIRE,269476.65,3,3,90.97,4.04,73.94,128838889352.21638,99.7572899586619,C
GALLERY KRISSTEL MARTIN,269121.58,1,1,92.28,4.43,73.81,128839158473.79639,99.7574983339407,C
ADVION LTD,269037.0,2,2,84.48,4.03,74.71,128839427510.79639,99.75770664373097,C
SPEEDB PTE. LTD.,268874.0,2,1,94.15,2.94,68.81,128839696384.79639,99.7579148273137,C
MKS INSTRUMENTS (SINGAPORE) PTE. LTD.,268639.04000000004,2,2,83.99,3.68,68.64,128839965023.83638,99.75812282897175,C
ACCURATE GENERAL CORP.,268442.24,1,1,78.1,4.79,59.73,128840233466.07639,99.75833067825164,C
ALLIED UNIVERSAL SECURITY SERVICE,268404.71,1,1,93.69,4.34,94.88,128840501870.78639,99.75853849847283,C
VENZ EXPRESS,268100.0,1,1,87.02,3.76,70.01,128840769970.78639,99.75874608276335,C
Keepthinking,268097.0,1,1,100.0,3.42,76.17,128841038067.78639,99.75895366473104,C
ARGUS MEDIA SINGAPORE GROUP PTE. LTD.,267975.03,1,1,94.06,4.14,65.9,128841306042.81639,99.75916115225986,C
OES TECHNOLOGY PTE. LTD.,267860.0,1,1,93.16,4.07,72.7,128841573902.81639,99.75936855072335,C
SUPERJET ENGINEERING PTE LTD,267754.0,1,1,76.17,4.96,79.64,128841841656.81639,99.75957586711321,C
HELLO STRANGER PTE. LTD.,267280.0,1,1,96.47,3.18,95.43,128842108936.81639,99.75978281649469,C
PBA SYSTEMS PTE LTD,267250.0,3,3,80.39,3.88,85.36,128842376186.81639,99.75998974264778,C
BUCHI SINGAPORE PTE. LTD.,267077.2,4,3,82.38,3.5,67.97,128842643264.01639,99.76019653500539,C
EQUINOX DESIGN LIMITED,267026.07,1,1,95.1,4.21,82.71,128842910290.0864,99.7604032877741,C
Sigma Solutions HRD Consultants Pte Ltd,267000.0,2,2,82.87,4.81,79.29,128843177290.0864,99.76061002035735,C
ALIBABA CLOUD (SINGAPORE) PRIVATE LIMITED,266948.0,1,1,83.2,4.19,76.87,128843444238.0864,99.76081671267808,C
MODERN (SINGAPORE) ACCESS & EQUIPMENT PTE. LTD.,266930.0,1,1,82.17,4.01,66.54,128843711168.0864,99.76102339106177,C
ADVANCE-TEC ENGINEERING PTE. LTD.,266850.0,1,1,85.32,3.37,89.12,128843978018.0864,99.76123000750313,C
TOURISTPADS,266607.8,1,1,79.85,4.53,71.97,128844244625.8864,99.76143643641402,C
EVERSHEDS HARRY ELIAS LLP,266314.28,10,10,78.95,3.52,78.6,128844510940.1664,99.76164263805845,C
MOMENTA GROUP PTE. LTD.,266084.75,3,2,92.02,5.0,90.71,128844777024.9164,99.76184866198253,C
GOLD TOUCH PTE. LTD.,266031.0,1,1,76.82,4.53,71.29,128845043055.9164,99.7620546442891,C
TRINOX ENGINEERING SERVICES PTE. LTD.,266000.0,1,1,90.88,3.65,72.69,128845309055.9164,99.76226060259302,C
KEYENCE SINGAPORE PTE LTD,265700.0,2,2,86.94,3.05,76.65,128845574755.9164,99.76246632861313,C
RADIOLA LIMITED,265372.0,1,1,97.37,3.64,93.89,128845840127.9164,99.76267180066962,C
SPEISETECH PTE. LTD.,265000.0,1,1,91.19,3.78,63.0,128846105127.9164,99.76287698469419,C
BSK MEMBRANE PTE. LTD.,265000.0,1,1,98.91,3.61,75.67,128846370127.9164,99.76308216871877,C
CERBERUS SECURITY PTE. LTD.,264950.0,1,1,97.39,4.38,91.17,128846635077.9164,99.76328731402938,C
PROGRESSIVE INDUSTRIAL EQUIPMENT CO. PTE. LTD.,264810.0,1,1,100.0,3.29,52.12,128846899887.9164,99.76349235094088,C
GRAS SAVOYE SA,264409.02,1,1,100.0,4.36,65.44,128847164296.9364,99.76369707738185,C
MEINHARDT FACADE TECHNOLOGY (S) PTE LTD,264300.0,2,2,86.53,4.15,55.82,128847428596.9364,99.76390171941088,C
SAKSOFT PTE LIMITED,264001.0,2,2,77.24,3.88,96.21,128847692597.9364,99.76410612993041,C
GRABCAR PTE. LTD.,264000.0,1,1,93.72,4.11,73.02,128847956597.9364,99.76431053967563,C
RELIANCE TRAVEL AGENCIES (S) PTE LTD,263852.8,3,1,92.17,4.0,70.7,128848220450.7364,99.76451483544696,C
NEW SHAN TRAVEL SERVICE PTE. LTD.,263850.0,2,1,91.19,3.88,61.88,128848484300.7364,99.7647191290503,C
ALKALOM ECLAT,263500.0,1,1,89.2,3.66,81.11,128848747800.7364,99.76492315165586,C
ATS APPLIED TECH SYSTEMS PTE. LTD.,263391.34,1,1,96.43,4.32,59.59,128849011192.0764,99.76512709012823,C
ENVIRONICHE LLP,263002.0,3,2,99.05,4.14,71.91,128849274194.0764,99.7653307271427,C
NEXUS CONSULTANCY SERVICES PTE LTD,262800.0,4,3,89.44,3.54,84.37,128849536994.0764,99.76553420775272,C
"SINGAPORE SCOUT ASSOCIATION, THE",262666.0,3,1,93.99,4.07,84.55,128849799660.0764,99.76573758460933,C
KG INFORMATION SYSTEMS PTE. LTD.,262589.0,3,3,81.77,5.0,76.03,128850062249.0764,99.76594090184642,C
ARMSTRONG TALENT DEVELOPMENT,262500.0,2,1,93.23,4.09,52.72,128850324749.0764,99.76614415017265,C
LION CITY SHOW SUPPLY PTE. LTD.,262220.0,1,1,91.97,3.08,71.93,128850586969.0764,99.76634718170067,C
"KVC HEALTH SYSTEMS, INC.",262175.03,2,1,95.44,4.04,61.34,128850849144.1064,99.76655017840935,C
AMICUS ENGINEERING PTE. LTD.,262001.0,3,3,75.88,3.51,93.84,128851111145.1064,99.76675304037018,C
KT ENGINEERING & CONSTRUCTION PTE. LTD.,261992.5,1,1,89.69,4.2,88.2,128851373137.6064,99.76695589574965,C
SENNHEISER ELECTRONIC ASIA PTE LTD,261510.0,1,1,95.3,4.61,81.97,128851634647.6064,99.76715837753933,C
AEG POWER SOLUTIONS PTE. LTD.,261484.0,1,1,88.56,3.57,95.51,128851896131.6064,99.76736083919775,C
MAJESTIC RESEARCH SERVICES ASIA PTE. LIMITED,261443.32,2,2,89.94,4.11,65.64,128852157574.9264,99.76756326935849,C
NIE INTERNATIONAL PRIVATE LIMITED,261375.0,1,1,82.09,3.82,80.75,128852418949.9264,99.76776564662046,C
MHE-DEMAG (S) PTE LTD,261327.0,2,2,74.52,4.87,72.95,128852680276.9264,99.76796798671703,C
CHAO SHENG FIRE PROTECTION WORKS PTE LTD,261148.0,1,1,75.79,5.0,71.9,128852941424.9264,99.7681701882176,C
MERRY HORTICULTURAL DEVELOPMENT SDN. BHD.,261100.05,7,1,86.87,4.34,62.83,128853202524.97641,99.76837235259147,C
AGILENT TECHNOLOGIES SALES (MALAYSIA) SDN BHD,261033.77,3,1,92.38,4.95,76.14,128853463558.74641,99.76857446564611,C
AIMFLOW PTE. LTD.,260640.0,1,1,83.49,4.99,77.55,128853724198.74641,99.76877627381278,C
G4S SECURE SOLUTIONS (UK) LIMITED,260370.74,1,1,89.55,4.21,85.85,128853984569.48642,99.768977873497,C
GRAPHISS PRODUCTIONS,260210.0,2,2,90.57,3.36,66.17,128854244779.48642,99.76917934872354,C
D' CUBE SPORTS MANAGEMENT PTE. LTD.,260200.0,3,2,90.46,3.37,79.75,128854504979.48642,99.76938081620729,C
WONGSIGN & AD PTE. LTD.,260022.6,3,3,81.3,3.95,74.29,128854765002.08643,99.76958214633389,C
Lew Registered Surveyor,260000.0,2,2,82.57,3.96,93.62,128855025002.08643,99.76978345896177,C
DISTINCT BUILDERS PTE. LTD.,260000.0,1,1,100.0,2.75,87.99,128855285002.08643,99.76998477158966,C
SEABURY CARGO ADVISORY B.V.,260000.0,1,1,73.99,5.0,72.51,128855545002.08643,99.77018608421754,C
CD ENGINEERS PTE. LTD.,259895.0,1,1,92.45,4.17,78.7,128855804897.08643,99.77038731554609,C
SOFTWARE AG (SINGAPORE) PTE LTD,259219.0,2,2,77.43,4.79,73.24,128856064116.08643,99.77058802346181,C
EQUITCHEM (S) PTE. LTD.,259200.0,1,1,88.3,3.98,78.21,128856323316.08643,99.77078871666623,C
ZAINI BIN MOHAMMAD TAHIR,259200.0,1,1,89.67,4.12,65.19,128856582516.08643,99.77098940987065,C
ORAL KARE LLP,258850.0,1,1,76.94,4.44,75.6,128856841366.08643,99.77118983207728,C
V.SHIPS ASIA GROUP PTE. LTD.,258838.0,1,1,68.83,3.29,66.62,128857100204.08643,99.77139024499259,C
Arena International Pte Ltd,258680.0,1,1,88.37,4.71,67.0,128857358884.08643,99.77159053557175,C
PHAEDRUS AQUATECH PTE. LTD.,258645.0,1,1,90.71,5.0,86.42,128857617529.08643,99.77179079905113,C
HYDROBIOLOGY SINGAPORE PTE. LTD.,258616.0,2,2,82.26,4.02,80.5,128857876145.08643,99.7719910400764,C
PHOON HUAT PTE. LTD.,258218.62,9,6,86.43,3.59,89.71,128858134363.70642,99.77219097341856,C
ALS Scandinavia AB,258161.4,1,1,85.84,4.37,68.34,128858392525.10641,99.77239086245645,C
SCANMASTER SYSTMENS (I.R.T) LTD.,258048.96,1,1,85.14,3.41,80.43,128858650574.06642,99.77259066443438,C
CLOUDSINE PTE. LTD.,258000.0,1,1,90.61,4.24,73.82,128858908574.06642,99.77279042850358,C
SINGAPORE SPACE AND TECHNOLOGY ASSOCIATION,258000.0,1,1,83.22,4.0,94.78,128859166574.06642,99.77299019257279,C
AIRBORNE SUPPORT GROUP LLC,257779.55,1,1,76.74,3.97,69.88,128859424353.61642,99.77318978595213,C
Bez Balloons Pte Ltd,257600.0,1,1,91.35,3.43,86.22,128859681953.61642,99.77338924030961,C
PANTECH CONSTRUCTION PTE. LTD.,257400.0,2,2,100.0,4.33,81.83,128859939353.61642,99.77358853981121,C
MY PRIVATE CHEF PTE. LTD.,256752.0,2,1,82.51,5.0,84.77,128860196105.61642,99.7737873375798,C
H C Lim Consultants,256600.0,6,1,91.65,4.11,100.0,128860452705.61642,99.77398601765793,C
SAP ASIA PTE LTD,256300.0,1,1,92.79,4.81,78.99,128860709005.61642,99.77418446545228,C
REJOICE CONSTRUCTION & DECOR CO PTE. LTD.,256000.0,1,1,87.3,4.36,95.42,128860965005.61642,99.7743826809628,C
EPM TRAINING SERVICES PTE. LTD.,255600.0,1,1,89.92,5.0,79.63,128861220605.61642,99.7745805867616,C
BROOKLYN-MEDIA PRIVATE LIMITED,255485.0,3,2,77.33,3.82,83.02,128861476090.61642,99.77477840351827,C
ONE NINE SEVEN SIX PTE. LTD.,255238.8,8,5,85.39,2.8,85.75,128861731329.41643,99.77497602964738,C
RANDSTAD PTE. LIMITED,255004.0,5,3,81.03,4.63,90.17,128861986333.41643,99.77517347397568,C
FLAIR ARTZ INTERNATIONAL,255000.0,1,1,98.63,4.31,70.71,128862241333.41643,99.77537091520688,C
SINGPILOT PTE. LTD.,255000.0,1,1,83.48,4.89,83.88,128862496333.41643,99.77556835643809,C
VICAM ELECTRONICS PTE LTD,254839.0,1,1,84.91,4.83,62.18,128862751172.41643,99.7757656730103,C
ICON ENGINEERS LLP,254800.0,1,1,87.71,4.28,77.25,128863005972.41643,99.77596295938564,C
SCIGATE AUTOMATION (S) PTE LTD,254449.71,1,1,88.16,3.6,67.77,128863260422.12643,99.77615997453864,C
CHRISTENSEN IRRIGATION (SINGAPORE) PTE LTD,254000.0,1,1,77.15,4.82,93.2,128863514422.12643,99.77635664149051,C
GUAVA AMENITIES PTE. LTD.,253800.0,2,2,86.88,4.16,83.47,128863768222.12643,99.7765531535865,C
PROWLER INTERNATIONAL PTE. LTD.,253680.0,1,1,94.81,3.13,96.22,128864021902.12643,99.77674957276896,C
Hedgehog Communications,253620.0,1,1,83.72,3.74,76.87,128864275522.12643,99.77694594549467,C
JEEVASTANA ENTERTAINMENT PTE. LTD.,253500.0,2,1,92.66,3.77,84.91,128864529022.12643,99.77714222530686,C
AIMS PRODUCTIONS LLP,252990.0,2,1,81.42,3.7,51.73,128864782012.12643,99.77733811023658,C
7-Jul,252712.0,1,1,96.46,3.14,100.0,128865034724.12643,99.77753377991667,C
KEYDENCE SYSTEMS PTE. LTD.,252550.0,2,2,83.28,4.34,72.53,128865287274.12643,99.77772932416347,C
TMK SERVICES PTE. LTD.,252456.5,2,2,99.51,2.87,89.75,128865539730.62643,99.77792479601517,C
GENETRON ENGINEERING CORPORATION (PRIVATE) LIMITED,252380.0,4,4,84.67,4.48,80.62,128865792110.62643,99.7781202086345,C
MALTEM ASIA PTE. LTD.,252000.0,1,1,84.25,3.65,68.95,128866044110.62643,99.77831532702768,C
WDC CONSULTING SINGAPORE PTE. LTD.,251933.0,6,5,79.81,4.29,69.41,128866296043.62643,99.77851039354415,C
PANTHU GEOLOGICAL SERVICES CO-OPERATIVE LTD,251511.3,1,1,79.94,3.6,85.58,128866547554.92644,99.77870513354702,C
PHOTOVOLTAIC ENGINEERING PTE. LTD.,251160.5,2,1,88.24,3.77,73.37,128866798715.42644,99.7788996019327,C
SEPIATEC GMBH,250900.0,1,1,87.99,3.31,66.93,128867049615.42644,99.7790938686186,C
KA-TECH ASIA PTE. LTD.,250850.0,1,1,82.57,4.91,75.36,128867300465.42644,99.77928809659055,C
GREAT ART DESIGN & BUILD PTE. LTD.,250767.25,3,3,89.8,4.46,69.01,128867551232.67644,99.77948226049087,C
ICLICK MEDIA PTE. LTD.,250500.0,1,1,99.73,4.33,65.64,128867801732.67644,99.77967621746504,C
MATRIX RESOURCE,250265.0,1,1,88.78,4.84,87.34,128868051997.67644,99.77986999248357,C
TNL ENGINEERING WORKS PTE LTD,250240.0,3,2,88.1,4.07,79.74,128868302237.67644,99.78006374814512,C
TEST SYSTEM INTEGRATION PTE. LTD.,250200.0,1,1,71.04,3.75,69.69,128868552437.67644,99.78025747283549,C
OCTOPUSINC LLP,250156.0,3,2,83.79,4.88,71.83,128868802593.67644,99.78045116345757,C
ALICE,250018.0,3,3,71.01,3.97,79.94,128869052611.67644,99.7806447472291,C
DSOURCING PTE. LTD.,250000.0,1,1,86.56,3.82,71.96,128869302611.67644,99.78083831706361,C
AGENCE FRANCE PRESSE,250000.0,1,1,92.88,4.07,73.41,128869552611.67644,99.78103188689812,C
TAN TENG HOOI,250000.0,1,1,86.18,4.13,71.83,128869802611.67644,99.78122545673261,C
HOLLYSYS (ASIA PACIFIC) PTE. LTD.,250000.0,1,1,83.84,2.59,73.5,128870052611.67644,99.78141902656712,C
RAFFLES DIGITAL LABS PTE LTD,249875.0,1,1,81.47,3.68,72.22,128870302486.67644,99.78161249961671,C
SENSE INFOSYS PTE. LTD.,249843.0,1,1,91.37,4.22,68.05,128870552329.67644,99.78180594788935,C
EVICO MAGNETICS GMBH,249831.36,1,1,92.44,5.0,72.68,128870802161.03644,99.7819993871494,C
ANCHOR EVENTS PTE. LTD.,249800.0,1,1,100.0,2.78,96.91,128871051961.03644,99.78219280212804,C
ARTHUR D. LITTLE ASIA PTE. LTD.,249800.0,1,1,88.45,2.94,75.73,128871301761.03644,99.78238621710666,C
ACA PACIFIC TECHNOLOGY (SINGAPORE) PTE. LTD.,249684.0,1,1,100.0,4.28,92.22,128871551445.03644,99.7825795422689,C
BETTR BARISTA PTE. LTD.,249630.0,3,3,100.0,3.48,72.76,128871801075.03644,99.78277282562006,C
HOCKEY INNOVATIVE,249600.0,1,1,100.0,3.6,89.48,128872050675.03644,99.78296608574281,C
VISTA HEALTH PTE. LTD.,249500.0,1,1,88.73,4.26,72.15,128872300175.03644,99.78315926843766,C
ENG LEONG MEDALLIC INDUSTRIES PTE LTD,249480.98,4,3,94.64,3.65,68.63,128872549656.01643,99.7833524364057,C
1SURVEY ASSOCIATES,249100.0,2,1,83.5,3.97,75.69,128872798756.01643,99.7835453093888,C
"Edstrom Industries, Inc.",249047.74,1,1,82.99,4.02,77.63,128873047803.75644,99.78373814190806,C
Filos Community Services Ltd,249000.0,3,2,74.37,3.75,84.0,128873296803.75644,99.78393093746323,C
DIGIWORZ PTE. LTD.,248507.0,2,1,80.8,3.85,79.3,128873545310.75644,99.78412335129867,C
RN & ASSOCIATES PTE LTD,248410.0,2,2,87.45,3.93,70.76,128873793720.75644,99.78431569002905,C
SEMBCORP ARCHITECTS & ENGINEERS PTE. LTD.,248400.0,3,2,85.7,4.57,72.32,128874042120.75644,99.7845080210166,C
THE MEYER CONSULTING GROUP PTE. LTD.,248400.0,1,1,91.88,3.38,73.84,128874290520.75644,99.78470035200418,C
"SURFORCE, LLC",248346.0,1,1,77.67,4.71,89.27,128874538866.75644,99.78489264118065,C
SHAN YOUNG & TUAH CONSULTANTS LLP,248000.0,1,1,87.11,3.66,79.79,128874786866.75644,99.78508466245648,C
BESTLINK AUTO PTE LTD,248000.0,2,1,78.19,3.55,81.84,128875034866.75644,99.7852766837323,C
PARAFOIL DESIGN & ENGINEERING PTE. LTD.,248000.0,1,1,65.34,5.0,99.11,128875282866.75644,99.78546870500814,C
ARGENTRA SOLUTIONS PTE. LTD.,248000.0,1,1,91.02,4.49,73.8,128875530866.75644,99.78566072628396,C
SEAMLESS LINK PTE. LTD.,247931.3,3,3,85.05,4.4,77.36,128875778798.05644,99.78585269436681,C
HUP HENG ENGINEERING CONSTRUCTION PTE. LTD.,247567.95,3,1,88.15,4.45,85.31,128876026366.00644,99.78604438111525,C
CHARACTERLASTS,247500.0,2,1,83.59,4.52,84.98,128876273866.00644,99.7862360152514,C
EUPHORIA MUSIK,247440.0,1,1,91.85,3.3,87.26,128876521306.00644,99.7864276029308,C
ISE TRAVEL PTE. LTD.,247113.0,4,3,73.83,4.62,73.04,128876768419.00644,99.78661893742085,C
SRINIVASAN CHOKKANATHAN,247074.0,1,1,92.01,4.55,83.52,128877015493.00644,99.78681024171402,C
BEST CHEMICAL CO (S) PTE LTD,247000.0,2,1,84.13,4.03,76.77,128877262493.00644,99.78700148871052,C
MEGA GAS ENTERPRISE PTE. LTD.,246610.0,1,1,93.22,3.84,72.44,128877509103.00644,99.78719243373806,C
ALLIED MOVING SERVICES (S) PTE. LTD.,246536.9,3,2,88.96,4.23,81.8,128877755639.90643,99.78738332216578,C
PAN-MALAYAN PHARMACEUTICALS PTE LTD,246004.0,4,3,90.93,4.05,74.47,128878001643.90643,99.78757379798006,C
XMICRO SOLUTION PTE. LTD.,245900.0,2,2,96.06,4.78,82.15,128878247543.90643,99.78776419326927,C
PHI LIFE CENTER PTE. LTD.,245640.0,1,1,87.86,4.04,85.35,128878493183.90643,99.78795438724586,C
"WAFERGEN, INC.",245372.67,1,1,84.73,3.64,93.01,128878738556.57643,99.78814437423435,C
GRANT THORNTON SINGAPORE PRIVATE LIMITED,245300.0,2,2,85.34,3.82,83.45,128878983856.57643,99.78833430495597,C
DIVINE N' DYNAMIC PTE. LTD.,245064.0,1,1,88.18,4.01,64.89,128879228920.57643,99.78852405294766,C
LUX RESEARCH - ASIA PACIFIC PTE. LTD.,245000.0,1,1,71.84,2.89,96.72,128879473920.57643,99.78871375138549,C
GREEN KONCEPTS PTE. LTD.,244850.0,2,2,94.2,4.78,51.41,128879718770.57643,99.78890333368139,C
TONG LEI ENGINEERING AND CONSTRUCTION (SINGAPORE) PTE. LTD.,244822.71,1,1,99.35,3.34,72.35,128879963593.28644,99.78909289484723,C
UMW HELMSION ENGINEERING PTE LTD,244695.0,1,1,93.72,3.6,73.1,128880208288.28644,99.78928235712985,C
FCA PTE. LTD.,244608.18,2,1,86.26,4.57,62.25,128880452896.46643,99.78947175218951,C
JOEVENT INTERNATIONAL,244190.0,2,2,85.2,3.46,65.92,128880697086.46643,99.78966082346106,C
THE ECONOMIST INTELLIGENCE UNIT LIMITED,243848.0,1,1,97.41,4.94,69.47,128880940934.46643,99.7898496299291,C
SAVILLS VALUATION AND PROFESSIONAL SERVICES (S) PTE. LTD.,243752.02,6,3,93.63,3.89,85.78,128881184686.48643,99.79003836208177,C
QUANTERIX CORPORATION,243500.0,1,1,90.56,4.93,82.24,128881428186.48643,99.79022689910059,C
TRANSPORT DESIGN CONSULTANCY LIMITED,243466.0,1,1,80.83,4.75,82.86,128881671652.48643,99.7904154097939,C
IMCOMP INTERNATIONAL PTE LTD,243276.3,2,2,98.07,3.29,76.27,128881914928.78644,99.79060377360642,C
STEELMATIC PTE. LTD.,243120.0,2,2,89.31,4.27,83.35,128882158048.78644,99.79079201639908,C
JOHN HOLLAND ENGINEERING PTE LTD,243000.0,1,1,91.03,4.29,70.98,128882401048.78644,99.79098016627822,C
COLCHESTER GLOBAL INVESTORS (SINGAPORE) PTE. LTD.,243000.0,1,1,97.74,4.01,80.39,128882644048.78644,99.79116831615735,C
KAPLAN PROFESSIONAL,242953.0,1,1,87.17,4.39,68.62,128882887001.78644,99.79135642964536,C
FREIGHT LINKS EXPRESS ARCHIVERS PTE LTD,242901.05,2,2,95.0,4.34,69.86,128883129902.83644,99.79154450290957,C
Patroids Creative Works Pte Ltd,242880.0,1,1,75.31,3.75,64.77,128883372782.83644,99.79173255987519,C
STERLING TRENDS & CONCEPTS PTE. LTD.,242675.0,5,1,85.08,3.76,85.06,128883615457.83644,99.79192045811354,C
TEOH ENG KEAN,242626.0,2,2,87.42,3.69,80.65,128883858083.83644,99.7921083184122,C
ENGEL SINGAPORE PTE. LTD.,242520.0,1,1,80.66,4.62,83.89,128884100603.83644,99.79229609663726,C
THINKING THEATRE PTE. LTD.,242400.0,1,1,91.86,3.42,54.81,128884343003.83644,99.79248378194879,C
YEH LAI SIANG GOURMET PTE. LTD.,242345.0,2,1,91.34,4.37,80.7,128884585348.83644,99.79267142467498,C
NHS NATIONWIDE SECURITY SYSTEM SDN BHD (932880-H),242180.15,1,1,78.93,3.7,89.73,128884827528.98643,99.79285893976119,C
MEGU CATERING CONCEPTS PTE. LTD.,242120.0,3,2,98.56,4.19,75.57,128885069648.98643,99.7930464082745,C
SK CATERING PTE. LTD.,241968.0,1,1,96.25,4.32,83.69,128885311616.98643,99.79323375909736,C
PLUM CONSULTING LONDON LLP,241023.0,4,2,96.83,4.77,53.41,128885552639.98643,99.79342037822626,C
AFTERSHOCK PC PTE. LTD.,240854.53,2,2,94.8,4.49,77.76,128885793494.51643,99.7936068669123,C
WILLIS TOWERS WATSON BROKERS (SINGAPORE) PTE. LTD.,240249.0,3,3,77.18,4.43,81.3,128886033743.51643,99.79379288674897,C
ST. REGIS HOTEL SINGAPORE,240232.3,9,3,97.65,3.53,73.59,128886273975.81644,99.7939788936552,C
DESIGN METABOLISTS,240120.0,1,1,68.49,4.41,80.91,128886514095.81644,99.79416481360984,C
CUSHMAN & WAKEFIELD VHS PTE. LTD.,240001.01,4,3,86.0,3.64,73.81,128886754096.82643,99.79435064143298,C
RAPID EFFECT PTE LTD,240000.0,1,1,80.66,4.12,93.1,128886994096.82643,99.79453646847412,C
POLYMER TECHNOLOGIES PTE LTD,240000.0,1,1,72.76,3.0,86.39,128887234096.82643,99.79472229551524,C
INTERMARINE SUPPLY COMPANY (PRIVATE) LIMITED,240000.0,1,1,76.51,3.66,77.33,128887474096.82643,99.79490812255636,C
ASIABUILD ENTERPRISES PTE LTD,239800.0,1,1,93.7,3.5,80.85,128887713896.82643,99.79509379474162,C
SARAD GMBH,239485.65,1,1,81.2,4.51,73.8,128887953382.47643,99.79527922353216,C
VINTEDGE PTE LTD,239260.0,2,2,100.0,3.27,80.0,128888192642.47643,99.79546447760657,C
CORNERSTONE ONDEMAND SINGAPORE PTE. LTD.,239200.0,1,1,75.18,3.58,80.3,128888431842.47643,99.79564968522423,C
Houghton Kneale Design Limited,239040.0,1,1,92.0,3.41,93.92,128888670882.47643,99.79583476895718,C
Coselec Pte Ltd,238868.2,3,3,78.16,4.12,68.31,128888909750.67642,99.79601971966895,C
JUZZ WEB PTE. LTD.,238640.0,2,1,100.0,3.81,97.22,128889148390.67642,99.79620449369018,C
JE NE SAIS QUOI RESEARCH SOLUTIONS,238629.0,1,1,70.43,4.63,72.85,128889387019.67642,99.79638925919433,C
SWEETS CORPORATE UNIFORMS,238229.0,2,1,100.0,4.29,79.61,128889625248.67642,99.79657371498675,C
CHILL PARTS ENGINEERING PTE. LTD.,238150.0,2,2,92.11,3.48,75.17,128889863398.67642,99.79675810961109,C
PREMIER ENGINEERING & TRADING PTE. LTD.,238130.93,6,6,76.17,4.67,65.86,128890101529.60641,99.79694248946993,C
ALPHABETA (SG) PTE. LTD.,238001.0,2,2,80.28,3.21,88.47,128890339530.60641,99.79712676872666,C
KOLEE CORPORATION PTE LTD,238000.0,1,1,80.12,4.4,61.56,128890577530.60641,99.79731104720912,C
ANALYTICAL TECHNOLOGIES PTE LTD,237964.72,2,2,76.62,4.54,82.87,128890815495.32642,99.79749529837498,C
TSMP LAW CORPORATION,237781.0,4,4,92.68,4.15,85.72,128891053276.32642,99.79767940729025,C
DOTECON LIMITED,237723.0,4,2,89.85,4.65,72.43,128891290999.32642,99.79786347129733,C
"ALLIED WORLD ASSURANCE COMPANY, LTD",237632.0,2,1,75.73,3.92,76.74,128891528631.32642,99.79804746484497,C
SUN & SHANG COACHING SERVICES,237600.0,1,1,88.31,4.37,83.07,128891766231.32642,99.7982314336157,C
EG+ WORLDWIDE PTE. LTD.,237402.5,1,1,84.9,4.18,68.4,128892003633.82642,99.79841524946623,C
ASIA INTERGRATED ENGINEERING PTE. LTD.,237300.0,1,1,79.12,4.23,86.25,128892240933.82642,99.79859898595315,C
SINGBUILD CONSTRUCTION PTE. LTD.,236931.0,2,1,81.99,4.45,81.8,128892477864.82642,99.79878243673099,C
AVON CLEANING SERVICES PTE LTD,236714.79,1,1,85.1,3.66,76.91,128892714579.61641,99.79896572010189,C
ALX PRIVATE LIMITED,236490.0,2,2,83.89,4.04,90.4,128892951069.61641,99.79914882942252,C
"AQUARECYCLE, LLC",236448.0,1,1,94.97,3.49,72.46,128893187517.61641,99.79933190622344,C
SAND HILL CONTRUCTION TRANSPORTATION & CLEANING CO WILL,236160.0,1,1,95.97,2.81,79.59,128893423677.61641,99.79951476003191,C
ARAS DEVELOPMENT PTE. LTD.,236000.0,1,1,79.94,3.83,75.92,128893659677.61641,99.79969748995569,C
DAI-EAST INCINERATORS SINGAPORE,236000.0,1,1,88.72,4.63,72.36,128893895677.61641,99.79988021987946,C
SINGAPORE INSTITUTE OF DIRECTORS,235500.0,1,1,77.56,3.87,66.88,128894131177.61641,99.80006256266356,C
FUJINAMI ARCHITECTS & ASSOCIATES,234944.0,1,1,87.24,3.99,79.37,128894366121.61641,99.80024447494836,C
EDPN TECHNOLOGIES PTE. LTD.,234877.0,1,1,89.84,4.65,89.92,128894600998.61641,99.80042633535643,C
AKT CREATIONS,234820.0,1,1,89.79,3.69,67.91,128894835818.61641,99.80060815163057,C
ARCTIC V SECURITY PTE. LTD.,234720.0,2,2,91.83,3.2,57.78,128895070538.61641,99.80078989047679,C
ATMAN COUNSELLING & TRAINING CONSULTANCY,234706.0,5,2,81.96,4.19,94.24,128895305244.61641,99.8009716184831,C
CONVERGENT ENGINEERING PTE. LTD.,234306.0,1,1,66.37,3.55,63.14,128895539550.61641,99.80115303677768,C
I CONCEPT INNOVATION PTE. LTD.,234000.0,1,1,91.8,4.59,92.07,128895773550.61641,99.80133421814278,C
CON.SONANT,234000.0,3,2,87.28,4.94,86.29,128896007550.61641,99.80151539950788,C
"QUANTUM DESIGN (BEIJING) CO., LTD.",233850.0,1,1,85.34,3.93,75.9,128896241400.61641,99.80169646473107,C
IONICON ANALYTIK GESELLSCHAFT M.B.H,233500.0,1,1,98.02,3.86,75.41,128896474900.61641,99.8018772589565,C
IMPETUZ LLP,233400.0,2,1,77.2,3.45,84.39,128896708300.61641,99.80205797575398,C
D'SONS PTE LTD,233376.0,1,1,98.1,2.77,74.02,128896941676.61641,99.80223867396877,C
MACROVISTA PTE. LTD.,233280.0,1,1,93.54,5.0,82.65,128897174956.61641,99.80241929785275,C
ACCRETE TECHNOLOGY (S) PTE. LTD.,233000.0,1,1,89.48,3.27,78.85,128897407956.61641,99.80259970493852,C
TIMES CHEMICALS (PTE) LTD,232970.0,2,2,92.95,4.6,66.19,128897640926.61641,99.80278008879588,C
ZOE INTERNATIONAL PTE LTD,232600.0,1,1,96.38,4.77,66.37,128897873526.61641,99.80296018616991,C
RICK CLEMENTS & ASSOCIATES PTE. LTD.,232500.0,1,1,79.34,4.78,80.14,128898106026.61641,99.803140206116,C
THE NUTGRAF HOLDINGS PTE. LTD.,232400.0,2,2,82.9,4.17,77.46,128898338426.61641,99.80332014863416,C
INTUITIVE FILMS,232400.0,2,1,85.04,4.28,74.87,128898570826.61641,99.8035000911523,C
AUDI SINGAPORE PTE. LTD.,232266.0,1,1,82.37,3.81,68.4,128898803092.61641,99.80367992991704,C
UFT STRUCTURE RE-ENGINEERING SDN.BHD.,232148.19,7,1,89.77,4.18,88.57,128899035240.80641,99.80385967746392,C
RAINTREE MEDICAL PTE. LTD.,231972.8,3,3,83.43,3.61,71.53,128899267213.60641,99.80403928920994,C
MEGA LASER SUPPORT PRIVATE LIMITED,231918.0,2,1,84.64,4.06,66.63,128899499131.60641,99.80421885852545,C
Graphic Masters & Advertising Pte Ltd,231823.0,5,5,79.69,3.71,63.11,128899730954.60641,99.80439835428443,C
UNICORN INTERNATIONAL PTE LIMITED,231690.0,2,2,96.25,4.3,83.38,128899962644.60641,99.80457774706426,C
STAMFORD LAW CORPORATION,231500.0,2,2,90.74,4.18,75.68,128900194144.60641,99.804756992731,C
IWOW TECHNOLOGY PTE LTD,231092.0,2,2,81.15,3.59,78.82,128900425236.60641,99.8049359224918,C
J.P. ELECTRONICS PTE LTD,231000.0,1,1,76.53,4.02,79.22,128900656236.60641,99.80511478101887,C
WIS ICT PRIVATE LIMITED,231000.0,1,1,90.06,4.3,83.3,128900887236.60641,99.80529363954595,C
KEPPEL ENTERPRISE SERVICES PTE. LTD.,231000.0,1,1,97.12,3.28,73.73,128901118236.60641,99.80547249807303,C
XUAN SPORTS,230880.0,1,1,84.95,4.25,67.49,128901349116.60641,99.8056512636866,C
"Shanghai Tuqing Information Co., Ltd",230569.35,1,1,98.94,3.76,82.18,128901579685.95642,99.80582978877028,C
Tektronix Southeast Asia Pte Ltd,230091.54,1,1,98.88,4.12,77.17,128901809777.49641,99.80600794389557,C
WESTERN ASSET MANAGEMENT COMPANY PTE. LTD.,230000.4,2,2,100.0,4.63,94.2,128902039777.89641,99.806186028453,C
Varney Aviation Ltd,230000.0,1,1,94.31,3.9,77.88,128902269777.89641,99.80636411270075,C
LEGAL SOLUTIONS LLC,230000.0,1,1,94.78,3.72,71.87,128902499777.89641,99.8065421969485,C
CONTINENTAL EQUIPMENT PTE LTD,229920.0,2,1,95.8,4.0,62.94,128902729697.89641,99.80672021925389,C
ADVENTURE WORLD,229740.0,1,1,85.98,4.42,81.64,128902959437.89641,99.80689810218901,C
JOURNEYFUL PTE. LTD.,229673.5,1,1,83.11,4.26,79.28,128903189111.39641,99.80707593363455,C
ACTICS ENTERPRISE,229500.0,1,1,78.03,3.28,58.29,128903418611.39641,99.80725363074262,C
PAC INSTRUMENTS ASIA PTE. LTD.,229109.5,1,1,83.57,4.65,85.94,128903647720.89641,99.80743102549462,C
"SYD LABS, INC.",229000.0,1,1,93.81,3.71,90.08,128903876720.89641,99.80760833546303,C
KS FURNITURE (S) PTE. LTD.,228992.0,1,1,75.66,4.59,71.52,128904105712.89641,99.8077856392372,C
PROPERTY MAINTENANCE & GARDENS INCORPORATED,228615.0,2,1,88.2,3.92,72.13,128904334327.89641,99.80796265110806,C
SIAM EXPRESS PTE. LTD.,228290.0,2,1,92.55,3.79,64.37,128904562617.89641,99.80813941133813,C
AIKGUAN MARKETING,228171.56,1,1,81.4,4.42,78.02,128904790789.4564,99.80831607986256,C
TRANSPACIFIC IP MANAGEMENT GROUP PTE. LTD.,228000.0,1,1,83.37,4.12,72.5,128905018789.4564,99.80849261555164,C
JOAN WALKER PTE. LTD.,228000.0,1,1,91.11,3.89,77.2,128905246789.4564,99.80866915124071,C
MESSER EUTECTIC CASTOLIN (S) PTE. LTD.,228000.0,1,1,97.33,3.89,68.68,128905474789.4564,99.80884568692977,C
SUMMIT MARINE SYSTEM,227600.0,1,1,96.68,3.21,87.62,128905702389.4564,99.8090219129071,C
LIM TAN MOTOR PTE LTD,227365.95,3,2,100.0,3.8,80.0,128905929755.4064,99.80919795766435,C
BCT TECHNOLOGY PTE. LTD.,227120.0,1,1,94.73,4.61,62.79,128906156875.4064,99.8093738119876,C
SPIRE RESEARCH AND CONSULTING PTE LTD,226800.0,3,3,100.0,3.59,76.91,128906383675.4064,99.80954941854147,C
IMEC TECHNOLOGY PTE LTD,226780.0,1,1,96.06,3.67,78.89,128906610455.4064,99.80972500960974,C
KING CONTENT (SG) PTE. LTD.,226609.5,2,2,100.0,4.53,79.87,128906837064.9064,99.80990046866339,C
ALFA CONNECTIONS PTE. LTD.,226600.0,1,1,94.98,4.28,88.4,128907063664.9064,99.81007592036138,C
REGENCY SPECIALIST HOSPITAL SDN. BHD.,226456.66,5,1,80.85,4.5,72.93,128907290121.5664,99.81025126107419,C
TEE Medical Services Pte. Ltd.,226299.0,1,1,83.87,4.96,69.54,128907516420.5664,99.8104264797141,C
ACCLAIM SYSTEMS PTE. LTD.,226200.0,3,2,78.15,5.0,75.4,128907742620.5664,99.81060162170036,C
AGILENT TECHNOLOGIES SALES (MALAYSIA) SDN. BHD.,226090.54,1,1,86.38,5.0,66.87,128907968711.1064,99.810776678934,C
NORTHSEA CONSULTANT PTE. LTD.,225800.0,2,1,86.65,2.84,75.02,128908194511.1064,99.81095151120853,C
PRACTICE THEORY PTE. LTD.,225700.0,3,2,82.77,4.8,58.17,128908420211.1064,99.81112626605511,C
PEP ID-CONSTRUCTION PTE. LTD.,225437.0,1,1,94.85,3.37,70.52,128908645648.1064,99.81130081726623,C
GL INTER-AGO PTE. LTD.,225408.6,6,4,79.15,3.4,81.64,128908871056.7064,99.81147534648784,C
C. Melchers GmbH & Co Singapore Branch,225314.0,2,2,94.71,3.79,76.1,128909096370.7064,99.8116498024626,C
DT TECHSOLUTIONS PTE. LTD.,225136.0,1,1,76.61,4.1,83.19,128909321506.7064,99.81182412061564,C
THE IDEA LABORATORY PTE. LTD.,225006.0,2,2,89.36,4.0,86.07,128909546512.7064,99.81199833811237,C
PTP ENGINEERS PTE. LTD.,225000.0,1,1,100.0,3.73,81.85,128909771512.7064,99.81217255096342,C
GAIN EMPLOYMENT SERVICES PTE. LTD.,224907.0,2,2,79.18,4.86,100.0,128909996419.7064,99.8123466918065,C
CCS SERVICES PTE. LTD.,224800.0,1,1,98.63,3.94,60.01,128910221219.7064,99.81252074980169,C
"RESILIENCE, INC",224750.0,1,1,80.49,4.69,81.79,128910445969.7064,99.81269476908291,C
ESCO MICRO PTE LTD,224126.5,2,2,87.64,4.68,75.81,128910670096.2064,99.81286830560097,C
DAVE CLARK DESIGN ASSOCIATES ASIA PTE. LTD.,224000.0,2,2,90.81,4.88,82.99,128910894096.2064,99.81304174417268,C
STANDARD ENGINEERING COMPANY,224000.0,1,1,81.76,4.64,68.23,128911118096.2064,99.8132151827444,C
ENETEK POWER GROUP PTE. LTD.,223888.0,1,1,88.55,4.44,70.66,128911341984.2064,99.81338853459683,C
MAD HOUSE PTE. LTD.,223620.0,2,1,94.89,3.75,73.78,128911565604.2064,99.81356167894239,C
MATCOR EQUIPMENT & SERVICES PTE. LTD.,223500.0,1,1,100.0,3.84,81.69,128911789104.2064,99.81373473037443,C
UNITED SCIENTIFIC EQUIPMENT PTE LTD,223295.0,3,3,88.67,3.99,71.09,128912012399.2064,99.81390762307922,C
ELITE ASIA (SG) PTE. LTD.,223200.0,1,1,89.15,4.58,97.87,128912235599.2064,99.81408044222746,C
INTELLECT GROUP SOLUTIONS,223146.0,1,1,86.22,4.19,85.39,128912458745.2064,99.81425321956463,C
Menlon Agency Pte Ltd,223119.75,1,1,80.05,4.58,66.06,128912681864.9564,99.81442597657696,C
ISS Security Guarding Co. Ltd.,223102.46,1,1,98.43,3.18,79.63,128912904967.41641,99.814598720202,C
E J MOTIWALLA & CO,223000.0,1,1,78.31,4.21,87.04,128913127967.41641,99.81477138449438,C
CW Advanced Technologies Pte Ltd,222400.0,1,1,96.26,4.85,62.67,128913350367.41641,99.81494358421915,C
TONG HUAT TRADING CO. (PTE.) LTD.,222302.5,1,1,81.52,3.98,70.66,128913572669.91641,99.8151157084517,C
Singapore Advanced Research and Education Network (SingAREN),222250.0,1,1,96.97,4.08,84.4,128913794919.91641,99.81528779203457,C
MIRAI ELECTRONICS PTE. LTD.,221900.0,2,2,89.26,4.77,83.89,128914016819.91641,99.81545960461968,C
AIKLY PAINTS AND CHEMICAL PTE LTD,221891.0,3,1,85.43,5.0,75.85,128914238710.91641,99.81563141023628,C
REPUBLIC ADVERTISING CONSULTANTS,221878.57,3,3,86.23,4.71,81.8,128914460589.48642,99.81580320622857,C
Gold Lite Pte Ltd,221865.0,2,1,82.34,3.89,87.72,128914682454.48642,99.8159749917139,C
LAKEPHARMA INC,221826.0,1,1,74.71,4.26,82.05,128914904280.48642,99.81614674700235,C
GARDENS BY THE BAY,221640.0,4,2,80.51,4.81,79.74,128915125920.48642,99.81631835827481,C
Q-AUTO L.L.C,221600.0,1,1,77.24,3.68,68.73,128915347520.48642,99.81648993857613,C
Meta Fusion Pte Ltd,221600.0,2,1,79.45,2.77,75.46,128915569120.48642,99.81666151887742,C
CAKE THEATRICAL PRODUCTIONS LTD.,221600.0,2,1,83.12,4.62,71.72,128915790720.48642,99.81683309917874,C
SMARTSOFT PTE. LTD.,221351.33,3,2,78.99,4.49,72.23,128916012071.81642,99.81700448694,C
BLUE OCEAN HARVEST PTE. LTD.,221140.0,1,1,94.96,4.44,60.69,128916233211.81642,99.8171757110728,C
ADONAI ELECTRONICS SERVICES,220814.4,1,1,82.28,4.28,81.82,128916454026.21642,99.81734668310025,C
IMPETUS MARKETING GROUP PTE. LTD.,220745.0,1,1,96.66,3.86,85.44,128916674771.21642,99.81751760139272,C
FILLIPACE ENGINEERING,220625.0,3,2,82.43,3.67,90.29,128916895396.21642,99.81768842677168,C
KEMET FAR EAST PTE LTD,220540.0,1,1,85.56,4.62,76.91,128917115936.21642,99.81785918633689,C
LIGHTSPEED GMI SINGAPORE PTE. LTD.,220423.6,2,1,92.43,3.74,66.81,128917336359.81642,99.81802985577598,C
BIO.ETC PTE. LTD.,220331.01,5,3,100.0,3.47,89.07,128917556690.82642,99.81820045352454,C
HELIX MEDIA PTE. LTD.,220200.0,1,1,74.65,3.89,90.57,128917776890.82642,99.81837094983477,C
MONEYOWL PRIVATE LIMITED,220000.0,1,1,87.01,4.12,81.6,128917996890.82642,99.81854129128914,C
TEMPCOOL ENGINEERING (S) PTE. LTD.,220000.0,1,1,100.0,3.75,79.86,128918216890.82642,99.8187116327435,C
SAGE HEALTHCARE PTE. LTD.,220000.0,1,1,89.08,4.5,77.15,128918436890.82642,99.81888197419786,C
ATHENA CONCEPTS PTE. LTD.,219849.0,2,2,90.05,4.69,81.22,128918656739.82642,99.81905219873605,C
SURBANA TECHNOLOGIES PTE. LTD.,219790.0,1,1,100.0,3.7,64.27,128918876529.82642,99.81922237759176,C
ZMC TECHNOLOGIES (SINGAPORE) PTE. LTD.,219600.0,1,1,84.51,4.0,92.47,128919096129.82642,99.81939240933438,C
DRAMA ARTS LTD.,219400.0,1,1,86.13,3.76,87.5,128919315529.82642,99.81956228622114,C
SMRT TAXIS PTE. LTD.,219300.0,1,1,78.69,4.07,63.07,128919534829.82642,99.81973208567997,C
STARTUPX PTE. LTD.,219220.0,1,1,85.62,5.0,84.07,128919754049.82642,99.81990182319646,C
SOLENTIM LTD,219200.0,1,1,84.56,2.72,64.74,128919973249.82642,99.82007154522735,C
INTERVISTAS CONSULTING INC.,219157.0,2,1,81.37,3.8,73.59,128920192406.82642,99.82024123396423,C
LOGICOM INSTRUMENTS PTE LTD,218950.0,1,1,89.75,3.21,68.66,128920411356.82642,99.82041076242528,C
CONTRAC-IMAGE TRADING PTE LTD,218153.7,2,2,92.01,4.01,75.38,128920629510.52641,99.8205796743277,C
"IMPERIAL HOTEL, LTD",217880.07,3,1,81.67,3.64,75.38,128920847390.59642,99.82074837436407,C
NEWTECH ENGRG CONSTRUCTION PTE LTD,217450.0,1,1,100.0,3.59,41.45,128921064840.59642,99.82091674140612,C
MARINA MANDARIN,217261.0,6,3,88.89,4.38,90.51,128921282101.59642,99.82108496210938,C
BRILLIANT CORP (S) PTE. LTD.,217047.4,1,1,85.75,4.69,89.04,128921499148.99641,99.82125301742657,C
CBM SOLUTIONS PTE. LTD.,216862.0,2,2,93.75,3.8,84.94,128921716010.99641,99.82142092919237,C
GENISYS INTEGRATED ENGINEERS PTE LTD,216680.0,1,1,90.87,4.65,75.62,128921932690.99641,99.82158870003934,C
MEDIASHOCK PRODUCTIONS PTE. LTD.,216660.0,1,1,91.89,3.85,71.95,128922149350.99641,99.82175645540072,C
MOO CHOO ENTERPRISES PTE. LTD.,216180.43,2,1,100.0,5.0,78.14,128922365531.4264,99.82192383944094,C
TIONG HENG TRANSPORT PTE. LTD.,216000.0,1,1,79.09,4.31,74.31,128922581531.4264,99.82209108377795,C
HAMILTON & SHERWIND PTE. LTD.,215863.5,2,2,98.64,4.35,81.21,128922797394.9264,99.82225822242583,C
"CITRA JIMBARAN INDAH HOTEL, PT",215649.52,1,1,85.67,3.81,86.23,128923013044.44641,99.82242519539342,C
DIGIMIND PTE. LTD.,215598.0,2,2,94.54,4.3,67.94,128923228642.44641,99.82259212847015,C
Lee Hung Scientific Pte Ltd,215598.0,7,4,91.4,4.05,71.33,128923444240.44641,99.82275906154686,C
SPD,215251.0,2,2,77.97,3.87,92.51,128923659491.44641,99.82292572594865,C
BEYONDEDGE PTE. LTD.,215000.0,1,1,86.62,3.48,88.53,128923874491.44641,99.82309219600633,C
WAYGOOD INDUSTRIES PTE LTD,214676.0,2,2,79.97,3.78,71.2,128924089167.44641,99.82325841519749,C
KOHLER SINGAPORE PTE. LTD.,214620.0,2,1,75.47,3.44,71.18,128924303787.44641,99.82342459102902,C
HONG SENG SPORTS INDUSTRIES PTE LTD,214471.0,4,3,82.17,4.57,90.43,128924518258.44641,99.82359065149292,C
Royal Selangor (S) Pte Ltd,214310.0,1,1,81.49,5.0,62.27,128924732568.44641,99.82375658729785,C
NDS LINGSOFT SOLUTIONS PRIVATE LIMITED,214180.0,1,1,86.8,2.54,88.22,128924946748.44641,99.82392242244647,C
"PHOENIX SECURITY SYSTEM CO., LTD",213901.0,2,1,78.14,4.42,64.03,128925160649.44641,99.82408804157116,C
NEASPEC GMBH,213889.41,1,1,78.98,3.06,62.54,128925374538.85641,99.82425365172193,C
OUTSYSTEMS SINGAPORE PTE. LTD.,213851.0,2,2,85.08,5.0,74.04,128925588389.85641,99.82441923213266,C
COSELEC PTE LTD,213088.0,2,2,88.35,4.82,83.95,128925801477.85641,99.82458422176823,C
TRAJAN SCIENTIFIC AMERICAS INC.,212990.28,1,1,85.44,3.32,75.17,128926014468.13641,99.82474913574123,C
FORMEL ENGINEERING SDN. BHD.,212759.74,4,1,85.63,4.69,99.67,128926227227.87642,99.82491387121189,C
EAST ELEVATORS PRIVATE LIMITED,212750.0,1,1,97.89,3.9,90.69,128926439977.87642,99.82507859914105,C
RS COMPONENTS PTE LTD,212500.0,1,1,100.0,4.61,73.22,128926652477.87642,99.82524313350038,C
ATLAS COPCO (MALAYSIA) SDN. BHD.,212432.1,3,1,88.21,3.48,68.18,128926864909.97643,99.82540761528614,C
NewsWhip Media LTD,212263.26,1,1,79.0,4.59,85.8,128927077173.23642,99.82557196634258,C
EMS WIRING SYSTEMS PTE. LTD.,211643.5,1,1,76.03,4.17,71.65,128927288816.73642,99.82573583753165,C
MANDARIN OPTO-MEDIC CO PTE LTD,211639.0,4,2,76.44,5.0,86.34,128927500455.73642,99.82589970523648,C
SEVEN HILLS ENTERTAINMENTS,211572.0,1,1,100.0,4.65,77.71,128927712027.73642,99.82606352106458,C
GRAPHENE INDUSTRIES LIMITED,211317.2,1,1,83.77,3.49,89.18,128927923344.93642,99.8262271396063,C
ELIPHANT PTE. LTD.,210690.0,1,1,85.05,4.47,94.97,128928134034.93642,99.82639027252003,C
LYSTECH PTE. LTD.,210500.0,1,1,87.15,4.16,80.04,128928344534.93642,99.82655325832069,C
D-CATALYST PTE. LTD.,210001.0,2,2,82.77,3.34,55.11,128928554535.93642,99.82671585775594,C
B BARCELONA CONSULTING PTE. LTD.,210000.0,1,1,100.0,4.93,74.37,128928764535.93642,99.82687845641692,C
SEMCO DESIGN COMMUNICATIONS PTE LTD,210000.0,1,1,90.15,4.87,85.8,128928974535.93642,99.82704105507791,C
DATASPARK PTE. LTD.,210000.0,1,1,82.87,3.85,72.86,128929184535.93642,99.82720365373889,C
AUDIT ALLIANCE LLP,209785.8,9,7,82.98,4.53,87.71,128929394321.73642,99.82736608654925,C
Harvest Link International Pte Ltd,209411.9,2,2,85.38,4.27,52.68,128929603733.63641,99.82752822985654,C
CISCREA,209342.83,1,1,82.83,3.21,87.58,128929813076.46642,99.82769031968438,C
CYCLE & CARRIAGE.FULCO MOTOR DEALER PTE LTD,209280.64,1,1,99.17,2.97,100.0,128930022357.10641,99.82785236135979,C
KC SECURITY & INVESTIGATION SERVICES PTE. LTD.,209000.0,1,1,80.07,4.95,54.49,128930231357.10641,99.82801418574142,C
HOMEWOOD DESIGN & MANAGEMENT,208895.0,3,2,86.67,4.63,84.53,128930440252.10641,99.82817592882374,C
RYNAMO BUILDING SERVICES PTE LTD,208800.0,2,2,88.52,3.81,89.89,128930649052.10641,99.82833759834952,C
ZION ENGINEERING PTE. LTD.,208747.0,2,2,86.42,4.25,67.9,128930857799.10641,99.8284992268385,C
BM BUILDING PTE LTD,208746.0,1,1,97.5,4.3,66.01,128931066545.10641,99.82866085455319,C
FORTUNA SCIENTIFIC PRIVATE LTD.,208560.0,2,1,84.27,3.98,64.61,128931275105.10641,99.82882233825192,C
WELLSPRING WORLDWIDE INC.,208400.0,1,1,94.91,3.43,83.06,128931483505.10641,99.82898369806597,C
PASSION COVE,208350.0,2,1,93.55,5.0,73.47,128931691855.10641,99.82914501916605,C
CROSSROAD CONSULTING PTE. LTD.,208095.56,2,1,86.95,4.65,70.47,128931899950.66641,99.82930614325848,C
Cushman & Wakefield (S) Pte Ltd,207929.72,3,3,75.98,4.49,85.24,128932107880.38641,99.82946713894444,C
HDA Architects,207900.0,1,1,81.23,3.86,86.06,128932315780.38641,99.82962811161882,C
UNITED SECURITY SERVICES SDN. BHD.,207629.83,1,1,79.36,3.48,91.24,128932523410.21642,99.82978887510615,C
INDOGUNA (SINGAPORE) PTE LTD,207535.32,8,4,92.77,4.77,78.67,128932730945.53642,99.82994956541633,C
BISCUIT BOX,207500.0,2,1,85.93,3.91,83.25,128932938445.53642,99.83011022837897,C
AGORIZE ASIA LIMITED,207500.0,1,1,98.44,3.98,67.36,128933145945.53642,99.83027089134161,C
YU LI GLOBAL PTE. LTD.,207000.0,1,1,85.43,3.39,71.82,128933352945.53642,99.83043116716458,C
TOSHNIWAL GLOBAL SERVICES PTE. LTD.,207000.0,1,1,100.0,4.65,62.25,128933559945.53642,99.83059144298755,C
Maxima Engineering Services,206930.0,2,1,88.25,3.52,69.26,128933766875.53642,99.83075166461096,C
CASY ENGINEERING CONSULTANCY PTE. LTD.,206500.0,2,2,88.26,5.0,71.24,128933973375.53642,99.83091155329427,C
VHF TECHNOLOGIES PTE LTD,206280.0,2,1,75.84,3.8,77.29,128934179655.53642,99.8310712716361,C
VMSD PTE. LTD.,206261.5,7,3,79.38,2.81,92.79,128934385917.03642,99.8312309756538,C
"PROTOCHIPS,INC.",205822.0,1,1,100.0,4.14,81.17,128934591739.03642,99.8313903393757,C
"DDI-ASIA/PACIFIC INTERNATIONAL, LTD.",205714.0,2,2,86.45,4.3,79.56,128934797453.03642,99.83154961947545,C
TRIKA (S) PTE. LTD.,205379.0,2,2,88.56,4.68,77.19,128935002832.03642,99.83170864019161,C
CBM QATAR LLC,205056.0,1,1,92.29,3.78,60.51,128935207888.03642,99.83186741081555,C
INVENGO TECHNOLOGY PTE. LTD.,205034.0,2,1,90.57,3.59,87.51,128935412922.03642,99.83202616440533,C
PRECIOUS TREASURE PTE LTD,204393.22,11,3,90.88,4.42,83.58,128935617315.25642,99.8321844218524,C
MM2 ENTERTAINMENT PTE. LTD.,204390.0,1,1,84.32,4.46,68.32,128935821705.25642,99.8323426768063,C
LN MARKETING (S) PTE LTD,204020.0,2,1,83.7,3.58,73.22,128936025725.25642,99.83250064527684,C
Life Skills Centre,203829.0,1,1,78.24,4.12,80.73,128936229554.25642,99.83265846586004,C
NANYANG ACADEMY OF FINE ARTS,203600.0,2,2,75.34,3.64,73.55,128936433154.25642,99.83281610913326,C
E-Gage Pte Ltd,203560.0,1,1,100.0,4.95,87.6,128936636714.25642,99.83297372143531,C
ASCENTIA CONSULTING PTE. LTD.,203432.74,1,1,100.0,4.36,78.84,128936840146.99643,99.83313123520257,C
AIK MOH PAINTS & CHEMICALS PTE. LTD.,202971.56,1,1,82.58,3.17,72.38,128937043118.55643,99.83328839188768,C
CAA INTERNATIONAL LIMITED,202919.0,3,1,81.95,4.17,66.3,128937246037.55643,99.83344550787668,C
ESPORE CORP PTE LTD,202742.37,1,1,94.51,3.45,64.04,128937448779.92642,99.8336024871047,C
KAIROS STRATEGIC PTE. LTD.,202700.0,1,1,92.14,4.4,76.16,128937651479.92642,99.83375943352651,C
Bureau van Dijk Electronic Publishing Pte. Ltd.,202685.0,1,1,100.0,4.74,77.62,128937854164.92642,99.83391636833414,C
JAMES ALUMINIUM DESIGN & CONTRACT PTE LTD,202641.0,1,1,84.38,3.45,87.85,128938056805.92642,99.83407326907347,C
SECUREDGE PTE. LTD.,202605.0,2,2,87.13,4.26,83.67,128938259410.92642,99.83423014193876,C
INVESTEC ASSET MANAGEMENT SINGAPORE PTE. LIMITED,202500.0,1,1,86.55,3.0,98.31,128938461910.92642,99.8343869335047,C
LOUD TECHNOLOGIES ASIA PTE. LTD.,202314.79,2,1,78.58,4.19,83.24,128938664225.71642,99.83454358166637,C
KEPPEL LOGISTICS PTE. LTD.,202209.0,2,2,87.09,4.51,81.97,128938866434.71642,99.83470014791703,C
AIK MOH PAINTS & CHEMICALS PTE LTD,202207.5,5,3,88.61,4.5,71.95,128939068642.21642,99.83485671300627,C
HPC HAMBURG PORT CONSULTING GMBH,202000.0,1,1,91.41,4.0,75.86,128939270642.21642,99.83501311743255,C
YEO JIE YUAN,201900.0,3,2,87.09,2.79,59.99,128939472542.21642,99.8351694444309,C
REACHFIELD IT SOLUTIONS PTE. LTD.,201775.24,1,1,95.71,3.66,99.27,128939674317.45642,99.83532567483017,C
"RIPPLE, LLC",201772.09,1,1,91.49,3.93,77.93,128939876089.54642,99.83548190279043,C
Wei Yanming,201600.0,2,2,93.93,4.69,72.75,128940077689.54642,99.83563799750497,C
AVAILABLE. PTE. LTD.,201300.0,1,1,90.17,4.62,74.11,128940278989.54642,99.83579385993572,C
BORWOOD TECHNOLOGIES (PTE.) LTD.,201111.0,3,2,70.77,4.29,68.75,128940480100.54642,99.83594957602767,C
"AXION BIOSYSTEMS, INC.",200732.63,1,1,90.31,4.17,79.21,128940680833.17642,99.83610499915555,C
HOOK PLUMBING WORKS,200103.76,5,1,81.47,4.48,92.43,128940880936.93642,99.83625993536236,C
TEMPLETON ASSET MANAGEMENT LTD,200002.28,3,3,86.02,3.43,77.61,128941080939.21642,99.83641479299533,C
GTS TRAVEL PTE. LTD.,200000.0,1,1,96.39,4.49,54.72,128941280939.21642,99.83656964886293,C
Michael Page International,200000.0,1,1,92.04,3.18,79.58,128941480939.21642,99.83672450473054,C
CAD-IT Consultants (Asia) Pte Ltd,200000.0,1,1,96.69,3.76,69.63,128941680939.21642,99.83687936059815,C
HORIBA INSTRUMENTS (SINGAPORE) PTE LTD,200000.0,1,1,89.11,4.42,80.38,128941880939.21642,99.83703421646575,C
GRACE MANAGEMENT & CONSULTANCY SERVICES PTE. LTD.,199800.0,1,1,85.31,3.53,66.23,128942080739.21642,99.83718891747748,C
Integrative Learning Corporation Pte Ltd,199494.75,6,5,96.29,4.25,71.62,128942280233.96642,99.83734338214046,C
SCIENCESCOPE LIMITED,199400.0,1,1,66.37,4.45,77.93,128942479633.96642,99.83749777344045,C
RESOLVE SALVAGE & FIRE (ASIA) PTE. LTD.,199342.0,1,1,83.16,4.64,75.31,128942678975.96642,99.83765211983226,C
Limelite Productions Pte Ltd,199320.0,1,1,99.11,3.23,91.44,128942878295.96642,99.8378064491899,C
LYV CONNECTIONS PTE. LTD.,199203.0,1,1,84.37,3.56,87.24,128943077498.96642,99.83796068795687,C
BESLEY & PIKE (SINGAPORE) PTE. LTD.,199099.75,4,3,93.18,4.86,84.23,128943276598.71642,99.8381148467795,C
FLEISCHHACKER LLP,199077.66,6,3,96.36,3.67,74.71,128943475676.37642,99.83826898849831,C
BEACH HOUSE PICTURES PTE. LTD.,199056.0,1,1,94.29,3.8,70.99,128943674732.37642,99.83842311344621,C
PricewaterhouseCoopers Management Services Pte Ltd,199000.0,1,1,84.6,3.57,63.37,128943873732.37642,99.83857719503449,C
THE COMPLEAT STORE PTE. LTD.,198940.0,2,2,94.98,3.59,75.02,128944072672.37642,99.83873123016599,C
COMPOSITE CLUSTER SINGAPORE PTE. LTD.,198900.0,1,1,87.04,3.52,71.05,128944271572.37642,99.83888523432633,C
PA Consulting Group Inc.,198837.52,1,1,100.0,4.65,80.46,128944470409.89642,99.83903919010967,C
REVERSE LOGISTICS GMBH,198680.0,1,1,85.14,4.31,79.97,128944669089.89642,99.83919302392856,C
SWIFT INTEGRATOR PTE. LTD.,198492.0,1,1,87.9,3.76,83.72,128944867581.89642,99.83934671218292,C
LABOTECH PTE LTD,198404.07,2,1,79.39,3.5,77.0,128945065985.96643,99.8395003323549,C
WORLD SCIENTIFIC PUBLISHING CO PTE LTD,198394.5,2,2,87.67,4.2,83.92,128945264380.46643,99.83965394511704,C
TERRA SOL PRIVATE LIMITED,198068.13,1,1,71.6,4.06,76.33,128945462448.59644,99.83980730517762,C
KATONG FLOWERSHOP (PTE.) LTD.,198000.0,1,1,79.84,2.62,76.99,128945660448.59644,99.83996061248655,C
INNOVA MARKET INSIGHTS B.V.,198000.0,1,1,90.71,4.05,91.28,128945858448.59644,99.84011391979547,C
THE FOOD EXPLORER PTE. LTD.,198000.0,2,1,76.57,4.22,91.14,128946056448.59644,99.84026722710439,C
HSAUTO FURNISHING PTE. LTD.,197900.0,1,1,96.81,3.3,80.09,128946254348.59644,99.84042045698538,C
KHIM SEAH ENTERPRISE PTE. LTD.,197682.0,3,3,86.4,3.17,81.37,128946452030.59644,99.8405735180735,C
HOYA MASK SINGAPORE,197409.58,2,1,94.73,4.71,72.92,128946649440.17644,99.84072636823241,C
DETECTION & POLLUTION CONTROL PTE LTD,197380.23,1,1,97.63,3.77,64.87,128946846820.40643,99.84087919566623,C
VIDEOTEL CONSULTANTS AND RENTALS LIMITED,197267.0,1,1,87.82,4.12,72.06,128947044087.40643,99.8410319354284,C
POKKA INTERNATIONAL PTE. LTD.,197200.73,2,2,87.13,4.37,71.67,128947241288.13643,99.84118462387909,C
SAMCO INC. SINGAPORE BRANCH,197157.13,1,1,81.87,3.02,78.78,128947438445.26643,99.84133727857119,C
FUELFOR PTE. LTD.,197000.0,1,1,73.71,4.44,72.7,128947635445.26643,99.84148981160078,C
KBS INTERNATIONAL PTE LTD,196950.0,1,1,90.23,4.12,76.29,128947832395.26643,99.8416423059164,C
CEMECON AG.,196860.0,1,1,85.08,3.44,76.11,128948029255.26643,99.84179473054688,C
AIRCON SERVICE CO LTD,196125.0,1,1,86.29,4.92,98.14,128948225380.26643,99.84194658608206,C
ANTZWORKZ CONSULTANTS PTE. LTD.,196052.0,5,3,74.98,4.94,72.11,128948421432.26643,99.84209838509483,C
JINSON ENGINEERING & TRADING PTE LTD,196000.0,1,1,87.3,3.91,90.09,128948617432.26643,99.84225014384508,C
TIL CONCEPTS (PTE.) LTD.,195900.0,1,1,86.43,3.35,70.64,128948813332.26643,99.8424018251674,C
OH'S FARM CATERING (F&B) PTE. LTD.,195847.0,4,1,93.25,3.66,83.63,128949009179.26643,99.84255346545291,C
IDEASSCOUT PROJECTS PTE. LTD.,195800.0,1,1,95.67,3.7,68.68,128949204979.26643,99.84270506934729,C
EXERCISE & SPORTS PROGRAMMING NETWORK,195800.0,3,1,72.96,3.87,87.05,128949400779.26643,99.84285667324167,C
EA TECHNOLOGY ASSET MANAGEMENT PTE. LTD.,195770.0,2,2,77.98,3.6,66.05,128949596549.26643,99.84300825390768,C
UMBRELLIUM LIMITED,195750.0,1,1,87.74,4.77,82.79,128949792299.26643,99.8431598190881,C
ULTIMATE ALLIANCE CONSULTANCY PTE. LTD.,195410.0,2,2,100.0,3.81,95.0,128949987709.26643,99.84331112101354,C
DSL METAL AND ELECTRICAL ENGINEERING PTE. LTD.,195400.0,2,2,85.14,4.23,84.72,128950183109.26643,99.8434624151962,C
KING'S BUILD INDUSTRIAL PTE LTD,195000.0,1,1,90.49,4.29,67.53,128950378109.26643,99.8436133996671,C
PIRTEK ASIA PTE LTD,195000.0,1,1,87.14,4.68,88.24,128950573109.26643,99.84376438413803,C
DISTRICON ASIA PTE. LTD.,195000.0,1,1,87.85,3.75,84.43,128950768109.26643,99.84391536860893,C
BEAMER WORKS PTE. LTD.,194999.42,1,1,95.02,3.71,69.54,128950963108.68643,99.84406635263076,C
SMS-SECURITY MONITORING SERVICES CO.,194516.0,1,1,81.12,3.64,66.8,128951157624.68643,99.84421696235047,C
SINGAPORE ENVIRONMENT COUNCIL,194500.0,1,1,80.74,4.17,71.5,128951352124.68643,99.84436755968173,C
BUILDING SYSTEM AND DIAGNOSTICS PTE. LTD.,194300.0,2,2,97.98,4.25,85.75,128951546424.68643,99.8445180021571,C
SWIFTHAC ENGINEERING PTE. LTD.,193940.0,1,1,79.03,5.0,75.38,128951740364.68643,99.84466816589192,C
"UNITECH CO., LTD.",193905.0,1,1,84.68,4.25,76.0,128951934269.68643,99.84481830252695,C
S-ENTERPRISE PTE. LTD.,193782.0,1,1,73.57,4.22,70.54,128952128051.68643,99.84496834392563,C
TPS (WELLINGTON) LIMITED,193710.24,1,1,88.85,3.23,81.04,128952321761.92644,99.84511832976203,C
GULSHAN ARA AKHTER,193599.9,1,1,72.73,4.35,77.16,128952515361.82643,99.84526823016444,C
ART GLASS SOLUTIONS PTE. LTD.,193380.0,1,1,91.85,3.62,81.78,128952708741.82643,99.84541796030283,C
STYLUS TECHNOLOGY,193300.0,2,1,71.43,4.43,86.2,128952902041.82643,99.84556762849887,C
KRAM ELECTRICAL INDUSTRIES LTD,193037.64,1,1,75.5,4.3,87.62,128953095079.46643,99.84571709355498,C
SODICK SINGAPORE PTE LTD,193000.0,1,1,82.95,3.93,69.1,128953288079.46643,99.8458665294672,C
D.SOUL,192950.0,1,1,100.0,3.88,79.76,128953481029.46643,99.84601592666549,C
Hill+Knowlton Strategies,192703.0,1,1,94.52,4.8,73.69,128953673732.46643,99.84616513261676,C
ADL CONTROL (S) PTE. LTD.,192500.0,1,1,75.1,3.7,87.46,128953866232.46643,99.84631418138933,C
ANN CONSULTING PTE. LTD.,192001.04,2,2,81.35,3.99,78.3,128954058233.50642,99.84646284382747,C
MORNINGSTAR RESEARCH PTE. LIMITED,192000.0,2,2,70.24,3.61,69.78,128954250233.50642,99.84661150546037,C
DREAMUS EDUTAINMENT PTE. LTD.,192000.0,1,1,81.32,3.75,72.65,128954442233.50642,99.84676016709328,C
CARNIVAL WIZ PTE. LTD.,192000.0,1,1,100.0,4.17,72.89,128954634233.50642,99.84690882872617,C
Cake Theatrical Productions Ltd,192000.0,2,1,83.26,4.68,80.74,128954826233.50642,99.84705749035908,C
FPIX MEDIA PTE. LTD.,191830.0,2,1,91.64,3.97,89.86,128955018063.50642,99.84720602036448,C
STABILIS PTE. LTD.,191759.86,2,2,97.44,4.93,81.15,128955209823.36642,99.84735449606194,C
CHENG MOH HUAT TRADING SUPPLIER CO,191742.46,3,2,79.81,4.12,88.09,128955401565.82643,99.84750295828695,C
N.K. LUCK (S) PTE LTD,191665.0,4,2,92.15,4.52,84.74,128955593230.82643,99.84765136053628,C
GOLD LITE PTE LTD,191557.0,2,2,77.7,4.41,88.24,128955784787.82643,99.84779967916342,C
REVO PTE. LTD.,191100.0,1,1,90.41,4.86,86.46,128955975887.82643,99.8479476439449,C
MBW CALIBRATION AG,191000.0,1,1,78.54,3.75,60.73,128956166887.82643,99.84809553129847,C
SOLARZENTRUM STUTTGART GMBH,190839.67,1,1,95.03,3.59,62.22,128956357727.49643,99.84824329451183,C
HOLOGRIX PTE. LTD.,190500.0,1,1,85.27,3.92,73.21,128956548227.49643,99.84839079472573,C
NOSE WHO KNOWS PTE. LTD.,190500.0,1,1,86.33,3.65,91.4,128956738727.49643,99.84853829493962,C
Action Global Communications Ltd.,190332.98,1,1,87.73,4.03,67.99,128956929060.47643,99.84868566583337,C
YAK SOON TRADING CO,190200.0,2,2,100.0,5.0,89.18,128957119260.47643,99.84883293376346,C
SKYY (SINGAPORE) DESIGN WORKSHOP,190090.0,2,2,87.65,3.28,83.97,128957309350.47643,99.84898011652282,C
THE EVENTS STATION PTE. LTD.,190001.0,3,3,76.81,3.82,93.53,128957499351.47643,99.84912723037132,C
BRAITHWAITE STEINER & PRETTY PTE. LTD.,190000.0,2,1,76.88,3.75,78.39,128957689351.47643,99.84927434344554,C
GENEWIZ SUZHOU,189959.08,1,1,84.4,3.72,76.68,128957879310.55643,99.84942142483627,C
JIMLI FROZEN FOODS,189715.65,6,3,82.11,3.67,82.78,128958069026.20642,99.84956831774416,C
ZYCC SINGAPORE PTE. LTD.,189714.0,1,1,81.85,4.2,72.36,128958258740.20642,99.8497152093745,C
Kanoe Sports,189547.2,1,1,81.77,4.16,84.59,128958448287.40642,99.84986197185502,C
NICE THOT PTE. LTD.,189518.4,1,1,84.7,3.75,68.96,128958637805.80641,99.85000871203631,C
DYNAMIC C4 PTE. LTD.,189497.72,1,1,80.35,3.69,90.03,128958827303.52641,99.85015543620551,C
K L INDUSTRIES PTE LTD,189475.2,1,1,76.76,4.73,78.68,128959016778.72641,99.85030214293793,C
SIERRA SOLUTIONS PTE. LTD.,189400.0,2,2,100.0,3.76,81.11,128959206178.72641,99.85044879144456,C
MEDLINK SERVICES PTE. LTD.,189400.0,1,1,85.9,2.41,83.82,128959395578.72641,99.85059543995118,C
"SHANGHAI SHIMAO INTERNATIONAL PLAZA CO., LTD. LE ROYAL MERIDIEN HOTEL SHANGHAI",189332.81,2,1,80.61,4.16,77.4,128959584911.5364,99.85074203643397,C
AV8 MEDIA PTE LTD,189312.0,3,3,91.44,4.28,82.58,128959774223.5364,99.85088861680401,C
LUTHERAN COMMUNITY CARE SERVICES LIMITED,189000.0,1,1,88.54,3.4,68.58,128959963223.5364,99.85103495559889,C
CUTECH SOLUTIONS & SERVICES PTE. LTD.,189000.0,2,2,98.43,3.21,71.75,128960152223.5364,99.85118129439378,C
HORIZON CONTRACTS PTE. LTD.,189000.0,1,1,75.38,4.43,78.82,128960341223.5364,99.85132763318866,C
SCUD INDUSTRIES PTE LTD,188950.2,1,1,82.51,3.43,62.12,128960530173.7364,99.85147393342444,C
DIONEX SINGAPORE PTE. LTD.,188830.77,2,2,88.33,5.0,67.13,128960719004.50641,99.85162014118804,C
JACKIE'S ENTERPRISES (S) PTE LTD,188760.0,1,1,98.37,3.46,84.07,128960907764.50641,99.85176629415588,C
TRUMPF PTE LIMITED,188523.87,1,1,93.8,4.66,70.27,128961096288.3764,99.85191226429315,C
SOMA ENRICHMENT PTE. LTD.,188400.0,1,1,73.65,4.15,75.65,128961284688.3764,99.85205813852042,C
"MICROXACT, INC.",188193.25,1,1,95.74,3.82,89.27,128961472881.6264,99.85220385266544,C
JD UNION PTE. LTD.,188046.0,1,1,87.49,4.39,93.33,128961660927.6264,99.85234945279785,C
SGS INTERNATIONAL CERTIFICATION SERVICES SINGAPORE PTE LTD,188040.0,1,1,89.61,3.52,82.05,128961848967.6264,99.85249504828457,C
600 MEDIA PRODUCTIONS,188000.0,1,1,82.24,4.37,76.87,128962036967.6264,99.85264061280012,C
SPARK PLANNERS PTE LTD,187975.0,1,1,96.02,3.49,83.28,128962224942.6264,99.85278615795868,C
SIMTRUM PTE. LTD.,187800.0,1,1,86.44,3.89,94.98,128962412742.6264,99.85293156761836,C
FELLOW,187755.0,2,2,96.24,3.66,70.08,128962600497.6264,99.85307694243546,C
OCULUS DESIGN PTE. LTD.,187750.0,1,1,83.81,3.63,84.44,128962788247.6264,99.85322231338118,C
LOVE ME KNOT,187605.0,1,1,100.0,4.85,58.46,128962975852.6264,99.8533675720564,C
TABULA RASA,187550.0,1,1,77.71,4.63,89.62,128963163402.6264,99.85351278814623,C
SAFE2TRAVEL PTE LTD,187526.29,1,1,98.82,5.0,87.28,128963350928.9164,99.8536579858779,C
SQUARE2 SPRL,187490.03,1,1,78.74,4.62,83.55,128963538418.9464,99.85380315553422,C
ULRICH STEIN EINRICHTUNGEN GMBH,187371.93,1,1,82.34,3.23,86.42,128963725790.87639,99.85394823374814,C
NMC MANAGEMENT CENTRE PTE. LTD.,187200.0,1,1,88.63,4.95,77.49,128963912990.87639,99.85409317884022,C
ROKSHANA EASMIN,187200.0,1,1,85.69,3.98,76.23,128964100190.87639,99.85423812393229,C
GRAIL RESEARCH LLC,187040.0,1,1,77.03,5.0,83.94,128964287230.87639,99.85438294513968,C
ENVIRO PRO GREEN INNOVATIONS (S) PTE. LTD.,187025.0,1,1,84.51,3.68,73.02,128964474255.87639,99.85452775473287,C
PUBLIC AIR TECHNOLOGY PTE LTD,186840.0,1,1,81.62,4.88,69.16,128964661095.87639,99.85467242108439,C
D3 PRIVATE LIMITED,186817.4,1,1,87.56,4.05,70.74,128964847913.27638,99.85481706993718,C
ENGINEERING COMPUTER SERVICES (S) PTE LTD,186742.66,1,1,77.39,3.1,93.03,128965034655.93639,99.85496166092035,C
BYNDER B.V.,186148.46,1,1,82.81,5.0,75.26,128965220804.3964,99.85510579182673,C
DONG CONSTRUCTION & ENGINEERING PTE. LTD.,186000.0,1,1,99.92,3.92,62.39,128965406804.3964,99.85524980778361,C
ABINGDON CONSTRUCTION PTE. LTD.,186000.0,1,1,100.0,4.99,73.67,128965592804.3964,99.85539382374049,C
"CATHY CALLEGARI PUBLIC RELATIONS, INC.",185705.91,1,1,100.0,4.56,67.14,128965778510.3064,99.85553761198955,C
Jensen Asia Pte Ltd,185690.0,1,1,71.38,4.23,67.05,128965964200.3064,99.85568138791983,C
METRO PARKING (S) PTE LTD,185040.0,1,1,92.25,3.7,62.86,128966149240.3064,99.85582466056853,C
NETABILITY (SINGAPORE) PTE. LTD.,185000.0,1,1,89.71,4.2,92.32,128966334240.3064,99.85596790224606,C
KUNDA CONSULTING ENGINEERS,185000.0,1,1,87.52,4.07,92.69,128966519240.3064,99.8561111439236,C
TRI-WINS TRANSPORT,185000.0,1,1,81.4,3.18,72.44,128966704240.3064,99.85625438560113,C
LEK HUNG MOULDING PTE LTD,185000.0,1,1,89.6,4.82,95.34,128966889240.3064,99.85639762727865,C
SOLARIS STRATEGIES SINGAPORE PTE. LTD.,184888.0,1,1,87.92,4.27,69.67,128967074128.3064,99.85654078223692,C
THEMOZHI PTE. LTD.,184616.0,2,1,95.56,4.0,86.07,128967258744.3064,99.85668372659117,C
"Institution of Engineers Singapore, The",184400.0,2,1,97.46,3.18,67.22,128967443144.3064,99.85682650370111,C
Petal Productions Pte Ltd,184390.0,2,1,91.83,4.72,94.76,128967627534.3064,99.85696927306826,C
COSEINC SOLUTIONS PTE. LTD.,184067.6,1,1,92.41,4.05,54.82,128967811601.9064,99.85711179280773,C
DSI ACADEMY PTE. LTD.,184000.0,2,2,88.05,4.24,86.56,128967995601.9064,99.85725426020593,C
BEACON,183884.75,3,3,80.26,3.83,68.98,128968179486.6564,99.85739663836843,C
SPEED IMAGING PTE. LTD.,183700.0,1,1,85.62,4.45,88.93,128968363186.6564,99.85753887348282,C
HIDEN ANALYTICAL LIMITED,182692.0,1,1,97.36,3.69,82.41,128968545878.6564,99.85768032812365,C
Dolworth Marketing Pte Ltd,182635.0,2,1,99.36,4.7,100.0,128968728513.6564,99.85782173863053,C
RIGHTMEN SECURITY SERVICES PTE. LTD.,182454.0,1,1,86.07,4.08,75.81,128968910967.6564,99.85796300899288,C
LIM TRADERS PTE. LTD.,182417.2,8,4,81.56,3.3,79.95,128969093384.8564,99.85810425086173,C
MASTER MARINE (PRIVATE) LIMITE D,182262.0,2,1,81.67,3.99,64.42,128969275646.8564,99.85824537256244,C
RYVERTON ENTERPRISE,182250.0,1,1,76.49,4.79,85.39,128969457896.8564,99.85838648497179,C
CANOSSAVILLE CHILDREN'S HOME,182000.0,1,1,91.5,5.0,100.0,128969639896.8564,99.85852740381131,C
SOLUIX PRIVATE LIMITED,181860.0,1,1,84.57,4.3,70.87,128969821756.8564,99.85866821425174,C
Oxford Graphic Printers Pte Ltd,181855.0,8,5,85.25,4.92,84.9,128970003611.8564,99.85880902082074,C
SINGAPORE INDIAN DEVELOPMENT ASSOCIATION (SINDA),181750.0,2,1,84.99,4.23,62.88,128970185361.8564,99.85894974609043,C
INFONET SYSTEMS AND SERVICES PTE LTD,181184.5,1,1,89.7,3.38,76.67,128970366546.3564,99.85909003350515,C
FD CHAPMAN PTE. LTD.,181000.0,2,2,82.78,4.57,80.52,128970547546.3564,99.85923017806533,C
INARTS COLLECTIVE,180900.0,1,1,85.73,3.94,83.1,128970728446.3564,99.85937024519758,C
SEIHO SIGN ENGINEERING PTE. LTD.,180875.0,1,1,84.24,4.46,82.28,128970909321.3564,99.85951029297284,C
HAWORTH SINGAPORE PTE LTD,180781.0,1,1,100.0,3.31,66.6,128971090102.3564,99.85965026796585,C
"Nylect Engineering (Shanghai) Co., Ltd",180578.4,1,1,88.19,4.37,91.76,128971270680.7564,99.85979008608984,C
DAN IMPACT PTE LTD,180542.0,1,1,93.25,4.21,71.33,128971451222.7564,99.8599298760301,C
THE THOUGHT COLLECTIVE PTE. LTD.,180508.5,2,2,85.11,3.5,57.31,128971631731.2564,99.860069640032,C
BEVITAL AS,180450.0,1,1,84.33,3.14,81.36,128971812181.2564,99.86020935873853,C
SOVERUS TECHNOLOGY PTE. LTD.,180408.59,2,1,79.47,5.0,71.02,128971992589.84639,99.86034904538216,C
ADSOLUTION,180400.0,1,1,82.79,4.86,86.23,128972172989.84639,99.86048872537474,C
FTD SOLUTIONS PTE LTD,180286.08,1,1,83.54,3.89,86.76,128972353275.92639,99.86062831716143,C
COVIDIEN PRIVATE LIMITED,180213.6,3,2,87.34,3.78,75.74,128972533489.5264,99.86076785282833,C
VOX GROUP PTE. LTD.,180000.0,1,1,74.78,4.14,81.84,128972713489.5264,99.86090722310918,C
MEDI - LIFE SAVING TRAINING CENTRE,180000.0,1,1,93.85,4.2,90.52,128972893489.5264,99.86104659339003,C
DB ACOUSTICS PTE LTD,180000.0,1,1,89.71,3.39,78.54,128973073489.5264,99.86118596367086,C
LIT STRATEGY PTE. LTD.,180000.0,1,1,80.97,3.61,74.16,128973253489.5264,99.86132533395171,C
FADEEV SECURITY PROFI LLC,179804.0,1,1,99.28,4.47,66.18,128973433293.5264,99.8614645524738,C
Kaiser Permanente Mid-Atlantic States,179712.28,1,1,97.28,3.93,92.51,128973613005.8064,99.861603699979,C
AFON PTE. LTD.,179700.0,1,1,84.06,4.03,83.87,128973792705.8064,99.86174283797604,C
NURULAIN BTE MUSTAFA,179600.0,2,1,88.27,3.76,78.19,128973972305.8064,99.86188189854515,C
GENESYSTEM PTE. LTD.,179600.0,1,1,94.0,4.21,78.85,128974151905.8064,99.86202095911425,C
WIRECARD SINGAPORE PTE. LTD.,179445.4,2,2,83.26,4.86,84.07,128974331351.20639,99.86215989997977,C
MK EVENTS AND PRINTS (PTE. LTD.),179328.0,1,1,92.7,3.2,73.15,128974510679.20639,99.8622987499449,C
AWESOMEDIA PTE. LTD.,179315.0,1,1,89.87,2.98,81.73,128974689994.20639,99.8624375898444,C
TANHAN TRADING,179306.0,2,2,73.65,4.11,48.09,128974869300.20639,99.86257642277538,C
GOOD PATHWAYS PTE. LTD.,179300.0,1,1,82.73,3.72,71.69,128975048600.20639,99.86271525106069,C
ALTUS STEEL TECH (S) PTE. LTD.,179250.0,1,1,93.36,3.41,83.97,128975227850.20639,99.86285404063202,C
CBM FACILITIES & SECURITY MANAGEMENT (THAILAND) CO. LTD,179144.19,1,1,97.6,4.59,70.93,128975406994.3964,99.86299274827687,C
RAYTEC MACHINERY PTE. LTD.,179000.0,2,2,80.93,2.86,73.12,128975585994.3964,99.86313134427837,C
CREATE AND CONCEPT HOLDINGS PTE. LTD.,178966.0,1,1,81.98,3.8,72.15,128975764960.3964,99.86326991395438,C
TANTRACO ENTERPRISE PTE LTD,178790.0,1,1,78.63,3.54,75.54,128975943750.3964,99.86340834735724,C
VERTEX EURO MOTORS PTE. LTD.,178780.0,1,1,87.8,4.42,68.32,128976122530.3964,99.86354677301728,C
Tiong Hin Engineering Pte Ltd,178769.0,2,2,76.68,3.82,92.03,128976301299.3964,99.86368519016025,C
SOCIETY OF SHENG HONG WELFARE SERVICES,178720.0,2,2,77.71,4.09,87.84,128976480019.3964,99.86382356936355,C
GENERIC PRINT PTE. LTD.,178689.0,2,1,83.44,4.68,76.15,128976658708.3964,99.86396192456418,C
ENVIRO VORTEX SYSTEMS PTE. LTD.,178555.0,2,2,75.15,3.13,79.97,128976837263.3964,99.86410017601138,C
TRIMANTIUM GROWTHOPS SINGAPORE PTE. LTD.,178500.0,1,1,100.0,4.19,88.38,128977015763.3964,99.86423838487322,C
Freeflow Productions Pte. Ltd.,178500.0,1,1,86.73,4.03,86.31,128977194263.3964,99.86437659373505,C
TOH FOOD PTE. LTD.,178497.0,4,2,100.0,3.66,83.26,128977372760.3964,99.86451480027405,C
ITLINK BUSINESS SOLUTIONS (S) PTE LTD,178072.74,2,1,89.28,3.95,74.01,128977550833.1364,99.8646526783173,C
Crosstek Pte. Ltd.,178000.0,1,1,87.15,3.24,100.0,128977728833.1364,99.86479050003948,C
The Engineers Collaborative LLP,178000.0,1,1,99.96,4.32,76.82,128977906833.1364,99.86492832176164,C
IQ DYNAMICS PTE LTD,177950.0,1,1,89.81,5.0,72.55,128978084783.1364,99.86506610476984,C
C&W SERVICES TOWNSHIP PTE. LTD.,177940.0,2,2,70.78,4.24,85.26,128978262723.1364,99.86520388003524,C
KIM TUCK HUAT BOATBUILDER,177840.0,2,2,88.02,4.15,79.5,128978440563.1364,99.86534157787271,C
Ban Choon Marketing Pte Ltd,177669.91,3,3,75.55,3.95,76.79,128978618233.0464,99.86547914401301,C
PROCOLOR SEPARATION & PRINT PTE. LTD.,176958.0,1,1,81.63,3.95,67.3,128978795191.0464,99.8656161589361,C
RADIANCE COMMUNICATIONS PTE LTD,176500.0,1,1,89.68,4.48,67.01,128978971691.0464,99.86575281923928,C
RIGHT IMPACT PTE. LTD.,176473.5,3,3,83.07,5.0,83.14,128979148164.5464,99.86588945902403,C
ARBORCULTURE PTE. LTD.,176400.0,1,1,73.03,5.0,77.02,128979324564.5464,99.86602604189926,C
CARE CORNER SINGAPORE LTD,176320.0,2,2,88.96,4.82,61.21,128979500884.5464,99.86616256283214,C
BE SHOE BE BAG COMPANY LIMITED,176315.0,1,1,75.33,4.18,77.28,128979677199.5464,99.86629907989362,C
CONNECT CONSULTANCY & TRAINING,176300.0,3,2,86.21,4.25,74.72,128979853499.5464,99.86643558534092,C
KLEENRITE (WELLINGTON) LTD,176124.2,1,1,82.3,3.49,62.64,128980029623.7464,99.8665719546699,C
ABSOLUTE INSTRUMENT SYSTEMS (PTE.) LTD.,175405.4,4,2,100.0,3.68,64.49,128980205029.1464,99.8667077674469,C
OUTSIDE IN (NZ) LTD T/A INSCAPE,175286.23,1,1,86.42,3.58,96.13,128980380315.37639,99.86684348795302,C
1 CELL BIO INC,175227.52,1,1,93.18,3.43,89.2,128980555542.8964,99.8669791630012,C
GEAR FITTERS PTE. LTD.,175195.0,2,1,70.96,3.55,89.14,128980730737.8964,99.86711481286983,C
ALLPETS & AQUALIFE VETS PTE. LTD.,175170.23,1,1,100.0,3.98,82.93,128980905908.12639,99.86725044355956,C
TRELLISWERKZ PTE. LTD.,175152.0,1,1,93.96,4.67,79.41,128981081060.12639,99.86738606013417,C
PPE DISTRIBUTION (S) PTE LTD,175000.0,2,2,97.82,4.49,57.47,128981256060.12639,99.86752155901831,C
WESTCOM SOLUTIONS PTE. LTD.,174960.0,1,1,77.41,5.0,75.53,128981431020.12639,99.8676570269313,C
B. BRAUN SINGAPORE PTE. LTD.,174960.0,2,2,91.52,3.51,71.45,128981605980.12639,99.86779249484428,C
CALIPER PTE. LTD.,174860.0,1,1,87.44,4.25,99.28,128981780840.12639,99.86792788532932,C
ANAVANTAGE MANAGEMENT CONSULTANCY LLP,174800.0,1,1,82.83,4.05,79.19,128981955640.12639,99.8680632293576,C
STICHTING MARITIEM RESEARCH INSTITUUT NEDERLAND,174715.0,1,1,81.27,4.32,81.67,128982130355.12639,99.86819850757215,C
HEE PENG LIANG,174610.9,5,3,79.43,4.0,89.39,128982304966.02638,99.86833370518421,C
INTERNATIONAL BEARINGS (PTE) LTD.,174400.0,1,1,96.1,4.22,87.0,128982479366.02638,99.86846873950076,C
"INGENIERIA Y ECONOMIA DEL TRANSPORTE, S.A.",174146.19,1,1,92.41,4.56,68.11,128982653512.21638,99.86860357729748,C
MOSEN LIMITED,174000.0,1,1,90.29,5.0,95.78,128982827512.21638,99.86873830190228,C
PROJECT PEANUT PTE. LTD.,174000.0,1,1,75.64,4.21,100.0,128983001512.21638,99.8688730265071,C
"GENEWIZ, LLC",173800.0,1,1,83.72,4.27,80.3,128983175312.21638,99.86900759625605,C
AUSTRALIAN INSTITUTE OF FAMILY STUDIES,173670.0,1,1,92.97,3.56,90.92,128983348982.21638,99.86914206534868,C
SDDA PTE. LTD.,173636.0,1,1,79.81,5.0,75.5,128983522618.21638,99.86927650811582,C
BMT SINGAPORE PTE. LTD.,173550.0,1,1,81.97,3.77,89.75,128983696168.21638,99.86941088429492,C
JD TALENTS MANAGEMENT & CONSULTANCY PTE. LTD.,173300.0,1,1,80.88,4.06,59.9,128983869468.21638,99.86954506690421,C
GENISYS OFFICE SYSTEM PTE. LTD.,173172.0,1,1,82.15,4.21,76.81,128984042640.21638,99.86967915040573,C
CLASSIC FINE FOODS (S) PTE LTD,173073.64,4,3,82.85,4.56,91.17,128984215713.85638,99.86981315774915,C
COPYPRINTER PTE. LTD.,173037.0,1,1,100.0,2.61,76.1,128984388750.85638,99.86994713672296,C
PQS CONSULTANTS PTE. LTD.,173000.0,2,1,83.47,3.71,73.95,128984561750.85638,99.87008108704843,C
CHINA NATIONAL METROLOGY TECHNOLOGY DEVELOPMENT CORPORATION,172838.0,1,1,80.01,5.0,82.4,128984734588.85638,99.87021491194066,C
PDX INTERCOMPANY EXCHANGE PTE LTD,172800.0,1,1,74.03,3.95,87.08,128984907388.85638,99.87034870741026,C
"LIBBY, PERSZYK, KATHMAN PTE. LTD.",172700.0,1,1,94.8,4.16,80.55,128985080088.85638,99.87048242545194,C
THE JOYOUS VET PTE. LTD.,172507.23,1,1,81.23,4.19,83.13,128985252596.08638,99.87061599423579,C
Inashco B.V.,172500.0,1,1,84.8,4.43,81.38,128985425096.08638,99.87074955742159,C
FLAVA DESIGN LLP,172500.0,1,1,89.99,4.24,91.04,128985597596.08638,99.8708831206074,C
THE BRAND UNION PTE. LTD.,172100.0,1,1,98.51,4.1,53.8,128985769696.08638,99.87101637408148,C
JA ENGINEERING AND TRADING PTE. LTD.,172000.0,1,1,83.8,3.55,68.45,128985941696.08638,99.87114955012761,C
"KALTURA, INC.",171800.0,1,1,75.07,3.15,93.93,128986113496.08638,99.87128257131789,C
Pharmaforte Singapore Pte Ltd,171785.2,3,2,89.55,4.08,75.58,128986285281.28638,99.87141558104882,C
ANCELL ENTERPRISE PTE LTD,171675.25,6,4,79.35,4.93,76.25,128986456956.53638,99.87154850564775,C
DTZ FACILITIES & ENGINEERING (THAILAND) CO. LTD.,171612.0,1,1,84.57,3.51,84.38,128986628568.53638,99.8716813812735,C
COLOURS GLOBAL PTE. LTD.,171410.0,1,1,78.57,4.83,71.23,128986799978.53638,99.87181410049483,C
"ACE RECREATION, SPORTS & WELLNESS PTE. LTD.",171200.0,2,1,90.77,3.4,73.14,128986971178.53638,99.8719466571175,C
POINT DESIGN CITY DEVELOPMENT PTE. LTD.,171000.0,1,1,83.22,4.38,85.18,128987142178.53638,99.8720790588843,C
INTERNATIONAL DATA CORPORATION ASIA/PACIFC PTE LTD,170918.0,2,2,100.0,3.71,100.0,128987313096.53638,99.8722113971602,C
EASE SOLUTIONS PTE. LTD.,170886.2,1,1,91.49,4.08,82.26,128987483982.73637,99.87234371081401,C
SOUNDBITEZ PTE. LTD.,170820.0,1,1,83.37,4.73,69.35,128987654802.73637,99.87247597321053,C
GAZ INFLATABLES & LOGISTICS ASIA PTE. LTD.,170710.0,1,1,71.03,3.26,92.38,128987825512.73637,99.87260815043632,C
LEE EE TAT,170400.0,1,1,80.79,3.75,68.13,128987995912.73637,99.87274008763552,C
TELESCIENCE SINGAPORE PTE LTD,170375.0,1,1,81.6,3.43,78.13,128988166287.73637,99.87287200547773,C
CLOSED-LOOP TECHNOLOGY PTE LTD,170000.0,1,1,97.5,4.31,75.55,128988336287.73637,99.8730036329652,C
AGOG EXPO PTE. LTD.,170000.0,1,1,94.51,4.01,81.0,128988506287.73637,99.87313526045266,C
A-TUNE SOFTWARE INC.,170000.0,1,1,72.1,3.83,82.41,128988676287.73637,99.87326688794013,C
TELEACE (S) PTE. LTD.,169992.0,1,1,82.66,3.76,74.72,128988846279.73637,99.87339850923334,C
TRIKA (S) PTE LTD,169814.0,1,1,80.87,4.77,87.52,128989016093.73637,99.87352999270486,C
PIXEL TECH PTE LTD,169730.0,1,1,88.76,3.56,77.19,128989185823.73637,99.8736614111369,C
BLUE DOT LEARNING PTE. LTD.,169610.0,5,2,86.47,3.22,87.03,128989355433.73637,99.87379273665542,C
GENPLUS PTE. LTD.,169600.0,1,1,98.37,4.05,85.46,128989525033.73637,99.87392405443116,C
BOUNGA INFORMATICS PTE. LTD.,169551.0,1,1,100.0,4.22,100.0,128989694584.73637,99.87405533426718,C
PACIFIC-TEC SCIENTIFIC PTE. LTD.,169545.0,2,1,95.19,3.82,82.87,128989864129.73637,99.87418660945755,C
CJ PARTNERS,169500.0,1,1,82.65,3.29,65.28,128990033629.73637,99.87431784980535,C
MODERN TEACHING AIDS PTY LTD,169262.29,2,1,77.32,3.34,76.07,128990202892.02637,99.87444890609919,C
ALLISON+PARTNERS SINGAPORE PTE. LTD.,169200.0,2,1,98.22,3.21,81.27,128990372092.02637,99.87457991416319,C
JARDINE LLOYD THOMPSON PRIVATE LIMITED,169000.0,2,2,89.12,4.41,83.75,128990541092.02637,99.87471076737131,C
RADIANT OPTRONICS PTE. LTD.,168820.0,1,1,81.78,3.61,77.85,128990709912.02637,99.87484148120916,C
Maha Arul Sithi Construction & Engineering Pte Ltd,168800.0,1,1,87.82,4.11,83.13,128990878712.02637,99.87497217956141,C
SEISMO WAVE,168588.17,1,1,89.27,4.4,83.02,128991047300.19637,99.87510271389807,C
AWWA LTD.,168501.0,3,3,80.01,4.04,70.75,128991215801.19637,99.87523318074082,C
WATERJOY (S) PTE LTD,168465.0,1,1,94.25,5.0,65.31,128991384266.19637,99.87536361970949,C
SAATCHI & SAATCHI,168220.0,1,1,83.6,3.85,74.57,128991552486.19637,99.87549386897973,C
SHRIRO (SINGAPORE) PTE. LTD.,168210.0,1,1,90.28,4.54,89.02,128991720696.19637,99.87562411050718,C
FREEFLOW POST PRIVATE LIMITED,168200.0,1,1,87.51,3.71,51.28,128991888896.19637,99.87575434429183,C
CONSULTANT UNITED PTE. LTD.,168000.0,1,1,100.0,3.97,72.24,128992056896.19637,99.87588442322063,C
ACCULEX SOLUTIONS PTE. LTD.,168000.0,1,1,90.08,3.89,52.8,128992224896.19637,99.87601450214942,C
CENTRODEX ENGINEERING PTE. LTD.,168000.0,1,1,100.0,3.89,91.13,128992392896.19637,99.8761445810782,C
Octagon Precision India Pvt Ltd,168000.0,1,1,87.77,4.95,86.07,128992560896.19637,99.87627466000698,C
Tiptop Consultants Pte Ltd,167968.0,2,2,85.84,3.37,84.51,128992728864.19637,99.87640471415882,C
APTITUDE MANAGEMENT CONSULTING PTE. LTD.,167580.0,2,2,91.16,3.54,64.64,128992896444.19637,99.8765344678903,C
B P TAN REGISTERED SURVEYOR,167393.0,2,1,76.42,4.38,86.47,128993063837.19637,99.87666407683152,C
THE CYBER ASSEMBLY PTE. LTD.,167300.0,1,1,85.13,3.77,64.06,128993231137.19637,99.87679361376478,C
ASIASOFT SOLUTIONS PTE. LTD.,167236.0,1,1,92.93,4.32,57.23,128993398373.19637,99.87692310114416,C
POMEX PTE. LTD.,167020.0,1,1,90.87,3.22,68.87,128993565393.19637,99.87705242127919,C
MONOCHROMATIC PICTURES LLP,166935.0,2,1,86.11,4.54,72.21,128993732328.19637,99.87718167560048,C
KLOVER ASIA PRIVATE LIMITED,166750.0,2,2,86.6,3.97,95.83,128993899078.19637,99.8773107866801,C
KOWA LAB ENGINEERING PTE. LTD.,166734.0,1,1,91.36,3.26,91.54,128994065812.19637,99.87743988537125,C
SPROUD PRIVATE LIMITED,166598.0,2,1,98.32,4.12,83.06,128994232410.19637,99.87756887876039,C
GENE-ETHICS (ASIA) PTE. LTD.,166411.2,2,2,90.3,4.34,80.65,128994398821.39636,99.87769772751417,C
FEELY PRODUCTIONS PTE. LTD.,166400.0,1,1,76.76,3.51,59.64,128994565221.39636,99.87782656759602,C
CONSULTANTS UNITED,166203.53,5,2,87.16,4.3,97.17,128994731424.92636,99.8779552555552,C
"GLOBAL MODELING AND SIMULATION TECHNOLOGIES, INC.",166168.97,1,1,81.23,3.65,74.35,128994897593.89636,99.87808391675529,C
NovaGlobal Pte Ltd,166020.0,1,1,83.31,3.35,87.01,128995063613.89636,99.87821246261099,C
CN CANVAS & HARDWARE,166020.0,4,1,98.54,3.57,78.56,128995229633.89636,99.87834100846669,C
CATHAY INTERIORS PTE. LTD.,166000.0,1,1,91.68,4.92,72.05,128995395633.89636,99.8784695388368,C
NOVATTE PTE. LTD.,165980.0,1,1,85.82,2.33,65.25,128995561613.89636,99.87859805372132,C
ZENACO CO2 (S) PTE. LTD.,165954.75,2,2,92.22,4.12,93.13,128995727568.64636,99.87872654905529,C
TSI INSTRUMENTS SINGAPORE PTE. LTD.,165822.73,1,1,98.28,4.11,87.56,128995893391.37636,99.8788549421689,C
TRAVEL GSH PTE LTD,165761.0,3,3,90.27,4.35,98.84,128996059152.37636,99.87898328748625,C
T H CHUAH & PARTNERS LLP,165700.0,9,1,83.98,3.68,77.41,128996224852.37636,99.87911158557256,C
WANIN INDUSTRIES PTE LTD,165312.0,1,1,96.46,4.09,81.31,128996390164.37636,99.87923958323849,C
KNIGHT FRANK PTE LTD,165112.2,14,8,90.46,4.23,76.68,128996555276.57635,99.8793674262034,C
LEO ANN LOCK,165060.0,3,2,79.31,5.0,82.27,128996720336.57635,99.87949522875094,C
PREMAS Valuers & Property Consultants Pte Ltd,165000.01,2,2,99.14,3.8,62.53,128996885336.58635,99.87962298484945,C
ALL CONSTRUCTION ENGINEERING PTE. LTD.,165000.0,1,1,83.38,5.0,64.62,128997050336.58635,99.87975074094022,C
INCO,165000.0,1,1,72.17,3.09,79.67,128997215336.58635,99.879878497031,C
ASIA INNOVATIONS PTE. LTD.,164980.0,1,1,85.03,4.66,83.62,128997380316.58635,99.88000623763618,C
SIN-FRESH PTE. LTD.,164650.0,1,1,94.98,4.01,87.2,128997544966.58635,99.88013372272918,C
WHIP IT LAWNS AND GARDENS PTY LTD,164555.75,1,1,86.72,2.91,78.39,128997709522.33635,99.88026113484636,C
6-SIGMA AUTOMATION PTE. LTD.,164500.0,1,1,76.17,4.22,92.49,128997874022.33635,99.88038850379746,C
LASERSAN PTE. LTD.,164490.0,1,1,74.62,2.96,88.42,128998038512.33635,99.88051586500578,C
BELL & BOW AGENCY,164220.0,1,1,96.4,3.08,59.68,128998202732.33635,99.88064301715866,C
TOPPAN FORMS (S) PTE LTD,164199.16999999998,3,3,77.62,4.34,74.66,128998366931.50635,99.8807701531833,C
ADES ENGINEERING PTE LTD,163936.0,1,1,88.65,3.65,72.78,128998530867.50635,99.88089708544086,C
QUANTUM DESIGN SINGAPORE PRIVATE LIMITED,163553.12,1,1,90.11,4.63,90.96,128998694420.62634,99.88102372124234,C
NOAH AGENCIES 'N' MARINE SERVICES PTE LTD,163400.0,2,1,82.87,5.0,80.23,128998857820.62634,99.88115023848619,C
AMADA SINGAPORE (1989) PTE LTD,163300.0,1,1,95.64,4.28,82.29,128999021120.62634,99.88127667830207,C
IDELUX ENGINEERING PTE. LTD.,163248.82,1,1,88.41,4.2,69.3,128999184369.44635,99.88140307849037,C
K11 SECURITY ENGINEERING PTE. LTD.,163200.0,1,1,73.19,4.2,73.76,128999347569.44635,99.88152944087834,C
XTRA OFFICE PTE. LTD.,162962.0,2,2,91.67,4.19,79.91,128999510531.44635,99.8816556189878,C
DYNAMIC M&E SDN BHD,162882.72,1,1,90.84,3.74,76.61,128999673414.16635,99.88178173571242,C
"Sandoval Landscape Company, LLC",162867.92,1,1,100.0,4.09,66.26,128999836282.08635,99.88190784097772,C
KODAK ALARIS SINGAPORE PTE. LTD.,162771.0,1,1,91.17,4.22,77.98,128999999053.08635,99.88203387119984,C
KAMPUNG COLLECTION,162550.0,5,1,90.4,4.31,67.62,129000161603.08635,99.88215973030623,C
BCD ENGINEERING PTE LTD,162400.0,2,1,76.55,4.86,88.77,129000324003.08635,99.88228547327073,C
FOCUS ON THE FAMILY SINGAPORE LIMITED,162360.0,2,2,88.99,4.42,78.76,129000486363.08635,99.88241118526405,C
HELMHOLTZ-ZENTRUM BERLIN FUR MATERIALIEN UND ENERGIE GMBH,162340.0,1,1,94.18,3.92,61.4,129000648703.08635,99.88253688177178,C
ISENTIA PTE. LTD.,162000.0,1,1,73.35,3.6,77.16,129000810703.08635,99.88266231502453,C
LYSAGHT CORRUGATED PIPE (S) PTE. LTD.,162000.0,2,1,87.87,3.78,86.69,129000972703.08635,99.88278774827731,C
C.K. TOH CONSTRUCTION PTE. LTD.,161600.0,1,1,95.35,4.51,72.06,129001134303.08635,99.88291287181833,C
CASEY SYSTEM PTE LTD,161600.0,1,1,100.0,4.61,80.2,129001295903.08635,99.88303799535935,C
TANG JIA,161600.0,1,1,87.84,4.87,81.94,129001457503.08635,99.88316311890037,C
YEO JAN WEA,161600.0,1,1,80.23,4.4,63.27,129001619103.08635,99.8832882424414,C
ALPHA FITNESS PTE. LTD.,161566.0,4,3,95.77,3.69,68.76,129001780669.08635,99.88341333965693,C
"Shanghai HIOS Exhibition Service Co., Ltd",161322.0,1,1,94.16,3.92,79.66,129001941991.08635,99.8835382479483,C
CSH EDUCATIONAL RESOURCES PTE LTD,161206.18,3,1,90.89,4.8,78.85,129002103197.26634,99.88366306656262,C
GLENN JUDE NOSWORTHY,161000.0,1,1,97.78,3.12,72.19,129002264197.26634,99.88378772553604,C
TITO ISAAC & CO LLP,160840.0,5,4,82.19,4.01,95.04,129002425037.26634,99.88391226062477,C
WINE RESOURCES PTE. LTD.,160800.0,1,1,75.94,2.58,89.45,129002585837.26634,99.88403676474232,C
KOBA ELECTRONICS (SINGAPORE) PTE. LTD.,160742.35,4,3,84.67,4.96,83.32,129002746579.61635,99.88416122422268,C
EVENT MEDICAL SERVICES,160640.0,1,1,89.4,3.37,73.67,129002907219.61635,99.88428560445554,C
EETARP ENGINEERING PTE LTD,160569.0,1,1,91.66,3.7,66.3,129003067788.61635,99.88440992971455,C
POLYMER APPLICATIONS SINGAPORE PTE. LTD.,160100.0,1,1,84.64,4.12,73.23,129003227888.61635,99.88453389183658,C
INNGOT LIMITED,160000.0,1,1,82.18,5.0,76.25,129003387888.61635,99.88465777653066,C
AXIS INTELLECTUAL CAPITAL PTE LTD,160000.0,1,1,82.9,4.45,81.61,129003547888.61635,99.88478166122474,C
SHELL INFOTECH PTE. LTD.,160000.0,1,1,88.24,2.24,64.18,129003707888.61635,99.88490554591883,C
NTEGRATOR PTE LTD,160000.0,1,1,89.74,4.12,78.72,129003867888.61635,99.8850294306129,C
DATUMSTRUCT (CFS) PTE. LTD.,159500.0,1,1,94.03,4.91,69.15,129004027388.61635,99.88515292816732,C
HONG WEI GLOBAL PTE. LTD.,159500.0,1,1,96.85,4.47,78.62,129004186888.61635,99.88527642572174,C
LIONFISH STUDIOS PTE. LTD.,159297.0,1,1,97.44,3.34,87.42,129004346185.61635,99.88539976609745,C
Cold Storage Singapore (1983) Pte Ltd,159271.0,2,2,84.22,3.25,91.71,129004505456.61635,99.88552308634189,C
PIXO EVENTS ASIA PRIVATE LIMITED,159110.0,1,1,67.95,3.89,76.97,129004664566.61635,99.88564628192736,C
LEONG POON & ASSOC. PTE. LTD.,159000.0,1,1,88.82,4.41,100.0,129004823566.61635,99.8857693923421,C
FORTISWILLS PTE. LTD.,159000.0,2,1,100.0,3.25,77.28,129004982566.61635,99.88589250275686,C
QCI LAB ENGINEERING PTE. LTD.,158970.0,1,1,88.6,4.82,90.98,129005141536.61635,99.88601558994323,C
GRPNERGY LLP,158940.0,1,1,77.65,3.36,79.22,129005300476.61635,99.8861386539012,C
RETROFIT PTE. LTD.,158760.0,1,1,83.44,4.63,76.6,129005459236.61635,99.88626157848891,C
DIGI-TEST PTE. LTD.,158750.0,1,1,79.43,3.43,75.69,129005617986.61635,99.88638449533381,C
SARATHI ELECTRONICS PTE. LTD.,158669.0,1,1,92.25,4.98,79.99,129005776655.61635,99.88650734946211,C
FONG TECHNOLOGY ASIA PTE. LTD.,158605.0,1,1,98.73,4.28,73.31,129005935260.61635,99.88663015403651,C
PATHWAY EXPERT,158514.0,1,1,98.67,3.65,71.96,129006093774.61635,99.88675288815149,C
INDC PTE. LTD.,158430.0,2,2,80.42,4.81,85.86,129006252204.61635,99.88687555722701,C
FERVOUR PTE. LTD.,158400.0,1,1,95.12,5.0,83.96,129006410604.61635,99.88699820307416,C
GENOME ARCHITECTS,158400.0,1,1,93.35,3.53,84.54,129006569004.61635,99.8871208489213,C
THINKPLACE SINGAPORE PTE LTD AND THINKPLACE PTY LTD,158257.0,1,1,96.67,3.69,73.5,129006727261.61635,99.8872433840465,C
STICHTING SEO ECONOMISCH ONDERZOEK,158166.0,2,1,87.64,3.58,89.25,129006885427.61635,99.88736584871228,C
GLOBAL ENGINEERING CREATORS PTE. LTD.,158100.0,2,1,72.7,3.44,73.06,129007043527.61635,99.88748826227561,C
CENTRIC GARDEN ENTERPRISE,157771.04,1,1,86.01,4.23,62.05,129007201298.65634,99.88761042113202,C
PIXELCARE CONSULTING PTE. LTD.,157750.0,1,1,75.0,3.94,72.39,129007359048.65634,99.8877325636976,C
STARS BUILDER PTE. LTD.,157692.0,1,1,86.24,4.48,89.58,129007516740.65634,99.88785466135496,C
ENGIE SERVICES ASIA-PACIFIC PTE. LTD.,157500.0,1,1,90.72,5.0,72.95,129007674240.65634,99.8879766103507,C
LABIVF ASIA PTE. LTD.,157460.0,2,1,87.14,3.37,93.11,129007831700.65634,99.88809852837527,C
JAKE ENTERPRISE PTE LTD,157450.0,2,1,86.44,4.17,69.4,129007989150.65634,99.88822043865704,C
GREEN CRESCENT PTE LTD,157440.0,1,1,82.14,3.64,97.08,129008146590.65634,99.88834234119601,C
3SI PTE. LTD.,157397.0,1,1,72.32,4.58,67.91,129008303987.65634,99.88846421044097,C
ANWAR HADI BIN RAMLI,157080.0,1,1,88.38,4.81,81.96,129008461067.65634,99.8885858342394,C
TAILONG INVESTMENT PRIVATE LIMITED,157056.0,1,1,86.01,3.41,74.71,129008618123.65634,99.8887074394551,C
SPIRE PTE. LTD.,157000.0,1,1,94.22,3.87,79.52,129008775123.65634,99.88882900131118,C
GRAND BUILD INTERIOR PTE. LTD.,156880.0,1,1,85.69,4.81,74.75,129008932003.65634,99.88895047025372,C
Caxton Electrical Pte Ltd,156840.0,1,1,84.21,3.85,72.61,129009088843.65634,99.8890719082251,C
MICROIMAGE SYSTEMS PTE. LTD.,156376.0,3,3,79.88,4.0,66.0,129009245219.65634,99.88919298693087,C
HORTIAN LLP,156050.0,1,1,100.0,3.42,70.5,129009401269.65634,99.88931381322156,C
RSM CORPORATE ADVISORY PTE. LTD.,156000.0,1,1,83.9,3.92,80.57,129009557269.65634,99.88943460079828,C
THE RSA GROUP PTE. LTD.,156000.0,2,2,94.76,2.56,67.18,129009713269.65634,99.88955538837502,C
Magritek Limited,155900.0,1,1,94.62,3.89,73.86,129009869169.65634,99.88967609852382,C
ITW Playworx Media and Entertainment Pvt Ltd,155492.92,1,1,80.05,3.72,93.82,129010024662.57634,99.88979649347898,C
"DNA LINK,INC.",155202.45,1,1,85.17,2.29,64.26,129010179865.02634,99.88991666352922,C
GREENCITY PEST MANAGEMENT PTE. LTD.,155180.0,2,1,72.26,4.45,65.65,129010335045.02634,99.8900368161969,C
CONTEEM ENGINEERS PTE LTD,155004.95,4,2,88.56,4.19,83.55,129010490049.97633,99.89015683332697,C
GEOPHYSICAL SERVICES SINGAPORE PTE. LTD.,155000.0,1,1,80.89,4.74,79.73,129010645049.97633,99.89027684662436,C
THE PACIFIC INSURANCE BERHAD,154816.62,1,1,58.49,2.56,76.66,129010799866.59633,99.89039671793441,C
FACTS GLOBAL ENERGY PTE. LTD.,154653.5,2,2,88.67,3.92,74.81,129010954520.09633,99.890516462944,C
SHALOM INTERNATIONAL MOVERS PTE. LTD.,154625.6,9,3,77.85,5.0,90.11,129011109145.69633,99.89063618635122,C
DANLIN CONSTRUCTION PTE LTD,154613.6,1,1,84.89,4.03,81.56,129011263759.29634,99.89075590046708,C
MITUTOYO ASIA PACIFIC PTE. LTD.,154600.0,1,1,100.0,3.79,79.67,129011418359.29634,99.89087560405274,C
NEW CINE SERVICES,154304.0,1,1,88.5,4.16,82.89,129011572663.29634,99.89099507845171,C
ERGO INSURANCE PTE. LTD.,154187.5,2,2,86.15,3.98,76.31,129011726850.79634,99.89111446264715,C
HAK LONG ENGINEERING PTE LTD,153950.0,1,1,95.83,3.93,65.25,129011880800.79634,99.89123366295122,C
MAXIMUM EMPLOYMENT MARKETING GROUP SINGAPORE PTE. LTD.,153805.7,1,1,77.84,4.37,64.24,129012034606.49634,99.89135275152681,C
CAFFEINE SOLUTIONS PRIVATE LIMITED,153772.0,1,1,77.51,3.73,76.3,129012188378.49634,99.89147181400918,C
LEE & LIM INTERNATIONAL,153720.0,2,2,90.59,4.18,74.82,129012342098.49634,99.89159083622901,C
COPTHORNE KING'S HOTEL SINGAPORE,153631.94,10,5,95.62,4.45,79.71,129012495730.43634,99.89170979026582,C
T3I GROUP LLC,153600.0,1,1,94.11,3.93,74.14,129012649330.43634,99.89182871957215,C
NISSEI PLASTIC SINGAPORE PTE LTD,153600.0,1,1,78.4,3.21,64.31,129012802930.43634,99.89194764887846,C
CHEMISTRY TEAM PTE. LTD.,153560.0,3,1,82.27,4.24,71.32,129012956490.43634,99.8920665472136,C
Marubishi Co Ltd,153550.54,1,1,85.56,5.0,79.96,129013110040.97633,99.89218543822406,C
KOSIN STRUCTURE PTE. LTD.,153420.5,2,1,92.16,4.23,61.25,129013263461.47633,99.89230422854725,C
INNERWORKZ,153300.0,1,1,85.12,4.78,84.39,129013416761.47633,99.89242292556976,C
BRINK'S SINGAPORE PTE LTD,153207.0,3,3,87.21,3.98,82.92,129013569968.47633,99.8925415505843,C
LILIAN FLORENCE ELIZABETH ING,153200.0,1,1,95.05,4.29,59.85,129013723168.47633,99.89266017017889,C
SHUANG MA SPORTS CENTRE,153000.0,1,1,91.69,4.65,75.59,129013876168.47633,99.8927786349176,C
HEL Limited,152900.0,1,1,89.48,5.0,86.82,129014029068.47633,99.89289702222838,C
ABUNDANZ CONSULTING PTE. LTD.,152864.0,4,3,94.33,4.47,61.83,129014181932.47633,99.89301538166511,C
SKYWAVE PTE. LTD.,152278.0,1,1,89.5,3.9,83.51,129014334210.47633,99.89313328737414,C
ECLAT INTERIOR AND CONSTRUCTION PTE. LTD.,152210.0,1,1,97.55,3.62,90.86,129014486420.47633,99.89325114043218,C
COMMUNICATION SERVICES PTE. LTD.,152168.83,1,1,86.07,5.0,70.0,129014638589.30634,99.89336896161315,C
ESIS ASIA PACIFIC PTE. LTD.,152000.0,1,1,72.64,4.13,89.63,129014790589.30634,99.89348665207253,C
HOGA IYOTA COMMUNICATIONS & TECHNOLOGY (S) PTE. LTD.,151809.86,1,1,77.07,4.33,62.91,129014942399.16634,99.89360419531043,C
AMARA ONLINE SOLUTIONS COMPANY LIMITED,151664.18,1,1,92.03,3.86,76.55,129015094063.34633,99.89372162575133,C
KNIGHT GRIFFIN PTE. LTD.,151600.0,1,1,100.0,4.96,78.29,129015245663.34633,99.89383900649896,C
F5 TECHNOLOGIE GMBH,151486.57,1,1,99.65,4.04,92.75,129015397149.91634,99.89395629942011,C
NOVAGLOBAL PTE LTD,151250.0,1,1,81.19,4.25,87.45,129015548399.91634,99.89407340916998,C
YFK PUBLIC ACCOUNTING CORPORATION,151200.0,1,1,97.67,2.56,74.31,129015699599.91634,99.89419048020589,C
VISHUO BIOMEDICAL PTE. LTD.,151200.0,1,1,89.12,3.83,100.0,129015850799.91634,99.8943075512418,C
ONE DASH 22 PTE LTD,151170.0,2,1,82.02,3.72,75.88,129016001969.91634,99.89442459904933,C
H. WARTA PTE. LTD.,151045.0,5,2,89.26,3.21,80.52,129016153014.91634,99.89454155007193,C
"JACK ROUSE ASSOCIATES, INC.",151000.0,1,1,91.95,4.73,59.45,129016304014.91634,99.89465846625197,C
TRIBAL KNOWLEDGE PTE. LTD.,150392.0,1,1,87.38,4.25,75.44,129016454406.91634,99.89477491167018,C
DBS TRUSTEE LIMITED,150300.0,2,1,93.27,4.26,86.68,129016604706.91634,99.89489128585468,C
AIRPORT EQUIPMENT SERVICES PTE LTD,150300.0,1,1,86.72,5.0,87.39,129016755006.91634,99.8950076600392,C
SOSNAKED PTE. LTD.,150240.0,1,1,89.56,4.34,78.85,129016905246.91634,99.89512398776694,C
ASUREQUALITY SINGAPORE PTE. LTD.,150111.36,1,1,80.17,4.18,87.85,129017055358.27634,99.89524021589138,C
BERLO INTERNATIONAL PTE. LTD.,150016.56,3,2,88.96,4.18,78.04,129017205374.83633,99.89535637061415,C
T. ROWE PRICE SINGAPORE PRIVATE LTD.,150001.0,2,2,94.91,3.37,92.12,129017355375.83633,99.89547251328914,C
HENG SHENG CONSTRUCTION & ENGINEERING PTE. LTD.,150000.0,1,1,92.83,3.9,69.17,129017505375.83633,99.89558865518984,C
GT INDUSTRIAL PTE LTD,150000.0,1,1,91.11,4.35,93.52,129017655375.83633,99.89570479709053,C
H FIFTY FIVE,150000.0,2,2,82.44,3.77,76.37,129017805375.83633,99.89582093899124,C
AGARWAL SUMIT,150000.0,1,1,81.37,4.11,74.01,129017955375.83633,99.89593708089194,C
THE ENTERTAINER PTE. LTD.,150000.0,1,1,88.24,5.0,74.86,129018105375.83633,99.89605322279264,C
POLKADOT CONTRACTORS,150000.0,1,1,87.04,4.02,76.01,129018255375.83633,99.89616936469335,C
BLACK CANVAS LLP,150000.0,1,1,88.63,3.82,90.33,129018405375.83633,99.89628550659405,C
H.R.STRATEGIES PTE. LTD.,150000.0,1,1,84.67,4.12,59.1,129018555375.83633,99.89640164849476,C
USAE PTE LTD,149945.0,1,1,71.42,4.73,83.06,129018705320.83633,99.8965177478101,C
EXPORT HOUSE (SINGAPORE) PTE. LTD.,149500.0,1,1,80.84,2.95,76.85,129018854820.83633,99.89663350257113,C
HON NAM LEE,149388.0,1,1,91.67,3.79,66.08,129019004208.83633,99.89674917061288,C
SKYMAP GLOBAL PTE. LTD.,149161.0,2,2,82.13,4.59,85.78,129019153369.83633,99.89686466289321,C
QRT SERVICES PTE. LTD.,149100.0,1,1,94.94,3.89,79.02,129019302469.83633,99.89698010794251,C
EMPEROR ENTERTAINMENT PRODUCTIONS COMPANY PTE. LTD.,148800.0,1,1,73.23,4.56,81.84,129019451269.83633,99.897095320708,C
Chaplin Design Pte Ltd,148700.0,1,1,84.51,4.24,60.59,129019599969.83633,99.89721045604557,C
BAZGYM CONSULTANCY PTE. LTD.,148684.0,2,1,87.28,3.52,86.37,129019748653.83633,99.89732557899467,C
HELMCHEN EVENT + LOCATION,148675.66,1,1,86.62,3.98,74.83,129019897329.49634,99.89744069548627,C
ASCENXUS PTE. LTD.,148419.0,1,1,88.11,4.11,59.34,129020045748.49634,99.89755561325134,C
POISE IMAGE INTERNATIONAL,148350.0,1,1,74.6,4.69,68.08,129020194098.49634,99.89767047759113,C
SAGE PUBLICATIONS ASIA-PACIFIC PTE. LTD.,148272.0,1,1,85.39,4.56,84.02,129020342370.49634,99.89778528153714,C
THE THERAPY ROOM,148005.0,1,1,84.66,4.76,73.04,129020490375.49634,99.89789987875056,C
AEROLION TECHNOLOGIES PTE. LTD.,148000.0,1,1,100.0,5.0,97.7,129020638375.49634,99.89801447209258,C
TATEOT 28 PROJECT & TRADING PTE LTD,148000.0,5,2,75.89,3.54,88.31,129020786375.49634,99.89812906543462,C
MOS GROUP PTE. LTD.,148000.0,1,1,78.42,3.47,83.69,129020934375.49634,99.89824365877664,C
LLOYD'S REGISTER ASIA,148000.0,1,1,87.36,3.6,76.82,129021082375.49634,99.89835825211867,C
GM ENGINEERING PTE. LTD.,147984.8,2,2,90.06,5.0,79.51,129021230360.29634,99.89847283369166,C
"ECHOLOGICS, LLC. SINGAPORE BRANCH",147780.0,1,1,91.7,4.31,81.96,129021378140.29634,99.89858725669222,C
SPECTRA-TEKNIK (S) PTE LTD,147692.0,6,6,87.54,3.65,80.74,129021525832.29634,99.89870161155622,C
PRESTIGE LABEL PTE LTD,147642.06,2,1,91.61,4.12,84.68,129021673474.35634,99.89881592775271,C
Powerpack Industries Pte Ltd,147345.0,1,1,96.57,4.37,96.2,129021820819.35634,99.89893001394175,C
MULAN GALLERY PTE. LTD.,147250.0,1,1,93.87,3.32,79.94,129021968069.35634,99.89904402657427,C
CST ENGINEERING SERVICES PTE. LTD.,147000.0,1,1,83.61,4.32,59.12,129022115069.35634,99.89915784563696,C
Quek Ling Kiong,147000.0,2,1,91.84,4.38,83.55,129022262069.35634,99.89927166469967,C
BUILT 2 LAST TRAINING,147000.0,3,1,90.23,4.51,96.04,129022409069.35634,99.89938548376234,C
INNOCO OIL PTE LTD,147000.0,1,1,90.99,4.69,70.72,129022556069.35634,99.89949930282503,C
SINOTECH M & E ENGINEERING,146936.96,3,1,100.0,3.91,80.12,129022703006.31635,99.89961307307716,C
EXPENOVATE PTE. LTD.,146858.6,4,1,88.03,3.06,75.64,129022849864.91635,99.89972678265676,C
ROSHA DYNAMIC SDN BHD,146776.63,1,1,88.61,4.32,90.17,129022996641.54636,99.89984042876867,C
pi4 robotics GmbH,146672.0,1,1,93.18,3.69,58.93,129023143313.54636,99.89995399386774,C
GREENSTYLE PTE LTD,146620.0,1,1,89.15,3.5,93.86,129023289933.54636,99.90006751870428,C
Golder Associates (Singapore) Pte Ltd,146600.0,2,2,82.3,3.59,75.01,129023436533.54636,99.90018102805523,C
HELU-TRANS (S) PRIVATE LIMITED,146505.85,3,3,82.13,3.73,75.24,129023583039.39636,99.9002944645078,C
CORPORATE CITIZENSHIP LIMITED,146500.0,1,1,81.25,5.0,81.45,129023729539.39636,99.9004078964308,C
FORBIS ACCOUNTING PTE. LTD.,146488.0,1,1,92.47,3.09,93.59,129023876027.39636,99.90052131906248,C
ELSEVIER B.V.,146460.94,2,2,74.34,3.93,97.47,129024022488.33636,99.90063472074215,C
TJGYM,146400.0,2,1,86.02,3.62,68.64,129024168888.33636,99.90074807523723,C
MECTRADE FABRICATORS PTE LTD,146400.0,1,1,80.17,4.69,87.87,129024315288.33636,99.90086142973233,C
NITTO DENKO (SINGAPORE) PTE LTD,146358.9,1,1,84.72,4.02,83.0,129024461647.23636,99.90097475240452,C
IECL SG PTE. LTD.,146305.0,4,2,89.55,4.56,67.7,129024607952.23636,99.90108803334307,C
SWISS RE INTERNATIONAL SE SINGAPORE BRANCH,146251.0,2,2,87.59,4.1,65.65,129024754203.23636,99.90120127247053,C
SC CONSULTANTS & ASSOCIATES,146000.0,1,1,93.31,3.96,85.73,129024900203.23636,99.90131431725389,C
DFS Aviation Services GmbH,146000.0,1,1,92.81,2.95,80.32,129025046203.23636,99.90142736203723,C
NG LIEW PENG & CO.,146000.0,2,1,75.53,3.79,100.0,129025192203.23636,99.90154040682059,C
CLEAN SYSTEMS TECHNOLOGY (S) PTE LTD,145868.0,1,1,100.0,3.88,83.53,129025338071.23636,99.90165334939907,C
GP WANGSA ENGINEERING,145623.0,3,1,92.88,3.3,81.95,129025483694.23636,99.90176610227911,C
SINGAPORE POLYTECHNIC,145600.0,2,1,87.98,5.0,56.43,129025629294.23636,99.90187883735072,C
THEMOMENTUM PTE. LTD.,145570.0,1,1,88.06,3.86,74.01,129025774864.23636,99.90199154919395,C
T.K.H DECO PTE. LTD.,145532.0,4,2,100.0,4.48,81.81,129025920396.23636,99.90210423161457,C
Yayasan MENDAKI,145304.0,1,1,92.22,5.0,79.2,129026065700.23636,99.9022167374995,C
QES (SINGAPORE) PTE LTD,145200.0,2,2,88.39,3.46,66.43,129026210900.23636,99.90232916285939,C
Music Solutions,145200.0,1,1,100.0,3.35,84.47,129026356100.23636,99.90244158821928,C
AGRICULTURAL TRACTORS SPARES PTE LTD,145160.0,3,2,85.52,4.44,82.28,129026501260.23636,99.90255398260798,C
NEW SOLUTION HOLDINGS PTY LTD,145000.0,1,1,90.88,4.08,79.43,129026646260.23636,99.90266625311199,C
VISION ASIA TECHNOLOGY PTE. LTD.,144990.0,1,1,88.43,3.74,62.36,129026791250.23636,99.90277851587321,C
DES CONSULTANTS PTE LTD,144960.0,3,2,90.1,3.79,98.6,129026936210.23636,99.90289075540605,C
REX CINEMAS PTE. LTD.,144800.0,1,1,70.36,3.43,95.01,129027081010.23636,99.9030028710542,C
LEARLAB S.R.L,144617.56,1,1,82.67,3.71,100.0,129027225627.79636,99.90311484544281,C
Netball Singapore,144228.0,2,1,86.48,4.35,70.22,129027369855.79636,99.90322651820318,C
SILVER SPARROW PTE. LTD.,144200.0,2,1,79.99,4.79,84.76,129027514055.79636,99.90333816928371,C
KRUTHWONG & SPRENGER PTE. LTD.,144052.0,1,1,83.28,3.34,80.35,129027658107.79636,99.90344970577092,C
CHIEW POH LENG,144000.0,1,1,86.82,4.4,74.48,129027802107.79636,99.9035612019956,C
Certis Centurion Facility Company Limited,143906.4,1,1,87.88,4.19,93.15,129027946014.19635,99.90367262574772,C
A-TEAM PEST CONTROL PTE. LTD.,143620.0,2,2,85.61,3.58,94.94,129028089634.19635,99.90378382774624,C
Candace Adams,143540.8,1,1,81.52,3.16,78.71,129028233174.99635,99.90389496842185,C
ENOVEC PTE. LTD.,143470.0,1,1,92.58,3.76,82.57,129028376644.99635,99.90400605427847,C
LITTLELIVES INC PTE. LTD.,143440.0,1,1,100.0,4.41,66.6,129028520084.99635,99.90411711690672,C
Seng Hua Hng Foodstuff Pte Ltd,143400.0,1,1,82.37,3.98,61.9,129028663484.99635,99.90422814856379,C
IANZ NEW ZEALAND QUALITY COLLEGE,143341.0,2,1,93.43,4.05,65.43,129028806825.99635,99.90433913453838,C
Mainland Press Pte Ltd,143290.06,2,1,96.97,3.08,66.48,129028950116.05635,99.90445008107119,C
VIVITRO LABS INC.,143180.75,1,1,97.89,3.62,68.31,129029093296.80635,99.9045609429675,C
TANAH TEMASIK SDN. BHD.,143176.8,2,1,80.71,3.19,75.99,129029236473.60635,99.90467180180543,C
BRUNSWICK GROUP PTE. LIMITED,143000.0,1,1,75.26,3.09,78.69,129029379473.60635,99.90478252375077,C
BDO ADVISORY PTE. LTD.,143000.0,2,2,84.43,2.42,74.39,129029522473.60635,99.9048932456961,C
TRYBE LIMITED,142807.4,2,2,83.34,3.42,94.34,129029665281.00635,99.90500381851524,C
OIA PTE LTD,142800.0,1,1,83.06,3.65,100.0,129029808081.00635,99.9051143856047,C
D LOGISTICS SERVICES,142800.0,1,1,88.78,3.79,79.16,129029950881.00635,99.90522495269418,C
G4S SECURE SOLUTIONS,142763.0,1,1,86.16,4.82,75.57,129030093644.00635,99.9053354911353,C
PROTEK CHEMICALS & ENGINEERING PTE LTD,142737.0,1,1,100.0,3.7,72.0,129030236381.00635,99.90544600944519,C
DYNAMIC PEST CONTROL PTE. LTD.,142736.0,1,1,85.5,3.33,61.49,129030379117.00635,99.90555652698077,C
ECO-WIZ (SG) PTE. LTD.,142500.0,1,1,83.22,5.0,79.26,129030521617.00635,99.90566686178643,C
THE LIFESAVING SWIM,142144.0,2,1,75.42,3.79,67.34,129030663761.00635,99.90577692094867,C
INSERT COIN PTE. LTD.,142072.5,1,1,97.53,5.0,74.71,129030805833.50635,99.90588692474991,C
HARRY ELIAS PARTNERSHIP LLP,141891.14,12,12,85.02,3.77,82.39,129030947724.64635,99.90599678812787,C
AWE GLOBAL CONCEPTS LLP,141808.0,3,1,81.86,3.35,66.69,129031089532.64635,99.90610658713223,C
SINGTEL MOBILE SINGAPORE PTE. LTD.,141536.27,1,1,100.0,3.57,74.43,129031231068.91635,99.90621617574166,C
RAYDENT SUPPLIES (S) PTE LTD,141528.4,3,2,86.77,3.88,87.37,129031372597.31635,99.90632575825754,C
TRAVEL LINK MARKETING CO. LTD,141168.0,1,1,95.7,4.71,68.99,129031513765.31635,99.90643506172312,C
MEDICAL DEVICES BIOMEDICAL PTE. LTD.,141130.0,2,2,92.06,4.31,91.1,129031654895.31635,99.9065443357661,C
CONGRESS RENTAL PTE. LTD.,141063.0,1,1,83.71,3.88,91.16,129031795958.31635,99.90665355793236,C
Sintec Optronics Pte Ltd,141048.0,1,1,79.6,3.84,76.93,129031937006.31635,99.90676276848443,C
SINGAPORE UNIVERSITY OF SOCIAL SCIENCES,141014.59,2,2,84.51,4.57,63.1,129032078020.90634,99.90687195316782,C
BEKNOWN PTE. LTD.,140600.0,1,1,93.08,3.96,100.0,129032218620.90634,99.90698081684273,C
MEDICAL IMAGING SYSTEMS PTE. LTD.,140508.0,1,1,87.54,4.34,88.14,129032359128.90634,99.90708960928397,C
INTUNE MUSIC PTE. LTD.,140400.0,1,1,77.22,3.98,72.78,129032499528.90634,99.90719831810303,C
CELLS MANAGEMENT AND CONSULTANCY PTE LTD,140325.0,1,1,92.31,3.7,78.15,129032639853.90634,99.90730696885113,C
CONTROL TECHNICAL SERVICES SDN BHD,140225.4,1,1,96.01,4.67,66.67,129032780079.30634,99.90741554248102,C
GLOBALTIX PTE. LTD.,140186.91,1,1,78.96,3.91,78.04,129032920266.21634,99.9075240863089,C
BASEPOWER ENTERPRISES PTY LTD,140129.92,1,1,91.58,3.91,80.53,129033060396.13634,99.90763258601059,C
"BEIJING BALFOUR TECHNOLOGY CO., LTD.",140045.4,1,1,92.58,4.04,77.0,129033200441.53633,99.90774102027018,C
JPT ELECTRONICS PTE. LTD.,140000.0,1,1,72.88,4.37,67.71,129033340441.53633,99.9078494193775,C
KENT RIDGE HEALTHCARE SINGAPORE PRIVATE LIMITED,140000.0,1,1,100.0,4.2,74.91,129033480441.53633,99.90795781848483,C
SHERATON TOWERS SINGAPORE HOTEL,139822.0,11,3,88.13,5.0,85.85,129033620263.53633,99.90806607977044,C
TUBEFIT (SINGAPORE) PTE. LTD.,139600.0,1,1,84.11,4.87,77.23,129033759863.53633,99.90817416916602,C
SYNERGY ALLIANCES,139595.0,1,1,80.54,3.37,84.26,129033899458.53633,99.9082822546902,C
JR FOODS PTE. LTD.,139480.2,1,1,98.33,4.03,78.72,129034038938.73633,99.90839025132713,C
"TERA-PRINT, LLC",139440.65,1,1,84.77,3.69,84.2,129034178379.38632,99.9084982173413,C
4U ELEVATOR PTE. LTD.,139058.0,2,2,93.91,4.06,89.12,129034317437.38632,99.90860588707748,C
ZENITANT PTE. LTD.,138976.0,8,3,91.28,3.3,51.29,129034456413.38632,99.90871349332276,C
SKYLINE BUILT PTE. LTD.,138888.0,1,1,92.41,4.33,77.66,129034595301.38632,99.90882103143146,C
one clipboard,138830.0,1,1,95.69,4.38,92.37,129034734131.38632,99.90892852463196,C
THE SIGNMAKERS INTERNATIONAL PTE LTD,138750.0,1,1,75.15,5.0,71.84,129034872881.38632,99.90903595589012,C
SG LABWARE PTE. LTD.,138670.0,3,2,80.17,3.31,90.18,129035011551.38632,99.90914332520592,C
HEALTHBIZ RESOURCE PTE. LTD.,138389.0,2,1,94.23,4.35,54.98,129035149940.38632,99.90925047694923,C
UNITED AUTOMATION AND ENGINEERING SERVICES PTE. LTD.,138370.0,1,1,85.39,4.08,78.4,129035288310.38632,99.90935761398121,C
Meinhardt Infrastructure Pte Ltd,138350.0,1,1,99.82,3.47,76.57,129035426660.38632,99.90946473552765,C
PROGEN PTE LTD,138032.0,2,2,97.82,3.71,70.52,129035564692.38632,99.90957161085322,C
CIPP PTE. LTD.,137980.0,1,1,86.54,3.56,78.19,129035702672.38632,99.90967844591628,C
ITAC SOLUTION SDN BHD,137891.46,2,1,89.7,3.94,68.92,129035840563.84633,99.90978521242465,C
TSM GROUP PTE. LTD.,137700.0,1,1,74.76,5.0,70.02,129035978263.84633,99.9098918306895,C
SG REHAB PTE. LTD.,137625.0,2,2,100.0,2.79,74.27,129036115888.84633,99.90999839088339,C
EVENTIONS GROUP,137550.0,1,1,100.0,2.61,100.0,129036253438.84633,99.91010489300633,C
PARK SYSTEMS CORP.,137500.0,1,1,96.08,3.98,66.24,129036390938.84633,99.91021135641532,C
QSS SAFETY PRODUCTS (S) PTE LTD,137479.8,2,2,89.48,3.19,69.04,129036528418.64633,99.91031780418386,C
PROPERTY CARE SERVICES (CAMBODIA) CO. LTD.,137463.93,1,1,74.67,4.06,97.71,129036665882.57632,99.91042423966458,C
RHTLAW ASIA LLP,137390.47,5,5,90.47,4.45,67.05,129036803273.04633,99.91053061826673,C
WILSON LEARNING SINGAPORE PTE LTD,137340.0,1,1,87.87,3.5,85.93,129036940613.04633,99.91063695779103,C
ASIALINK W PTE. LTD.,137258.4,1,1,86.08,3.82,89.41,129037077871.44632,99.9107432341341,C
KARSS MANAGEMENT SERVICES PTE. LTD.,137243.4,5,1,89.45,3.15,82.25,129037215114.84631,99.910849498863,C
FULL DOME PRO. COMPANY LIMITED,137000.0,1,1,83.6,3.67,66.23,129037352114.84631,99.9109555751323,C
CONSEN ENGINEERING PTE. LTD.,136800.0,1,1,94.4,3.49,80.81,129037488914.84631,99.91106149654576,C
ALL-BEST PHOTOCOPY & PRINTING,136669.03,3,2,74.29,4.28,74.23,129037625583.87631,99.91116731655183,C
INK ON PAPER COMMUNICATIONS PTE. LTD.,136650.0,1,1,90.91,3.25,72.08,129037762233.87631,99.91127312182336,C
XVOLUTION PTE. LTD.,136644.67,1,1,99.21,4.11,90.81,129037898878.54631,99.91137892296798,C
EQ Services,136540.0,1,1,91.86,3.74,86.68,129038035418.54631,99.9114846430688,C
DAYS HOTEL SINGAPORE AT ZHONGSHAN PARK,136526.2,4,3,85.54,3.43,66.66,129038171944.7463,99.91159035248455,C
Leedon Technology Pte Ltd,136500.0,1,1,83.69,4.2,68.88,129038308444.7463,99.91169604161419,C
WALKY TALKY FILMS PTE. LTD.,136500.0,1,1,85.41,4.31,68.44,129038444944.7463,99.91180173074385,C
MILLENIA MOTION PICTURES PTE. LTD.,136235.0,2,1,93.09,3.58,86.98,129038581179.7463,99.91190721468945,C
FARO SINGAPORE PTE. LTD.,136203.44,1,1,95.53,4.84,72.45,129038717383.18631,99.91201267419882,C
MILIEU INSIGHT PTE. LTD.,136036.0,1,1,81.83,5.0,57.82,129038853419.18631,99.91211800406285,C
QST DENTAL PTE. LTD.,136000.0,1,1,91.62,5.0,80.14,129038989419.18631,99.91222330605282,C
OLYMPIA PRINTING PTE LTD,135720.0,1,1,87.52,3.97,67.92,129039125139.18631,99.91232839124457,C
Varl Office Systems Pte Ltd,135720.0,1,1,96.45,5.0,80.01,129039260859.18631,99.91243347643632,C
DCH AURIGA SINGAPORE,135539.0,4,3,81.9,3.98,57.06,129039396398.18631,99.91253842148352,C
ScreenBox Pte Ltd,135501.0,2,2,89.46,4.44,79.43,129039531899.18631,99.9126433371081,C
ORGANISATION RESILIENCE MANAGEMENT PTE. LTD.,135480.0,2,1,97.56,3.42,84.96,129039667379.18631,99.91274823647281,C
FUTURE SENZE PTE. LTD.,135457.5,1,1,87.61,5.0,67.33,129039802836.68631,99.91285311841625,C
FADELY ENTERPRISES & CONSTRUCTION PTE LTD,135288.0,1,1,91.28,2.46,75.83,129039938124.68631,99.91295786911932,C
THE PRESENTING COMPANY PTE. LTD.,135200.0,2,1,79.36,3.6,87.31,129040073324.68631,99.91306255168583,C
THK ENGINEERING PTE. LTD.,135101.0,2,1,81.28,3.48,65.52,129040208425.68631,99.91316715759866,C
FLEXI SYSTEMS (SINGAPORE) PTE. LTD.,135065.0,1,1,100.0,3.79,67.94,129040343490.68631,99.91327173563747,C
QRIOUS LAB PTE LTD.,135060.0,1,1,96.78,3.23,74.3,129040478550.68631,99.91337630980486,C
Lauren Jana,135000.0,2,2,82.66,4.39,79.61,129040613550.68631,99.9134808375155,C
TRANZ COMMUNICATIONS PTE. LTD.,135000.0,1,1,94.83,3.69,81.79,129040748550.68631,99.91358536522613,C
INQUIRING DIALOGUE PTE. LTD.,135000.0,1,1,94.56,3.69,91.96,129040883550.68631,99.91368989293676,C
JC DECAUX SINGAPORE PTE LTD,135000.0,1,1,86.43,4.17,80.28,129041018550.68631,99.91379442064738,C
IDERIKT FISSION PTE. LTD.,134872.0,5,3,89.79,4.3,75.99,129041153422.68631,99.91389884925026,C
UNI-TAT ICE & MARKETING PTE LTD,134758.0,5,1,99.98,4.43,86.12,129041288180.68631,99.9140031895853,C
LIQUID SPACE PTE. LTD.,134560.0,1,1,83.59,3.88,66.13,129041422740.68631,99.91410737661302,C
EXILE SOLUTIONS PTE. LTD.,134520.0,3,1,100.0,3.82,80.1,129041557260.68631,99.91421153266957,C
GENERATION CONCEPT PTE. LTD.,134502.9,1,1,84.61,3.16,70.88,129041691763.5863,99.91431567548594,C
BRICKSTON TRANSPORT SERVICE,134400.0,1,1,92.76,4.66,95.61,129041826163.5863,99.91441973862896,C
UXC RED ROCK CONSULTING (SINGAPORE),134350.0,1,1,76.33,4.58,65.04,129041960513.5863,99.91452376305803,C
SBR SERVICES ASIA PTE. LTD.,134151.0,1,1,88.86,4.46,68.43,129042094664.5863,99.9146276334055,C
Securitas Security Services (Hong Kong) Limited,134097.6,1,1,89.89,4.5,71.44,129042228762.18631,99.91473146240646,C
ASP PRINT CONSULTUS PTE. LTD.,133988.0,3,3,76.73,3.99,76.13,129042362750.18631,99.9148352065464,C
DEMOCRATICA MICROROASTERS INC,133795.2,1,1,94.6,3.99,84.0,129042496545.3863,99.9149388014053,C
"GOLDEN ROSE NURSERY & LANDSCAPE CO., LTD.",133743.3,1,1,84.71,2.83,84.18,129042630288.68631,99.91504235607908,C
Clarity Media Group,133740.0,1,1,73.59,4.31,93.86,129042764028.68631,99.91514590819776,C
THOMAS MICHAEL FLEMING,133600.0,1,1,82.62,3.23,78.2,129042897628.68631,99.91524935191731,C
LELAB SDN.BHD.,133223.86,6,1,72.4,3.84,69.98,129043030852.54631,99.91535250439944,C
INVENTRIK PTE. LTD.,133200.0,1,1,89.34,4.14,68.74,129043164052.54631,99.91545563840725,C
HAPPY TABLE PRODUCTIONS PTE. LTD.,133160.0,1,1,83.06,4.59,67.79,129043297212.54631,99.91555874144392,C
Abeltec International Pte Ltd,133000.0,1,1,93.27,3.94,100.0,129043430212.54631,99.91566172059588,C
SCIENTIFIC REACH,132989.0,2,1,90.26,4.64,78.92,129043563201.54631,99.91576469123076,C
Combat Skirmish Singapore Pte. Ltd.,132800.0,2,1,72.17,3.32,71.28,129043696001.54631,99.91586751552684,C
AEROBE PTE. LTD.,132710.0,1,1,78.1,4.36,79.4,129043828711.54631,99.91597027013779,C
GC ASIA DENTAL PTE LTD,132704.0,2,1,66.02,3.91,78.3,129043961415.54631,99.91607302010307,C
NOWPLAYING,132400.0,1,1,92.32,4.31,81.22,129044093815.54631,99.91617553468741,C
SAZNOR (SOUTHERN) SDN BHD,132024.63,4,1,91.22,3.48,81.6,129044225840.17632,99.91627775863054,C
ATS ADVISORY SERVICES,132000.0,1,1,80.19,3.67,71.28,129044357840.17632,99.91637996350316,C
ATLAS COPCO (SOUTH-EAST ASIA) PTE. LTD.,131980.0,1,1,92.14,2.86,73.7,129044489820.17632,99.91648215289018,C
Raising Pty Ltd t/s Available Indigenous Service,131829.4,1,1,91.52,3.69,89.05,129044621649.57631,99.91658422567075,C
Yew Seng Heng Engineering Pte Ltd,131500.0,1,1,89.45,3.68,65.1,129044753149.57631,99.9166860434037,C
FFURIOUS PTE. LTD.,131320.0,1,1,78.6,4.81,88.11,129044884469.57631,99.91678772176637,C
INTEREST COMMUNICATION GROUP,131061.0,1,1,90.46,4.44,87.29,129045015530.57631,99.91688919959068,C
AH SENG STAINLESS STEEL PTE. LTD.,131030.0,1,1,81.45,3.93,69.88,129045146560.57631,99.91699065341236,C
TA.LE DESIGN PTE. LTD.,131000.0,1,1,100.0,4.49,64.98,129045277560.57631,99.91709208400563,C
HY-RAY PRIVATE LIMITED,131000.0,1,1,86.25,3.55,98.29,129045408560.57631,99.9171935145989,C
NATIONAL SERVICE RESORT & COUNTRY CLUB,130872.0,2,1,100.0,3.91,96.12,129045539432.57631,99.91729484608443,C
ACCURACY SINGAPORE CORPORATE ADVISORY PTE. LTD.,130800.0,1,1,94.25,4.79,78.17,129045670232.57631,99.91739612182184,C
VYOM,130788.84,1,1,83.37,4.46,81.0,129045801021.4163,99.91749738891829,C
NEXTOFKIN CREATIVES PTE. LTD.,130607.5,3,2,100.0,4.27,81.54,129045931628.9163,99.91759851560694,C
JOHN SHORB LANDSCAPING,130582.75,1,1,97.84,3.1,83.26,129046062211.6663,99.91769962313217,C
ASSURE SAFETY PTE. LTD.,130410.0,1,1,86.53,4.55,79.91,129046192621.6663,99.91780059690065,C
REGIUS CONSTRUCTION & CIVIL ENGINEERING PTE. LTD.,130305.0,1,1,85.88,3.01,89.95,129046322926.6663,99.91790148936978,C
"BPS (Cambodia) Co.,Ltd",130106.34,1,1,95.85,4.59,91.78,129046453033.0063,99.91800222802058,C
GLOBAL SEARCH PARTNERS PTE. LTD.,130004.0,7,6,90.11,4.39,70.0,129046583037.0063,99.91810288743164,C
BAN CHOON MARKETING PTE LTD,130001.0,2,2,89.95,3.25,82.57,129046713038.0063,99.91820354451987,C
UNITED DESIGN PRACTICE LLP,130000.0,1,1,76.77,3.99,95.26,129046843038.0063,99.9183042008338,C
LEE SIN PTE. LTD.,130000.0,1,1,91.9,4.2,62.93,129046973038.0063,99.91840485714775,C
SINGAPORE EMERGENCY RESPONDER ACADEMY,130000.0,1,1,97.85,4.45,89.83,129047103038.0063,99.91850551346168,C
"CAPELLA HOTEL, SINGAPORE",129800.0,4,3,95.6,5.0,90.86,129047232838.0063,99.91860601491976,C
BECKHOFF AUTOMATION PTE. LTD.,129658.0,2,2,86.02,3.36,76.37,129047362496.0063,99.91870640643018,C
Beijing Hua Chuang Zhi Yuan Technologies Ltd,129526.44,1,1,72.05,4.43,82.63,129047492022.4463,99.91880669607639,C
HO & WEE LLP,129000.0,1,1,96.97,4.86,71.16,129047621022.4463,99.918906578111,C
VARL OFFICE SYSTEMS PTE LTD,128984.5,1,1,78.56,3.73,68.56,129047750006.9463,99.91900644814427,C
SINGAPORE HEALTH SERVICES PTE LTD,128600.0,1,1,80.72,4.16,74.3,129047878606.9463,99.91910602046714,C
GRAVITATE PTE. LTD.,128400.0,1,1,88.15,3.23,64.95,129048007006.9463,99.91920543793414,C
TECHNICS COMMUNICATION & ELECTRONICS PTE LTD,128320.0,1,1,86.2,4.82,80.44,129048135326.9463,99.91930479345879,C
GENASHTIM INNOVATIVE LEARNING PTE. LTD.,128300.0,1,1,85.7,3.37,85.46,129048263626.9463,99.91940413349786,C
PATSNAP PTE. LTD.,128250.0,1,1,82.87,3.9,64.37,129048391876.9463,99.91950343482297,C
ERCM CONSULTANCY PTE. LTD.,128140.0,2,1,90.43,4.41,60.22,129048520016.9463,99.91960265097734,C
W&K MERCANTILE,128119.0,1,1,77.2,3.57,71.83,129048648135.9463,99.91970185087185,C
E-SOLUTIONS SERVICES PTE. LTD.,128000.0,1,1,100.0,4.5,73.33,129048776135.9463,99.91980095862712,C
LIFE SUPPORT EQUIPMENT PTE LTD,128000.0,1,1,94.77,2.99,83.2,129048904135.9463,99.91990006638238,C
IDAS SERVICE PRIVATE LIMITED,128000.0,1,1,87.74,3.84,89.6,129049032135.9463,99.91999917413766,C
GOVI S/O RAMAN KRISHNAN,127800.0,1,1,80.3,3.13,66.35,129049159935.9463,99.92009812703705,C
ASIA FURNITURE COMPANY PTE. LIMITED,127680.0,1,1,71.41,3.04,69.28,129049287615.9463,99.92019698702292,C
SHOOK LIN & BOK LLP,127661.0,4,4,84.69,3.88,84.16,129049415276.9463,99.92029583229748,C
FRAME BY FRAME PICTURES PTE. LTD.,127500.0,1,1,86.35,3.72,85.28,129049542776.9463,99.9203945529131,C
JUSTLOGIN PTE LTD,127500.0,1,1,83.61,4.25,72.19,129049670276.9463,99.92049327352869,C
OTOGENETICS CORPORATION,127449.0,1,1,86.72,4.36,84.45,129049797725.9463,99.92059195465605,C
NEW WORLD INTERNATIONAL PTE. LTD.,127400.0,2,1,90.33,4.19,89.21,129049925125.9463,99.9206905978437,C
HFG TECHNOLOGIES (SINGAPORE) PTE. LTD.,127255.0,1,1,93.32,3.9,79.41,129050052380.9463,99.92078912876087,C
TAI HEE ENGINEERING TRADING PTE. LTD.,127250.0,1,1,91.76,3.81,63.11,129050179630.9463,99.92088765580662,C
HONG DA MANUFACTURING,127000.0,1,1,89.05,2.97,84.1,129050306630.9463,99.92098598928256,C
CERT CONSULTANCY GROUP PTE. LTD.,126989.0,2,1,89.45,4.65,100.0,129050433619.9463,99.92108431424141,C
MATSUSHITA GREATWALL CORPORATION PRIVATE LIMITED,126980.0,1,1,96.83,4.42,73.22,129050560599.9463,99.92118263223175,C
ROBINSON & COMPANY (SINGAPORE) PRIVATE LIMITED,126959.1,2,2,87.15,4.1,78.45,129050687559.04631,99.92128093403966,C
WITEC PTE. LTD.,126724.0,1,1,92.55,4.55,91.46,129050814283.04631,99.92137905381449,C
ZENTECH SOLUTIONS PTE. LTD.,126577.0,1,1,91.45,4.06,93.02,129050940860.04631,99.92147705977025,C
SAGA INSTRUMENTS PTE LTD,126400.0,1,1,67.05,3.81,73.53,129051067260.04631,99.92157492867858,C
AUDITIME PTE. LTD.,126300.0,1,1,100.0,3.86,63.96,129051193560.04631,99.92167272015898,C
PAN PACIFIC HOTELS GROUP LIMITED,126225.0,7,3,90.62,4.71,88.55,129051319785.04631,99.92177045356841,C
Top Parking Pte Ltd,126161.1,2,2,87.67,4.99,58.69,129051445946.14632,99.9218681375014,C
JW MARRIOTT HOTEL SINGAPORE SOUTH BEACH,126071.5,9,3,74.49,3.67,62.39,129051572017.64632,99.92196575205898,C
PENTA LIGHTING PTE LTD,126000.0,1,1,85.25,4.01,83.76,129051698017.64632,99.92206331125557,C
AVEX ASIA PTE. LTD.,126000.0,1,1,85.53,4.03,76.25,129051824017.64632,99.92216087045216,C
SEEM KOK BENG,126000.0,2,2,98.31,4.55,86.48,129051950017.64632,99.92225842964875,C
OMARK WORLDWIDE (S) PTE LTD,125986.4,1,1,81.2,5.0,65.9,129052076004.04631,99.92235597831514,C
LAERDAL SINGAPORE PTE LTD,125970.9,1,1,83.24,4.72,81.06,129052201974.9463,99.92245351498019,C
HATCH INTERACTIVE PTE. LTD.,125913.76,1,1,95.2,4.46,68.17,129052327888.7063,99.92255100740293,C
OUTBOARD MOTOR SERVICE PTE. LTD.,125856.0,1,1,100.0,4.83,100.0,129052453744.7063,99.92264845510329,C
INDEPENDENT PROJECT ANALYSIS PRIVATE LIMITED,125480.0,1,1,75.66,2.93,92.77,129052579224.7063,99.92274561167463,C
CAGA CONSULTANTS PTE. LTD.,125450.0,2,2,79.48,3.98,83.37,129052704674.7063,99.92284274501758,C
NATHAN YONG DESIGN PTE. LTD.,125000.0,1,1,84.74,3.72,70.97,129052829674.7063,99.92293952993484,C
Arki-TECH International Pte Ltd,125000.0,1,1,93.16,4.3,69.39,129052954674.7063,99.92303631485208,C
FISCHER INSTRUMENTATION (S) PTE LTD,125000.0,1,1,91.75,4.06,65.16,129053079674.7063,99.92313309976933,C
"SHOWMARK, LLC",124970.71,1,1,99.7,4.79,84.51,129053204645.4163,99.92322986200796,C
Metabo-Profile Biotechnology (Shanghai) Co. Ltd.,124800.0,1,1,95.65,4.67,79.65,129053329445.4163,99.92332649206934,C
MHE-DEMAG MALAYSIA SDN. BHD.,124395.28,2,1,89.53,4.17,84.34,129053453840.6963,99.9234228087644,C
GLINTS INTERN PTE. LTD.,124290.0,1,1,90.82,3.75,77.05,129053578130.6963,99.92351904394332,C
MILLENNIUMS CONSULTANTS PTE. LTD.,124200.0,1,1,83.44,3.67,57.9,129053702330.6963,99.9236152094371,C
VERTEX AUTOMOBILE PTE. LTD.,124100.0,1,1,96.68,4.4,88.45,129053826430.6963,99.92371129750293,C
PSA MARINE (PTE) LTD,124000.0,1,1,95.81,4.3,96.54,129053950430.6963,99.92380730814085,C
COGNITIVE ENGINEERING TECHNOLOGY. LLC,123985.76,1,1,100.0,4.11,90.88,129054074416.4563,99.92390330775302,C
TAYLOR NELSON SOFRES HONG KONG LIMITED,123900.0,2,2,73.75,4.5,89.1,129054198316.4563,99.92399924096301,C
ALKALOM ECLAT PTE. LTD.,123810.5,2,2,90.73,3.98,72.56,129054322126.9563,99.924095104875,C
Innomed Pte Ltd,123500.0,1,1,82.64,4.62,91.79,129054445626.9563,99.92419072837323,C
FULL CIRCLE PUBLIC RELATIONS PTE. LTD.,123000.0,1,1,95.32,4.09,78.85,129054568626.9563,99.92428596473181,C
PLAYPOINT (SINGAPORE) PTE LTD,122985.0,1,1,89.09,3.68,73.7,129054691611.9563,99.9243811894762,C
RNC ENGINEERING PTE LTD,122930.0,1,1,88.23,4.17,70.59,129054814541.9563,99.92447637163522,C
SIN CHEW WOODPAQ PTE LTD,122918.0,2,2,100.0,3.55,60.28,129054937459.9563,99.9245715445029,C
ZURICH INSURANCE COMPANY LTD (SINGAPORE BRANCH),122854.0,5,2,76.63,3.77,82.65,129055060313.9563,99.92466666781668,C
BRAINSHAKE OY,122480.0,1,1,100.0,3.53,78.97,129055182793.9563,99.92476150155001,C
KS PARTNERS ENGINEERING ENTERPRISE,122400.0,1,1,89.31,4.6,66.45,129055305193.9563,99.92485627334098,C
HIEWA AUTO GALLERY LARKIN SDN BHD,122341.5,2,1,88.64,4.25,81.53,129055427535.4563,99.92495099983661,C
"GENEWIZ, Inc.",122240.0,1,1,98.06,4.77,88.05,129055549775.4563,99.92504564774289,C
"GOH BIAW PANG, CAROLINE",122203.0,2,2,77.32,3.95,75.44,129055671978.4563,99.92514026700083,C
CHENG POH LIN PEARL,122203.0,2,2,100.0,3.59,74.31,129055794181.4563,99.92523488625878,C
TAN MAY AI HILDA MRS.HILDA CHUA,122203.0,2,2,86.53,4.77,63.38,129055916384.4563,99.92532950551673,C
MOHAMED FAIZAL BIN OSMAN,122203.0,2,2,94.32,4.53,100.0,129056038587.4563,99.92542412477466,C
KIMS MARKETING PTE. LTD.,122053.0,1,1,84.89,4.21,84.18,129056160640.4563,99.92551862789071,C
TRIOMINE PTE. LTD.,122040.0,1,1,92.33,3.43,83.05,129056282680.4563,99.92561312094111,C
MHC PARTNERSHIP LLP,122000.0,2,1,87.39,3.24,75.96,129056404680.4563,99.92570758302037,C
CHIP LEE TIMBER PTE LTD,122000.0,1,1,99.94,3.6,99.51,129056526680.4563,99.9258020450996,C
AZ ENGINEERING SUPPLY,121859.76,2,1,91.77,4.26,76.41,129056648540.2163,99.92589639859389,C
ASKA ENGINEERING & TRADING PTE LTD,121800.0,1,1,96.39,4.62,68.01,129056770340.2163,99.92599070581727,C
"VENTUREBEAT,INC.",121770.0,1,1,100.0,4.22,84.31,129056892110.2163,99.92608498981225,C
HARIJANTO VANESSA DEWI,121720.0,4,1,93.7,3.61,80.03,129057013830.2163,99.92617923509329,C
ADTITUDE PTE LTD,121666.0,1,1,93.07,3.59,82.36,129057135496.2163,99.92627343856321,C
"FJC Security Services, Inc.",121624.81,1,1,92.98,4.31,49.24,129057257121.02629,99.92636761014059,C
CMYK COLOR CENTRE,121530.0,1,1,97.12,3.26,62.64,129057378651.02629,99.92646170830855,C
PRINTEC PRIVATE LIMITED,121500.0,1,1,93.15,3.8,90.46,129057500151.02629,99.9265557832481,C
IBA INTERNATIONAL (S) PTE. LTD.,121362.5,1,1,81.5,4.15,75.25,129057621513.52629,99.92664975172427,C
PLAYERS WORKSHOP,121230.0,1,1,84.72,4.22,80.12,129057742743.52629,99.92674361760841,C
TAIKISHA (SINGAPORE) PTE. LTD.,121068.0,1,1,91.16,3.76,69.47,129057863811.52629,99.92683735805932,C
KRAV MAGA GLOBAL SINGAPORE PTE. LTD.,120900.0,1,1,85.22,3.42,88.69,129057984711.52629,99.92693096843128,C
TAN SEE HANG,120750.0,3,1,93.6,4.04,83.39,129058105461.52629,99.92702446266134,C
Automated Micron Assembly Pte Ltd,120660.0,1,1,83.53,3.76,75.25,129058226121.52629,99.92711788720628,C
"BoonChai Construction Co., Ltd.",120521.89,1,1,92.87,4.08,82.0,129058346643.41629,99.92721120481548,C
ALL DEFENCE TECHNOLOGY PTE. LTD.,120123.01,1,1,80.81,3.48,93.33,129058466766.42628,99.92730421358014,C
PAUL HOOI & COMPANY,120002.0,2,2,77.45,3.4,75.19,129058586768.42628,99.92739712864925,C
REMEX MINERALS SINGAPORE PTE. LTD.,120001.0,2,1,91.15,4.09,54.52,129058706769.42628,99.9274900429441,C
TURF & IRRIGATION SERVICES PTE LTD,120000.0,1,1,87.43,4.66,73.29,129058826769.42628,99.92758295646466,C
LI AN FOODSTUFF PTE LTD,120000.0,1,1,80.97,4.71,100.0,129058946769.42628,99.92767586998522,C
ROBIN PRADHAN CHITRAKAR,120000.0,1,1,83.77,4.01,69.25,129059066769.42628,99.92776878350578,C
Sunstrong International Pte. Ltd.,120000.0,1,1,91.3,5.0,74.36,129059186769.42628,99.92786169702634,C
Hyrizan Bin Jufri,120000.0,1,1,91.48,4.74,72.11,129059306769.42628,99.9279546105469,C
TECHNICS STEEL PTE. LTD.,119800.0,1,1,90.36,4.03,72.88,129059426569.42628,99.9280473692116,C
MEPS GMBH,119664.27,1,1,72.71,4.44,94.15,129059546233.69629,99.92814002278337,C
Surbana Site Supervisors Pte Ltd,119500.0,2,1,80.72,4.14,78.59,129059665733.69629,99.92823254916426,C
CRAFTWERKZ PTE. LTD.,119005.0,2,1,88.92,4.09,98.5,129059784738.69629,99.92832469227689,C
PERICOM IMAGING (SINGAPORE) PTE LTD,119000.0,1,1,92.45,4.82,69.35,129059903738.69629,99.9284168315181,C
MARINA OFFSHORE PTE LTD,119000.0,1,1,96.06,4.65,96.97,129060022738.69629,99.92850897075934,C
WONG TAN & MOLLY LIM LLC,119000.0,1,1,83.29,4.62,79.69,129060141738.69629,99.92860111000054,C
CLIMB ASIA PTE. LTD.,119000.0,1,1,86.5,4.18,86.71,129060260738.69629,99.92869324924177,C
LEPS LOADLINK OFFSHORE PTE. LTD.,118848.0,1,1,84.14,5.0,55.93,129060379586.69629,99.92878527079255,C
MULTITOUCH ASIA PTE. LTD.,118800.0,1,1,87.54,4.91,67.93,129060498386.69629,99.9288772551779,C
Kemsa (Far East) Pte Ltd,118800.0,1,1,92.84,4.34,71.07,129060617186.69629,99.92896923956326,C
BIO-CARE GREASE CONTROL PTE LTD,118680.0,1,1,77.74,3.61,96.3,129060735866.69629,99.92906113103508,C
AKL TECHNOLOGY ENGINEERING & SERVICES,118560.0,2,2,93.52,4.8,85.04,129060854426.69629,99.92915292959341,C
STRATEGIC MOVES PTE. LTD.,118500.0,2,2,62.23,3.62,93.57,129060972926.69629,99.92924468169497,C
3AD GROUP PTE. LTD.,118430.0,1,1,78.79,4.14,95.22,129061091356.69629,99.92933637959696,C
LIFEMAGIC WORKS LLP,118400.0,1,1,94.05,3.51,83.06,129061209756.69629,99.92942805427059,C
WISE SAFETY & HEALTH PTE LTD,118312.0,2,2,84.51,4.18,82.23,129061328068.69629,99.92951966080761,C
Stratech Systems Limited,118242.0,1,1,90.41,4.76,65.66,129061446310.69629,99.92961121314511,C
Shimadzu Malaysia Sdn Bhd,118186.05,4,1,98.0,3.15,70.98,129061564496.74629,99.92970272216168,C
MAKE DESIGN,118131.0,3,3,86.47,2.68,68.6,129061682627.74629,99.92979418855414,C
Mercedes Benz of Arlington,118107.71,1,1,89.09,3.75,94.71,129061800735.4563,99.92988563691367,C
L-PINE DESIGN PTE LTD,118095.0,1,1,84.73,4.59,77.45,129061918830.4563,99.92997707543209,C
TOUR CONNECTIONS PTE LTD,118050.0,2,2,94.53,3.32,86.88,129062036880.4563,99.93006847910794,C
Motion Weld Engineering Sdn Bhd,118000.0,1,1,88.62,4.59,67.6,129062154880.4563,99.93015984406983,C
AQUAPRO SOLUTIONS PTE. LTD.,118000.0,1,1,100.0,4.31,84.88,129062272880.4563,99.93025120903172,C
NING KWONG OPTICAL COMPANY (PRIVATE) LIMITED,117820.0,2,1,83.62,3.46,91.72,129062390700.4563,99.93034243462333,C
SUPERTRON SENSING PTE. LTD.,117782.0,2,1,90.25,4.54,73.53,129062508482.4563,99.93043363079231,C
LENNARTZ ELECTRONIC GMBH,117754.78,1,1,70.25,5.0,64.8,129062626237.2363,99.93052480588543,C
ART LOFT LLP,117643.65,4,1,81.68,3.84,81.39,129062743880.88629,99.93061589493286,C
VISION EEK TECHNOLOGY SDN. BHD.,117631.25,1,1,92.46,2.95,66.26,129062861512.13629,99.93070697437923,C
JOSEPH & ANG ENGINEERS,117500.0,1,1,100.0,3.68,92.42,129062979012.13629,99.93079795220146,C
LIVING PRINT & MAIL HUB,117278.0,1,1,87.2,3.75,70.58,129063096290.13629,99.93088875813366,C
SALZMAN CAPITAL VENTURES LTD,117112.0,1,1,86.97,5.0,71.0,129063213402.13629,99.93097943553549,C
THE ONLINE EDITION,117000.0,2,1,87.61,4.04,75.67,129063330402.13629,99.93107002621804,C
CHANGE VOYAGE CONSULTING PTE. LTD.,116808.0,1,1,89.8,4.37,84.95,129063447210.13629,99.93116046823896,C
TRILOGY TECHNOLOGIES PTE. LTD.,116666.0,1,1,85.39,4.29,60.33,129063563876.13629,99.93125080031221,C
TOYAH CONSTRUCTION & ENGINEERING PTE. LTD.,116590.0,1,1,88.86,4.35,96.34,129063680466.13629,99.93134107354022,C
TOSHIBA TEC SINGAPORE PTE. LTD.,116550.0,1,1,99.74,3.17,77.57,129063797016.13629,99.93143131579707,C
FANUC SINGAPORE PTE LTD,116489.57,1,1,91.71,3.28,66.86,129063913505.7063,99.93152151126422,C
FLEXSPEED TECHNOLOGY PTE. LTD.,116300.0,1,1,76.81,3.83,67.67,129064029805.7063,99.93161155995124,C
CULTURE FORTE PTE. LTD.,116250.0,2,1,82.64,4.68,77.34,129064146055.7063,99.93170156992429,C
WORLD-CHAMP DISTRIBUTOR,116109.0,1,1,86.83,3.93,66.58,129064262164.7063,99.93179147072394,C
Haryali,116079.96,1,1,86.29,3.92,83.66,129064378244.6663,99.93188134903853,C
HOLLAND ELECTRICAL ENGINEERING SERVICES PTE LTD,116025.0,2,2,86.9,3.93,73.21,129064494269.6663,99.93197118479871,C
ORGANISATION SOLUTIONS PTE LTD,116000.0,1,1,75.85,5.0,93.45,129064610269.6663,99.93206100120193,C
Cohesion Network Technologies Pte Ltd,115966.0,1,1,83.03,4.53,62.59,129064726235.6663,99.93215079127965,C
CLYDE - IFC (S) PTE LTD,115917.5,1,1,90.71,4.04,59.04,129064842153.1663,99.93224054380481,C
THE EVENT EXPERIENCE PTE. LTD.,115644.0,2,2,82.88,4.15,79.42,129064957797.1663,99.93233008456458,C
DIGITAL ALCHEMY (SINGAPORE) PTE. LTD.,115500.0,1,1,91.01,3.79,76.39,129065073297.1663,99.93241951382812,C
CREATOR HOLDINGS PRIVATE LIMITED,115425.0,1,1,88.17,4.72,70.2,129065188722.1663,99.93250888502071,C
SINGAPORE CANOE FEDERATION,115405.0,1,1,95.12,4.2,77.4,129065304127.1663,99.93259824072771,C
G.P . WILD (INTERNATIONAL) LIMITED,115367.0,1,1,79.16,3.74,81.07,129065419494.1663,99.9326875670121,C
MEN'SPOOL ENGINEERING PTE. LTD.,115200.0,1,1,94.95,4.52,90.98,129065534694.1663,99.93277676399184,C
BULLS-EYE SECURITY SERVICES PTE. LTD.,115200.0,1,1,93.07,3.76,57.89,129065649894.1663,99.93286596097158,C
G.A.C. ENTERPRISE,115200.0,1,1,94.67,3.81,75.87,129065765094.1663,99.93295515795133,C
Proof Perfect Pte Ltd,115170.0,1,1,94.56,4.35,91.66,129065880264.1663,99.93304433170267,C
JCQ SOLUTIONS PTE. LTD.,115000.2,1,1,89.4,4.6,68.5,129065995264.3663,99.9331333739814,C
FJ TECHNICAL PTE. LTD.,115000.0,1,1,96.65,3.62,76.83,129066110264.3663,99.93322241610527,C
VRM OPERATIONS (SINGAPORE) PTE. LTD.,115000.0,1,1,91.6,4.5,100.0,129066225264.3663,99.93331145822914,C
A DISTILLERY,114950.0,1,1,90.65,4.41,72.88,129066340214.3663,99.93340046163905,C
"NORTH AMERICAN SCIENCE ASSOCIATES, INC.",114514.45,1,1,80.65,3.75,79.93,129066454728.8163,99.9334891278116,C
LIAN SENG HARDWARE & ENGINEERING PTE. LTD.,114352.0,1,1,93.3,4.19,81.13,129066569080.8163,99.93357766820246,C
NEC Information Systems (Shanghai) Limited,114140.96,1,1,77.81,3.82,80.52,129066683221.7763,99.93366604518941,C
MITRA ENGINEERING SERVICES PTE LTD,114026.0,1,1,89.69,4.72,74.22,129066797247.7763,99.9337543331652,C
UNITECH CONTROL & INSTRUMENTATION PTE. LTD.,114000.0,1,1,100.0,4.72,86.9,129066911247.7763,99.93384260100974,C
BOK KOK CHUAN,114000.0,1,1,78.18,3.04,60.65,129067025247.7763,99.93393086885428,C
Into E Projects,113922.0,3,2,91.04,4.56,75.38,129067139169.7763,99.93401907630502,C
ADVANCE MEMBRANE SYSTEM PTE LTD,113800.0,1,1,81.66,3.04,72.77,129067252969.7763,99.93410718929368,C
WRX ENGINEERS PTE. LTD.,113800.0,1,1,87.48,4.2,83.72,129067366769.7763,99.93419530228235,C
BUREAU PTE. LTD.,113750.0,2,2,86.52,3.59,76.72,129067480519.7763,99.93428337655705,C
GMP TECHNOLOGIES (S) PTE LTD,113613.89,6,5,90.67,5.0,85.95,129067594133.6663,99.93437134544459,C
SE7EN FRIDAY PTE. LTD.,113540.0,1,1,90.24,3.42,83.12,129067707673.6663,99.93445925712062,C
GREEN PASTURES PSYCHOLOGICAL PRACTICE FOR CHILDREN AND YOUTHS,113450.0,1,1,89.87,5.0,87.35,129067821123.6663,99.93454709911153,C
LUIRE IMAGE,113279.6,5,3,98.48,4.2,67.07,129067934403.26631,99.93463480916523,C
Nextan Pte Ltd,113217.0,2,2,79.23,5.0,72.55,129068047620.26631,99.93472247074904,C
Hilton Singapore,113157.0,6,3,87.62,3.79,83.72,129068160777.26631,99.9348100858761,C
FOTON MOTOR AUV (SINGAPORE) PTE. LTD.,113099.0,1,1,81.93,3.93,80.05,129068273876.26631,99.93489765609495,C
FRONTIER E-HR PTE LTD,112974.0,1,1,77.63,4.6,74.38,129068386850.26631,99.93498512952887,C
HENKO MACHINE TOOLS PTE. LTD.,112670.0,1,1,93.11,4.12,91.08,129068499520.26631,99.9350723675819,C
ADVENTURER'S SPORTS & EVENT PTE. LTD.,112618.5,1,1,100.0,3.47,83.54,129068612138.76631,99.93515956575952,C
SINGAPORE RESCUE TRAINING CENTRE PTE. LTD.,112500.0,1,1,100.0,4.6,78.63,129068724638.76631,99.93524667218506,C
EMERGENETICS CAELAN & SAGE PTE. LTD.,112500.0,1,1,77.39,4.05,58.38,129068837138.76631,99.93533377861058,C
MICROGRAPHICS DATA PTE LTD,112363.0,1,1,83.14,4.63,79.53,129068949501.76631,99.93542077895984,C
ACTIVECOOL FASHION PRIVATE LIMITED,112300.0,1,1,90.86,3.81,84.93,129069061801.76631,99.9355077305295,C
TIMESWORLD TRAVEL & EDUCATIONAL TOURS PTE LTD,112299.0,1,1,96.25,3.93,77.54,129069174100.76631,99.93559468132487,C
RAS PHARMA & BIOCHEM PTE. LTD.,112218.0,3,3,89.15,4.11,81.29,129069286318.76631,99.93568156940363,C
FIRST ECONOMICS PTE. LIMITED,112001.0,2,2,85.58,3.31,74.73,129069398319.76631,99.93576828946377,C
NANOSERV PTE. LTD.,112000.0,1,1,94.75,3.95,61.25,129069510319.76631,99.93585500874961,C
BRIGHT FUTURE SOLUTION PTE. LTD.,111818.0,1,1,88.83,4.59,79.87,129069622137.76631,99.93594158711664,C
CAMERATRAPS ASIA SDN. BHD.,111816.7,1,1,86.29,5.0,70.82,129069733954.46631,99.9360281644771,C
SKYDE ENGINEERING PTE. LTD.,111400.0,1,1,80.81,3.94,76.72,129069845354.46631,99.93611441919535,C
B2K PET PRODUCTS PTE. LTD.,111206.85,4,3,83.49,3.76,88.46,129069956561.31631,99.93620052436155,C
EMERGE CONSULTING PTE. LTD.,111202.0,2,1,85.12,4.07,78.37,129070067763.31631,99.9362866257725,C
INKSPIRE GROUP LLP,111150.0,3,3,71.31,3.73,84.73,129070178913.31631,99.93637268692093,C
ONE IXCHANGE LLP,111046.8,1,1,90.35,4.05,92.01,129070289960.11632,99.93645866816372,C
CNC PETROLEUM PTE. LTD.,111029.6,1,1,71.03,4.16,61.31,129070400989.71632,99.93654463608891,C
CIURIAK CONSULTING INC.,111000.0,1,1,84.59,3.77,73.85,129070511989.71632,99.93663058109543,C
MING LABS PTE. LTD.,111000.0,1,1,93.16,3.57,78.28,129070622989.71632,99.93671652610196,C
ENKON INTERNATIONAL CONSULTING ENGINEERS PTE LTD,110980.0,6,1,75.75,3.6,81.54,129070733969.71632,99.93680245562288,C
UNIPOOL TRADING PTE LTD,110915.18,5,3,80.39,4.43,87.28,129070844884.89632,99.93688833495501,C
UMW HEAVY EQUIPMENT (S) PTE. LTD.,110678.0,2,1,86.62,4.51,74.73,129070955562.89632,99.9369740306436,C
CEE TECHNOLOGIES PTE. LTD.,110668.4,1,1,88.46,4.37,79.42,129071066231.29631,99.93705971889908,C
Numerical Offshore Tank,110400.0,1,1,94.74,4.65,69.25,129071176631.29631,99.937145199338,C
LEARNING STUDIO EDUCARE PTE. LTD.,110136.0,1,1,82.51,3.9,70.19,129071286767.29631,99.93723047536717,C
"RAISE, INC.",110123.0,1,1,95.65,4.62,82.31,129071396890.29631,99.9373157413307,C
BIO-FLORA (SINGAPORE) PTE. LTD.,110076.2,2,1,95.97,5.0,99.72,129071506966.4963,99.93740097105798,C
LEAD CONSTRUCTIONS SA,110075.52,1,1,100.0,3.89,63.1,129071617042.01631,99.93748620025875,C
SUPERSKILL GRAPHICS PTE LTD,110054.0,3,1,81.25,4.92,92.18,129071727096.01631,99.93757141279701,C
BIGTREE PICTURES PTE. LTD.,109950.0,1,1,74.08,3.62,84.07,129071837046.01631,99.93765654481022,C
TOSHIO (S) PTE LTD,109890.0,1,1,87.76,4.68,72.82,129071946936.01631,99.93774163036667,C
BIT SOLUTION PTE. LTD.,109885.0,1,1,86.43,4.24,88.42,129072056821.01631,99.93782671205173,C
1SPATIAL AUSTRALIA PTY LIMITED,109796.0,1,1,74.2,2.78,92.59,129072166617.01631,99.93791172482594,C
SINGAPORE SUNSHINE INTERNATIONAL PTE. LTD.,108710.37,3,3,76.04,3.67,55.83,129072275327.3863,99.93799589701925,C
CYBINT INTERNATIONAL PTE. LTD.,108700.0,1,1,86.28,4.14,60.0,129072384027.3863,99.93808006118329,C
THE EDUCATION ADVOCATES PTE. LTD.,108507.0,1,1,83.33,4.37,89.08,129072492534.3863,99.93816407591142,C
Motion Smith,108437.1,1,1,89.99,4.71,64.45,129072600971.48631,99.93824803651744,C
SPORTS360 LLP,108425.0,1,1,87.72,2.64,77.53,129072709396.48631,99.93833198775465,C
INFINITE FRAMEWORKS PTE LIMITED,108300.0,1,1,90.96,3.64,74.24,129072817696.48631,99.93841584220696,C
GREENSPAN SINGAPORE PRIVATE LIMITED,108032.2,1,1,72.39,3.97,81.04,129072925728.68631,99.93849948930726,C
Kenda (S) Pte Ltd,108028.2,2,2,84.56,2.55,88.61,129073033756.8863,99.93858313331044,C
TAN TENG CHUAN STEVEN,108000.0,1,1,88.78,3.94,95.85,129073141756.8863,99.93866675547895,C
KEPNER-TREGOE SOUTHEAST ASIA LIMITED,108000.0,1,1,94.88,5.0,78.6,129073249756.8863,99.93875037764745,C
KAVEMAN PTE. LTD.,108000.0,2,1,89.65,4.02,73.6,129073357756.8863,99.93883399981596,C
MAXXMEDIA INTERNATIONAL PTE. LTD.,107840.0,1,1,91.07,3.96,97.02,129073465596.8863,99.93891749809977,C
SEMBAWANG FAMILY SERVICE CENTRE,107740.0,1,1,73.66,3.82,58.6,129073573336.8863,99.93900091895564,C
SUN SING NEONSIGNS & ELECTRIC CO PTE LTD,107590.0,1,1,84.68,3.02,74.63,129073680926.8863,99.93908422366962,C
RYCON OPHTHALMIC PTE. LTD.,107520.0,1,1,90.86,3.34,80.76,129073788446.8863,99.93916747418406,C
MS11 ENGINEERING PTE. LTD.,107474.0,1,1,84.61,4.8,67.46,129073895920.8863,99.93925068908163,C
RJ CONSULTANTS PTE LTD,107380.0,1,1,83.31,3.3,73.98,129074003300.8863,99.93933383119695,C
NEEW PTE. LTD.,107318.5,2,1,80.04,4.08,77.34,129074110619.3863,99.93941692569408,C
SHANGRI-LA HOTEL (KL) SDN. BHD,107061.99,1,1,93.62,4.75,75.45,129074217681.37631,99.93949982158082,C
DETEC SECURITY SERVICES PTE. LTD.,107040.0,2,1,85.47,3.56,77.93,129074324721.37631,99.93958270044116,C
YEE CONSTRUCTION AND RENOVATION PTE. LTD.,107000.0,1,1,94.06,4.47,72.28,129074431721.37631,99.93966554833034,C
ONE CREATION (PTE. LTD.),106925.0,1,1,96.72,4.04,85.47,129074538646.37631,99.93974833814855,C
PRINT-IQ SINGAPORE PTE. LTD.,106858.56,1,1,89.29,4.62,65.7,129074645504.93631,99.93983107652366,C
DATAPOWER SYSTEM PTE. LTD.,106792.0,2,2,93.8,4.87,79.14,129074752296.93631,99.93991376336272,C
WAKILI PTE. LTD.,106765.2,4,3,89.83,4.67,77.68,129074859062.1363,99.9399964294511,C
SYMBOLITE ASIA PTE. LTD.,106518.0,4,4,98.29,4.15,85.45,129074965580.1363,99.94007890413762,C
NORYOUS BIRDS & WILDLIFE SERVICES,106507.36,2,1,90.23,3.03,75.04,129075072087.4963,99.94016137058581,C
VISION ELEVATOR COMPONENTS & SOLUTIONS PROVIDER PTE. LTD.,106200.0,1,1,93.06,4.49,86.8,129075178287.4963,99.94024359905151,C
CARREY HILL EVENTS PTE. LTD.,106088.0,1,1,99.77,4.7,77.18,129075284375.4963,99.94032574079792,C
KNOWLEDGEHUT SOLUTIONS PTE. LTD.,106000.0,2,2,81.23,4.43,92.49,129075390375.4963,99.94040781440775,C
RAYDENT SUPPLIES PTE. LTD.,106000.0,1,1,86.7,3.98,83.38,129075496375.4963,99.94048988801758,C
ENGINEERING LABORATORY ELECTRONICS (S) PTE. LTD.,105985.0,1,1,96.38,4.33,63.24,129075602360.4963,99.94057195001322,C
URECON AUTOMATION PTE. LTD.,105850.0,1,1,81.64,4.25,82.65,129075708210.4963,99.94065390748116,C
"Jinjiang Branch of Chengdu Yanlord Property Management Co.,Ltd",105655.68,1,1,90.89,4.04,66.65,129075813866.1763,99.94073571449111,C
SAY GUAN TRANSPORT SERVICES,105600.0,1,1,86.18,3.71,86.64,129075919466.1763,99.9408174783892,C
ANONYMOUS PRODUCTION,105500.0,1,1,80.74,3.08,76.29,129076024966.1763,99.94089916485937,C
ARTEX FURNISHINGS PRIVATE LIMITED,105427.0,1,1,86.99,3.95,67.21,129076130393.1763,99.94098079480715,C
GIGATECH ENGINEERING SDN BHD,105325.92,1,1,74.96,4.38,74.31,129076235719.0963,99.94106234649075,C
DT CONSTRUCTION GROUP PTE. LTD.,105250.0,1,1,100.0,4.22,76.42,129076340969.0963,99.94114383939107,C
IN THE WILD CREATIVE LLP,105186.42,2,2,93.88,3.7,84.61,129076446155.5163,99.94122528306274,C
ROBE LIGHTING ASIA PACIFIC PTE. LTD.,105005.0,1,1,86.52,3.65,78.25,129076551160.5163,99.94130658626462,C
MHI TRAINING MASTER,105000.0,1,1,87.71,3.98,65.35,129076656160.5163,99.9413878855951,C
Maxtrans Technology Pte Ltd,104837.5,1,1,100.0,4.36,74.23,129076760998.0163,99.9414690591052,C
NET ONE ASIA PTE. LTD.,104830.0,1,1,85.05,4.37,73.17,129076865828.0163,99.9415502268082,C
AIRBUS ASIA TRAINING CENTRE PTE. LTD.,104800.0,1,1,82.25,3.92,85.18,129076970628.0163,99.94163137128284,C
A-TEC AUTOMOTIVE PTE. LTD.,104652.0,1,1,88.73,4.03,71.1,129077075280.0163,99.94171240116412,C
iMotions A/S,104588.67,1,1,93.54,4.31,77.46,129077179868.6863,99.94179338201029,C
NIKON SINGAPORE PTE. LTD.,104023.0,2,2,90.18,4.38,82.74,129077283891.6863,99.94187392486987,C
AIR TRANSPORT TRAINING COLLEGE PTE LTD,104000.0,1,1,76.42,4.48,67.59,129077387891.6863,99.94195444992103,C
BIO-LOGIC SCIENCE INSTRUMENTS SG PTE. LTD.,103920.69,1,1,84.05,4.7,74.46,129077491812.3763,99.94203491356409,C
TISSUE SOLUTIONS LIMITED,103878.28,1,1,85.6,3.85,84.98,129077595690.6563,99.94211534436995,C
ISAGE COMMUNICATIONS PTE. LTD.,103870.0,1,1,81.74,2.74,91.9,129077699560.6563,99.94219576876479,C
"AXCELIS TECHNOLOGIES, PTE. LTD.",103845.91,1,1,79.02,2.82,70.67,129077803406.5663,99.94227617450726,C
PALFINGER ASIA PACIFIC PTE. LTD.,103593.0,1,1,85.39,4.58,80.82,129077906999.5663,99.94235638442672,C
ELTRON ENGINEERING PTE. LTD.,103535.0,1,1,86.75,4.77,75.33,129078010534.5663,99.94243654943797,C
CRESCENTRATING PTE. LTD.,103260.0,1,1,73.57,3.19,79.8,129078113794.5663,99.94251650152242,C
ARTS WAVE,103230.0,1,1,94.59,5.0,71.84,129078217024.5663,99.94259643037849,C
KIM HENG MARINE & OILFIELD PTE LTD,103200.0,2,2,89.66,3.86,91.84,129078320224.5663,99.94267633600616,C
A2LA WorkPlace Training,103080.24,1,1,81.53,4.49,86.49,129078423304.8063,99.94275614890616,C
UNION MARKETING & INDUSTRIES PTE LTD,103045.0,2,2,83.48,3.19,96.17,129078526349.8063,99.94283593452055,C
TREKKERS PTE. LTD.,102904.0,1,1,86.45,4.4,73.05,129078629253.8063,99.94291561096155,C
DISCOVERX CORPORATION,102883.22,1,1,67.5,4.3,76.88,129078732137.0263,99.94299527131302,C
AGAIN FASTER SG PTE. LTD.,102810.46,1,1,82.46,3.92,66.4,129078834947.48631,99.94307487532794,C
BINWANI S ENTERPRISES,102580.0,1,1,87.62,4.45,75.33,129078937527.48631,99.94315430090242,C
OBJECTIFS PTE. LTD.,102500.0,1,1,84.82,3.07,94.16,129079040027.48631,99.94323366453457,C
"Lao Cleaning Service Co., Ltd",102314.88,1,1,98.09,4.33,86.59,129079142342.36632,99.94331288483214,C
"DESIGN SCIENCES, INCORPORATED",102182.0,1,1,86.93,2.85,71.49,129079244524.36632,99.94339200224344,C
FINMARK LASER PTE. LTD.,102160.0,1,1,92.66,2.79,65.6,129079346684.36632,99.94347110262062,C
EP-TEC SOLUTIONS PTE LTD,102110.0,10,4,82.48,5.0,61.32,129079448794.36632,99.94355016428382,C
WANG YINGZHAO,102000.0,1,1,81.99,4.33,86.67,129079550794.36632,99.9436291407763,C
CONSEN INTERNATIONAL OPERATIONS PTE. LTD.,101880.0,1,1,75.07,4.42,77.09,129079652674.36632,99.94370802435526,C
CHAN POH GEOK,101750.0,1,1,91.36,4.89,67.83,129079754424.36632,99.9437868072779,C
RFNET TECHNOLOGIES PTE LTD,101704.0,3,2,99.12,4.88,86.73,129079856128.36632,99.9438655545837,C
How Jasen,101500.0,2,1,83.73,3.43,64.77,129079957628.36632,99.94394414393652,C
"LLC ""Kaskad-Holding""",101440.0,1,1,94.98,3.84,73.75,129080059068.36632,99.94402268683255,C
Jurong Districentre Pte Ltd,101376.0,1,1,66.36,4.43,86.33,129080160444.36632,99.94410118017473,C
TAN MARINE ENGINEERING WORK,101220.0,1,1,87.12,3.76,90.32,129080261664.36632,99.94417955272932,C
TURNER & TOWNSEND PTE. LIMITED,101071.83,1,1,88.68,2.76,80.94,129080362736.19632,99.94425781055895,C
JURONG DISTRICENTRE PTE LTD,101016.0,1,1,79.6,5.0,74.23,129080463752.19632,99.94433602516057,C
THE WALSHE GROUP PTY LTD,100996.49,1,1,99.48,4.06,92.17,129080564748.68633,99.94441422465599,C
Fortiz Power Engineering Pte Ltd,100920.0,1,1,100.0,4.87,93.61,129080665668.68633,99.94449236492677,C
MERCEDES-BENZ TAIWAN LTD.,100817.2,1,1,84.25,4.48,69.29,129080766485.88632,99.94457042560165,C
NETASSIST SERVICES PTE LTD,100800.0,1,1,80.66,4.27,76.63,129080867285.88632,99.94464847295892,C
HENDERSON SECURITY SERVICES PTE. LTD.,100800.0,1,1,89.83,4.15,87.43,129080968085.88632,99.9447265203162,C
Dan Impact Pte Ltd,100580.0,1,1,90.13,4.88,78.22,129081068665.88632,99.944804397332,C
VM EDUCATION PTE. LTD.,100296.0,1,1,84.43,3.69,67.47,129081168961.88632,99.9448820544525,C
SKE ALLIANCE SDN. BHD.,100084.79,2,1,77.42,4.75,78.85,129081269046.67632,99.94495954803743,C
Spencer Stuart & Associates (S) Pte Ltd,100001.0,2,2,84.36,4.41,77.03,129081369047.67632,99.94503697674551,C
Effective Engineering Pte Ltd,100000.0,1,1,81.6,3.55,44.65,129081469047.67632,99.94511440467933,C
LIONG KIT YENG,100000.0,2,1,94.11,4.79,91.39,129081569047.67632,99.94519183261312,C
SPLASH ENTERTAINMENT PTE. LTD.,100000.0,1,1,98.83,3.4,74.69,129081669047.67632,99.94526926054692,C
OME TECH PTE. LTD.,100000.0,1,1,86.22,4.44,71.93,129081769047.67632,99.94534668848073,C
THE CPL DIGITAL ENTERTAINMENT PTE. LTD.,100000.0,1,1,90.9,3.98,87.95,129081869047.67632,99.94542411641453,C
EXTRAORDINARY PEOPLE LIMITED,100000.0,1,1,88.31,3.7,76.78,129081969047.67632,99.94550154434833,C
EFFECTIVE ENGINEERING PTE LTD,100000.0,1,1,100.0,4.01,70.33,129082069047.67632,99.94557897228214,C
XPLICO APS,100000.0,1,1,81.08,2.91,65.69,129082169047.67632,99.94565640021594,C
HISTOINDEX PTE. LTD.,100000.0,1,1,90.7,4.14,81.13,129082269047.67632,99.94573382814974,C
SEYU PTE. LTD.,100000.0,1,1,81.17,4.35,64.62,129082369047.67632,99.94581125608354,C
Kyo Ei denko Pte Ltd,100000.0,1,1,86.42,4.16,65.39,129082469047.67632,99.94588868401733,C
JASON LIONG ARCHITECTS,100000.0,1,1,79.22,4.02,77.18,129082569047.67632,99.94596611195115,C
SPENCER STUART & ASSOCIATES (SINGAPORE) PTE LTD,100000.0,1,1,94.28,2.59,83.4,129082669047.67632,99.94604353988494,C
THE GYM NATION PTE. LTD.,99994.0,1,1,98.91,4.87,87.56,129082769041.67632,99.94612096317307,C
SILVER ARROWS AUTOMOBILES PVT LTD,99864.71,1,1,75.46,3.08,89.43,129082868906.38632,99.94619828635463,C
BRIEF ACADEMY PTE. LTD.,99600.0,1,1,90.25,3.49,69.75,129082968506.38632,99.9462754045767,C
BEIJING NEW LINK MARKETING CO. LTD (NLM),99575.0,1,1,82.82,3.26,86.22,129083068081.38632,99.94635250344177,C
AIRVERCLEAN PTE LTD,99569.0,1,1,87.85,3.69,84.21,129083167650.38632,99.94642959766118,C
NUVOLA MEDIA PTE. LTD.,99548.0,1,1,97.3,3.71,67.35,129083267198.38632,99.94650667562072,C
INTO E PTE. LTD.,99336.0,2,2,89.16,3.09,89.62,129083366534.38632,99.94658358943305,C
Dynasafe Technologies Pte. Ltd.,99292.0,2,1,82.52,4.09,68.2,129083465826.38632,99.94666046917708,C
KENETICS INNOVATIONS PTE LTD,99288.0,1,1,93.07,4.03,72.61,129083565114.38632,99.94673734582399,C
ELITE INTERPRETERS ASIA PTE. LTD.,99120.0,1,1,91.27,4.57,86.58,129083664234.38632,99.94681409239197,C
POH KEE PRINTING,99000.0,1,1,85.88,4.19,87.75,129083763234.38632,99.94689074604644,C
inco,99000.0,1,1,97.52,4.5,72.54,129083862234.38632,99.94696739970091,C
GREENWICH ASSOCIATES SINGAPORE PTE. LTD.,99000.0,1,1,94.08,3.32,60.45,129083961234.38632,99.94704405335536,C
M.A.N ARCHITECTS LLP,99000.0,2,2,99.86,4.43,91.49,129084060234.38632,99.94712070700983,C
ARTILIGENT PTE. LTD.,98945.05,2,1,74.46,4.47,48.05,129084159179.43633,99.94719731811765,C
Assurich Industries Pte Ltd,98696.0,2,2,97.56,3.22,73.09,129084257875.43633,99.94727373639118,C
ALSALE HOLDINGS PTE. LTD,98660.0,1,1,88.59,4.44,62.57,129084356535.43633,99.94735012679068,C
SHIMIZU BUIL LIFE CARE CORPORATION SINGAPORE BRANCH,98635.0,1,1,82.38,4.37,81.11,129084455170.43633,99.94742649783318,C
FOLIAGE LANDSCAPE SERVICES SDN BHD,98631.0,1,1,79.53,4.54,66.95,129084553801.43633,99.94750286577857,C
IRADAR SDN. BHD.,98508.72,2,1,98.43,3.8,69.21,129084652310.15633,99.94757913904509,C
COWI A/S,98499.0,1,1,94.08,3.98,87.96,129084750809.15633,99.94765540478559,C
AUREUS CONSULTING PTE. LTD.,98402.0,3,1,92.97,3.38,87.29,129084849211.15633,99.94773159542102,C
THE CREATIVE ROOM PTE. LTD.,98250.0,1,1,74.23,3.78,77.99,129084947461.15633,99.94780766836598,C
GARAGE DE I'ATHENEE - ANDRE CHEVALLEY SA,98222.75,1,1,87.75,4.76,73.22,129085045683.90633,99.94788372021183,C
NETATECH ENGINEERING PTE. LTD.,98200.0,1,1,100.0,5.0,64.72,129085143883.90633,99.94795975444282,C
SINOPEC LUBRICANT (SINGAPORE) PTE. LTD.,98120.0,1,1,91.81,3.09,75.93,129085242003.90633,99.94803572673146,C
THE FAMILY MOVERS (SINGAPORE) PTE. LTD.,98100.0,2,2,87.75,3.58,87.3,129085340103.90633,99.94811168353452,C
Vision Security Technologies Pte Ltd,98080.0,1,1,80.28,3.69,87.23,129085438183.90633,99.948187624852,C
OMC INTERNATIONAL PTY. LTD.,98000.0,1,1,83.67,3.8,84.31,129085536183.90633,99.94826350422713,C
CAMBRIAN ENGINEERING CORPORATION PTE LTD,98000.0,1,1,92.8,3.63,82.76,129085634183.90633,99.94833938360225,C
CABLES & UTILITIES DETECTION SERVICES PTE LTD,98000.0,1,1,88.23,3.34,72.65,129085732183.90633,99.94841526297738,C
JESTAC PTE. LTD.,97956.8,2,2,93.68,4.11,76.19,129085830140.70633,99.94849110890364,C
NORYANISMAYUS ENTERPRISE,97840.26,1,1,93.57,4.21,80.93,129085927980.96632,99.94856686459538,C
FERMAX ASIA PACIFIC PTE. LTD.,97800.0,1,1,79.26,3.63,58.61,129086025780.96632,99.94864258911463,C
AC&CS (PTE.) LTD.,97700.0,1,1,76.79,4.86,88.37,129086123480.96632,99.94871823620596,C
SPORTS RECRUITMENT INTERNATIONAL PTE. LTD.,97500.0,1,1,91.24,3.81,72.05,129086220980.96632,99.94879372844142,C
COMFORT DESIGN PTE. LTD.,97357.35,2,2,92.69,4.72,77.03,129086318338.31633,99.94886911022593,C
PASTRY MART PTE LTD,97320.5,6,3,74.16,4.19,87.75,129086415658.81633,99.94894446347826,C
V-KOOL INTERNATIONAL PTE. LTD.,97275.0,1,1,89.33,3.97,76.12,129086512933.81633,99.94901978150085,C
INSCAPE LIMITED,97206.89,1,1,88.59,4.43,81.96,129086610140.70633,99.94909504678729,C
KORN FERRY (SG) PTE. LTD.,97201.0,3,3,68.86,3.63,84.71,129086707341.70633,99.94917030751323,C
ISA TECHNOLOGY PTE LTD,97200.0,1,1,84.02,4.51,87.91,129086804541.70633,99.94924556746489,C
TRENDS HOME ELECTRICAL PTE. LTD.,97200.0,1,1,85.84,3.62,95.9,129086901741.70633,99.94932082741654,C
S B TAN & CO,97185.0,1,1,84.5,3.86,82.35,129086998926.70633,99.94939607575401,C
PT. TOYOTA-ASTRA MOTOR,97104.0,1,1,100.0,4.13,76.78,129087096030.70633,99.94947126137484,C
CAPTURED PTE. LTD.,97090.0,2,1,94.07,3.86,81.41,129087193120.70633,99.94954643615577,C
DUTHANE INDUSTRIAL SERVICES PTE LTD,97056.0,1,1,91.41,3.77,74.61,129087290176.70633,99.94962158461121,C
BLUE SPEED CONSTRUCTION PTE LTD,97000.0,1,1,89.2,4.03,80.87,129087387176.70633,99.949696689707,C
BIREME GROUP PTE. LTD.,96875.0,1,1,89.91,3.73,75.11,129087484051.70633,99.94977169801787,C
SHENAZ TRADING PTE LTD,96740.0,1,1,82.78,4.09,80.24,129087580791.70633,99.94984660180101,C
TRUSTED LABS,96500.0,1,1,85.17,4.11,77.51,129087677291.70633,99.94992131975714,C
MONEYTREE SINGAPORE PTE. LTD.,96470.0,3,2,90.47,3.81,53.76,129087773761.70633,99.94999601448488,C
OHBOY! PICTURES PTE. LTD.,96460.0,1,1,81.83,4.75,84.26,129087870221.70633,99.95007070146981,C
INSTANT REPLAY PRODUCTIONS PTE LTD,96430.0,2,1,92.82,5.0,73.81,129087966651.70633,99.95014536522639,C
SCHULKE & MAYR (ASIA) PTE LTD,96294.0,1,1,100.0,5.0,75.86,129088062945.70633,99.95021992368096,C
LOWE REFRIGERATION PTE. LTD.,96168.66,1,1,94.65,4.12,76.42,129088159114.36633,99.95029438508737,C
THEKNOWLEDGE-LAB PTE. LTD.,96001.5,1,1,84.46,4.37,65.13,129088255115.86633,99.95036871706525,C
ECO2 BUILDER PTE. LTD.,96000.0,1,1,99.38,3.28,71.87,129088351115.86633,99.95044304788169,C
YONG FONG AUTOGATE PTE. LTD.,96000.0,1,1,82.93,3.67,65.92,129088447115.86633,99.95051737869814,C
INFO LAB PTE. LTD.,96000.0,1,1,87.72,4.72,78.69,129088543115.86633,99.9505917095146,C
MULTIVAC PTE. LTD.,95900.0,1,1,82.12,3.96,83.99,129088639015.86633,99.9506659629031,C
Myanmar Jardine Schindler Ltd,95739.57,1,1,87.68,3.81,66.34,129088734755.43634,99.95074009207399,C
ROCKCOMMS PTE. LTD.,95725.0,1,1,98.45,4.27,77.6,129088830480.43634,99.95081420996362,C
ArchVille Architects,95606.25,2,2,89.53,3.62,94.46,129088926086.68634,99.95088823590758,C
GEOSCAN PTE LTD,95500.0,1,1,95.01,4.21,54.55,129089021586.68634,99.95096217958435,C
DECISION COMMUNICATIONS PTE LTD,95439.4,1,1,89.47,3.57,83.91,129089117026.08633,99.9510360763398,C
SOON HENG TABLES & CHAIRS SERVICE,95421.35,1,1,73.97,4.45,81.43,129089212447.43634,99.95110995911952,C
"RITEC, INC.",95345.51,1,1,93.43,4.46,74.08,129089307792.94633,99.95118378317788,C
VIVAMUI PTE. LTD.,95150.82,1,1,100.0,4.16,84.86,129089402943.76634,99.95125745649182,C
VISIONS AV PTE. LTD.,95000.0,1,1,84.72,3.77,80.66,129089497943.76634,99.95133101302892,C
MEDIA CONSTRUCTION GROUP (SINGAPORE) PTE. LTD.,94870.0,1,1,71.28,3.55,91.35,129089592813.76634,99.95140446890971,C
KONG SHIANG ENGINEERING,94800.0,1,1,78.99,3.4,76.39,129089687613.76634,99.95147787059096,C
LIAN MONG INTERNATIONAL SDN. BHD.,94535.0,2,1,77.33,5.0,78.26,129089782148.76634,99.95155106708819,C
The Regent Singapore,94217.1,7,3,90.3,3.72,69.15,129089876365.86635,99.95162401744201,C
LIAN SENG HUAT WORKSHOP,94125.57,3,1,97.51,4.37,89.47,129089970491.43636,99.95169689692605,C
ALKEM COMPANY (SINGAPORE) PRIVATE LIMITED,93877.35,10,6,100.0,4.5,88.48,129090064368.78636,99.95176958421847,C
JAVY SPORTS PTE. LTD.,93784.0,1,1,97.54,3.83,72.16,129090158152.78636,99.9518421992319,C
OMNIRECS UG,93725.5,1,1,100.0,3.75,87.45,129090251878.28636,99.95191476895,C
LONDONBOB DESIGN,93700.0,1,1,83.23,3.73,71.76,129090345578.28636,99.95198731892397,C
TAN JUN LIANG,93600.0,1,1,92.59,4.85,70.24,129090439178.28636,99.95205979147,C
APLUSI ASIA PTE. LTD.,93538.0,1,1,81.62,3.78,81.54,129090532716.28636,99.95213221601072,C
DIW PTE. LTD.,93460.0,1,1,92.38,4.03,86.8,129090626176.28636,99.95220458015766,C
VOYAGE MONDAINE PTE. LTD.,93421.0,1,1,95.74,3.56,89.34,129090719597.28636,99.9522769141077,C
THE MEANS LTD,93275.0,1,1,90.04,3.69,79.33,129090812872.28636,99.95234913501295,C
AVIATION PARTNER AND CONSULTING PTE. LTD.,93240.0,1,1,98.05,3.05,81.7,129090906112.28636,99.95242132881843,C
TUBE MARKETING COMPANY LIMITED,93150.0,1,1,77.28,4.21,91.27,129090999262.28636,99.95249345293877,C
T.E.M. TECHNILIFT,93052.94,1,1,90.45,4.26,67.53,129091092315.22636,99.95256550190756,C
Achema Pte Ltd,93004.32,12,6,82.15,4.69,78.75,129091185319.54637,99.95263751323088,C
AZEUS SYSTEMS LIMITED,93000.0,1,1,100.0,3.37,68.57,129091278319.54637,99.95270952120931,C
UPNEXTLAB PTE. LTD.,92811.0,1,1,88.27,5.0,74.75,129091371130.54637,99.95278138284895,C
GENIUS X PLAY EDUCATION CENTRE,92700.0,1,1,93.48,4.23,80.8,129091463830.54637,99.95285315854359,C
Active 8 Pte Ltd,92689.0,1,1,100.0,4.54,94.0,129091556519.54637,99.95292492572115,C
SPECTRUM MANAGEMENT CONSULTING PTE. LTD.,92601.0,3,3,96.59,5.0,95.63,129091649120.54637,99.95299662476212,C
REVSOLUTION SDN. BHD.,92573.25,1,1,84.91,4.01,78.28,129091741693.79637,99.95306830231686,C
FIT TRANSPORT SYSTEMS PTE. LTD.,92400.0,1,1,79.87,4.19,78.32,129091834093.79637,99.95313984572769,C
PT TOYOTA ASTRA MOTOR,92317.32,1,1,89.92,5.0,70.91,129091926411.11638,99.95321132512112,C
DELCON TRADING,92290.51,1,1,92.04,4.1,74.44,129092018701.62637,99.9532827837561,C
AUTO HANGAR (INDIA) PVT LTD,92147.34,1,1,89.42,4.44,75.76,129092110848.96637,99.95335413153751,C
SESCO ART & CRAFTS PTE. LTD.,92110.0,1,1,84.82,3.99,86.5,129092202958.96637,99.95342545040732,C
ALSCO PTE. LTD.,92097.0,1,1,100.0,5.0,76.18,129092295055.96637,99.95349675921152,C
SENTEURS DE PROVENCE PTE. LTD.,92000.0,1,1,81.7,4.35,81.03,129092387055.96637,99.95356799291064,C
WBL ENGINEERING & DISTRIBUTION PTE. LTD.,92000.0,1,1,95.56,4.19,83.13,129092479055.96637,99.95363922660972,C
ORISSA INTERNATIONAL PTE. LTD.,92000.0,1,1,83.11,4.55,79.96,129092571055.96637,99.95371046030883,C
EDUHUB INVESTMENT PTE. LTD.,91985.0,1,1,94.71,3.65,68.64,129092663040.96637,99.95378168239372,C
IPA SINGAPORE PTE. LTD.,91776.0,1,1,88.83,3.77,70.16,129092754816.96637,99.95385274265426,C
PACIFIC CENTURY CONSULTING PTE LTD,91660.0,1,1,91.67,3.98,82.74,129092846476.96637,99.95392371309838,C
JURUTERA OMC,91580.0,1,1,100.0,5.0,73.52,129092938056.96637,99.95399462160015,C
STRENGTHS COACHING ASIA LLP,91500.0,2,2,92.72,3.51,87.34,129093029556.96637,99.95406546815958,C
NEWAY TABLE TENNIS PTE. LTD.,91500.0,1,1,83.94,4.78,84.84,129093121056.96637,99.95413631471901,C
EASTIM OCEAN TRADING PTE. LTD.,91500.0,1,1,97.54,3.69,83.93,129093212556.96637,99.95420716127845,C
OCEAN BUTTERFLIES MUSIC PTE. LTD.,91484.0,1,1,88.05,3.87,65.6,129093304040.96637,99.9542779954494,C
VPLAN SOLUTION,91254.6,1,1,92.36,4.36,73.19,129093395295.56638,99.95434865200068,C
PESTICIDE PEST CONTROL PTE LTD,91224.0,1,1,88.34,3.24,65.41,129093486519.56638,99.95441928485901,C
"1LIGHT MEDIA, INC",91180.0,1,1,72.69,2.92,64.87,129093577699.56638,99.95448988364906,C
UNISON COLLABORATIVE PTE. LTD.,91113.46,5,4,75.0,3.22,69.34,129093668813.02638,99.95456043091855,C
JIT SHENG PROVISION TRADING PTE. LTD.,90863.8,4,3,92.39,4.8,81.25,129093759676.82639,99.95463078488147,C
DHL GLOBAL FORWARDING (SINGAPORE) PTE. LTD.,90850.0,1,1,84.37,3.98,65.99,129093850526.82639,99.95470112815933,C
MEMS SOLUTIONS PTE. LTD.,90800.0,1,1,79.6,4.22,93.53,129093941326.82639,99.95477143272322,C
JIM COLEMAN CADILLAC,90614.43,1,1,92.69,3.58,83.1,129094031941.25638,99.95484159360409,C
ART VESSELS,90420.0,1,1,98.76,3.81,84.65,129094122361.25638,99.95491160394184,C
FLEXIM INSTRUMENTS ASIA PTE. LTD.,90388.32,1,1,81.45,3.81,67.36,129094212749.57639,99.95498158975042,C
WEE SWEE TEOW LLP,90250.0,2,2,96.26,4.52,76.04,129094302999.57639,99.95505146846067,C
INTERNATIONAL TYPESETTERS PTE LTD,90056.0,3,1,92.66,4.13,83.63,129094393055.57639,99.95512119696073,C
MLJ DENTAL TRADING PTE. LTD.,90025.7,8,2,100.0,3.69,92.17,129094483081.27638,99.95519090200014,C
FOMA ARCHITECTS LLP,90013.3,2,2,99.85,4.95,71.19,129094573094.57639,99.95526059743847,C
MARBLEARCH INVESTMENT HOLDINGS PTE. LTD.,90000.0,1,1,90.86,4.32,73.92,129094663094.57639,99.95533028257888,C
MALAYSIA DAIRY INDUSTRIES PRIVATE LIMITED,90000.0,1,1,98.18,4.36,74.48,129094753094.57639,99.95539996771932,C
KINGMAKER CONSULTANCY PTE. LTD.,90000.0,1,1,66.95,4.86,73.54,129094843094.57639,99.95546965285975,C
SESTO ROBOTICS PTE. LTD.,90000.0,1,1,87.67,4.12,73.29,129094933094.57639,99.95553933800015,C
MOTHERS AND SONS,89984.0,1,1,86.82,4.18,90.04,129095023078.57639,99.95560901075211,C
Fluke South East Asia Pte Ltd,89960.0,1,1,86.05,3.9,60.56,129095113038.57639,99.95567866492135,C
BEIJING HUA CHUANG ZHI YUAN KE JI YOU XIAN GONG SI,89920.8,1,1,95.4,3.68,71.54,129095202959.37639,99.95574828873886,C
IPTEC PTE. LTD.,89900.0,1,1,94.59,4.0,79.04,129095292859.37639,99.95581789645135,C
MAXIMA ENGINEERING SERVICES,89800.0,1,1,93.78,4.2,83.65,129095382659.37639,99.9558874267359,C
ALY ENERGY SINGAPORE PTE. LTD.,89800.0,1,1,79.53,5.0,67.68,129095472459.37639,99.95595695702045,C
GLOBAL REACH ENERGY SDN. BHD.,89609.58,2,1,89.6,5.0,70.14,129095562068.95639,99.95602633986674,C
NEWDVR (S) PTE. LTD.,89609.02,1,1,100.0,4.99,79.12,129095651677.9764,99.95609572227943,C
Diaz Engenharia e Consultoria Ltda,89582.19,1,1,82.82,3.87,82.47,129095741260.1664,99.95616508391821,C
4N LIMITED,89472.0,1,1,89.57,5.0,62.4,129095830732.1664,99.95623436023912,C
GINGEL INTERNATIONAL (PTE.) LIMITED,89440.0,1,1,100.0,3.53,89.77,129095920172.1664,99.95630361178313,C
SINO-GLOBAL TRAVEL PTE. LTD.,89375.0,1,1,91.5,4.63,89.17,129096009547.1664,99.95637281299896,C
AON SOLUTIONS SINGAPORE PTE. LTD.,89201.0,2,2,93.11,4.5,99.27,129096098748.1664,99.95644187949019,C
WORMWOOD FILMS PTE. LTD.,89200.0,1,1,90.09,3.52,75.32,129096187948.1664,99.95651094520714,C
EUNIQUE PHYSIOTHERAPY,89080.0,1,1,77.19,3.4,63.64,129096277028.1664,99.95657991801056,C
"SIMULATION SOLUTIONS, INC.",88900.0,1,1,100.0,3.71,70.77,129096365928.1664,99.95664875144372,C
Dilys Tan Tse Xuan,88870.0,1,1,82.81,4.29,67.25,129096454798.1664,99.95671756164849,C
Koh Ai Lin Avelina,88870.0,1,1,80.21,4.78,68.9,129096543668.1664,99.95678637185325,C
CHUA KOK HUA,88870.0,1,1,89.6,4.5,83.66,129096632538.1664,99.95685518205804,C
YING LI HUNG,88870.0,1,1,85.89,4.31,77.81,129096721408.1664,99.9569239922628,C
LOH SIEW NGIAP,88870.0,1,1,78.17,4.45,83.39,129096810278.1664,99.95699280246757,C
CHAN WENG KIONG,88870.0,1,1,84.5,5.0,84.01,129096899148.1664,99.95706161267233,C
MOHINDER SINGH S/O SADU SINGH,88870.0,1,1,76.89,4.36,68.8,129096988018.1664,99.9571304228771,C
ANNIE ANG SAH SAH,88870.0,1,1,86.09,3.84,83.25,129097076888.1664,99.95719923308188,C
TAN SIN BOO,88870.0,1,1,97.44,4.72,72.84,129097165758.1664,99.95726804328665,C
REHANA BEGUM BTE S NADER ELLEY,88870.0,1,1,98.96,3.08,89.15,129097254628.1664,99.95733685349141,C
ONG PANG KAY,88870.0,1,1,100.0,3.96,72.62,129097343498.1664,99.95740566369619,C
DAVAMONI JOYCE BEAULA JANAKY D/O A D,88870.0,1,1,93.67,3.93,72.62,129097432368.1664,99.95747447390096,C
Toh Keng Hoe,88870.0,1,1,98.82,3.63,72.05,129097521238.1664,99.95754328410572,C
Kow Yuen Ting,88870.0,1,1,82.96,2.89,78.58,129097610108.1664,99.9576120943105,C
EUROMOBIL SDN BHD,88797.0,1,1,90.62,4.31,78.88,129097698905.1664,99.95768084799288,C
LOTEK WIRELESS INC.,88643.53,1,1,86.23,4.12,88.92,129097787548.6964,99.95774948284661,C
LEE SPRING PTE. LTD.,88600.0,1,1,96.58,4.84,65.48,129097876148.6964,99.95781808399596,C
ASCENDZE PTE. LTD.,88600.0,1,1,85.85,4.22,97.8,129097964748.6964,99.9578866851453,C
VANDTECH SYSTEMS SDN.BHD.,88300.8,1,1,80.89,4.81,87.55,129098053049.4964,99.95795505463028,C
OLIVER HO & ASSOCIATES,88003.0,2,2,83.1,3.53,79.43,129098141052.4964,99.95802319353486,C
HYDAC TECHNOLOGY PTE LTD,88000.0,1,1,87.27,4.01,89.05,129098229052.4964,99.9580913301166,C
CLEAN SLATE CONSULTING PTE. LTD.,88000.0,2,1,80.36,4.01,75.25,129098317052.4964,99.95815946669835,C
BW FURNITURE PTE. LTD.,87768.0,1,1,86.37,4.93,64.07,129098404820.4964,99.95822742364729,C
VOLKSWAGEN GROUP SAUDI ARABIA LLC,87759.14,1,1,93.13,4.16,82.26,129098492579.6364,99.9582953737361,C
Cleaning Service Lao Co. Ltd,87696.0,1,1,83.66,4.64,88.56,129098580275.6364,99.95836327493693,C
WORLD FUEL SERVICES (SINGAPORE) PTE LTD,87623.73999999999,3,1,74.35,4.47,92.31,129098667899.3764,99.95843112018834,C
Cornerstone Community Services,87600.0,2,2,100.0,4.47,82.05,129098755499.3764,99.95849894705835,C
Shanghai Jiexin Integrated Intelligence System Ltd.,87555.0,1,1,81.8,3.52,74.14,129098843054.3764,99.9585667390858,C
JIM & HALL'S PTE. LTD.,87446.0,1,1,76.75,3.66,92.34,129098930500.3764,99.95863444671679,C
PRIYA MOVIEBUZZ PTE. LTD.,87420.0,1,1,88.66,3.3,87.74,129099017920.3764,99.95870213421651,C
DIGITRONICS INC,87332.68,1,1,100.0,3.5,64.52,129099105253.0564,99.95876975410617,C
Chia Khim Lee Food Industries Pte Ltd,87258.9,2,2,92.49,5.0,80.67,129099192511.95639,99.95883731686949,C
AIG MALAYSIA INSURANCE BERHAD,87255.94,1,1,87.9,4.25,55.28,129099279767.8964,99.95890487734096,C
ALION SCIENCE AND TECHNOLOGY CORPORATION,87248.61,1,1,81.93,3.08,90.46,129099367016.5064,99.95897243213695,C
O'CONNOR'S SINGAPORE PTE LTD,87117.0,2,2,89.29,4.72,68.51,129099454133.5064,99.95903988503004,C
FRESHDIRECT PTE LTD,87097.0,3,2,84.1,4.08,86.17,129099541230.5064,99.95910732243755,C
LAILA WHITE PTE. LTD.,86988.7,1,1,82.84,3.59,64.71,129099628219.20639,99.9591746759906,C
ASIA CITY ONLINE SINGAPORE PTE. LTD.,86913.0,2,1,96.73,4.61,78.17,129099715132.20639,99.9592419709307,C
Evergy Engineering Sdn Bhd,86803.2,1,1,98.2,4.78,76.75,129099801935.40639,99.95930918085493,C
AIRMAZE CORPORATION PTE. LTD.,86710.9,1,1,94.86,3.96,79.89,129099888646.30638,99.95937631931318,C
ACCORD BUSINESS SOLUTIONS PTE. LTD.,86700.0,3,1,98.46,4.49,84.6,129099975346.30638,99.95944344933177,C
CACTUS,86690.0,1,1,87.93,2.95,94.9,129100062036.30638,99.9595105716076,C
AVIVAR AUDIENCE COMMUNICATIONS PTE. LTD.,86540.0,1,1,96.52,4.35,80.56,129100148576.30638,99.95957757774151,C
MILLION BUS TRANSPORT SERVICES,86400.0,1,1,87.01,4.52,90.7,129100234976.30638,99.95964447547631,C
ASCENDO CONSULTING PTE. LTD.,86400.0,1,1,97.01,4.52,87.12,129100321376.30638,99.9597113732111,C
SOFTECH GLOBAL PTE. LTD.,86400.0,1,1,71.74,4.53,75.66,129100407776.30638,99.95977827094592,C
TUAS TRANSPORT & LOGISTICS PTE. LTD.,86240.0,1,1,87.04,3.78,54.61,129100494016.30638,99.95984504479603,C
LEARN GROW LEAD,86200.0,2,1,89.58,3.31,84.09,129100580216.30638,99.95991178767497,C
SMART SOLUTIONS SOLE CO. LTD,85903.87,1,1,82.34,4.04,72.42,129100666120.17638,99.95997830126656,C
CITIBANK N.A.,85877.0,1,1,100.0,4.6,81.35,129100751997.17638,99.96004479405327,C
MIUVO LIFESTYLE PTE. LTD.,85875.0,1,1,90.44,4.56,85.92,129100837872.17638,99.96011128529142,C
INTERNATIONAL FACILITY ENGINEERING PTE. LTD.,85720.0,1,1,87.15,3.9,69.72,129100923592.17638,99.96017765651628,C
FRANZWOOD ASSOCIATES,85500.0,1,1,84.07,3.64,90.17,129101009092.17638,99.96024385739967,C
BNL WASTE MANAGEMENT PTE. LTD.,85400.0,1,1,91.38,4.3,86.7,129101094492.17638,99.96030998085514,C
Hesed Power Products Sdn Bhd,85346.1,1,1,92.09,4.02,91.46,129101179838.27638,99.96037606257696,C
ART IN BLOOM FLORIST & GIFTS,85257.0,2,2,89.79,5.0,82.44,129101265095.27638,99.96044207531048,C
CRAVEFX PRIVATE LIMITED,85000.0,1,1,93.37,4.4,81.85,129101350095.27638,99.96050788905421,C
Bonucchi e associati srl,85000.0,1,1,97.89,4.32,65.95,129101435095.27638,99.96057370279794,C
ITO SECURITY PTE. LTD.,84741.8,1,1,80.86,4.29,81.78,129101519837.07639,99.96063931662276,C
IMOTIONS PTE. LTD.,84641.0,1,1,82.25,4.06,61.8,129101604478.07639,99.96070485240021,C
MUTECH PTE LTD,84600.0,1,1,93.85,4.38,70.86,129101689078.07639,99.9607703564322,C
ACE-TONE SOLUTIONS,84550.0,4,2,78.47,2.83,77.39,129101773628.07639,99.96083582175022,C
City Architectural Models Studio,84500.0,1,1,93.1,3.94,84.49,129101858128.07639,99.96090124835429,C
THUNDER ROAD PROJECTS,84500.0,1,1,86.28,5.0,89.17,129101942628.07639,99.96096667495836,C
ATLANTIC TRAVEL PTE. LTD.,84436.0,2,2,73.27,3.75,85.5,129102027064.07639,99.96103205200853,C
FORMS N SHAPES PTE. LTD.,84080.0,1,1,89.93,4.45,86.03,129102111144.07639,99.96109715341528,C
NADIZ ENGINEERING & SERVICES SDN. BHD.,84011.95,2,1,83.28,4.46,78.2,129102195156.02638,99.96116220213231,C
HASHMETA PTE. LTD.,84000.0,1,1,80.38,4.09,83.2,129102279156.02638,99.9612272415967,C
NEXUS CREATIVE PTE. LTD.,84000.0,1,1,94.7,4.22,83.75,129102363156.02638,99.9612922810611,C
KWOH YAP CHUANG,84000.0,1,1,77.13,3.12,88.23,129102447156.02638,99.9613573205255,C
MOHAMAD HAIRIL BIN AMIN,84000.0,1,1,98.03,4.91,91.19,129102531156.02638,99.96142235998988,C
UNITECH PTE. LTD.,84000.0,1,1,99.29,4.16,83.14,129102615156.02638,99.96148739945427,C
SPH RADIO PRIVATE LIMITED,84000.0,1,1,73.78,4.08,72.87,129102699156.02638,99.96155243891866,C
RIGHT DIMENSION PRIVATE LIMITED,84000.0,1,1,96.15,3.36,68.01,129102783156.02638,99.96161747838308,C
EKA TRAINING GROUP PTE. LTD.,83990.0,6,5,88.06,4.33,76.4,129102867146.02638,99.96168251010467,C
SUSTAINABLE LIVING LAB PTE. LTD.,83943.3,4,3,88.11,3.73,76.19,129102951089.32639,99.96174750566742,C
TOKYO TOYOPET CO LTD,83889.32,1,1,86.88,4.79,76.74,129103034978.6464,99.96181245943458,C
EFUNITY PTE. LTD.,83631.0,1,1,79.27,4.31,78.48,129103118609.6464,99.9618772131899,C
HALYARD SINGAPORE PTE. LTD.,83490.0,1,1,81.76,4.63,83.32,129103202099.6464,99.96194185777183,C
ADWYN IMPEX PVT LTD,83383.3,1,1,99.53,3.51,67.16,129103285482.9464,99.96200641973816,C
FIELDMEN GENERAL SERVICES CORP.,83338.83,1,1,78.14,3.83,69.97,129103368821.7764,99.96207094727228,C
RASHAKI VENTURE SDN. BHD.,83250.66,2,1,75.74,4.21,78.87,129103452072.4364,99.9621354065382,C
KAH MOTOR COMPANY SDN. BERHAD.,83250.0,1,1,76.67,3.9,83.16,129103535322.4364,99.96219986529309,C
LIU BIN CULTURAL ARTS,83196.0,1,1,83.22,4.78,83.74,129103618518.4364,99.9622642822369,C
OHMYEVENT PTE. LTD.,83150.0,1,1,82.51,3.58,78.29,129103701668.4364,99.96232866356387,C
C & K MANAGEMENT LIMITED,83135.0,1,1,89.07,3.67,80.78,129103784803.4364,99.96239303327663,C
HEW TRANSPORTATION PTE. LTD.,83088.0,1,1,97.49,3.88,86.2,129103867891.4364,99.96245736659826,C
EITA SERVICES PTE LTD,83000.0,2,2,92.01,4.47,75.36,129103950891.4364,99.96252163178332,C
BEPA CONSULTANT INTERNATIONAL,82989.0,3,2,100.0,4.46,68.34,129104033880.4364,99.9625858884513,C
SHELTON (S) PTE LTD,82900.0,1,1,80.82,3.83,88.42,129104116780.4364,99.96265007620842,C
ACEPLAS PTE. LTD.,82800.0,1,1,94.3,3.93,62.25,129104199580.4364,99.96271418653761,C
NEWTEX ASIA PACIFIC PTE LTD,82800.0,1,1,92.05,4.17,73.14,129104282380.4364,99.96277829686679,C
NewGens Pte Ltd,82690.0,1,1,78.06,5.0,85.2,129104365070.4364,99.96284232202525,C
YEW SENG HENG CONSTRUCTION PTE. LTD.,82600.0,1,1,93.93,4.14,80.79,129104447670.4364,99.96290627749858,C
ISOCOM TECHNOLOGY PTE LTD,82500.0,1,1,87.31,3.67,74.34,129104530170.4364,99.96297015554396,C
SURENDRAN S/O RACHANDRAN,82400.0,1,1,84.98,5.0,84.6,129104612570.4364,99.96303395616141,C
Chang Hsiao-Min,82400.0,1,1,92.37,2.96,76.75,129104694970.4364,99.96309775677888,C
Osman Bin Abdul Hamid,82400.0,1,1,80.01,4.21,78.72,129104777370.4364,99.96316155739632,C
SING INTERNATIONAL (S) PTE. LTD.,82373.0,3,2,85.88,4.83,82.87,129104859743.4364,99.96322533710823,C
ZING QUOTIENT LLP,82250.0,1,1,89.09,4.61,85.93,129104941993.4364,99.96328902158378,C
MADSTON BLACK SINGAPORE PTE. LTD.,82200.0,1,1,86.15,4.49,69.79,129105024193.4364,99.96335266734538,C
ASSALAAMU'ALAIKUM ENTERPRISE,82046.0,2,2,88.91,4.47,86.54,129105106239.4364,99.96341619386794,C
CENTRE FOR SENIORS,82000.0,1,1,86.66,3.93,72.09,129105188239.4364,99.96347968477365,C
Antarius IS Pte. Ltd.,81800.0,1,1,90.95,3.18,66.19,129105270039.4364,99.96354302082351,C
APP CONTENT & CONCEPTS PTE. LTD.,81800.0,1,1,92.62,3.48,86.53,129105351839.4364,99.96360635687336,C
ISPL PTE. LTD.,81750.09,1,1,83.6,4.2,66.4,129105433589.5264,99.96366965427892,C
Hach Malaysia Sdn Bhd,81488.14,3,1,100.0,3.64,88.6,129105515077.6664,99.96373274886201,C
THAMARAI TEX,81400.0,2,1,91.76,5.0,75.83,129105596477.6664,99.96379577520013,C
BOUTIQUE NEWCITY PUBLIC COMPANY LIMITED,81350.0,1,1,82.49,3.16,70.75,129105677827.6664,99.96385876282427,C
ITHERA MEDICAL GMBH,81215.0,1,1,78.26,3.63,95.89,129105759042.6664,99.96392164592072,C
INDUSTRIAL & SAFETY EQUIPMENT (PTE) LTD,81090.0,1,1,93.95,4.19,79.58,129105840132.6664,99.96398443223224,C
KHOO TENG HUI MARVIN,81075.0,1,1,100.0,4.28,66.65,129105921207.6664,99.96404720692956,C
DESIGN JUNCTION PTE LTD,81058.2,1,1,90.12,4.93,89.2,129106002265.8664,99.964109968619,C
KEONG INDUSTRIES PTE. LTD.,80750.0,1,1,86.21,3.23,65.05,129106083015.8664,99.96417249167554,C
GLOBAL MARINE SAFETY (SINGAPORE) PTE. LTD.,80500.0,1,1,95.29,3.62,83.75,129106163515.8664,99.96423482116225,C
ALLMASTER PTE. LTD.,80500.0,1,1,82.01,4.06,76.12,129106244015.8664,99.96429715064896,C
BIG 3 MEDIA PTE. LTD.,80440.0,1,1,92.35,4.39,77.09,129106324455.8664,99.96435943367892,C
CREATIVESATWORK PTE. LTD.,80211.0,2,2,96.61,3.85,78.82,129106404666.8664,99.9644215393989,C
HOME OASIS LLP,80114.38,2,1,88.62,4.53,79.29,129106484781.2464,99.96448357030802,C
Riverlife Community Services Limited,80100.0,1,1,80.78,4.16,85.69,129106564881.2464,99.96454559008299,C
TGI OFFICE AUTOMATION,80065.35,1,1,87.68,3.63,64.54,129106644946.5964,99.96460758302919,C
ASEC SECURITY EVENTS COMMAND PTE. LTD.,80000.0,1,1,83.41,3.16,65.73,129106724946.5964,99.96466952537622,C
ACESIAN SUN PTE. LTD.,80000.0,1,1,81.97,3.41,76.71,129106804946.5964,99.96473146772327,C
LLOYD'S REGISTER SINGAPORE PTE. LTD.,79996.0,1,1,85.6,4.81,96.05,129106884942.5964,99.9647934069732,C
CHASEN LOGISTICS SERVICES LIMITED,79950.0,1,1,100.0,4.38,74.93,129106964892.5964,99.96485531060627,C
SINGAPORE EDUMATRIX PTE. LTD.,79920.0,2,1,100.0,4.81,66.24,129107044812.5964,99.96491719101095,C
CHEN-XI IMPEX LLP,79873.0,3,1,93.05,3.86,73.89,129107124685.5964,99.96497903502453,C
LAU YAU SHIONG & CO. PTE. LTD.,79810.4,7,2,89.82,3.82,100.0,129107204495.9964,99.96504083056821,C
GLOBALDATA PTE. LTD.,79700.0,1,1,87.02,4.23,77.95,129107284195.9964,99.96510254063145,C
SH COMMUNICATIONS & TECHNOLOGIES SDN. BHD.,79670.87,2,1,85.24,4.53,67.47,129107363866.8664,99.96516422813993,C
JIAM CONSTRUCTION,79610.5,2,1,80.46,3.18,90.03,129107443477.3664,99.96522586890516,C
NU-HUP TECK PTE. LTD.,79607.0,6,2,74.38,4.26,81.58,129107523084.3664,99.96528750696042,C
Hazel Florist & Gifts Pte Ltd,79603.0,3,3,91.97,4.64,75.54,129107602687.3664,99.96534914191857,C
OUTDOOR SPECIALIST PTE. LTD.,79500.0,1,1,100.0,5.0,80.38,129107682187.3664,99.96541069712595,C
COGITO SOLUTIONS PTE. LTD.,79140.0,1,1,80.62,3.34,86.39,129107761327.3664,99.96547197359276,C
RONGDA PACIFIC PTE. LTD.,79000.0,1,1,80.59,4.88,96.47,129107840327.3664,99.96553314166046,C
LUCAS & BUILDERS PTE LTD,79000.0,1,1,70.63,5.0,95.76,129107919327.3664,99.96559430972816,C
THE EXPERIENCES FIRM PTE. LTD.,78951.0,2,2,70.78,5.0,78.54,129107998278.3664,99.96565543985618,C
AARDWOLF PESTKARE (SINGAPORE) PTE LTD,78680.0,1,1,88.78,4.27,96.67,129108076958.3664,99.96571636015449,C
SGP MANAGERS & ENGINEERS PTE. LTD.,78663.14,1,1,96.85,4.27,74.04,129108155621.5064,99.96577726739847,C
PLUG + PLAY PRODUCTIONS PTE. LTD.,78620.0,1,1,86.15,4.44,80.54,129108234241.5064,99.96583814124,C
FUN ACTIVITIES PTE. LTD.,78600.0,1,1,100.0,3.27,91.27,129108312841.5064,99.96589899959598,C
LIQUIDLAB COMMUNICATIONS PTE. LTD.,78550.0,1,1,89.34,4.21,66.19,129108391391.5064,99.96595981923798,C
"ENTERTAINMENT & CULTURE ADVISORS, LIMITED",78475.0,1,1,87.81,4.86,70.86,129108469866.5064,99.96602058080903,C
Prime Arts,78470.0,2,1,92.02,4.6,78.41,129108548336.5064,99.96608133850869,C
EMARCO ENTERPRISE PTE LTD,78400.0,1,1,89.28,4.75,77.7,129108626736.5064,99.96614204200878,C
RP DIGITAL SECURITY PTE. LTD.,78332.6,2,2,71.38,4.79,64.7,129108705069.1064,99.96620269332246,C
SUN LIK TRADING PTE LTD,78260.5,3,2,99.0,3.51,78.1,129108783329.6064,99.9662632888106,C
AMAZING ART SHUTTLE PTE. LTD.,78001.0,2,2,79.72,3.75,94.07,129108861330.6064,99.96632368337323,C
Apres Marketing Pte Ltd,78000.0,1,1,98.23,3.82,82.61,129108939330.6064,99.9663840771616,C
ASIA INTEGRATED PROPERTY SERVICES PTE. LTD.,78000.0,1,1,81.78,4.32,81.65,129109017330.6064,99.96644447094997,C
DIOWORKS LEARNING PRIVATE LIMITED,78000.0,1,1,79.98,4.06,77.84,129109095330.6064,99.96650486473834,C
TORENE PROJECT,78000.0,1,1,79.79,4.35,81.03,129109173330.6064,99.96656525852671,C
"WAGGENER EDSTROM WORLDWIDE, INC.",78000.0,1,1,79.55,4.07,69.89,129109251330.6064,99.96662565231506,C
WAVEZLINK LLP,77880.0,1,1,64.45,3.82,78.45,129109329210.6064,99.96668595318991,C
BONCAFE INTERNATIONAL PTE LTD,77869.85,4,2,86.8,3.92,91.23,129109407080.4564,99.96674624620583,C
UNIGRADE TRADING PTE LTD,77758.25,2,2,87.55,4.64,89.1,129109484838.7064,99.96680645281216,C
SPIE GMBH - GESCHAEFTSBEREICH NORD,77732.49,1,1,93.66,5.0,83.39,129109562571.19641,99.96686663947307,C
SPRINKLR SINGAPORE PTE. LTD.,77622.88,1,1,81.17,4.24,62.49,129109640194.07642,99.96692674126521,C
"ORCHARD RENDEZVOUS HOTEL, SINGAPORE",77534.94,8,3,93.1,3.31,68.04,129109717729.01642,99.96698677496722,C
FRESH LAUNDRY PTE. LTD.,77534.0,1,1,79.66,3.71,69.82,129109795263.01642,99.96704680794143,C
OMNICELL PTE. LTD.,77444.8,1,1,88.89,3.73,86.17,129109872707.81642,99.9671067718499,C
BIG 3 PRODUCTIONS,77300.0,1,1,85.04,3.92,67.47,129109950007.81642,99.96716662364274,C
PrimeStaff Management Services Pte Ltd,77227.41,1,1,80.87,4.58,81.65,129110027235.22643,99.96722641923063,C
ARACHEM (M) SDN. BHD.,77100.05,3,1,84.74,4.95,76.39,129110104335.27643,99.9672861162063,C
INTERLINK POWER SYSTEM PTE LTD,77060.0,1,1,91.39,3.87,75.76,129110181395.27643,99.96734578217209,C
DAIMLER AG,77030.9,1,1,97.07,3.7,88.28,129110258426.17642,99.96740542560634,C
ASTAR LABORATORY PTE. LTD.,77000.0,1,1,88.15,3.86,87.42,129110335426.17642,99.96746504511538,C
UNITED LIFESTYLE PTE LTD,76634.0,2,2,76.46,4.01,78.93,129110412060.17642,99.96752438123816,C
RAPID PROTO & DESIGN PTE. LTD.,76560.0,1,1,88.74,4.25,70.35,129110488620.17642,99.96758366006429,C
FIBRECOM SYSTEMS PTE LTD,76528.0,1,1,80.41,3.36,62.11,129110565148.17642,99.96764291411347,C
PALO IT SINGAPORE PTE. LTD.,76458.0,4,2,85.44,3.47,75.41,129110641606.17642,99.96770211396309,C
"VIA TRANSPORTATION, INC.",76412.0,1,1,95.41,3.66,90.65,129110718018.17642,99.96776127819587,C
JAIE GROUP PTE. LTD.,76320.0,1,1,82.21,4.52,73.2,129110794338.17642,99.96782037119493,C
YING & YOUNG LIAISON OFFICE,76190.0,2,1,100.0,4.11,75.68,129110870528.17642,99.9678793635377,C
THE HUMMINGBIRD CO. PTE. LTD.,76005.0,1,1,91.17,4.12,67.03,129110946533.17642,99.9679382126388,C
WINSTECH ENGINEERING PTE. LTD.,76000.0,1,1,100.0,4.21,69.38,129111022533.17642,99.96799705786849,C
SUN SHINE ENGINEERING & TRADING,75999.6,2,1,80.28,4.12,65.57,129111098532.77643,99.96805590278846,C
JCP CONSULTANCY INTERNATIONAL LIMITED,75950.0,2,2,90.41,3.89,86.48,129111174482.77643,99.96811470930419,C
PURO COFFEE SINGAPORE PTE. LTD.,75947.0,3,1,94.91,3.84,70.23,129111250429.77643,99.96817351349708,C
GLOBAL OCEANLINK PTE. LTD.,75947.0,3,1,92.35,4.5,73.13,129111326376.77643,99.96823231768995,C
FOODEDGE GOURMET PTE. LTD.,75947.0,3,1,83.75,5.0,61.8,129111402323.77643,99.96829112188283,C
SIN LIAN XING MINI MART,75947.0,3,1,70.26,4.29,66.17,129111478270.77643,99.96834992607573,C
AROX SINGAPORE PTE LTD,75900.0,1,1,79.0,3.64,82.6,129111554170.77643,99.96840869387748,C
BLOOMBERG FINANCE SINGAPORE L.P. SINGAPORE BRANCH,75772.8,1,1,83.01,3.61,85.58,129111629943.57643,99.96846736319091,C
POLY-LINE PTE LTD,75700.0,1,1,94.56,3.53,75.67,129111705643.57643,99.96852597613679,C
TRAVEL ADVANCE S.R.O,75611.34,1,1,84.05,3.99,75.03,129111781254.91643,99.96858452043507,C
"ST ELECTRONICS (SHANGHAI) CO., LTD",75608.31,1,1,78.78,4.43,93.62,129111856863.22643,99.96864306238729,C
ELCHEMI EDUCATION PTE. LTD.,75600.0,1,1,93.59,5.0,76.7,129111932463.22643,99.96870159790524,C
HORWATH ASIA PACIFIC (SINGAPORE) PTE LTD,75600.0,1,1,76.91,5.0,99.15,129112008063.22643,99.96876013342319,C
AGE NEONLIGHT & SIGNCRAFTS PTE LTD,75476.0,1,1,93.98,4.48,92.32,129112083539.22643,99.9688185729305,C
GRAND HYATT SINGAPORE,75471.0,4,2,81.15,2.42,92.77,129112159010.22643,99.96887700856642,C
BENEL SINGAPORE PTE LTD,75040.0,1,1,84.13,4.23,77.74,129112234050.22643,99.96893511048796,C
PREMAS VALUERS & PROPERTY CONSULTANTS PTE. LTD.,75000.01,2,2,68.77,3.53,82.5,129112309050.23642,99.96899318144604,C
FRANKLIN COVEY SINGAPORE PTE. LTD.,74790.0,1,1,75.61,4.44,79.48,129112383840.23642,99.96905108979773,C
GOLDBELL LEASING PTE LTD,74664.0,1,1,75.85,4.22,70.33,129112458504.23642,99.96910890059023,C
UAP SOLUTIONS PTE. LTD.,74660.0,1,1,88.64,3.48,76.66,129112533164.23642,99.96916670828561,C
PREMICO MARKETING ASSOCIATES PTE LTD,74495.0,1,1,93.38,4.0,78.56,129112607659.23642,99.9692243882249,C
VMS ADVANCE PTE. LTD.,74440.0,3,2,75.52,3.61,74.4,129112682099.23642,99.9692820255788,C
AWCS TECHNOLOGIES PTE. LTD.,74424.0,3,1,80.65,4.26,92.26,129112756523.23642,99.96933965054427,C
THE STAR PERFORMING ARTS CENTRE,74400.0,3,1,100.0,4.29,69.07,129112830923.23642,99.96939725692701,C
DAS MARKETING SERVICES PTE. LTD.,74200.0,1,1,80.23,4.93,81.06,129112905123.23642,99.9694547084539,C
SALT CREATIVES PTE. LTD.,74120.0,1,1,92.22,4.41,93.7,129112979243.23642,99.96951209803842,C
GCS MACHINERY PTE. LTD.,74000.0,1,1,84.0,4.57,57.24,129113053243.23642,99.96956939470945,C
CAMP UP STUDIO (PRIVATE LIMITED),73950.0,1,1,85.3,4.09,66.7,129113127193.23642,99.96962665266649,C
HYPERCLEAN TECHNOLOGY (S) PTE LTD,73935.44,3,2,67.17,4.4,65.34,129113201128.67642,99.96968389935003,C
SUPERINTERNET (S) PTE LTD,73800.0,1,1,87.17,3.92,76.18,129113274928.67642,99.96974104116518,C
Enterprise Sports Group Pte Ltd,73651.0,1,1,72.99,4.22,90.59,129113348579.67642,99.9697980676127,C
DO NOT DESIGN LLP,73600.0,1,1,89.32,4.63,77.81,129113422179.67642,99.96985505457198,C
RMT CO. LTD,73593.5,1,1,94.86,4.06,74.29,129113495773.17642,99.96991203649844,C
Logicode Pte Ltd,73580.0,1,1,86.16,4.15,82.88,129113569353.17642,99.96996900797214,C
Bert's Air-Conditioning Pte Ltd,73370.0,1,1,78.32,3.9,81.45,129113642723.17642,99.97002581684717,C
KAIROS SINGAPORE HOLDINGS PTE. LTD.,73165.2,1,1,95.65,3.91,74.99,129113715888.37642,99.97008246714978,C
CEMS MARKETING PTE LTD,72900.0,1,1,72.27,3.09,76.38,129113788788.37642,99.97013891211353,C
SHANGHAI GARDENING SERVICE,72742.0,1,1,94.67,3.83,78.31,129113861530.37642,99.97019523474113,C
3E MEMTECH PTE. LTD.,72720.0,1,1,85.67,3.26,75.77,129113934250.37642,99.97025154033459,C
WKMARKETS PTE. LTD.,72616.0,1,1,86.35,4.25,86.06,129114006866.37642,99.97030776540299,C
HOODSINC PRODUCTIONS PTE LTD,72600.0,1,1,83.49,3.66,77.39,129114079466.37642,99.97036397808294,C
ROXWELL ADVERTISING & MAGNETIC SOLUTIONS PTE. LTD.,72371.6,1,1,84.54,3.44,73.14,129114151837.97643,99.97042001391748,C
THE RIGHT ANGLE PTE. LTD.,72313.0,1,1,82.15,3.95,78.7,129114224150.97643,99.97047600437926,C
PBA (S) PTE LTD,72300.0,1,1,84.01,3.73,80.16,129114296450.97643,99.97053198477539,C
"M-Vac Systems, Inc.",72299.58,1,1,81.58,4.65,81.85,129114368750.55643,99.97058796484633,C
INTERSOFTKK (SINGAPORE) PTE. LTD.,72280.0,1,1,78.4,5.0,81.77,129114441030.55643,99.97064392975689,C
Maurice Design & Contracts,72250.0,1,1,93.95,4.53,71.86,129114513280.55643,99.97069987143907,C
O'METEOR CREATIVE ARTEL PTE. LTD.,72100.0,1,1,89.19,5.0,83.04,129114585380.55643,99.97075569697932,C
CLOVER FILMS PTE. LTD.,72000.0,1,1,89.56,4.17,83.92,129114657380.55643,99.97081144509167,C
HALOGEN FOUNDATION (SINGAPORE),72000.0,1,1,85.35,4.52,57.98,129114729380.55643,99.970867193204,C
MEDIASOFT INTEGRATION PTE. LTD.,72000.0,1,1,72.41,4.08,86.64,129114801380.55643,99.97092294131635,C
FLAKTGROUP SINGAPORE PTE. LTD.,71750.0,1,1,91.09,4.4,85.16,129114873130.55643,99.97097849585884,C
JEBSEN & JESSEN TECHNOLOGY (M) SDN. BHD.,71672.56,1,1,94.8,3.79,66.03,129114944803.11642,99.97103399044116,C
ALLPETS ASIA PTE. LTD.,71568.0,1,1,88.93,4.64,74.75,129115016371.11642,99.97108940406481,C
WALSON FOOD DISTRIBUTOR PTE. LTD.,71543.92,4,3,83.85,4.31,75.19,129115087915.03642,99.97114479904383,C
KHATTARWONG LLP,71348.28,17,15,89.94,3.72,97.79,129115159263.31642,99.97120004254285,C
3G GLOBAL PTE. LTD.,71282.9,1,1,83.19,4.58,76.03,129115230546.21642,99.97125523541946,C
NANEUM LIMITED,71240.0,1,1,85.81,4.53,74.67,129115301786.21642,99.9713103950795,C
HONEYWELL (TIANJIN) CO LTD,71181.0,1,1,82.33,4.06,83.91,129115372967.21642,99.97136550905707,C
SRE GLOBAL PTE. LTD.,71150.01,3,3,77.09,4.23,64.42,129115444117.22641,99.97142059903969,C
THE BUSYBODY PEOPLE PTE. LTD.,71029.0,1,1,86.29,3.2,67.43,129115515146.22641,99.9714755953268,C
Bloomberg Finance Singapore LP,70984.66,1,1,87.11,5.0,85.57,129115586130.88641,99.97153055728235,C
BOEING SINGAPORE TRAINING AND FLIGHT SERVICES PTE. LTD.,70928.0,1,1,97.52,4.52,62.7,129115657058.88641,99.97158547536725,C
NSL OILCHEM WASTE MANAGEMENT PTE. LTD.,70725.0,2,2,83.86,5.0,76.86,129115727783.88641,99.97164023627343,C
CHONG AIK INTERNATIONAL PTE LTD,70400.0,1,1,88.54,4.87,69.58,129115798183.88641,99.97169474553883,C
MARINA BAY HOTEL PRIVATE LIMITED,70368.3,5,2,97.47,3.75,78.29,129115868552.18642,99.97174923025956,C
TOP PARKING PTE LTD,70364.34,1,1,88.43,4.28,87.72,129115938916.52641,99.97180371191415,C
ECCENTRIC DRIVE SDN.BHD.,70210.19,1,1,93.43,3.77,71.34,129116009126.71642,99.9718580742136,C
GALLANT EVENTS PTE. LTD.,70200.0,1,1,80.91,3.84,95.74,129116079326.71642,99.97191242862313,C
AUSTRALIAN FRUIT JUICE (S) PTE. LIMITED,70155.8,4,3,87.4,4.08,64.79,129116149482.51642,99.9719667488095,C
KLOOK TRAVEL TECHNOLOGY PTE. LTD.,70093.45,1,1,80.27,3.05,81.39,129116219575.96642,99.97202102071957,C
CARROTS CONSULTING PTE LTD,70000.0,1,1,82.65,3.59,85.31,129116289575.96642,99.97207522027324,C
BOARDROOM BUSINESS SOLUTIONS PTE. LTD.,70000.0,1,1,91.63,3.92,83.08,129116359575.96642,99.9721294198269,C
PRECISION LASER SOLUTIONS PTE. LTD.,69980.0,1,1,91.05,3.4,85.27,129116429555.96642,99.97218360389498,C
TJ INTERIOR FURNISHING SUPPLIES PTE LTD,69960.0,1,1,80.98,4.94,66.58,129116499515.96642,99.97223777247746,C
WALL STREET PTE. LTD.,69913.55,1,1,90.15,4.45,87.28,129116569429.51642,99.97229190509466,C
HANCOM GMD INC.,69800.0,1,1,95.15,4.5,80.63,129116639229.51642,99.97234594979247,C
WTS AUTOMOTIVE SERVICES PTE. LTD.,69700.0,1,1,83.21,4.47,70.86,129116708929.51642,99.97239991706233,C
IRTISH CONSULTING PTE. LTD.,69664.0,3,3,96.01,3.98,90.84,129116778593.51642,99.97245385645813,C
PCB INFORMATICS PTE. LTD.,69660.0,1,1,88.38,4.01,77.99,129116848253.51642,99.97250779275682,C
TOMO TRAINING CONSULTING GROUP PTE. LTD.,69650.0,1,1,92.8,3.97,69.63,129116917903.51642,99.9725617213127,C
Chartered Asia Technology Enterprise Pte Ltd,69640.0,1,1,87.12,4.05,72.78,129116987543.51642,99.9726156421258,C
JB TECHNICAL SERVICES,69600.0,1,1,89.94,4.43,81.71,129117057143.51642,99.97266953196772,C
KUMUDRA LANDSCAPE SERVICES PTE. LTD.,69600.0,1,1,85.67,4.7,77.75,129117126743.51642,99.97272342180966,C
DAY&NIGHT SERVICES PRIVATE LIMITED,69600.0,1,1,81.66,4.29,74.8,129117196343.51642,99.97277731165158,C
BLOOMBERG FINANCE L.P.,69541.82,1,1,79.57,4.34,71.34,129117265885.33643,99.97283115644593,C
REDA INSTRUMENTE (ASIA PACIFIC) PTE LTD,69450.0,2,1,78.7,4.26,87.99,129117335335.33643,99.97288493014597,C
Koon Lee Nursery Pte Ltd,69390.0,2,1,75.22,4.53,61.11,129117404725.33643,99.97293865738924,C
DELTEC MARKETING & ENGINEERING PTE. LTD.,69257.8,1,1,96.97,4.21,65.48,129117473983.13643,99.97299228227277,C
WEIGHMAN PTE LTD,69000.0,1,1,100.0,3.9,78.49,129117542983.13643,99.97304570754709,C
SONY MUSIC ENTERTAINMENT SINGAPORE (PTE.) LTD.,69000.0,1,1,82.65,4.75,63.75,129117611983.13643,99.97309913282142,C
ROCKMOON PTE. LTD.,69000.0,1,1,84.07,4.07,73.66,129117680983.13643,99.97315255809575,C
PHARMAFORTE SINGAPORE PTE LTD,68910.0,1,1,73.85,3.75,81.97,129117749893.13643,99.97320591368492,C
TSM CONSULTANCY PTE. LTD.,68780.0,2,1,97.37,4.01,85.01,129117818673.13643,99.9732591686178,C
V & M MIXTEC ASIA SDN. BHD.,68764.32,1,1,97.3,3.46,77.02,129117887437.45644,99.97331241140998,C
Orthodontic Master (S) Pte Ltd,68719.79,1,1,90.18,3.26,65.54,129117956157.24643,99.97336561972348,C
MOORE STEPHENS CONSULTANTS PTE LTD,68640.0,1,1,87.35,4.91,72.42,129118024797.24643,99.97341876625724,C
NAGAPRINT & PACKAGING PTE. LTD.,68441.0,1,1,94.53,4.07,59.63,129118093238.24643,99.97347175870941,C
CENTRE FOR PSYCHOTHERAPY,68400.0,1,1,83.34,4.07,86.29,129118161638.24643,99.97352471941613,C
SYNERGY 4 TECH PTE. LTD.,68400.0,1,1,90.22,4.41,79.67,129118230038.24643,99.97357768012284,C
PATROIDS CREATIVE WORKS PTE LTD,68383.8,2,2,88.37,3.23,76.55,129118298422.04643,99.97363062828624,C
SD TECHNICAL SERVICES PTE. LTD.,68200.0,1,1,93.57,2.96,62.68,129118366622.04643,99.9736834341371,C
VISCOY PTE. LTD.,68180.0,1,1,90.38,3.5,86.53,129118434802.04643,99.97373622450236,C
POH SIEN PTE. LTD.,68165.0,2,1,79.08,3.7,85.6,129118502967.04643,99.97378900325344,C
FUNPLAY WORKSHOP,68100.0,1,1,100.0,3.87,75.5,129118571067.04643,99.97384173167636,C
A & D PRINTHUB PTE. LTD.,68002.0,2,1,92.89,4.3,78.8,129118639069.04643,99.9738943842199,C
EILONG ENTERPRISE PTE. LTD.,67980.0,1,1,85.14,4.0,78.44,129118707049.04643,99.97394701972931,C
TRAINING EDGE INTERNATIONAL PTE LTD,67961.0,2,2,97.55,3.3,77.69,129118775010.04643,99.9739996405274,C
ENGRO CORPORATION LIMITED,67868.28,8,2,87.65,3.65,74.57,129118842878.32643,99.9740521895343,C
"TEE HAN YING, JILYN",67460.0,4,1,84.0,4.78,67.31,129118910338.32643,99.97410442241845,C
AVENSYS CONSULTING PTE. LTD.,67207.0,12,8,95.51,3.93,87.85,129118977545.32643,99.97415645940993,C
GUARDIAN HEALTH & BEAUTY,67200.0,1,1,85.14,4.84,72.84,129119044745.32643,99.97420849098143,C
ISS FACILITY SERVICE SDN BHD,67034.28,1,1,90.53,4.87,97.36,129119111779.60643,99.97426039423938,C
Baker & Mckenzie.Wong & Leow,66993.0,6,5,89.87,4.13,82.02,129119178772.60643,99.97431226553508,C
SINO ENGINEERING PTE LTD,66942.0,1,1,100.0,4.11,73.87,129119245714.60643,99.97436409734252,C
ACCORD TEST EQUIPMENT,66645.0,1,1,75.14,4.96,76.68,129119312359.60643,99.974415699189,C
CITY WASH PTE. LTD.,66637.2,3,3,86.56,3.3,84.94,129119378996.80643,99.97446729499609,C
KNOLSKAPE SOLUTIONS PTE. LTD.,66600.0,2,1,90.23,4.2,93.66,129119445596.80643,99.97451886200001,C
INUOSYS SOLUTIONS PTE. LTD.,66500.0,1,1,82.28,4.42,81.76,129119512096.80643,99.97457035157599,C
"World Tariff, Ltd",66384.0,1,1,81.63,4.64,64.4,129119578480.80643,99.97462175133556,C
ORIGIN ENVIRONMENT TECHNOLOGY PTE LTD,66375.0,1,1,94.03,4.45,75.59,129119644855.80643,99.97467314412663,C
ASPIRE BADMINTON CENTRE,66300.0,1,1,89.69,4.94,76.51,129119711155.80643,99.97472447884674,C
MACK PARKING (SINGAPORE) PTE. LTD.,66000.0,1,1,88.28,4.14,85.07,129119777155.80643,99.97477558128304,C
3WAVES ENERGY PTE. LTD.,65940.0,2,1,77.37,4.77,75.53,129119843095.80643,99.9748266372626,C
W SINGAPORE SENTOSA COVE HOTEL,65853.3,6,2,82.36,3.39,72.68,129119908949.10643,99.97487762611212,C
PMS Builder,65730.5,1,1,81.48,4.2,83.78,129119974679.60643,99.97492851988015,C
P S P MAINTENANCE SERVICES,65670.0,1,1,89.55,4.46,83.59,129120040349.60643,99.97497936680429,C
LEW REGISTERED SURVEYOR,65600.0,2,2,89.81,4.14,95.56,129120105949.60643,99.97503015952886,C
Kin Yiap Press Pte Ltd,65576.0,1,1,80.12,3.67,62.52,129120171525.60643,99.97508093367072,C
SIMPLICITY GIFTS,65460.0,3,2,91.94,4.57,71.2,129120236985.60643,99.9751316179962,C
TNO,65300.0,1,1,100.0,3.6,70.11,129120302285.60643,99.97518217843697,C
LANTONE SYSTEMS PTE. LTD.,65050.0,1,1,83.51,4.06,83.71,129120367335.60643,99.9752325453079,C
Gattie-Tan Soo Jin Management Consultants Pte Ltd,65002.0,3,3,95.61,4.1,72.66,129120432337.60643,99.97528287501342,C
EVERPAINT ENTERPRISE PTE. LTD.,65000.0,1,1,100.0,4.9,88.22,129120497337.60643,99.97533320317041,C
TRAVELOKA SERVICES PTE. LTD.,65000.0,1,1,87.53,4.11,67.68,129120562337.60643,99.97538353132738,C
TRIP.COM TRAVEL SINGAPORE PTE. LTD.,65000.0,1,1,79.99,3.81,81.16,129120627337.60643,99.97543385948434,C
UCT TECHNOLOGY PTE. LTD.,65000.0,1,1,80.57,3.87,79.13,129120692337.60643,99.97548418764131,C
POWER-VAC INDUSTRIAL SERVICES PTE. LTD.,64995.0,1,1,70.21,3.52,63.91,129120757332.60643,99.9755345119269,C
POH HUA INDUSTRIAL PTE LTD,64746.8,2,1,78.0,4.0,62.59,129120822079.40643,99.97558464403633,C
Encord Sdn. Bhd.,64731.2,1,1,94.79,5.0,57.21,129120886810.60643,99.97563476406702,C
BIGGER EXPERIENCE MARKETING CONSULTING GROUP,64701.0,1,1,97.19,3.96,73.93,129120951511.60643,99.97568486071447,C
EASTORIA CONSTRUCTION PTE. LTD.,64525.0,1,1,90.56,3.88,61.37,129121016036.60643,99.97573482108876,C
ATTORNEYS INC. LLC,64500.0,1,1,100.0,4.2,80.92,129121080536.60643,99.97578476210606,C
NEWLINE ASIA SERVICES PTE. LTD.,64400.0,2,2,88.11,3.69,67.91,129121144936.60643,99.97583462569543,C
VICINITY STUDIO PTE. LTD.,64400.0,1,1,89.46,3.86,70.51,129121209336.60643,99.9758844892848,C
Ace Armadillo Pte Ltd,64080.0,1,1,81.61,3.49,63.4,129121273416.60643,99.97593410510477,C
BEYOND POWERTEC PTE. LTD.,64068.45,2,1,87.69,4.99,71.85,129121337485.05643,99.97598371198183,C
ELIGO PTE. LTD.,64044.0,1,1,97.7,5.0,75.31,129121401529.05643,99.97603329992775,C
COCA-COLA SINGAPORE BEVERAGES PTE. LTD.,64001.48,2,2,83.96,4.37,78.14,129121465530.53642,99.97608285495131,C
IQ TENNIS,64000.0,1,1,88.14,4.0,90.91,129121529530.53642,99.97613240882895,C
NEZAVISIMOST PREMIER AUTO,63798.97,1,1,93.24,3.95,75.1,129121593329.50642,99.9761818070532,C
LOH LIM,63720.0,1,1,94.82,4.57,100.0,129121657049.50642,99.97623114413263,C
Commonwealth Travel Service Corporation Pte Ltd,63608.0,1,1,79.42,4.71,74.68,129121720657.50642,99.97628039449276,C
NGOH KHENG SENG,63600.0,2,1,76.14,3.29,78.35,129121784257.50642,99.97632963865865,C
EVO COMMUNICATIONS,63400.0,1,1,80.65,4.21,75.13,129121847657.50642,99.97637872796868,C
L C ENGINEERING SERVICES SDN. BHD.,63382.86,1,1,74.03,4.87,77.97,129121911040.36642,99.97642780400756,C
ASSOCIATION OF MUSLIM PROFESSIONALS,63300.0,1,1,77.21,2.8,89.05,129121974340.36642,99.97647681588965,C
HETECH SOLUTIONS PTE. LTD.,63210.0,2,1,89.18,3.89,62.11,129122037550.36642,99.97652575808662,C
NURHAFIZAH BINTE SYED HUSSAIN SHAH,63200.0,1,1,72.01,4.89,72.53,129122100750.36642,99.97657469254078,C
HYLA ARCHITECTS,63168.79,1,1,99.09,4.56,82.57,129122163919.15642,99.97662360282969,C
REGIONAL QS-COMP PTE LTD,63040.0,1,1,78.43,4.13,84.95,129122226959.15642,99.97667241339914,C
ABI RESEARCH SINGAPORE PTE. LTD.,63022.23,1,1,91.23,3.96,56.57,129122289981.38641,99.97672121020967,C
"GROVO LEARNING, INC.",63013.3,1,1,96.56,4.03,93.68,129122352994.68642,99.97677000010589,C
CRISTOFORI MUSIC PTE. LTD.,63000.0,1,1,86.31,4.37,82.46,129122415994.68642,99.97681877970417,C
JS SPORTS MARKETING,63000.0,1,1,79.18,3.89,73.01,129122478994.68642,99.97686755930248,C
Ang Kuang Ngee,63000.0,1,1,97.65,4.59,58.82,129122541994.68642,99.97691633890076,C
Ng Choon Hong,63000.0,1,1,87.46,3.8,84.14,129122604994.68642,99.97696511849907,C
I2 PTE. LTD.,63000.0,1,1,100.0,3.69,71.36,129122667994.68642,99.97701389809735,C
BAMBOO SYSTEM TECHNOLOGY PTE. LTD.,62950.0,1,1,82.46,3.9,89.2,129122730944.68642,99.97706263898168,C
LAI-BROS AIR-COND. & ELECTRICAL SDN. BHD.,62887.05,2,1,91.78,4.39,87.84,129122793831.73642,99.97711133112513,C
BU SENG CHONG HOLDINGS SDN. BHD.,62567.0,3,1,88.32,4.8,79.56,129122856398.73642,99.97715977546048,C
Educational bookings and Management,62540.0,1,1,86.38,3.87,83.69,129122918938.73642,99.97720819889028,C
SRIMULTEC ENGINEERING SDN. BHD.,62537.21,1,1,83.74,4.17,84.22,129122981475.94643,99.97725662015984,C
LEE TUCK ONN REGISTERED SURVEYOR,62500.0,1,1,80.97,5.0,83.89,129123043975.94643,99.97730501261847,C
GAIN CITY BEST-ELECTRIC PTE LTD,62310.0,1,1,91.87,4.88,92.17,129123106285.94643,99.97735325796401,C
"SHANGHAI HO HUP ENGINEERING CO., LTD",62236.8,1,1,94.91,2.81,69.41,129123168522.74643,99.97740144663233,C
COUNSELLING AND CARE CENTRE,62220.0,1,1,83.02,3.85,88.61,129123230742.74643,99.97744962229274,C
DONALDSON FILTRATION (MALAYSIA) SDN. BHD.,62175.05,1,1,86.21,3.16,84.59,129123292917.79643,99.97749776314929,C
DFS INITIATIVE PTE. LTD.,62000.0,1,1,76.45,3.95,89.12,129123354917.79643,99.97754576846826,C
RC HOTELS (PTE.) LTD.,61919.0,5,2,90.7,4.14,96.87,129123416836.79643,99.97759371107058,C
SBT CONSULTANTS + accredited checkers,61900.0,8,1,95.66,4.06,69.97,129123478736.79643,99.9776416389616,C
SKILLSFORCE MANAGEMENT CONSULTANCY PTE LTD,61843.84,6,6,93.33,4.88,79.8,129123540580.63643,99.9776895233691,C
"SQUIRE MECH (SHANGHAI) CO., LTD",61824.0,1,1,90.58,3.7,71.19,129123602404.63643,99.9777373924149,C
VILLAGE HOTEL BUGIS,61765.0,7,3,83.65,4.13,76.34,129123664169.63643,99.9777852157782,C
SAVOIR ASIA CONSULTING PTE. LTD.,61600.0,1,1,100.0,3.81,88.94,129123725769.63643,99.97783291138542,C
ASSA ABLOY ENTRANCE SYSTEMS SINGAPORE PTE. LTD.,61398.0,1,1,87.7,4.3,89.91,129123787167.63643,99.97788045058822,C
EZZOGENICS PTE. LTD.,61322.0,1,1,90.25,4.7,87.51,129123848489.63643,99.97792793094578,C
HARA HONG KONG TIM SUM PTE LTD,61274.0,1,1,75.72,5.0,66.65,129123909763.63643,99.97797537413796,C
CESSTECH (S) PTE LTD,61265.0,1,1,91.05,5.0,73.29,129123971028.63643,99.9780228103616,C
SUN SPORTS INDUSTRIES,61140.0,1,1,90.52,3.78,70.63,129124032168.63643,99.97807014980032,C
KNOWLEDGEMOTION LTD,61134.0,1,1,83.32,3.73,76.22,129124093302.63643,99.97811748459337,C
Hanisah Maskon,60800.0,1,1,80.6,4.67,71.07,129124154102.63643,99.97816456077712,C
Q.B. FOOD TRADING PTE. LTD.,60798.0,3,2,81.11,4.45,64.7,129124214900.63643,99.97821163541231,C
NORTHSEA SINGAPORE PTE. LTD.,60797.0,2,1,88.64,4.89,77.22,129124275697.63643,99.97825870927322,C
MAGNUM SPIRITS & WINE PTE LTD,60797.0,2,1,79.7,5.0,78.48,129124336494.63643,99.97830578313413,C
DELIFRANCE SINGAPORE WHOLESALE PTE. LTD.,60797.0,2,1,83.93,3.74,88.01,129124397291.63643,99.97835285699506,C
ACTIVE FIRE PROTECTION SYSTEMS PTE. LTD.,60781.0,1,1,89.23,3.35,72.21,129124458072.63643,99.9783999184675,C
SIMPLEX TECHNICAL SERVICE & SUPPLIES PTE. LTD.,60600.0,1,1,90.77,4.16,84.77,129124518672.63643,99.97844683979538,C
DOMINIE PRESS PTE. LTD.,60594.28,2,2,89.39,5.0,76.57,129124579266.91643,99.97849375669439,C
LUMIERE PHOTOGRAPHY PTE. LTD.,60316.0,3,3,100.0,4.89,90.46,129124639582.91643,99.97854045812694,C
B & LEE ELECTRONICS PTE. LTD.,60310.0,1,1,83.56,4.44,81.9,129124699892.91643,99.97858715491381,C
AVENUEONE PTE. LTD.,60070.0,2,2,88.77,5.0,85.93,129124759962.91643,99.97863366587364,C
FARM ARCHITECTS PTE. LTD.,60016.65,2,2,96.57,4.59,83.96,129124819979.56642,99.97868013552568,C
DIFILM PIXEL WORKS,60000.0,1,1,87.39,3.21,78.07,129124879979.56642,99.97872659228597,C
LEKKER ARCHITECTS PTE. LTD.,60000.0,1,1,90.1,4.07,58.9,129124939979.56642,99.97877304904623,C
COLLEGE OF FAMILY PHYSICIANS SINGAPORE,60000.0,1,1,84.55,3.79,69.22,129124999979.56642,99.97881950580651,C
HKS ASIA PACIFIC DESIGN CONSULTING PTE. LTD.,60000.0,1,1,78.55,4.57,67.08,129125059979.56642,99.9788659625668,C
MP BIOMEDICALS ASIA PACIFIC PTE. LTD.,60000.0,1,1,93.47,4.54,78.94,129125119979.56642,99.97891241932709,C
SILVER THOMAS HANLEY INTERNATIONAL PTY LTD,60000.0,1,1,80.62,4.79,86.97,129125179979.56642,99.97895887608736,C
Raymond International Pte Ltd,59991.4,1,1,87.8,3.51,86.89,129125239970.96642,99.97900532618883,C
"COOLING TOWER & HVAC SYSTEMS, INC",59952.98,1,1,98.99,3.85,89.61,129125299923.94641,99.9790517465425,C
BIOMASS SENSOR PTE. LTD.,59800.0,1,1,85.21,3.9,82.76,129125359723.94641,99.97909804844691,C
WENICS SDN. BHD.,59800.0,1,1,84.06,4.01,76.55,129125419523.94641,99.97914435035132,C
ALLEGRO-BRIO,59721.100000000006,3,1,87.08,4.09,68.02,129125479245.04642,99.9791905911651,C
"BEIJING JOHNSON CONTROLS CO., LTD SHANGHAI OFFICE",59643.6,1,1,88.48,4.06,60.73,129125538888.64642,99.97923677197224,C
HOCK HIN LEONG TIMBER TRADING (PTE) LTD,59625.0,1,1,79.26,4.11,72.52,129125598513.64642,99.97928293837776,C
CH2M HILL SINGAPORE CONSULTING PTE. LTD.,59500.0,1,1,100.0,3.86,90.2,129125658013.64642,99.97932900799837,C
SCHNEIDER ELECTRIC SINGAPORE PTE. LTD.,59400.0,1,1,100.0,3.07,70.41,129125717413.64642,99.97937500019106,C
GENERIC TECHNOLOGIES (S) PTE LTD,59248.0,1,1,90.64,4.94,69.83,129125776661.64642,99.97942087469328,C
STANDARD DENTAL CO PTE LTD,59175.2,3,2,97.95,3.71,82.31,129125835836.84642,99.97946669282796,C
BESTINDO CAR UTAMA,59010.65,1,1,100.0,3.87,87.02,129125894847.49641,99.97951238355498,C
DELICATE COMMUNICATIONS,59000.0,1,1,91.14,4.14,92.16,129125953847.49641,99.9795580660359,C
KPH Technical Services Pte Ltd,58980.0,1,1,88.07,3.8,91.74,129126012827.49641,99.97960373303127,C
MEMORY VISION PTE. LTD.,58951.0,2,1,95.39,3.87,69.3,129126071778.49641,99.97964937757253,C
TRANSMEX SYSTEMS INTERNATIONAL PTE. LTD.,58900.0,1,1,84.81,3.07,78.75,129126130678.49641,99.97969498262553,C
THE MILL INTERNATIONAL PTE LTD,58800.0,1,1,81.21,3.21,78.1,129126189478.49641,99.97974051025061,C
RED ELEMENT HEALTH INTERNATIONAL PTE. LTD.,58605.0,4,1,84.19,3.6,74.25,129126248083.49641,99.97978588689122,C
INSTA BIOANALYTIK PTE. LTD.,58570.0,5,4,97.83,4.55,76.06,129126306653.49641,99.97983123643203,C
ADVANCEDATA NETWORK SDN. BHD.,58465.51,3,1,75.85,4.3,84.37,129126365119.00641,99.9798765050684,C
TOUCH COMMUNITY SERVICES LIMITED,58306.0,5,4,85.68,4.69,60.8,129126423425.00641,99.9799216501995,C
S.N. INDUSTRIAL CONSULTANTS,58186.8,1,1,86.17,4.66,71.93,129126481611.80641,99.97996670303648,C
SIXTEEN-O-TWO ADVERTISING N DESIGN,57794.3,1,1,81.39,4.0,91.49,129126539406.10641,99.98001145196883,C
GOH POH SENG,57750.0,1,1,75.62,4.47,75.11,129126597156.10641,99.9800561666006,C
WARIDI EVENTS LIMITED,57628.57,1,1,84.89,5.0,76.44,129126654784.67642,99.98010078721164,C
PERFECT GIFTS & PRINT PTE. LTD.,57518.4,2,1,91.16,3.69,90.39,129126712303.07642,99.98014532252031,C
CHEMESIS SDN. BHD.,57325.31,1,1,93.57,4.71,78.43,129126769628.38641,99.98018970832338,C
RJ EDUCATION GROUP (S) PTE. LTD.,57236.0,1,1,86.23,4.05,76.03,129126826864.38641,99.98023402497557,C
Tay Poh Soon,57200.0,1,1,92.87,3.61,62.17,129126884064.38641,99.98027831375371,C
IOP A/ PTE. LTD.,57000.0,1,1,84.41,4.05,81.61,129126941064.38641,99.98032244767599,C
WANG-FU INDUSTRY (PTE) LTD,56800.0,2,1,94.34,3.97,78.97,129126997864.38641,99.98036642674238,C
KROLL ASSOCIATES (S) PTE LTD,56712.0,1,1,95.14,4.14,84.11,129127054576.38641,99.9804103376722,C
INT SUPPLY PTE. LTD.,56665.0,4,1,98.2,4.47,70.47,129127111241.38641,99.98045421221089,C
PT. BESTINDO CAR UTAMA,56663.55,1,1,91.89,4.18,81.36,129127167904.93642,99.98049808562686,C
TIPTOP CONSULTANTS PTE LTD,56500.0,1,1,95.96,2.45,84.64,129127224404.93642,99.98054183240946,C
PHARAOH ENTERTAINMENT LLP,56500.0,1,1,76.27,4.57,74.05,129127280904.93642,99.98058557919207,C
BIBLIOTHECA SINGAPORE PTE. LTD.,56373.0,1,1,87.8,4.09,79.76,129127337277.93642,99.98062922764119,C
Educational Publishing House Pte Ltd,56322.48,1,1,77.45,4.49,83.52,129127393600.41641,99.98067283697371,C
TRIBAL STUDIOZ,56305.0,2,2,85.79,5.0,77.0,129127449905.41641,99.98071643277184,C
TLG HOLDINGS PTE. LTD.,56251.0,2,2,85.6,2.56,95.11,129127506156.41641,99.98075998675888,C
A.G.T Marketing Pte Ltd,56235.0,1,1,86.24,3.4,74.93,129127562391.41641,99.98080352835747,C
PETROSEIS SDN. BHD.,56107.6,1,1,85.75,3.9,90.38,129127618499.01642,99.98084697131286,C
VOCAL VANTAGE,56000.0,1,1,90.75,4.7,85.41,129127674499.01642,99.98089033095577,C
TCAM TECHNOLOGY PTE. LTD.,55944.0,1,1,85.96,3.52,82.88,129127730443.01642,99.98093364723907,C
UNILITE CHEMICALS PTE. LTD.,55730.0,2,1,84.98,4.92,76.47,129127786173.01642,99.98097679782657,C
JR ENGINEERING & CONSTRUCTION PTE. LTD.,55530.0,1,1,100.0,4.85,72.96,129127841703.01642,99.98101979355822,C
Syntech Engineers Pte Ltd,55500.0,1,1,80.68,4.82,82.14,129127897203.01642,99.98106276606147,C
ITECH VISION PTE LTD,55438.8,3,1,76.89,3.13,78.8,129127952641.81642,99.98110569117884,C
ASC MARKETING PTE. LTD.,55352.5,1,1,87.57,3.92,69.46,129128007994.31642,99.98114854947589,C
ONE EIGHTY CONCEPTS PTE. LTD.,55271.2,1,1,72.26,4.51,82.31,129128063265.51642,99.98119134482404,C
APT 811 DESIGN & INNOVATION AGENCY PTE. LTD.,55120.0,1,1,84.54,5.0,52.46,129128118385.51642,99.98123402310115,C
QBE INSURANCE (INTERNATIONAL) LIMITED,55001.0,2,2,94.84,4.46,74.59,129128173386.51642,99.98127660923902,C
Tan Chye Tiong,55000.0,2,1,85.45,4.99,85.03,129128228386.51642,99.98131919460262,C
DHC CAPITAL PTE. LTD.,55000.0,1,1,83.6,4.13,74.75,129128283386.51642,99.9813617799662,C
EQUITY COMMUNICATIONS PTE. LTD.,55000.0,1,1,93.47,4.32,76.68,129128338386.51642,99.9814043653298,C
ANRITSU PTE LTD,54728.0,1,1,83.39,3.95,74.69,129128393114.51642,99.98144674008941,C
DAEMON ENTERPRISE PTE LTD,54500.0,1,1,93.16,4.4,67.06,129128447614.51642,99.98148893831333,C
SPLENDOR INNOVATIVE PTE. LTD.,54430.1,1,1,90.33,3.77,86.73,129128502044.61642,99.98153108241513,C
NANOMETRICS INC.,54387.69,1,1,91.49,3.88,84.42,129128556432.30643,99.98157319367974,C
JOHSEN EQUIPMENT CO PTE LTD,54375.0,1,1,84.7,5.0,86.92,129128610807.30643,99.98161529511876,C
OLIVIA LEE ASSOCIATES,54308.8,1,1,97.47,3.55,79.7,129128665116.10643,99.98165734530046,C
VICTORY ATHLETICS,54210.0,1,1,86.87,4.28,60.93,129128719326.10643,99.98169931898337,C
D'ARTS AND DESIGNS,54180.0,1,1,90.15,3.43,78.63,129128773506.10643,99.9817412694379,C
LOCO TECHNOLOGIES,54110.16,1,1,79.44,3.79,90.99,129128827616.26643,99.98178316581678,C
PICTURE ME DIGITAL TECHNOLOGY PTE. LTD.,54000.0,1,1,75.01,3.32,81.82,129128881616.26643,99.98182497690104,C
LOGOS LEARNING PTE. LTD.,54000.0,1,1,83.43,4.47,80.52,129128935616.26643,99.98186678798528,C
MASTEREIGN PROFESSIONALS PTE. LTD.,53760.0,1,1,91.97,4.14,72.08,129128989376.26643,99.9819084132425,C
TC & Friends,53718.0,1,1,97.9,3.97,90.53,129129043094.26643,99.98195000597998,C
PHOON HUAT AND COMPANY (PRIVATE) LIMITED,53610.0,2,1,77.15,4.25,77.71,129129096704.26643,99.98199151509529,C
YONG WEN FOOD (S) PTE. LTD.,53610.0,2,1,79.87,4.05,87.23,129129150314.26643,99.98203302421061,C
BEACH ROAD HOTEL (1886) LTD.,53586.0,4,2,91.4,2.98,82.87,129129203900.26643,99.9820745147432,C
OCEAN ASIA LOGISTICS & TRADING,53474.5,1,1,81.19,4.83,83.55,129129257374.76643,99.98211591894368,C
Sliff Furniture (S) Pte Ltd,53460.0,1,1,81.95,5.0,75.36,129129310834.76643,99.98215731191708,C
TOKIO MARINE INSURANS (MALAYSIA) BHD,53448.77,1,1,89.68,4.6,73.69,129129364283.53644,99.98219869619534,C
CHENG PUAY KOON,53400.0,1,1,97.77,3.83,75.24,129129417683.53644,99.98224004271198,C
GREENCORP ENGINEERING PTE. LTD.,53400.0,1,1,79.06,3.1,69.14,129129471083.53644,99.98228138922863,C
ISCOTTSBERG SOLUTIONS PTE. LTD.,53400.0,1,1,81.92,4.16,76.42,129129524483.53644,99.98232273574529,C
PHG OILFIELD SERVICES PTE. LTD.,53300.0,1,1,89.62,4.61,69.37,129129577783.53644,99.982364004834,C
PACIFIC CENTRAL TEKNIK PTE LTD,53100.0,1,1,88.91,4.43,89.3,129129630883.53644,99.98240511906685,C
GLOBAL FAIRS & ASSOCIATES PTE. LTD.,53066.0,1,1,87.45,4.16,78.38,129129683949.53644,99.9824462069742,C
LIUSS ENGINEERING & TRADING,52914.3,1,1,90.96,3.98,60.76,129129736863.83644,99.98248717742338,C
FCM SINGAPORE PTE. LTD.,52813.0,1,1,81.22,4.52,65.66,129129789676.83644,99.98252806943806,C
IDEAL MEMORIES PTE. LTD.,52800.0,1,1,81.95,4.58,77.15,129129842476.83644,99.98256895138711,C
AMBER CREATIVE PTE. LTD.,52800.0,1,1,78.42,3.89,58.81,129129895276.83644,99.98260983333616,C
TAMAGOH PRODUCTIONS PTE. LTD.,52800.0,1,1,85.24,3.52,84.87,129129948076.83644,99.9826507152852,C
JOYOUS SE ENGINEERING,52740.0,1,1,87.26,3.14,83.92,129130000816.83644,99.98269155077749,C
DPRO SCIENTIFIC PTE. LTD.,52500.0,1,1,79.11,4.13,81.28,129130053316.83644,99.98273220044274,C
AVEMORE PTE LTD,52392.0,1,1,88.24,3.6,86.47,129130105708.83644,99.98277276648581,C
ELECTRO ACOUSTICS RESEARCH (1999) PTE. LTD.,52128.4,1,1,70.77,4.55,74.3,129130157837.23643,99.98281312842884,C
LANTRO (S) PTE. LTD.,52112.0,1,1,71.71,3.56,74.74,129130209949.23643,99.98285347767371,C
ACES LEARNING HUB PTE. LTD.,52030.0,1,1,94.58,4.85,83.37,129130261979.23643,99.98289376342767,C
BDRC ASIA PTE. LTD.,52000.0,1,1,68.61,4.4,71.03,129130313979.23643,99.98293402595326,C
COVANCE (ASIA) PTE LTD,52000.0,1,1,82.46,4.21,76.94,129130365979.23643,99.98297428847881,C
OPHTHALMIC INSTRUMENTS (PTE. LTD.),51943.0,2,1,84.97,5.0,59.55,129130417922.23643,99.98301450687049,C
ACE:DAYTONS COMMUNICATIONS PTE. LTD.,51931.1,1,1,93.25,3.85,79.9,129130469853.33644,99.98305471604822,C
EV DANCE PTE. LTD.,51870.0,1,1,70.25,4.65,79.39,129130521723.33644,99.98309487791748,C
GRENZONE PTE. LTD.,51736.0,2,1,87.24,4.96,84.47,129130573459.33644,99.98313493603331,C
BELL INDUSTRIAL SUPPLIES,51685.75,2,2,83.72,4.32,68.99,129130625145.08644,99.98317495524161,C
AVIATION SPARES & REPAIRS LIMITED,51609.96,1,1,86.51,3.52,71.41,129130676755.04645,99.98321491576728,C
CEMENTONE (S) PTE LTD,51558.0,1,1,81.29,4.36,77.21,129130728313.04645,99.98325483606139,C
ADVANCE LIBRARY SERVICES PTE LTD,51465.97,2,1,94.82,4.15,87.11,129130779779.01645,99.98329468509857,C
Beijing Yu Feng Yong Jin Shu Jie Guo Chang,51363.0,1,1,90.99,3.44,78.73,129130831142.01645,99.98333445440821,C
SEOW KHIM POLYTHELENE CO PTE LTD,51260.0,2,2,94.14,4.32,76.35,129130882402.01645,99.98337414396707,C
APEX TENNIS,51200.0,1,1,94.69,4.48,71.42,129130933602.01645,99.98341378706918,C
ACTUATION & CONTROLS ENGINEERING SDN. BHD.,51112.28,1,1,80.5,3.29,86.7,129130984714.29645,99.9834533622515,C
NEXUS ANALYTICS SDN. BHD.,50954.2,1,1,97.62,4.5,88.78,129131035668.49644,99.98349281503575,C
AVC PTE. LTD.,50865.0,1,1,93.45,5.0,71.67,129131086533.49644,99.98353219875426,C
Cambridge Economic Policy Associates Ltd,50639.0,6,3,90.24,4.86,79.57,129131137172.49644,99.98357140748567,C
CETM GLOBALTEST PTE. LTD.,50539.0,3,2,93.39,3.42,58.9,129131187711.49644,99.98361053878914,C
E X PTE. LTD.,50440.0,1,1,92.68,4.47,73.82,129131238151.49644,99.98364959343894,C
PULSESECURE PTE. LTD.,50401.0,2,2,84.85,5.0,77.77,129131288552.49644,99.98368861789186,C
Ava-Chem Industrial Pte Ltd,50400.0,1,1,100.0,3.91,78.49,129131338952.49644,99.9837276415705,C
HO PRINTING SINGAPORE PTE LTD,50320.0,1,1,90.06,3.81,91.7,129131389272.49644,99.98376660330678,C
RITMA PRESTASI SDN. BHD.,50250.0,1,1,80.57,3.1,65.01,129131439522.49644,99.98380551084351,C
Peapes Footwear Pte Ltd,50160.0,1,1,81.3,4.24,65.35,129131489682.49644,99.98384434869511,C
K RATNA SPORTS PTE. LTD.,50082.0,1,1,80.12,4.29,85.14,129131539764.49644,99.98388312615292,C
NEEL'S PTE. LTD.,50000.0,1,1,84.68,4.55,82.22,129131589764.49644,99.98392184011982,C
SENSERBOT PTE. LTD.,50000.0,1,1,87.52,5.0,68.63,129131639764.49644,99.98396055408672,C
Rubicon Int'l Talent Exchange Pte Ltd,50000.0,1,1,85.07,3.5,81.63,129131689764.49644,99.98399926805362,C
GOLDEN VILLAGE MULTIPLEX PTE LTD,50000.0,1,1,84.89,4.76,67.13,129131739764.49644,99.98403798202052,C
BENLY CONSTRUCTION COMPANY PTE. LTD.,50000.0,2,2,83.41,5.0,74.69,129131789764.49644,99.98407669598743,C
SINTELLISYS PTE. LTD.,50000.0,1,1,79.04,3.26,93.96,129131839764.49644,99.98411540995433,C
HENDRICKS CORP. PTE. LTD.,50000.0,1,1,73.14,3.9,80.81,129131889764.49644,99.98415412392121,C
LIVING THEORIES PRIVATE LTD.,50000.0,1,1,87.54,4.24,74.26,129131939764.49644,99.98419283788813,C
CHEONG FATT HOLDINGS PTE. LTD.,49990.0,1,1,86.19,4.15,83.08,129131989754.49644,99.98423154411223,C
TROPICAL FIBREGLASS CO,49900.0,1,1,84.33,4.45,71.19,129132039654.49644,99.98427018065121,C
SHA ENGINEERING & TRADING PTE LTD,49808.88,1,1,83.64,4.1,64.07,129132089463.37645,99.98430874663784,C
KORAKER CONSTRUCTION PTE. LTD.,49800.0,1,1,84.15,3.43,73.54,129132139263.37645,99.98434730574888,C
Precision Procurement Pte Ltd,49760.0,1,1,75.95,4.21,87.08,129132189023.37645,99.98438583388874,C
SINGEXPRESS TRAVEL PTE. LTD.,49690.0,1,1,73.84,3.57,64.14,129132238713.37645,99.98442430782903,C
ACCESS-2-HEALTHCARE,49680.0,1,1,85.42,4.57,76.12,129132288393.37645,99.98446277402655,C
QUALITY SYSTEMS & SOLUTIONS PTE. LTD.,49680.0,1,1,77.31,3.33,87.37,129132338073.37645,99.98450124022406,C
APPLIED QUALITY SYSTEMS PTE. LTD.,49680.0,1,1,97.34,4.0,73.21,129132387753.37645,99.98453970642157,C
Global Bound LLC,49680.0,1,1,87.21,4.88,75.82,129132437433.37645,99.98457817261908,C
AGAPE-LIFE SUPPORT SYSTEM PTE. LTD.,49680.0,1,1,93.04,4.21,100.0,129132487113.37645,99.9846166388166,C
"Matrix Medical Consulting, Inc.",49680.0,1,1,77.27,4.28,63.68,129132536793.37645,99.98465510501411,C
Talisam LLC dba Oriel STAT A MATRIX,49680.0,1,1,98.31,4.32,83.95,129132586473.37645,99.98469357121162,C
COWAY ENGINEERING & MARKETING PTE LTD,49500.0,1,1,75.96,4.1,82.34,129132635973.37645,99.98473189803886,C
THE MAGIC AVENUE LLP,49300.0,1,1,95.95,3.41,61.31,129132685273.37645,99.98477007001021,C
SUPERMARKET CREATIVE PTE. LTD.,49300.0,2,1,88.52,3.39,78.93,129132734573.37645,99.9848082419816,C
PICO INTERNATIONAL LLC,49100.0,1,1,89.64,4.07,68.39,129132783673.37645,99.98484625909708,C
Change Data Processing Lab,49000.0,1,1,88.05,4.06,98.71,129132832673.37645,99.98488419878466,C
SGL CONSULTING ENGINEERS,49000.0,1,1,80.51,4.24,55.41,129132881673.37645,99.98492213847221,C
Intrinsec Security Inc,49000.0,1,1,80.26,4.99,73.71,129132930673.37645,99.98496007815977,C
ICON AUTOMATION SOLUTIONS PTE. LTD.,48580.0,1,1,79.11,4.1,49.51,129132979253.37645,99.98499769265001,C
HMI INSTITUTE OF HEALTH SCIENCES (HOLDINGS) PTE. LTD.,48400.0,1,1,80.14,3.38,67.56,129133027653.37645,99.98503516776998,C
CAMPERS' CORNER OUTDOOR OUTFITTERS PTE. LTD.,48399.54,1,1,85.58,3.66,74.11,129133076052.91644,99.98507264253375,C
ECOLAB PTE. LTD.,48300.0,2,1,95.83,3.94,62.5,129133124352.91644,99.98511004022579,C
ARCTIC SHORES APAC PTE. LIMITED,48200.0,1,1,84.18,3.18,95.97,129133172552.91644,99.98514736048988,C
YUASA POWER SYSTEMS (MALAYSIA) SDN.BHD.,48089.25,1,1,100.0,2.63,73.74,129133220642.16644,99.98518459500254,C
Fathurrahman Bin Said,48000.0,1,1,85.07,4.36,86.66,129133268642.16644,99.98522176041075,C
AX SPORTS PTE. LTD.,48000.0,1,1,95.87,4.35,91.45,129133316642.16644,99.98525892581898,C
"TAN SI LIN, GLORIA",48000.0,1,1,73.0,4.21,71.24,129133364642.16644,99.9852960912272,C
CENTER FOR APPLIED LIFE CONCEPTS PRIVATE LIMITED,47976.0,1,1,79.17,3.24,69.17,129133412618.16644,99.98533323805273,C
STERIL MEDICAL PTE LTD,47903.5,3,2,96.49,4.99,62.31,129133460521.66644,99.98537032874299,C
Associated Geotechnical Services Co. Sdn Bhd,47800.0,1,1,79.79,3.96,71.78,129133508321.66644,99.98540733929536,C
Aikguan Marketing,47748.0,1,1,85.13,3.86,83.14,129133556069.66644,99.98544430958519,C
"LOI TERWAY, JESHER",47580.0,1,1,99.62,4.2,62.06,129133603649.66644,99.9854811497961,C
BIOCON SOLUTIONS PTE. LTD.,47495.84,1,1,94.8,4.51,91.06,129133651145.50644,99.98551792484365,C
GREEN SPROUTZ SINGAPORE PTE. LTD.,47370.0,2,1,86.01,4.13,80.25,129133698515.50644,99.98555460245588,C
THE PRODUCTION INITIATIVE PTE. LTD.,47250.0,1,1,77.5,4.11,94.92,129133745765.50644,99.98559118715461,C
CHEM RESIST SDN. BHD.,47182.5,1,1,81.45,3.47,73.05,129133792948.00644,99.98562771958947,C
SKC ASIA HSE SAMPLING TECHNOLOGIES PTE. LTD.,47162.35,4,2,81.55,4.01,87.62,129133840110.35645,99.98566423642261,C
CHILDREN'S COSTUME SPECIALIST,46981.78,2,1,75.24,4.17,91.43,129133887092.13644,99.98570061344412,C
JOHNSON SCIENTIFIC EQUIPMENT COMPANY,46900.0,2,1,68.88,3.43,62.52,129133933992.13644,99.98573692714508,C
CASA GALERIES GROUP PTE. LTD.,46895.0,1,1,96.32,4.59,86.52,129133980887.13644,99.98577323697464,C
NG HSIEN HAN,46760.0,2,1,83.2,4.28,77.23,129134027647.13644,99.98580944227649,C
CONEXOR SINGAPORE PTE. LTD.,46646.8,2,1,93.91,4.52,79.31,129134074293.93645,99.98584555992991,C
CARE EXPRESS SERVICES,46620.0,1,1,80.22,4.88,87.75,129134120913.93645,99.98588165683266,C
P.WORKS,46525.7,1,1,82.85,4.56,87.7,129134167439.63644,99.98591768072085,C
THE AUSTRALIAN CENTRE FOR VALUE MANAGEMENT PTY LTD,46500.0,1,1,100.0,3.65,87.18,129134213939.63644,99.98595368471005,C
YANG AUTOBEST SDN. BHD.,46464.91,3,1,75.59,2.8,66.18,129134260404.54645,99.98598966152981,C
TRI-ELEMENT TECHNOLOGIES PTE. LTD.,46440.0,1,1,89.74,4.11,69.28,129134306844.54645,99.98602561906227,C
MY SPECIAL CORNER,46250.0,1,1,100.0,5.0,87.14,129134353094.54645,99.98606142948167,C
LITTLE RED DOT ENTERPRISE,46200.0,1,1,94.13,4.79,88.25,129134399294.54645,99.98609720118708,C
Victor Enterprises Pte Ltd,46200.0,1,1,80.1,3.77,95.36,129134445494.54645,99.98613297289249,C
EXCELIFT PTE. LTD.,45760.0,1,1,100.0,4.26,88.39,129134491254.54645,99.986168403915,C
RANK TECHNOLOGIES PTE. LTD.,45590.0,1,1,93.8,4.23,74.47,129134536844.54645,99.98620370331003,C
SIN KIAN HUAT CANVAS PTE. LTD.,45572.75,2,1,88.27,5.0,79.58,129134582417.29645,99.98623898934873,C
BCMI Pte Ltd,45477.8,1,1,82.55,3.87,94.84,129134627895.09645,99.9862742018696,C
LAI METALS PTE. LTD.,45360.0,1,1,93.45,3.54,89.94,129134673255.09645,99.98630932318038,C
Ho Davina Shaut Yeam,45300.0,1,1,86.53,5.0,88.59,129134718555.09645,99.98634439803439,C
EUNIQUE PHYSIO PTE. LTD.,45252.0,1,1,97.96,3.99,72.19,129134763807.09645,99.986379435723,C
HIGHNOTES,45188.0,1,1,100.0,4.6,68.88,129134808995.09645,99.98641442385772,C
BIO-REV PTE. LTD.,45039.9,7,6,84.58,3.45,76.12,129134854034.99644,99.98644929732168,C
TOH TAN LLP,45000.0,1,1,88.94,4.71,84.24,129134899034.99644,99.98648413989189,C
MY EAR SINGAPORE PTE. LTD.,45000.0,1,1,100.0,5.0,87.69,129134944034.99644,99.98651898246209,C
MELIORIS PRIVATE LIMITED,44980.0,1,1,89.93,4.12,75.56,129134989014.99644,99.98655380954672,C
TEAMVISION TOURS AND TRAVEL PTE LTD,44917.2,2,1,85.42,3.35,71.8,129135033932.19644,99.9865885880066,C
GENIUM & CO. PTE. LTD.,44805.0,1,1,94.06,4.88,77.41,129135078737.19644,99.98662327959234,C
CHI-TAK ELECTRICAL (J.B.) SDN. BHD.,44795.19,1,1,100.0,4.83,93.25,129135123532.38644,99.9866579635824,C
LIN TZER LIANG BENEDICT CHRISTOPHER,44500.0,1,1,93.26,4.12,70.14,129135168032.38644,99.98669241901294,C
SUCCESS FRONTIERS TRAINING AND CONSULTANCY PRIVATE LIMITED,44500.0,2,2,81.16,4.82,84.33,129135212532.38644,99.98672687444349,C
JMZ SPORTS MANAGEMENT,44100.0,1,1,100.0,4.05,63.69,129135256632.38644,99.98676102016229,C
CHEMOSCIENCE PTE LTD,44006.05,3,3,87.34,3.4,75.75,129135300638.43645,99.98679509313756,C
LEONG OI MUN JASON,43930.43,1,1,81.25,4.35,87.76,129135344568.86644,99.98682910756182,C
TRANSINEX PTE LTD,43920.0,1,1,100.0,2.34,82.28,129135388488.86644,99.98686311391033,C
33 TALENT SINGAPORE PRIVATE LIMITED,43901.0,2,2,76.6,3.4,70.5,129135432389.86644,99.98689710554756,C
PRAXIUM (PTE. LTD.),43800.0,1,1,84.91,4.11,87.54,129135476189.86644,99.98693101898256,C
JAGUAR GAS & ENGINEERING SDN. BHD.,43797.57,3,1,92.73,4.66,65.3,129135519987.43645,99.98696493053608,C
CHESTERFIELD PTE. LTD.,43792.0,1,1,85.02,3.44,90.59,129135563779.43645,99.98699883777684,C
KOREA TECH. SERVICE(S) PTE. LTD.,43740.0,1,1,73.57,5.0,82.64,129135607519.43645,99.98703270475508,C
POLYTEK ENGINEERING,43655.0,1,1,99.56,3.99,66.33,129135651174.43645,99.98706650591959,C
SHINYOU ELEVATOR MFG SDN. BHD.,43632.6,1,1,78.7,4.33,75.38,129135694807.03645,99.98710028974024,C
DISABLED PEOPLE'S ASSOCIATION,43600.0,1,1,80.05,4.0,78.5,129135738407.03645,99.98713404831938,C
Youth Visions Pte Ltd,43513.0,2,2,84.79,4.36,76.69,129135781920.03645,99.9871677395362,C
MIJEMIRA INTERNATIONAL PTE. LTD.,43360.0,1,1,93.06,4.37,80.51,129135825280.03645,99.9872013122883,C
RMIT TRAINING PTY LTD,43350.31,2,1,81.52,3.65,70.0,129135868630.34645,99.98723487753763,C
TREKKERS LEAGUE LLP,43276.0,1,1,78.8,4.66,78.55,129135911906.34645,99.98726838525026,C
KUA HARN WEI,43163.0,1,1,81.31,4.17,72.57,129135955069.34645,99.98730180546933,C
SL SOLUTION INDUSTRIAL SUPPLIES,43151.76,1,1,86.49,5.0,72.19,129135998221.10645,99.9873352169855,C
Biofit Technology & Services,43130.0,1,1,89.35,3.83,61.04,129136041351.10645,99.98736861165334,C
ACL SERVICES (SINGAPORE) PTE. LTD.,43119.0,1,1,94.62,4.08,63.87,129136084470.10645,99.98740199780411,C
ABACUS PROPERTY MANAGEMENT PRIVATE LIMITED,43080.0,1,1,90.37,4.35,68.19,129136127550.10645,99.987435353758,C
COUNTRY COUSINS PTE. LTD.,43080.0,1,1,82.06,4.17,78.59,129136170630.10645,99.98746870971188,C
IMMEDIATE MARKETING PTE. LTD.,42960.0,1,1,86.18,4.43,70.73,129136213590.10645,99.98750197275224,C
GLT PTE. LTD.,42857.0,1,1,80.38,3.66,92.3,129136256447.10645,99.98753515604183,C
ADELE EDUCATIONAL PSYCHOLOGY SERVICES,42820.0,2,2,86.11,4.5,69.33,129136299267.10645,99.98756831068309,C
MONA Computer Systems (S) Pte Ltd,42785.11,7,1,85.45,3.16,89.17,129136342052.21645,99.98760143830974,C
NEW UNIVERSAL SOLUTION,42680.0,6,2,92.03,4.98,59.38,129136384732.21645,99.98763448455188,C
AZ POWER PTE. LTD.,42500.0,1,1,83.58,4.23,69.5,129136427232.21645,99.98766739142376,C
SHEVS IFT CONSULTANTS PTE. LTD.,42500.0,1,1,80.6,4.07,78.95,129136469732.21645,99.98770029829561,C
MAINLAND ENGINEERING PTE. LTD.,42499.0,1,1,76.45,3.65,78.01,129136512231.21645,99.98773320439321,C
KISO-JIBAN SINGAPORE PTE LTD,42480.0,4,2,92.21,3.51,80.5,129136554711.21645,99.98776609577948,C
GALAXY RESEARCH TECHNOLOGIES,42462.0,1,1,93.45,4.07,78.42,129136597173.21645,99.98779897322872,C
ASIAN LEADERS INSTITUTE PTE. LTD.,42240.0,1,1,97.27,3.13,82.12,129136639413.21645,99.98783167878797,C
THE REGENT SINGAPORE,42174.0,5,2,83.96,4.56,77.77,129136681587.21645,99.98786433324477,C
LION GLOBAL INVESTORS LIMITED,42083.6,4,3,100.0,4.57,72.07,129136723670.81645,99.98789691770672,C
Springer Nature Customer Service Center GmbH,42068.66,1,1,91.8,3.8,70.12,129136765739.47646,99.98792949060095,C
CHOKIM SCIENTIFIC (S) PTE LTD,42034.0,3,3,85.75,4.72,80.87,129136807773.47646,99.98796203665864,C
MAXFORM,42000.0,1,1,98.25,3.72,87.97,129136849773.47646,99.98799455639083,C
Persatuan Persuratan Pemuda Pemudi Melayu (Malay Youth Literary Association),41952.0,1,1,96.75,5.0,81.34,129136891725.47646,99.98802703895763,C
KC LAU REGISTERED INSPECTOR,41920.0,5,2,90.55,4.77,65.31,129136933645.47646,99.98805949674747,C
GOLDER ASSOCIATES (SINGAPORE) PTE. LTD.,41888.0,1,1,83.92,3.57,88.36,129136975533.47646,99.98809192976039,C
LMS MARKETING PTE LTD,41850.0,1,1,79.96,4.61,83.86,129137017383.47646,99.98812433335068,C
DATARAN TENAGA (M) SDN. BHD.,41808.76,1,1,92.13,2.97,65.77,129137059192.23645,99.98815670500969,C
CASTELLO CONSULTANT,41800.0,1,1,83.15,4.12,80.22,129137100992.23645,99.98818906988602,C
tamagoh productions pte ltd,41800.0,1,1,85.69,4.55,80.52,129137142792.23645,99.98822143476235,C
DV STUDIO PTE. LTD.,41750.0,1,1,82.87,4.96,82.46,129137184542.23645,99.98825376092472,C
HT Lubricant Sdn Bhd,41659.13,1,1,92.59,4.4,90.65,129137226201.36646,99.98828601672831,C
"PROFESSIONAL TESTING, INC.",41657.0,2,1,100.0,3.67,76.98,129137267858.36646,99.9883182708827,C
BEZ BALLOONS PTE LTD,41600.0,1,1,95.07,5.0,79.48,129137309458.36646,99.98835048090316,C
Jin Shiyi,41580.0,2,2,100.0,5.0,72.42,129137351038.36646,99.98838267543803,C
Liu Yan,41580.0,2,2,75.07,3.84,89.79,129137392618.36646,99.98841486997291,C
WANG FANG LIANG,41580.0,2,2,86.44,4.86,79.81,129137434198.36646,99.98844706450778,C
CHEMOPHARM SDN. BHD.,41570.35,1,1,73.07,4.77,87.69,129137475768.71646,99.98847925157087,C
ANG SENG EGGS SUPPLIER,41507.23,3,2,92.5,3.78,78.63,129137517275.94646,99.98851138976144,C
AW GUAN HONG VEGETABLE WHOLESALER,41465.0,2,1,83.82,3.98,71.24,129137558740.94646,99.98854349525418,C
KSB DISTRIBUTION PTE LTD,41465.0,2,1,91.94,4.28,74.7,129137600205.94646,99.98857560074693,C
OIKOS. COMMUNITY @ SENGKANG LTD.,41400.0,2,1,88.86,4.07,65.15,129137641605.94646,99.98860765591154,C
OPERON PTE. LTD.,41250.0,1,1,84.71,4.64,85.19,129137682855.94646,99.98863959493423,C
HEIGHT PROTECTION SOLUTIONS PTE. LTD.,40800.0,1,1,77.76,4.06,79.75,129137723655.94646,99.9886711855312,C
QUINTECH LIFE SCIENCES PTE. LTD.,40535.0,1,1,100.0,3.37,91.36,129137764190.94646,99.98870257094417,C
SUCCESS STRATEGY (PTE) LTD,40502.0,2,2,84.78,3.38,84.56,129137804692.94646,99.98873393080594,C
TAY SCIENTIFIC INSTRUMENTS SDN. BHD.,40409.54,4,1,100.0,4.46,74.07,129137845102.48645,99.9887652190778,C
TEKMARK PTE. LTD.,40379.25,1,1,88.97,2.85,70.74,129137885481.73645,99.98879648389676,C
TAYLOR & FRANCIS ASIA PACIFIC,40245.53,1,1,94.31,4.57,74.09,129137925727.26645,99.98882764517909,C
FTI CONSULTING (SINGAPORE) PTE. LTD.,40066.0,3,3,84.7,3.41,85.89,129137965793.26645,99.98885866745505,C
INFIELD PROJECTS PRIVATE LIMITED,40001.8,2,2,90.13,4.48,64.38,129138005795.06645,99.98888964002226,C
ANITE SINGAPORE PTE. LTD.,40000.0,1,1,81.09,4.58,78.32,129138045795.06645,99.9889206111958,C
CHAND-RA SAFETY SOLUTIONS,40000.0,1,1,93.78,3.7,91.87,129138085795.06645,99.98895158236931,C
Shirin Akbar,40000.0,1,1,79.55,4.09,79.94,129138125795.06645,99.98898255354284,C
Mohammed Zahurul Hasan,40000.0,1,1,88.54,4.07,68.51,129138165795.06645,99.98901352471636,C
soon heng tables & chairs service,39926.9,1,1,77.38,4.15,85.15,129138205721.96645,99.98904443929005,C
ECOPONICS,39825.0,1,1,92.18,3.8,71.34,129138245546.96645,99.98907527496469,C
XIN ZONGHUA DARREL,39585.0,3,2,80.91,3.71,100.0,129138285131.96645,99.98910592481228,C
REIN BIOTECH SERVICES PTE LTD,39585.0,1,1,87.74,3.76,86.19,129138324716.96645,99.98913657465988,C
BOLSEN MARINE SYSTEMS PTE. LTD.,39520.0,1,1,85.62,3.25,84.75,129138364236.96645,99.98916717417931,C
Syntech Chemicals Pte Ltd,39225.0,2,2,99.36,3.85,87.11,129138403461.96645,99.98919754528634,C
JPLW FINANCIAL PAC,39202.0,3,1,88.39,4.98,66.84,129138442663.96645,99.98922789858497,C
ASTERAND BIOSCIENCE,39190.5,1,1,83.68,4.95,73.7,129138481854.46645,99.98925824297935,C
BUSINESS CONTINUITY PLANNING ASIA PTE. LTD.,39100.0,1,1,100.0,4.17,77.14,129138520954.46645,99.98928851730147,C
CSN CONSULTANTS PTE. LTD.,39003.4,3,2,87.73,4.41,82.73,129138559957.86644,99.98931871682821,C
QCUBE PTE. LTD.,38870.0,1,1,100.0,4.27,85.64,129138598827.86644,99.98934881306607,C
ZINKIE AW PHOTOGRAPHY AND DESIGN,38580.0,2,1,87.23,3.22,84.75,129138637407.86644,99.98937868476293,C
DUNI SONG SENG PTE. LTD.,38460.0,1,1,100.0,3.43,69.69,129138675867.86644,99.98940846354627,C
NORSKER TRADING HOUSE PTE LTD,38460.0,1,1,76.03,5.0,91.74,129138714327.86644,99.98943824232961,C
BIG PACK PTE. LTD.,38460.0,1,1,94.17,5.0,76.91,129138752787.86644,99.98946802111294,C
CLOUD PLUS PTE. LTD.,38274.0,1,1,92.64,4.73,79.44,129138791061.86644,99.98949765588033,C
ARDENT MARITIME SINGAPORE PTE. LTD.,38232.0,2,1,96.3,3.81,86.59,129138829293.86644,99.98952725812799,C
TOPCON SINGAPORE MEDICAL PTE. LTD.,38100.0,1,1,80.35,4.41,77.48,129138867393.86644,99.98955675817076,C
SAUTER SINGAPORE PTE LTD,38000.0,1,1,93.55,3.91,67.27,129138905393.86644,99.98958618078561,C
VALEURHR PTE. LTD.,37929.1,1,1,96.85,4.25,73.68,129138943322.96645,99.98961554850405,C
VALUE VALVES PTE. LTD,37906.0,1,1,80.29,4.12,77.21,129138981228.96645,99.98964489833664,C
HONEY-LAND INTERNATIONAL PTE. LTD.,37864.1,3,3,73.65,4.37,58.49,129139019093.06645,99.98967421572694,C
KHURSHIDA YESMIN,37500.0,1,1,100.0,5.0,89.56,129139056593.06645,99.9897032512021,C
THE GALLUP ORGANIZATION (SINGAPORE) PTE LTD,37500.0,1,1,97.51,4.87,58.01,129139094093.06645,99.98973228667728,C
ARTVENTURE COVE,37440.0,1,1,77.68,5.0,67.68,129139131533.06645,99.9897612756957,C
SUPERPIXEL PTE. LTD.,37300.0,1,1,94.51,3.85,74.95,129139168833.06645,99.98979015631501,C
"Association for Supervision and Curriculum Development (Singapore), The",37296.0,1,1,82.4,5.0,80.67,129139206129.06645,99.9898190338372,C
ELSHIN INTERNATIONAL PTE LTD,37281.0,1,1,79.07,3.39,87.17,129139243410.06645,99.98984789974519,C
UNITED BMEC PTE LTD,37000.0,1,1,100.0,4.08,90.37,129139280410.06645,99.9898765480807,C
EAGLES WINGS CONSULTING PTE. LTD.,36750.0,1,1,84.63,4.49,76.53,129139317160.06645,99.98990500284637,C
THE WORKBENCH LLP,36686.65,2,2,71.45,3.38,79.53,129139353846.71645,99.98993340856146,C
BYS HORTICULTURE,36421.0,1,1,78.21,3.28,73.91,129139390267.71645,99.98996160858921,C
SHINE SECURITY AGENCY PTE. LTD.,36400.0,1,1,97.02,4.57,77.91,129139426667.71645,99.98998979235711,C
ENGE PLAS AUTOMATION (S) PTE LTD,36384.0,1,1,79.02,4.1,61.16,129139463051.71645,99.99001796373655,C
IKARI SERVICES PTE LTD,36281.0,1,1,80.65,4.18,75.1,129139499332.71645,99.99004605536521,C
CEA CONSULTANCY PTE. LTD.,36143.25,1,1,95.42,4.23,74.61,129139535475.96645,99.99007404033689,C
OTIS ELEVATOR COMPANY,36070.32,1,1,98.34,4.17,83.27,129139571546.28645,99.99010196884039,C
IT TECH RESEARCH (M) SDN.BHD.,36020.41,3,1,86.07,3.74,70.32,129139607566.69646,99.9901298586996,C
CELLEBRITE ASIA PACIFIC PTE. LTD.,36012.6,1,1,92.06,4.48,81.96,129139643579.29646,99.9901577425117,C
MSAB PTE. LTD.,36012.6,1,1,73.63,2.76,71.0,129139679591.89647,99.9901856263238,C
DULK EDU CONSULTANCY,36000.0,1,1,75.22,3.16,72.15,129139715591.89647,99.99021350037997,C
SYNERGY LIMITED LIABILITY PARTNERSHIP,36000.0,1,1,81.17,4.67,72.68,129139751591.89647,99.99024137443612,C
MRS TAN SONG KIANG @ ANNA LIEM HONG HOA,36000.0,1,1,94.46,3.65,66.0,129139787591.89647,99.9902692484923,C
Muhamad Yusri Bin Mohamed Ali,36000.0,1,1,79.76,4.04,83.56,129139823591.89647,99.99029712254847,C
ARC SPORTS PTE. LTD.,36000.0,1,1,90.62,3.43,82.45,129139859591.89647,99.99032499660464,C
CSK LANDSCAPE SERVICES (S) PTE. LTD.,36000.0,1,1,88.87,4.67,75.66,129139895591.89647,99.9903528706608,C
TANJUNG P TRADING,35951.99,1,1,92.32,4.54,82.24,129139931543.88647,99.99038070754382,C
ANDAZ SINGAPORE,35769.5,7,3,88.62,4.46,79.77,129139967313.38647,99.99040840312861,C
SIMITRI GROUP INTERNATIONAL PTE. LTD.,35700.0,1,1,85.88,4.63,74.66,129140003013.38647,99.99043604490097,C
LIGHTCRAFT PTE LTD,35559.0,1,1,90.29,4.0,71.18,129140038572.38647,99.99046357749995,C
LHW ENGINEERING SDN BHD,35520.42,1,1,81.91,5.0,71.04,129140074092.80647,99.99049108022724,C
THONG ON INDUSTRIES PTE LTD,35440.0,1,1,94.0,3.56,85.82,129140109532.80647,99.99051852068698,C
TT ENERGY PTE. LTD.,35327.0,2,2,85.85,5.0,76.42,129140144859.80647,99.99054587365316,C
VANCE CHEMICALS PTE. LTD.,35247.5,2,2,77.85,4.1,83.93,129140180107.30647,99.99057316506412,C
ACORN TRAINING PTE. LTD.,35244.0,4,2,81.14,4.51,90.22,129140215351.30647,99.99060045376511,C
Nam Ho Travel Service (S) Pte Ltd,35106.0,2,2,74.94,3.54,92.74,129140250457.30647,99.99062763561555,C
PERSONAL MASTERY RESOURCES,35100.0,1,1,89.09,4.39,73.13,129140285557.30647,99.99065481282031,C
TRUTH CONSULTING PTE. LTD.,34900.0,1,1,83.26,4.29,69.17,129140320457.30647,99.99068183516921,C
PAR CORPORATION (S) PTE. LTD.,34880.0,2,2,83.52,2.84,84.88,129140355337.30647,99.99070884203252,C
DING YI MUSIC COMPANY LTD.,34800.0,1,1,92.83,4.19,69.87,129140390137.30647,99.9907357869535,C
RED-POWER ELECTRICAL ENGINEERING PTE LTD,34800.0,1,1,100.0,4.03,98.92,129140424937.30647,99.99076273187445,C
THONG HUP GARDENS PTE LTD,34698.0,3,2,87.67,4.2,79.38,129140459635.30647,99.99078959781892,C
KEAT MECHANICALS & ENGINEERING WORKS,34597.44,1,1,96.43,4.4,56.76,129140494232.74648,99.99081638590187,C
CHIPS AND TOON PTE. LTD.,34557.0,2,1,85.83,3.94,96.06,129140528789.74648,99.99084314267294,C
JAS FORWARDING (SINGAPORE) PTE. LTD.,34500.0,1,1,76.88,3.64,77.92,129140563289.74648,99.99086985531011,C
GRAPEVINE CONSULTING PTE. LTD.,34485.0,1,1,87.25,3.8,77.93,129140597774.74648,99.99089655633307,C
NOROCOS PTE. LTD.,34482.0,1,1,91.65,5.0,78.72,129140632256.74648,99.99092325503321,C
SCHOOL OF COFFEE,34482.0,1,1,81.91,3.78,73.58,129140666738.74648,99.99094995373335,C
LIM SIANG HUAT PTE LTD,34482.0,1,1,94.85,4.73,95.24,129140701220.74648,99.99097665243349,C
FAESOL PTE. LTD.,34482.0,1,1,81.11,4.1,74.58,129140735702.74648,99.99100335113361,C
ALTERNATIVE SELECTION PTE. LTD.,34482.0,1,1,91.07,3.14,90.2,129140770184.74648,99.99103004983374,C
SOUTHERN SUPPLY & SERVICES (J) SDN BHD,34416.48,2,1,94.61,3.64,72.32,129140804601.22647,99.99105669780309,C
AVVERY ENGINEERING PTE. LTD.,34383.0,1,1,100.0,4.73,87.27,129140838984.22647,99.99108331984957,C
ACENTRIX PTE. LTD.,34315.45,1,1,80.2,4.14,85.65,129140873299.67647,99.99110988959347,C
PPM MEDICAL PTE. LTD.,34154.0,1,1,85.32,4.6,84.7,129140907453.67647,99.99113633433,C
BUILT FROM SKRATCH,34100.0,2,2,100.0,4.01,91.43,129140941553.67647,99.99116273725541,C
OH CHIN HUAT HYDROPONIC FARMS PTE LTD,34000.01,1,1,78.48,3.54,74.76,129140975553.68646,99.99118906276064,C
SINGLAB TECHNOLOGIES PTE. LTD.,33731.78,1,1,85.94,3.5,83.81,129141009285.46646,99.99121518058094,C
Sing Wah Enterprise Pte Ltd,33700.0,1,1,82.28,3.39,93.71,129141042985.46646,99.99124127379463,C
SYNCHRO BADMINTON ACADEMY,33600.0,1,1,85.94,4.14,78.57,129141076585.46646,99.99126728958039,C
Ark Industries,33500.0,2,1,77.12,3.33,82.78,129141110085.46646,99.9912932279382,C
RJCAT CONSULTANCY,33500.0,1,1,76.47,5.0,76.91,129141143585.46646,99.99131916629604,C
SOFOYO PTE. LTD.,33400.0,1,1,82.26,3.46,79.18,129141176985.46646,99.99134502722592,C
H CONCEPT ASIA PTE. LTD.,33346.5,1,1,84.33,4.89,86.35,129141210331.96646,99.99137084673187,C
YOUTH VISIONS PRIVATE LIMITED,33333.0,1,1,98.13,3.48,75.88,129141243664.96646,99.99139665578504,C
Lee Hou Koon,33270.0,3,2,96.77,4.47,72.52,129141276934.96646,99.99142241605861,C
NEUROLEADERSHIP GROUP PTE. LTD.,33000.0,1,1,94.17,5.0,75.02,129141309934.96646,99.99144796727677,C
ZHENG CONSTRUCTION EQUIPMENTS PTE. LTD.,33000.0,1,1,70.87,3.42,66.02,129141342934.96646,99.99147351849493,C
WIDE-LINKS MARKETING SERVICES PTE. LTD.,32980.0,2,1,97.15,3.82,81.66,129141375914.96646,99.99149905422749,C
Vasundara Malaysia Sdn. Bhd.,32921.35,1,1,95.31,4.37,79.33,129141408836.31647,99.99152454454858,C
MULTI INDUSTRIAL HARDWARE SDN. BHD.,32883.63,1,1,86.1,3.82,90.43,129141441719.94647,99.99155000566385,C
GIS SUPPLY & ENGINEERING SDN. BHD.,32824.24,1,1,97.08,4.44,85.99,129141474544.18648,99.99157542079467,C
Viewqwest Pte Ltd,32771.0,1,1,100.0,3.52,84.2,129141507315.18648,99.99160079470286,C
Hup Hong Machinery (S) Pte Ltd,32764.0,1,1,100.0,3.89,79.34,129141540079.18648,99.9916261631911,C
INVIVOS PTE. LTD.,32677.5,1,1,89.43,4.56,76.27,129141572756.68648,99.99165146470416,C
Everfirst Pte Ltd,32575.0,1,1,95.18,3.97,93.38,129141605331.68648,99.99167668685361,C
SP CAMPERS PTE. LTD.,32480.0,1,1,87.59,4.96,84.21,129141637811.68648,99.9917018354465,C
MENG JIE,32370.0,3,2,92.96,4.89,77.71,129141670181.68648,99.99172689886868,C
CHUA WEY CHONG,32370.0,3,2,97.19,4.03,80.75,129141702551.68648,99.99175196229085,C
CA TRUST PAC,32302.0,3,1,86.6,4.14,77.85,129141734853.68648,99.99177697306202,C
PRESTIGE SOLUTIONS PTE. LTD.,32000.0,1,1,96.73,4.11,89.44,129141766853.68648,99.99180175000083,C
SPEAK! VENTURES PTE. LTD.,32000.0,1,1,76.78,5.0,72.44,129141798853.68648,99.99182652693965,C
J.M ART TAILORING AND DRESSMAKING,31955.0,1,1,86.8,3.96,88.76,129141830808.68648,99.99185126903589,C
BASHEER GRAPHIC BOOKS,31819.71,4,4,93.14,4.85,82.16,129141862628.39648,99.9918759063799,C
KDY HOLDINGS PTE. LTD.,31700.0,1,1,78.49,3.99,85.76,129141894328.39648,99.99190045103491,C
NEUMED PTE. LTD.,31526.4,4,2,83.92,4.72,80.69,129141925854.79648,99.99192486127502,C
LINDE MATERIAL HANDLING ASIA PACIFIC PTE LTD,31500.0,1,1,78.5,4.03,95.55,129141957354.79648,99.99194925107417,C
PETSPLAY,31404.0,1,1,92.63,4.97,99.99,129141988758.79648,99.9919735665425,C
VINCENT TAN ENG KIAT,31395.0,3,2,84.23,5.0,47.79,129142020153.79648,99.99199787504233,C
BEN PRODUCTIONS,31360.0,1,1,100.0,3.97,72.5,129142051513.79648,99.99202215644236,C
MEGATEX MARKETING,31200.0,1,1,86.02,3.55,75.04,129142082713.79648,99.99204631395772,C
CARD ATELIER,31200.0,1,1,76.17,4.96,50.59,129142113913.79648,99.99207047147306,C
KK WOMEN'S AND CHILDREN'S HOSPITAL PTE. LTD.,31200.0,1,1,85.85,5.0,78.74,129142145113.79648,99.9920946289884,C
NEUEDUCATION,31200.0,1,1,85.35,4.11,98.23,129142176313.79648,99.99211878650375,C
PANASONIC SINGAPORE,31115.0,2,2,89.21,4.3,86.15,129142207428.79648,99.99214287820534,C
WHEELS ON WHEELS PTE. LTD.,31080.0,1,1,100.0,4.39,81.14,129142238508.79648,99.99216694280719,C
Brinda's Pte Ltd,31037.0,3,2,89.13,5.0,61.91,129142269545.79648,99.99219097411499,C
Bethesda Community Assistance and Relationship Enrichment Centre,30880.0,1,1,100.0,4.25,73.32,129142300425.79648,99.99221488386095,C
SOLUTIONS.INC PTE. LTD.,30700.0,1,1,98.4,4.28,83.94,129142331125.79648,99.99223865423663,C
ORGNIX CREATIVES PTE. LTD.,30596.5,1,1,92.04,4.53,97.48,129142361722.29648,99.9922623444744,C
YEN HONG MARINE SDN. BHD.,30569.95,1,1,80.12,4.43,76.68,129142392292.24648,99.99228601415504,C
CALGIN ENTERPRISES PTE LTD,30516.0,4,1,86.5,4.24,76.02,129142422808.24648,99.99230964206332,C
MUSIC RENAISSANCE PRODUCTION,30420.0,3,2,84.48,4.22,69.89,129142453228.24648,99.99233319564078,C
NGO LIK TZE,30420.0,3,2,84.27,4.93,81.59,129142483648.24648,99.99235674921825,C
SIM WEI LING AVILYN,30420.0,3,2,95.15,3.02,81.15,129142514068.24648,99.99238030279571,C
ALFA INTERNATIONAL PTE. LTD,30200.0,2,1,89.47,4.79,74.58,129142544268.24648,99.99240368603172,C
AWAKEN GROUP PTE. LTD.,30135.75,3,2,77.24,4.04,74.68,129142574403.99648,99.99242701952028,C
RESULTS-BASED LEADERSHIP ASIA PTE. LTD.,30134.75,2,1,96.05,4.7,79.16,129142604538.74648,99.99245035223456,C
ODE CONSULTING PTE. LTD.,30134.75,2,1,81.89,4.17,78.67,129142634673.49648,99.99247368494883,C
TELIMAX TECHNOLOGY (S) PTE. LTD.,30110.0,1,1,100.0,3.56,84.75,129142664783.49648,99.9924969984997,C
ARCHER MARKETING & DEVELOPMENT (S) PTE LTD,30080.0,1,1,97.15,3.55,91.38,129142694863.49648,99.99252028882219,C
Nair Geesha Shankaran,30000.0,1,1,95.16,4.76,82.41,129142724863.49648,99.99254351720234,C
SUN RAY DREAMWORKS PRIVATE LIMITED,30000.0,1,1,90.88,3.74,77.87,129142754863.49648,99.99256674558248,C
REACH THERAPY SERVICES,30000.0,1,1,95.01,4.51,77.59,129142784863.49648,99.99258997396262,C
KAVO DENTAL SUPPLY,30000.0,1,1,99.7,4.8,80.49,129142814863.49648,99.99261320234275,C
ASIATECK SOLUTIONS PTE. LTD.,30000.0,1,1,85.52,4.74,62.61,129142844863.49648,99.9926364307229,C
THE 2ND POST,30000.0,1,1,93.92,4.1,62.69,129142874863.49648,99.99265965910304,C
GOURMET PARTNER (S) PTE. LTD.,30000.0,1,1,89.36,3.09,85.56,129142904863.49648,99.99268288748317,C
WIN SIN (PTE) LTD.,30000.0,1,1,84.99,3.83,68.39,129142934863.49648,99.99270611586331,C
OPTIMUS CHAMBERS LLC,30000.0,1,1,86.97,4.27,88.26,129142964863.49648,99.99272934424346,C
SCANMED TECHNOLOGY (S) PTE LTD,29960.0,1,1,97.82,3.7,66.57,129142994823.49648,99.99275254165244,C
LANSPOWER SERVICES SDN. BHD.,29896.91,1,1,80.48,3.33,75.1,129143024720.40648,99.99277569021211,C
COLOURSCAN PRINT CO. PTE. LTD.,29822.5,1,1,97.5,3.1,80.09,129143054542.90648,99.99279878115766,C
NADI SINGAPURA LTD.,29800.0,1,1,100.0,5.0,79.76,129143084342.90648,99.99282185468195,C
JIN DING TRADING COMPANY,29774.0,1,1,96.08,3.71,90.36,129143114116.90648,99.99284490807496,C
ANALYSYS MASON LIMITED,29403.0,4,1,89.63,4.65,50.44,129143143519.90648,99.99286767421033,C
JURUTERA UJI TATAH SDN. BHD.,29402.52,1,1,100.0,4.15,71.16,129143172922.42648,99.99289043997406,C
ALPHAMED PTE LTD,29350.0,3,1,93.49,4.79,77.44,129143202272.42648,99.99291316507262,C
TERRA UPCYCLE PTE. LTD.,29240.0,1,1,92.93,4.56,77.96,129143231512.42648,99.99293580500047,C
HAI CHOO WINES & SPIRITS,29200.0,2,1,94.21,3.76,65.17,129143260712.42648,99.99295841395714,C
KARL STORZ ENDOSCOPY SINGAPORE SALES PTE. LTD.,29180.0,1,1,82.1,4.51,98.06,129143289892.42648,99.99298100742821,C
JEAN LUC CHARLES LEBRUN,29023.0,1,1,86.7,4.05,91.38,129143318915.42648,99.99300347933745,C
TRAMPOLENE LIMITED,28900.0,1,1,89.15,4.39,67.4,129143347815.42648,99.99302585601032,C
ARADHANA KUMARI,28800.0,1,1,71.7,2.61,64.16,129143376615.42648,99.99304815525525,C
BPS WELLNESS CENTRE,28800.0,1,1,85.4,4.3,74.34,129143405415.42648,99.99307045450018,C
Medical Plus Pte Ltd,28683.0,1,1,92.88,4.41,97.4,129143434098.42648,99.99309266315444,C
"SIM LIAN KIAT, EDDIE",28560.0,1,1,86.56,4.5,69.42,129143462658.42648,99.99311477657233,C
TOUR MUSIC,28560.0,1,1,92.82,4.19,72.43,129143491218.42648,99.99313688999023,C
ONE TEAM CONSULTING PTE. LTD.,28500.0,1,1,89.0,3.85,79.18,129143519718.42648,99.99315895695136,C
YAO TIANYAO,28470.0,3,2,85.43,3.93,68.65,129143548188.42648,99.99318100068412,C
GOH KOK HIONG,28400.0,2,1,91.89,3.97,75.13,129143576588.42648,99.99320299021731,C
PRECISE QUEST ENGINEERING (M) SDN. BHD.,28309.79,1,1,98.17,4.2,78.07,129143604898.21648,99.99322490990276,C
Mega Marketing & Services Pte Ltd,28140.0,1,1,89.61,3.22,69.83,129143633038.21648,99.99324669812334,C
IMAGE PRINTERS PTE. LTD.,28110.0,1,1,76.16,4.9,67.26,129143661148.21648,99.99326846311554,C
LTS GROUP PTE. LTD.,28068.69,7,3,83.09,4.64,77.66,129143689216.90648,99.99329019612225,C
Protocol Academy Pte Ltd,28050.0,1,1,95.63,4.4,70.22,129143717266.90648,99.99331191465768,C
"ONG MAY RONG, NANCY",27820.0,2,2,96.79,3.82,71.95,129143745086.90648,99.99333345510885,C
Abdul Ahad,27800.0,1,1,90.68,5.0,75.1,129143772886.90648,99.99335498007446,C
Aroti Chakravarti,27800.0,1,1,85.54,4.57,75.12,129143800686.90648,99.99337650504006,C
ST ANDREW'S MISSION HOSPITAL,27754.0,5,2,81.74,4.24,81.09,129143828440.90648,99.9933979943888,C
TABERNACLE (AUTO) SERVICES PTE LTD,27560.0,1,1,84.25,4.44,87.54,129143856000.90648,99.99341933352736,C
FASSLER GOURMET PTE LTD,27550.0,2,2,79.74,5.0,59.48,129143883550.90648,99.99344066492311,C
WANG XU,27540.0,1,1,79.46,4.99,89.03,129143911090.90648,99.99346198857609,C
TRANSIT-MIXED CONCRETE LTD,27472.0,1,1,92.62,4.31,71.07,129143938562.90648,99.99348325957807,C
ADTEC ENTERPRISE PTE LTD,27440.0,1,1,100.0,4.27,80.16,129143966002.90648,99.9935045058031,C
Konica Minolta Sensing Singapore Pte Ltd,27395.0,1,1,77.54,4.68,68.51,129143993397.90648,99.99352571718556,C
KLENCO (SINGAPORE) PRIVATE LIMITED,27325.65,2,2,75.66,3.96,59.36,129144020723.55647,99.99354687487175,C
SIGMA-ALDRICH PTE. LTD.,27201.28,1,1,82.56,3.77,80.1,129144047924.83647,99.99356793626082,C
POWEREDGE PTE. LTD.,27007.4,1,1,83.86,2.93,70.83,129144074932.23647,99.9935888475326,C
NOVAARS INTERNATIONAL PTE. LTD.,27000.0,1,1,96.66,3.63,91.13,129144101932.23647,99.99360975307474,C
TERS CONSULTING PTE. LTD.,26990.0,2,1,83.77,4.09,79.77,129144128922.23647,99.99363065087408,C
TECK GHEE YOUTH CENTRE,26940.0,1,1,85.89,4.51,87.46,129144155862.23647,99.99365150995943,C
QUAHE WOO & PALMER LLC,26924.0,7,4,80.84,4.09,77.05,129144182786.23647,99.99367235665633,C
A+B TOURISM TRAINING HUB PTE. LTD.,26876.0,1,1,90.89,5.0,79.17,129144209662.23647,99.99369316618782,C
ENG SOON CHAIR & TABLE HIRE SERVICE,26833.57,1,1,78.81,3.42,70.88,129144236495.80647,99.99371394286665,C
ACADEMY COMMUNICATION PTE. LTD.,26700.0,1,1,83.47,4.98,89.3,129144263195.80647,99.99373461612497,C
KOTA TINGGI SHELL PETROL STATION,26697.85,1,1,100.0,4.11,72.9,129144289893.65648,99.9937552877186,C
LANGUAGE WORKS PTE. LTD.,26600.0,1,1,87.62,4.41,62.76,129144316493.65648,99.99377588354899,C
CHIA CAM MENG JOHNNY,26520.0,3,2,84.09,3.2,93.33,129144343013.65648,99.99379641743703,C
CAPTIONCUBE PTE. LTD.,26500.0,1,1,92.33,3.38,88.1,129144369513.65648,99.99381693583949,C
FOUR-UP (MALAYSIA) SDN BHD,26485.73,1,1,87.73,4.08,73.8,129144395999.38647,99.99383744319297,C
CARA CONSULTANCY SERVICES (PTE.) LTD.,26480.0,1,1,67.27,3.03,78.99,129144422479.38647,99.99385794610986,C
Decal Singapore Pte Ltd,26400.0,1,1,84.51,3.93,59.6,129144448879.38647,99.99387838708438,C
INTEGRATED DECISION SYSTEMS CONSULTANCY PTE LTD,26400.0,1,1,97.75,4.67,75.41,129144475279.38647,99.9938988280589,C
ROGER JENKINS PTE. LTD.,26335.0,1,1,99.14,4.48,72.06,129144501614.38647,99.99391921870526,C
FIELD CATERING & SUPPLIES PTE LTD,26330.2,3,2,94.79,3.92,71.38,129144527944.58647,99.99393960563509,C
ANGLISS SINGAPORE PTE LTD,26316.0,2,2,84.1,4.73,81.98,129144554260.58647,99.99395998157014,C
FAR OCEAN SEA PRODUCTS (PRIVATE) LIMITED,26315.0,1,1,100.0,4.27,88.43,129144580575.58647,99.99398035673093,C
Hock Tong Bee Pte Ltd,26315.0,1,1,88.41,4.36,79.13,129144606890.58647,99.9940007318917,C
PACKET GREENS PTE. LTD.,26315.0,1,1,93.28,3.05,88.26,129144633205.58647,99.99402110705249,C
BAKERY LABORATORY PTE. LTD.,26315.0,1,1,79.44,4.55,92.74,129144659520.58647,99.99404148221328,C
LAI SOON FRESH FRUITS,26315.0,1,1,94.04,3.23,75.63,129144685835.58647,99.99406185737405,C
COCOAORIENT PTE. LTD.,26315.0,1,1,94.72,5.0,70.8,129144712150.58647,99.99408223253484,C
AH HUA KELONG,26315.0,1,1,92.76,3.77,97.96,129144738465.58647,99.99410260769561,C
HSC INTERNATIONAL PTE. LTD.,26315.0,1,1,98.77,4.23,65.81,129144764780.58647,99.9941229828564,C
CRYOEXPRESS SINGAPORE PTE. LTD.,26250.76,3,2,99.29,5.0,73.19,129144791031.34647,99.99414330827746,C
PRESTIGE LAUNDRY AND CLEANING PTE. LTD.,26071.2,1,1,96.05,4.43,75.29,129144817102.54646,99.99416349466892,C
AVIC DKKY PTE. LTD.,26000.0,1,1,96.25,3.62,64.52,129144843102.54646,99.99418362593173,C
SEFAR FABRICATION (M) SDN. BHD.,25857.75,1,1,100.0,4.33,87.44,129144868960.29646,99.99420364705327,C
OCEAN LUBRICANTS PTE. LTD.,25785.0,1,1,75.75,4.61,77.62,129144894745.29646,99.99422361184601,C
WU CHIAW CHING & COMPANY,25782.0,2,1,92.91,4.57,79.98,129144920527.29646,99.9942435743159,C
CFM HOLDINGS LIMITED,25774.0,1,1,78.21,3.51,90.99,129144946301.29646,99.99426353059155,C
PREMIERE TRAINING SERVICES,25600.0,1,1,81.33,4.66,70.09,129144971901.29646,99.99428335214262,C
TOTT@97,25500.0,1,1,86.37,5.0,63.94,129144997401.29646,99.99430309626574,C
POSITIVE EDUCATION,25500.0,2,1,80.05,4.55,97.8,129145022901.29646,99.99432284038885,C
BioSpyder Technologies Inc,25411.2,1,1,80.63,3.63,78.63,129145048312.49646,99.99434251575596,C
hanna Instruments(Singapore)Pte Ltd,25400.0,2,2,93.55,3.01,78.95,129145073712.49646,99.99436218245114,C
1-KNOT PTE. LTD.,25390.0,1,1,100.0,4.41,65.91,129145099102.49646,99.99438184140354,C
AON SINGAPORE PTE. LTD.,25349.0,1,1,80.77,4.04,74.45,129145124451.49646,99.99440146861048,C
AGGASYS SOLUTIONS PTE. LTD.,25297.0,2,2,98.22,4.39,98.61,129145149748.49646,99.9944210555549,C
CHOONG MARKETING,25185.18,1,1,83.77,4.23,73.02,129145174933.67645,99.99444055591938,C
EXMILE SOLUTIONS LIMITED,25160.29,1,1,91.12,3.48,83.38,129145200093.96645,99.99446003701206,C
MINITHEORY PTE. LTD.,25001.0,2,2,90.14,2.25,79.4,129145225094.96645,99.9944793947698,C
CHRISTIAN CHUA TRAINING ACADEMY,25001.0,1,1,91.73,5.0,68.17,129145250095.96645,99.99449875252753,C
DEALLUS CONSULTING (SINGAPORE) PTE. LTD.,25000.0,1,1,77.53,4.97,86.89,129145275095.96645,99.99451810951098,C
SOCOTEC CERTIFICATION SINGAPORE PTE. LTD.,25000.0,1,1,87.75,4.29,92.1,129145300095.96645,99.99453746649442,C
CUBIKS SINGAPORE PTE. LTD.,25000.0,1,1,95.35,4.14,78.42,129145325095.96645,99.99455682347788,C
YARGAY MCI PTE. LTD.,24960.0,1,1,100.0,4.15,80.83,129145350055.96645,99.99457614949016,C
RHEMA EVENTS & ARTS SERVICES PTE LTD,24830.0,1,1,85.35,3.02,73.85,129145374885.96645,99.99459537484611,C
DRAGON UNIVERSAL PTE. LTD.,24800.0,2,1,77.94,4.83,78.0,129145399685.96645,99.99461457697369,C
SICO ASIA PTE LTD,24758.0,1,1,68.06,3.86,72.86,129145424443.96645,99.99463374658156,C
MOJO STUDIO PTE. LTD.,24510.0,2,1,87.59,3.55,100.0,129145448953.96645,99.99465272416812,C
ACHEMA PTE LTD,24500.0,2,2,87.38,4.34,100.0,129145473453.96645,99.9946716940119,C
SHERNISE KHOR SHER-WEN,24480.0,1,1,83.87,3.84,59.28,129145497933.96645,99.9946906483701,C
MPN TECH PTE. LTD.,24345.1,1,1,87.61,4.94,66.62,129145522279.06645,99.99470949827803,C
TEMBUSU EVENTS AND COMMUNICATIONS PTE. LTD.,24344.0,1,1,91.75,4.96,81.18,129145546623.06645,99.99472834733423,C
TUCKYS PHOTOGRAPHY,24120.0,1,1,79.0,5.0,87.45,129145570743.06645,99.99474702295186,C
PRESTIGE PREMIUMS PTE. LTD.,24080.0,1,1,96.65,3.73,71.5,129145594823.06645,99.99476566759832,C
COMPLETEME LLP,24080.0,1,1,96.86,3.71,91.69,129145618903.06645,99.99478431224478,C
ACCENT MUSICAL EQUIPMENT PTE LTD,24036.0,2,2,91.79,3.83,70.7,129145642939.06645,99.99480292282294,C
EQUIVOLT PTE. LTD.,24000.0,1,1,86.33,3.51,72.09,129145666939.06645,99.99482150552706,C
BERKLEY INSURANCE COMPANY (SINGAPORE BRANCH),24000.0,1,1,88.3,4.88,83.21,129145690939.06645,99.99484008823116,C
"GSAREH, LLC",24000.0,1,1,78.71,4.03,74.85,129145714939.06645,99.99485867093529,C
LYRECO (SINGAPORE) PTE. LTD.,24000.0,1,1,65.3,3.16,94.39,129145738939.06645,99.99487725363939,C
"PARKROYAL COLLECTION MARINA BAY, SINGAPORE",23958.0,1,1,82.63,3.74,79.13,129145762897.06645,99.99489580382377,C
ABSOLUTE KINETICS CONSULTANCY PTE LTD,23760.0,1,1,86.46,4.04,86.62,129145786657.06645,99.99491420070085,C
JUNE GU CONSULTANCY,23700.0,2,1,89.53,4.58,77.18,129145810357.06645,99.99493255112115,C
TECHNIC INTER-ASIA PTE LTD,23500.0,2,1,85.17,4.58,82.58,129145833857.06645,99.99495074668559,C
LIGNAR ENGINEERING PTE LTD,23420.0,1,1,75.24,4.06,91.28,129145857277.06645,99.9949688803077,C
PHANG THEAN SIONG,23400.0,1,1,88.16,4.55,77.97,129145880677.06645,99.9949869984442,C
Secura Forms Pte Ltd,23377.5,1,1,74.26,4.75,83.5,129145904054.56645,99.99500509915943,C
TALENTVIS SINGAPORE PTE. LTD.,23360.8,4,3,77.54,3.61,76.87,129145927415.36646,99.99502318694418,C
7 STEPS PRODUCTIONS PTE. LTD.,23280.0,1,1,84.31,4.35,73.49,129145950695.36646,99.99504121216718,C
ROYAL PLAZA,23232.0,10,2,93.88,4.11,95.96,129145973927.36646,99.99505920022476,C
LBS ENGINEERING CONSULTANTS,23210.0,5,1,100.0,3.78,83.4,129145997137.36646,99.9950771712482,C
PCMI INSURANCE BROKERS PTE. LTD.,23156.25,1,1,98.04,4.44,76.54,129146020293.61646,99.99509510065411,C
TRILOGY EVENTS PRIVATE LIMITED,23000.0,1,1,82.79,3.21,85.59,129146043293.61646,99.99511290907888,C
Jin Ding Trading Company,23000.0,1,1,85.44,3.24,71.46,129146066293.61646,99.99513071750367,C
SUNLAND RAJ CONSTRUCTION PTE. LTD.,23000.0,1,1,93.49,3.1,87.09,129146089293.61646,99.99514852592844,C
INTERSCIENCE SDN BHD,22920.800000000003,2,1,91.97,3.77,65.08,129146112214.41646,99.99516627303029,C
MARKIEWICZ GRZEGORZ,22800.0,2,1,85.57,4.02,85.62,129146135014.41646,99.9951839265992,C
CONTENT ALIVE,22800.0,1,1,97.3,4.45,91.25,129146157814.41646,99.9952015801681,C
University of Sheffield,22799.33,1,1,88.34,3.85,62.12,129146180613.74646,99.99521923321825,C
INCLUS PTE. LTD.,22720.0,1,1,90.81,4.61,82.81,129146203333.74646,99.99523682484481,C
AIR PRODUCTS MALAYSIA SDN. BHD.,22668.47,1,1,84.23,4.28,62.36,129146226002.21646,99.99525437657275,C
ACTUALISE! PTE. LTD.,22560.0,1,1,76.98,3.77,63.45,129146248562.21646,99.99527184431463,C
SEATEC PTE. LTD.,22330.0,1,1,91.13,3.86,83.25,129146270892.21646,99.99528913397225,C
VIVARCH ENRICHMENT PTE. LTD.,22323.67,2,2,100.0,5.0,74.75,129146293215.88646,99.99530641872867,C
MPDV ASIA PTE. LTD.,22320.0,1,1,92.53,4.93,90.74,129146315535.88646,99.9953237006435,C
AM-LINKS CONTRACTS SERVICES PTE. LTD.,22220.0,1,1,87.5,4.02,74.74,129146337755.88646,99.99534090513038,C
FOOTBALL FIRST,22200.0,1,1,91.71,3.95,71.46,129146359955.88646,99.99535809413167,C
ONE FARRER PTE. LTD.,22149.5,7,2,87.83,4.65,63.24,129146382105.38646,99.99537524403188,C
ILLUSHROOMZ,22100.0,1,1,96.55,4.67,75.46,129146404205.38646,99.99539235560525,C
Chu Thi Nam Hai,22000.0,1,1,78.45,3.26,66.45,129146426205.38646,99.99540938975069,C
ERIC CHRISTIAN FESSELMEYER,22000.0,1,1,77.29,3.59,68.11,129146448205.38646,99.99542642389613,C
SIDLEY AUSTIN LLP,22000.0,1,1,84.01,3.61,85.11,129146470205.38646,99.99544345804156,C
RINTING SCIENTIFIC (M) SDN. BHD.,21872.22,2,1,99.73,4.59,72.49,129146492077.60646,99.99546039324959,C
XUE N XUE INTERNATIONAL,21870.0,1,1,92.83,4.07,80.93,129146513947.60646,99.99547732673871,C
ASIAMETRICS PTE. LTD.,21464.4,2,2,93.69,3.83,74.8,129146535412.00645,99.99549394618012,C
IMD CONTRACTORS PTE. LTD.,21450.0,1,1,80.21,4.68,77.72,129146556862.00645,99.99551055447192,C
Alpha Pioneer Marketing Pte Ltd,21439.5,1,1,97.35,3.61,90.62,129146578301.50645,99.99552715463379,C
P. NARAYAN ASSOCIATES,21090.0,1,1,82.21,3.88,84.63,129146599391.50645,99.99554348418503,C
SINGAPORE BIKE SCHOOL PTE. LTD.,21000.0,1,1,84.37,3.61,68.81,129146620391.50645,99.99555974405114,C
KCI MEDICAL ASIA PTE. LTD.,21000.0,1,1,89.51,3.27,96.04,129146641391.50645,99.99557600391724,C
JAVY GROUP PTE. LTD.,20794.0,1,1,82.09,4.1,79.6,129146662185.50645,99.99559210428178,C
WAH SO SIMPLE! LLP,20710.0,2,2,88.92,2.95,76.62,129146682895.50645,99.99560813960687,C
FRESHENING INDUSTRIES PTE. LTD.,20705.0,2,2,85.18,3.79,61.82,129146703600.50645,99.99562417106057,C
EVENT GALAXY PTE. LTD.,20600.0,1,1,81.19,3.85,70.31,129146724200.50645,99.99564012121493,C
SECUREX GS PTE. LTD.,20501.0,1,1,96.9,4.1,91.37,129146744701.50645,99.99565599471563,C
KLC INTERNATIONAL INSTITUTE PTE. LTD.,20400.0,1,1,86.03,5.0,76.86,129146765101.50645,99.99567179001414,C
CIMELIA RESOURCE RECOVERY PTE. LTD.,20374.25,1,1,100.0,3.61,88.7,129146785475.75645,99.99568756537494,C
EXTOL SERVICES PTE. LTD.,20340.0,1,1,94.87,4.64,95.66,129146805815.75645,99.99570331421668,C
EO Medical Pte. Ltd.,20328.0,2,1,90.35,3.39,70.95,129146826143.75645,99.99571905376706,C
HELA SPICE SINGAPORE PTE. LTD.,20250.05,2,2,95.5,3.98,78.26,129146846393.80646,99.99573473296238,C
TWIG WORLD LIMITED,20160.0,1,1,85.3,3.73,84.3,129146866553.80646,99.99575034243382,C
WITHERS KHATTARWONG LLP,20080.0,4,4,100.0,3.9,69.17,129146886633.80646,99.99576588996293,C
HONAN INSURANCE GROUP (ASIA) PTE. LTD.,20075.55,1,1,78.77,3.86,75.97,129146906709.35646,99.99578143404649,C
UPTIME MANAGEMENT ASSOCIATES,20001.0,2,1,85.1,3.05,90.47,129146926710.35646,99.99579692040754,C
MASSIMO MORINI,20000.0,1,1,90.33,3.89,76.24,129146946710.35646,99.9958124059943,C
ORIENT CO. PTE. LTD.,20000.0,1,1,93.01,4.21,78.7,129146966710.35646,99.99582789158106,C
MD SIRAJUL ISLAM,20000.0,1,1,87.81,5.0,75.86,129146986710.35646,99.99584337716782,C
LIM WEI HENG,20000.0,1,1,96.61,4.66,79.79,129147006710.35646,99.99585886275459,C
BAKENET PTE. LTD.,20000.0,1,1,87.21,3.59,81.08,129147026710.35646,99.99587434834135,C
NEUROMED (S.E.A.) PTE LTD,20000.0,1,1,100.0,4.64,72.9,129147046710.35646,99.9958898339281,C
HONG BAO MEDIA (HOLDINGS) PTE. LTD.,20000.0,1,1,91.2,4.8,69.01,129147066710.35646,99.99590531951486,C
Pham Van Anh,20000.0,1,1,81.11,3.55,76.7,129147086710.35646,99.99592080510162,C
ORIENTAL SOLUTIONS PTE. LTD.,19999.98,1,1,75.98,3.95,51.3,129147106710.33646,99.99593629067289,C
METCORE INTERNATIONAL PTE. LTD.,19700.0,2,1,83.51,5.0,80.76,129147126410.33646,99.99595154397585,C
TEEHAUSE,19660.0,1,1,100.0,4.98,85.52,129147146070.33646,99.99596676630763,C
Integrated Learning Systems Pte Ltd,19600.0,1,1,83.77,4.0,83.92,129147165670.33646,99.99598194218267,C
KUMPULAN PROTECTION SDN BHD,19440.0,1,1,94.08,3.89,86.26,129147185110.33646,99.995996994173,C
VERITAS PETROLEUM SERVICES (ASIA) PTE. LTD.,19440.0,2,1,75.06,3.57,76.36,129147204550.33646,99.99601204616332,C
TOMOE TRANSTECH SPECIALTY GASES PTE LTD,19400.0,1,1,91.09,5.0,71.96,129147223950.33646,99.99602706718248,C
ACADEMY OF SOLUTION FOCUSED TRAINING PTE. LTD.,19400.0,1,1,83.97,3.32,71.45,129147243350.33646,99.99604208820165,C
LIBERTY LAW PRACTICE LLP,19200.0,2,1,91.1,3.23,82.83,129147262550.33646,99.99605695436493,C
KBS ENGINEERING SERVICES,19150.0,4,1,94.0,3.89,70.94,129147281700.33646,99.99607178181425,C
TYELIN & ASSOCIATES CONSULTING ENGINEERS,19090.0,4,1,84.34,4.71,85.0,129147300790.33646,99.99608656280682,C
C H LIM CONSULTANTS,19090.0,4,1,95.65,4.27,93.69,129147319880.33646,99.99610134379938,C
ANIMAGINE PTE. LTD.,19000.0,1,1,83.26,3.73,96.57,129147338880.33646,99.9961160551068,C
BMS Engineers Pte Ltd,18960.0,4,1,90.42,4.02,79.59,129147357840.33646,99.99613073544305,C
CARPET IMAGE PTE LTD,18938.0,1,1,75.09,3.64,78.42,129147376778.33646,99.99614539874516,C
ARTS HOUSE LTD.,18800.0,1,1,74.76,2.94,74.99,129147395578.33646,99.9961599551967,C
I:EMEDICS PTE. LTD.,18750.0,1,1,100.0,4.05,69.09,129147414328.33646,99.9961744729343,C
STRAITS LAW PRACTICE LLC,18672.0,8,8,84.88,4.09,71.12,129147433000.33646,99.9961889302781,C
LANDMARK ARCHITECTS ASSOCIATE,18610.0,4,1,100.0,4.79,86.91,129147451610.33646,99.99620333961657,C
UNIMED HEALTHCARE PTE. LTD.,18602.0,2,1,98.76,3.78,89.51,129147470212.33646,99.99621774276082,C
DESIGN GROUP INC. ARCHITECTS,18430.0,4,1,91.12,4.51,83.17,129147488642.33646,99.99623201272902,C
ALS Technichem (Malaysia) Sdn Bhd,18416.42,1,1,100.0,3.56,71.35,129147507058.75645,99.9962462721825,C
LEE CHEN JUI @CINDY LEE,18360.0,1,1,94.72,4.58,77.84,129147525418.75645,99.99626048795115,C
Goh Seow Heong Mervyn,18360.0,1,1,91.76,4.06,80.16,129147543778.75645,99.9962747037198,C
KTB Architects,18250.0,4,1,79.27,3.97,78.0,129147562028.75645,99.99628883431771,C
TRANSURBAN ASSOCIATES,18250.0,4,1,92.79,4.19,79.48,129147580278.75645,99.99630296491564,C
CONCEPTS DESIGN ARCHITECTS,18250.0,4,1,84.52,3.19,70.76,129147598528.75645,99.99631709551355,C
YS STORAGE & OFFICE SYSTEMS PTE LTD,18200.0,1,1,93.11,5.0,78.07,129147616728.75645,99.9963311873975,C
TRAFFIC CONSULT PTE. LTD.,18037.5,1,1,88.59,3.84,86.0,129147634766.25645,99.99634515346106,C
I-SOURCE GLOBAL PTE. LTD.,18001.0,1,1,79.59,4.52,82.83,129147652767.25645,99.99635909126343,C
SOFTWARE EDUCATION ASIA PTE. LTD.,18000.0,1,1,88.17,2.12,88.06,129147670767.25645,99.9963730282915,C
Blade Club,18000.0,1,1,76.69,3.94,65.01,129147688767.25645,99.9963869653196,C
PEOPLE POTENTIAL ASIA PTE. LTD.,17800.0,1,1,100.0,4.81,89.11,129147706567.25645,99.9964007474918,C
CARLTON HOTEL (SINGAPORE) PTE LTD,17781.5,5,2,86.62,3.74,66.0,129147724348.75645,99.99641451533986,C
YEO ENG KOON (S) PTE LTD,17740.0,1,1,98.13,4.03,75.92,129147742088.75645,99.99642825105532,C
PORTALBCI PTE. LTD.,17600.0,1,1,93.77,4.56,73.07,129147759688.75645,99.99644187837167,C
PIPELINE PROCESS & SYSTEMS PTE. LTD.,17431.0,1,1,91.66,3.83,72.92,129147777119.75645,99.99645537483481,C
1965 THE MOBILE ACTIVITY CAFE PTE. LTD.,17340.0,1,1,89.94,4.25,84.57,129147794459.75645,99.99646880083853,C
AION SCIENTIFIC PTE. LTD.,17308.0,2,1,89.95,4.9,76.37,129147811767.75645,99.99648220206532,C
HEIST 7 PTE. LTD.,17300.0,1,1,77.96,4.37,85.25,129147829067.75645,99.99649559709786,C
INDOXING GROUP PTE. LTD.,17265.0,1,1,82.93,3.77,51.76,129147846332.75645,99.99650896503063,C
ELS Defence Equipment Pte Ltd,17150.0,1,1,83.71,4.57,77.4,129147863482.75645,99.99652224392128,C
DENTSU X PTE. LTD.,17102.5,1,1,84.19,4.83,89.54,129147880585.25645,99.99653548603365,C
LEE HECHT HARRISON PTE. LTD.,17100.0,1,1,80.29,4.3,78.23,129147897685.25645,99.99654872621034,C
LIJING HOLIDAYS PTE. LTD.,17049.0,1,1,91.37,3.11,76.04,129147914734.25645,99.99656192689878,C
CHIA T-JIAN,17000.0,1,1,79.04,4.0,87.88,129147931734.25645,99.99657508964752,C
HILT PTE. LTD.,17000.0,1,1,99.35,4.18,75.67,129147948734.25645,99.99658825239626,C
LUMINARIES HOLDING PTE. LTD.,16850.0,1,1,79.26,2.8,53.81,129147965584.25645,99.9966012990031,C
Mohammed Shah Bin Johari,16800.0,1,1,81.87,4.26,67.93,129147982384.25645,99.99661430689599,C
MO & RYAN CONSULTANTS PTE LTD,16556.0,1,1,92.35,3.58,68.42,129147998940.25645,99.9966271258647,C
Armoria Network Services Pte Ltd,16530.2,2,1,100.0,3.76,91.54,129148015470.45645,99.99663992485702,C
SOLE FITNESS,16513.0,1,1,91.84,4.98,70.18,129148031983.45645,99.99665271053173,C
PIL3 PTE. LTD.,16500.0,1,1,93.58,3.69,92.04,129148048483.45645,99.9966654861408,C
JINGKE TECHNOLOGY PRIVATE LIMITED,16480.0,1,1,76.01,3.96,65.52,129148064963.45645,99.9966782462643,C
OVERSEAS PLASTIC INDUSTRIES PTE LTD,16400.0,1,1,84.06,4.22,70.53,129148081363.45645,99.99669094444545,C
NEW CINE PTE. LTD.,16310.0,1,1,79.79,5.0,76.6,129148097673.45645,99.99670357294144,C
ARTHUR J. GALLAGHER (SINGAPORE) PTE. LTD.,16300.0,1,1,96.75,5.0,84.73,129148113973.45645,99.99671619369465,C
ROMER LABS SINGAPORE PTE. LTD.,16040.0,1,1,84.44,4.49,68.47,129148130013.45645,99.99672861313523,C
GRAND PARK OR PTE. LTD.,16016.0,1,1,78.38,3.76,74.27,129148146029.45645,99.9967410139931,C
ACUMED MEDICAL PTE. LTD.,16000.0,1,1,92.11,4.46,79.88,129148162029.45645,99.99675340246253,C
SPARKZ CONSULTANTS PTE. LTD.,16000.0,1,1,77.48,4.84,72.0,129148178029.45645,99.99676579093193,C
STRAITS ART CO. PTE. LTD.,15990.3,1,1,87.41,4.93,82.26,129148194019.75645,99.99677817189084,C
Generic Technologies (S) Pte Ltd,15960.0,1,1,91.79,2.94,98.13,129148209979.75645,99.99679052938907,C
EVERSHINE FLORA DECO TEAM,15866.0,1,1,91.79,2.93,76.37,129148225845.75645,99.99680281410505,C
GRAND PARK CITY HALL,15829.0,4,2,89.64,4.88,86.49,129148241674.75645,99.99681507017269,C
ELEMENTS CHAN,15790.0,2,2,77.07,4.22,67.31,129148257464.75645,99.99682729604343,C
YAN PALACE RESTAURANT HOLDINGS PTE LTD,15658.0,2,1,89.22,4.75,90.13,129148273122.75645,99.9968394197093,C
EBUS EXPRESS PTE. LTD.,15569.5,2,1,88.27,3.08,71.06,129148288692.25645,99.99685147485145,C
ISS HYDROCULTURE PTE. LTD.,15528.9,3,2,89.45,3.53,84.11,129148304221.15645,99.99686349855786,C
Do Ngoc Xuan,15500.0,1,1,98.57,3.31,77.98,129148319721.15645,99.99687549988761,C
Nguyen Thu Hien,15500.0,1,1,100.0,3.61,70.01,129148335221.15645,99.99688750121734,C
ACE SPORTS SG,15480.0,1,1,89.86,4.24,80.22,129148350701.15645,99.9968994870615,C
SKY ISLAND TRANSPORT & TRADING PTE. LTD.,15455.0,2,1,84.36,4.06,86.71,129148366156.15645,99.99691145354866,C
Wildlife & Veterinary Supplies,15312.57,1,1,89.26,3.61,82.3,129148381468.72646,99.99692330975523,C
PSA Marine (Pte) Ltd,15300.0,1,1,88.01,4.4,62.67,129148396768.72646,99.9969351562291,C
BROADCAST MEDIA INTEGRATION PTE. LTD.,15290.0,1,1,86.2,4.77,85.52,129148412058.72646,99.99694699496018,C
BIG TREE EDU AIDS CONSULTANCY PTE. LTD.,15223.0,1,1,65.21,3.96,83.98,129148427281.72646,99.99695878181456,C
DIAMOND COACH SINGAPORE PTE. LTD.,15195.0,1,1,92.98,4.48,87.02,129148442476.72646,99.99697054698909,C
ALTONA (S) PTE. LTD.,15192.0,1,1,71.46,5.0,81.33,129148457668.72646,99.99698230984079,C
SUNFRESH SINGAPORE PRIVATE LIMITED,15150.0,1,1,88.34,5.0,89.66,129148472818.72646,99.99699404017277,C
LAM SOON SINGAPORE PTE LTD,15150.0,1,1,85.46,4.6,73.41,129148487968.72646,99.99700577050473,C
THYGRACE MARKETING,15150.0,1,1,86.28,4.2,76.41,129148503118.72646,99.9970175008367,C
TOH THYE SAN FARM,15150.0,1,1,74.63,3.58,78.16,129148518268.72646,99.99702923116868,C
Ng Nam Bee Marketing Pte Ltd,15150.0,1,1,93.92,3.3,91.24,129148533418.72646,99.99704096150064,C
ROSEN INTERNATIONAL (S) PTE. LTD.,15150.0,1,1,88.25,3.52,74.95,129148548568.72646,99.99705269183262,C
THE CELLAR DOOR PTE LTD,15150.0,1,1,78.97,3.88,89.91,129148563718.72646,99.99706442216458,C
QUAYSIDE QUALITY FOOD PTE. LTD.,15150.0,1,1,81.03,5.0,87.26,129148578868.72646,99.99707615249656,C
N&N AGRICULTURE PTE LTD,15150.0,1,1,86.93,2.67,74.39,129148594018.72646,99.99708788282852,C
HUP HENG POULTRY INDUSTRIES PTE LTD,15150.0,1,1,78.63,3.31,71.61,129148609168.72646,99.9970996131605,C
GEOK SHI FOOD SUPPLIES PTE. LTD.,15150.0,1,1,87.07,4.17,74.11,129148624318.72646,99.99711134349248,C
DCH FOODS (SINGAPORE) PTE. LTD.,15150.0,1,1,81.85,3.63,93.35,129148639468.72646,99.99712307382444,C
SINMAH POULTRY PROCESSING (S) PTE LTD,15150.0,1,1,81.19,3.99,85.91,129148654618.72646,99.99713480415642,C
VISMARK FOOD INDUSTRIES PTE. LTD.,15150.0,1,1,87.43,5.0,72.05,129148669768.72646,99.9971465344884,C
ARYZTA FOOD SOLUTIONS SINGAPORE PTE. LTD.,15150.0,1,1,75.97,2.98,80.14,129148684918.72646,99.99715826482036,C
OMPHALOS PEST SERVICES SDN BHD,15083.71,1,1,99.2,3.34,82.41,129148700002.43646,99.99716994382536,C
ANDREW SOONG TRAINING AND CONSULTANCY,15001.0,1,1,92.31,3.61,77.45,129148715003.43646,99.9971815587897,C
NEO GROUP LIMITED,15000.0,1,1,77.59,5.0,88.35,129148730003.43646,99.99719317297976,C
AYE AYE MYINT,15000.0,1,1,97.51,4.88,82.43,129148745003.43646,99.99720478716985,C
ORTHODONTIC & DENTAL SUPPLIES PTE LTD,15000.0,1,1,88.1,3.75,74.16,129148760003.43646,99.9972164013599,C
ALCO AUTOMATION PTE LTD,14992.0,1,1,99.61,4.01,83.44,129148774995.43646,99.99722800935575,C
STRIKE PETROLEUM PTE LTD,14940.0,1,1,82.1,4.05,56.13,129148789935.43646,99.99723957708906,C
BIZ@DPCLOUD PTE. LTD.,14854.0,1,1,87.7,4.11,96.39,129148804789.43646,99.99725107823436,C
PROWIZ ASIA PTE. LTD.,14800.0,1,1,89.01,4.62,57.41,129148819589.43646,99.99726253756856,C
XID Technologies Pte Ltd,14700.0,1,1,90.66,4.04,91.16,129148834289.43646,99.99727391947482,C
K&L GATES STRAITS LAW LLC,14657.0,6,6,83.37,3.83,78.56,129148848946.43646,99.99728526808708,C
A&S TRANSIT PTE. LTD.,14650.0,1,1,94.5,5.0,100.0,129148863596.43646,99.99729661127937,C
SOFITEL SINGAPORE CITY CENTRE,14623.5,5,2,91.46,4.65,87.28,129148878219.93646,99.99730793395328,C
AVANTA GLOBAL PTE. LTD.,14520.0,1,1,96.43,3.73,79.36,129148892739.93646,99.99731917648927,C
ARCHIVISION ARCHITECTS,14520.0,3,1,88.57,4.66,94.01,129148907259.93646,99.99733041902526,C
SHIMADZU MALAYSIA SDN. BHD.,14464.22,1,1,91.79,5.0,97.44,129148921724.15646,99.99734161837193,C
A-MAIN OBJECTIVES PTE LTD,14400.0,1,1,100.0,4.48,78.8,129148936124.15646,99.99735276799441,C
THE DANCESPORT ACADEMY PTE. LTD.,14400.0,1,1,78.2,4.21,76.57,129148950524.15646,99.99736391761688,C
MAJESTIC MARITIME SERVICES PTE. LTD.,14400.0,1,1,87.34,4.92,80.08,129148964924.15646,99.99737506723935,C
LT&T AVID ARCHITECTS PTE. LTD.,14345.5,5,2,84.32,4.73,77.16,129148979269.65646,99.99738617466359,C
GRAPHICS CORNER PTE. LTD.,14326.0,2,1,75.88,3.72,92.36,129148993595.65646,99.99739726698938,C
PARKROYAL PICKERING HOTEL PTE. LTD.,14316.5,7,2,80.62,3.93,69.31,129149007912.15646,99.99740835195952,C
YKLUM PTE. LTD.,14271.0,4,2,83.2,4.7,69.23,129149022183.15646,99.99741940169996,C
CALVARY PROJECTS & CONSULTANCY,14270.0,3,1,86.85,4.36,58.89,129149036453.15646,99.99743045066612,C
ALLIED CREATIONS,14250.0,2,1,86.86,4.1,87.96,129149050703.15646,99.99744148414668,C
NEO CHENG SOON FARM,14100.0,2,1,100.0,3.55,78.65,129149064803.15646,99.99745240148535,C
NATIONAL GALLERY SINGAPORE,14080.0,2,2,87.01,3.72,82.82,129149078883.15646,99.99746330333844,C
SOLED ENGINEERING SOLUTIONS PTE. LTD.,14040.0,1,1,99.57,3.02,67.72,129149092923.15646,99.99747417422033,C
UNION CENTRE PTE. LTD.,14000.0,1,1,100.0,4.78,82.21,129149106923.15646,99.99748501413106,C
SOONLY HWA BUILD IRON STRUCTURE FURNITURE CONTRACTOR,13994.08,1,1,96.93,3.7,79.82,129149120917.23647,99.99749584945806,C
MRS NAYEEMA ISLAM,13900.0,1,1,100.0,3.03,66.38,129149134817.23647,99.99750661194085,C
CHANDLER MACLEOD GROUP PTE. LTD.,13861.0,3,3,85.02,4.15,71.17,129149148678.23647,99.99751734422676,C
BKK TRAVEL PTE. LTD.,13840.0,1,1,93.86,4.1,78.73,129149162518.23647,99.9975280602528,C
Hospimek Pte Ltd,13840.0,1,1,90.58,3.55,91.78,129149176358.23647,99.99753877627884,C
PZO PRINTING (S) PTE. LTD.,13827.4,2,1,83.62,4.07,85.23,129149190185.63646,99.99754948254895,C
CAREWORKS COMMUNITY SERVICES LTD.,13800.0,1,1,87.78,4.4,77.64,129149203985.63646,99.99756016760382,C
3S CONSTRUCTION SERVICES PTE. LTD.,13800.0,1,1,89.67,4.33,60.13,129149217785.63646,99.9975708526587,C
ASIA SEARCH PTE. LTD.,13752.0,3,3,91.91,3.18,73.69,129149231537.63646,99.99758150054814,C
RB CORP PTE. LTD.,13684.0,2,2,84.95,4.41,80.5,129149245221.63646,99.9975920957866,C
GRAM PTE. LTD.,13620.0,1,1,82.32,4.15,65.71,129149258841.63646,99.99760264147119,C
JAPAN QUALITY ASSURANCE ORGANISATION,13536.6,1,1,82.17,4.55,71.7,129149272378.23647,99.99761312258087,C
HAI SIA SEAFOOD PTE. LTD.,13533.57,2,2,81.98,4.23,68.1,129149285911.80647,99.99762360134451,C
CENTRE FOR FATHERING LIMITED,13500.0,1,1,94.53,5.0,88.15,129149299411.80647,99.99763405411557,C
AVIATION AND SAFETY CORPORATION PTE. LTD.,13500.0,1,1,84.17,4.04,74.26,129149312911.80647,99.99764450688663,C
IDEAL TECHNOLOGY (S) PTE LTD,13496.0,1,1,97.56,4.4,74.7,129149326407.80647,99.99765495656058,C
ATRIA ARCHITECTS,13470.0,3,1,77.19,3.5,73.89,129149339877.80647,99.99766538610326,C
HARVEST LINK INTERNATIONAL PTE LTD,13419.0,1,1,89.78,3.23,78.8,129149353296.80647,99.9976757761577,C
SHERMAN LEE LE XUAN,13195.0,2,2,89.15,3.95,79.09,129149366491.80647,99.99768599277357,C
HOUSE OF MUSIC,13020.0,1,1,82.6,4.04,90.46,129149379511.80647,99.99769607389054,C
TAN QING LUN,13020.0,1,1,100.0,4.13,67.94,129149392531.80647,99.99770615500752,C
AYLA LIVINGS PTE. LTD.,13000.0,1,1,99.36,4.0,95.23,129149405531.80647,99.99771622063892,C
MEDIACORP VIZPRO INTERNATIONAL PTE. LTD.,13000.0,1,1,86.8,3.5,74.25,129149418531.80647,99.99772628627032,C
KAYAKASIA PADDLESPORTS PTE. LTD.,13000.0,1,1,95.7,3.86,72.31,129149431531.80647,99.99773635190171,C
CHOWK PRODUCTIONS LTD.,13000.0,1,1,90.35,4.1,59.24,129149444531.80647,99.99774641753311,C
Grand Hyatt Singapore,12936.0,5,2,64.74,3.42,83.2,129149457467.80647,99.99775643361062,C
L C ENGINEERING SERVICES SDN BHD,12902.9,1,1,88.35,3.58,86.45,129149470370.70647,99.99776642405949,C
LIM PENG ANN ADRIAN,12900.0,1,1,84.33,2.62,82.34,129149483270.70647,99.99777641226294,C
M HOTEL SINGAPORE,12876.1,10,2,88.36,3.86,75.92,129149496146.80647,99.99778638196113,C
BUSY TABLES PRIVATE LIMITED,12850.0,1,1,100.0,3.36,96.55,129149508996.80647,99.99779633145063,C
KASEN NOZZLE INC.,12844.03,1,1,91.68,3.56,87.31,129149521840.83647,99.99780627631768,C
WONG YIK LOOI,12825.0,1,1,87.06,4.53,77.32,129149534665.83647,99.99781620645018,C
AXCEL MARINE PTE. LTD.,12800.0,1,1,93.4,3.8,90.55,129149547465.83647,99.99782611722571,C
CREVENTUS PTE. LTD.,12800.0,2,2,95.16,3.78,73.77,129149560265.83647,99.99783602800123,C
INTERNATIONAL INFORMATION SERVICES,12800.0,1,1,95.96,2.68,76.25,129149573065.83647,99.99784593877676,C
TTS COPIER INTERNATIONAL PTE. LTD.,12760.0,1,1,79.9,3.23,72.41,129149585825.83647,99.99785581858112,C
OPUS 2 INTERNATIONAL SINGAPORE PTE. LTD.,12665.02,2,1,100.0,4.53,97.74,129149598490.85648,99.99786562484442,C
ARTCRAFTS MARKETING & SERVICES,12614.0,1,1,80.08,5.0,55.96,129149611104.85648,99.99787539160398,C
JAGA-ME PTE. LTD.,12584.0,1,1,76.83,4.09,89.1,129149623688.85648,99.99788513513518,C
JEN SINGAPORE TANGLIN BY SHANGRI-LA,12581.8,1,1,84.86,3.46,73.65,129149636270.65648,99.99789487696296,C
ARJO SOUTH EAST ASIA PTE. LTD.,12500.0,1,1,78.04,3.37,80.91,129149648770.65648,99.99790455545468,C
UCORP HOLDINGS PTE. LTD.,12430.0,1,1,74.27,3.89,87.74,129149661200.65648,99.99791417974684,C
UNI-PORT SERVICES PTE. LTD.,12373.0,1,1,88.81,3.57,75.83,129149673573.65648,99.9979237599051,C
LIAISON NETWORK,12310.0,2,1,84.04,3.8,72.6,129149685883.65648,99.99793329128376,C
JIN FUNG ENTERPRISE PTE. LTD.,12245.85,1,1,81.24,3.65,81.28,129149698129.50648,99.99794277299239,C
Goh Eu Joe,12100.0,1,1,91.46,3.24,94.74,129149710229.50648,99.99795214177239,C
TRIDENT LAW CORPORATION,12075.0,1,1,99.72,4.05,83.98,129149722304.50648,99.99796149119538,C
AUDREY TALETHA DEWICHIA,12000.0,1,1,93.66,3.15,87.63,129149734304.50648,99.99797078254744,C
AVIC ASSOCIATES PTE. LTD.,12000.0,1,1,89.57,3.06,85.98,129149746304.50648,99.9979800738995,C
Muhamad Hosni Bin Muhamad,12000.0,1,1,89.61,4.77,78.5,129149758304.50648,99.99798936525156,C
Lee Su Ping,12000.0,1,1,75.64,3.91,61.95,129149770304.50648,99.99799865660361,C
Lin Ying Fong,12000.0,1,1,100.0,3.96,90.33,129149782304.50648,99.99800794795567,C
RAMESHPAL SINGH,12000.0,1,1,90.06,3.79,65.38,129149794304.50648,99.99801723930773,C
HELMI TALIB & CO,12000.0,1,1,91.53,4.28,86.4,129149806304.50648,99.99802653065977,C
TAN AIK KEE KEN STEVEN,12000.0,1,1,91.05,4.48,67.67,129149818304.50648,99.99803582201183,C
YUAN JIN CULTURAL & SPORTS EXCHANGE CENTRE,12000.0,1,1,87.93,5.0,86.12,129149830304.50648,99.9980451133639,C
Tang Soon Onn,12000.0,1,1,89.14,3.44,72.73,129149842304.50648,99.99805440471596,C
Puvanesvary D/O Alahakone,12000.0,1,1,85.15,5.0,96.99,129149854304.50648,99.998063696068,C
THE ARCHERY ACADEMY,12000.0,1,1,100.0,4.4,77.92,129149866304.50648,99.99807298742006,C
PE CONSULTANTS PTE. LTD.,12000.0,1,1,90.65,2.41,73.62,129149878304.50648,99.99808227877212,C
Siti Fauziah Bte Haji Ahmad Jamal,12000.0,1,1,84.4,3.88,83.2,129149890304.50648,99.99809157012417,C
Thi Nam Hoe,12000.0,1,1,96.97,4.97,80.35,129149902304.50648,99.99810086147622,C
muholis andriyatni,12000.0,1,1,89.69,4.09,64.46,129149914304.50648,99.99811015282829,C
Ng Lee Ming,11970.0,1,1,91.45,4.05,69.63,129149926274.50648,99.99811942095195,C
Mah Poh Ann Andrew,11970.0,1,1,96.57,4.15,68.95,129149938244.50648,99.99812868907564,C
HASHIM BIN YUSOFF,11970.0,1,1,98.23,4.11,76.57,129149950214.50648,99.99813795719932,C
LIME AGENCY PTE. LTD.,11800.0,1,1,75.33,4.01,74.65,129149962014.50648,99.9981470936955,C
Zhu Lin,11700.0,1,1,80.18,4.06,91.07,129149973714.50648,99.99815615276376,C
ER CHIANG SONG,11700.0,1,1,100.0,4.24,63.88,129149985414.50648,99.99816521183202,C
HU JIEQIONG,11700.0,1,1,90.34,4.59,81.84,129149997114.50648,99.99817427090026,C
Wu XiangYang,11700.0,1,1,86.11,3.96,65.04,129150008814.50648,99.99818332996853,C
YEO SIEW WEE,11700.0,1,1,83.56,4.34,85.89,129150020514.50648,99.99819238903677,C
SIXTREES VIZ COMMS PTE. LTD.,11611.0,2,2,100.0,2.97,75.5,129150032125.50648,99.99820137919417,C
CHARACTERIST LLC,11580.0,2,2,98.1,3.81,77.47,129150043705.50648,99.99821034534891,C
PARKLANE ART FRAMER AND TRADING,11556.0,1,1,87.65,4.87,71.12,129150055261.50648,99.99821929292094,C
MY ELECTRONIC ENTERPRISE,11536.71,1,1,100.0,4.12,62.42,129150066798.21649,99.99822822555711,C
SCHOLASTIC EDUCATION INTERNATIONAL (SINGAPORE) PRIVATE LTD.,11484.0,1,1,95.06,4.29,88.58,129150078282.21649,99.99823711738104,C
MAHA YU YI PTE. LTD.,11285.64,2,2,93.32,4.34,68.13,129150089567.85649,99.9982458556189,C
TONG MENG FURNITURE CONSTRUCTION PTE. LTD.,11280.0,1,1,90.35,3.7,90.87,129150100847.85649,99.99825458948985,C
UNITED ALARMTRONICS SDN BHD,11170.36,1,1,94.28,4.48,80.64,129150112018.21649,99.99826323846878,C
PS ONE PTE LTD,11162.4,1,1,90.7,4.9,70.78,129150123180.61649,99.99827188128447,C
STRACO LEISURE PTE. LTD.,11080.0,3,2,98.48,3.92,69.43,129150134260.61649,99.99828046029953,C
PERNIAGAAN SOON HUAT,10926.47,1,1,83.17,5.0,76.42,129150145187.08649,99.99828892043949,C
UNIVERSAL MARINE SURVEYING & CONSULTANCY (S) PTE LTD,10800.0,1,1,80.07,4.24,75.82,129150155987.08649,99.99829728265635,C
MARITEC PTE. LTD.,10800.0,1,1,88.21,4.55,83.58,129150166787.08649,99.99830564487318,C
SENTOSA BEACH RESORT PTE LTD,10770.21,5,2,89.63,4.69,88.08,129150177557.2965,99.99831398402426,C
ERION SPORTS,10725.0,1,1,100.0,3.87,70.62,129150188282.2965,99.99832228817016,C
LIM LENG TECK JIMMY,10725.0,1,1,83.29,4.31,76.83,129150199007.2965,99.99833059231607,C
FORTE EMPLOYMENT SERVICES PTE. LTD.,10660.55,4,3,86.36,4.08,67.54,129150209667.8465,99.99833884655966,C
IMRAN BIN AHMAD,10640.0,1,1,88.27,4.49,95.44,129150220307.8465,99.99834708489182,C
GENETRON SINGAPORE PTE. LTD.,10600.0,1,1,78.96,4.92,95.66,129150230907.8465,99.99835529225281,C
ZHENG KAIWEN,10500.0,1,1,82.4,4.88,72.9,129150241407.8465,99.99836342218586,C
HILTON SINGAPORE,10422.5,3,2,68.1,3.73,77.43,129150251830.3465,99.99837149211226,C
The Active People,10400.0,1,1,70.25,4.48,74.9,129150262230.3465,99.99837954461736,C
LAB TECHNIQUES PTE. LTD.,10396.0,1,1,87.84,5.0,79.12,129150272626.3465,99.99838759402537,C
INSTREAM CORPORATION PTE LTD,10320.0,1,1,100.0,4.8,97.12,129150282946.3465,99.99839558458814,C
MINISTRY OF DJS PTE. LTD.,10300.0,1,1,84.03,3.5,65.68,129150293246.3465,99.99840355966532,C
CODOMO PTE. LTD.,10209.0,3,1,92.37,3.51,78.71,129150303455.3465,99.99841146428308,C
WEBCALL PTE. LTD.,10200.0,1,1,94.44,4.27,77.31,129150313655.3465,99.99841936193232,C
SWEDAC,10170.16,1,1,79.08,5.0,76.7,129150323825.5065,99.99842723647708,C
TIMOTHY NG LLC,10080.0,1,1,76.73,5.0,74.37,129150333905.5065,99.9984350412128,C
Howie Photography,10040.0,2,1,97.77,4.32,63.8,129150343945.5065,99.99844281497737,C
GREY MATTERZ DESIGN,10010.0,1,1,81.09,4.42,85.12,129150353955.5065,99.99845056551354,C
Rajeswari Sreenivasan,10000.0,1,1,98.14,3.98,72.69,129150363955.5065,99.99845830830691,C
TIN HLAING,10000.0,1,1,91.56,4.66,63.57,129150373955.5065,99.9984660511003,C
SEONG SOOK CHOI,10000.0,1,1,100.0,3.44,77.5,129150383955.5065,99.99847379389368,C
THE WINE DISTRIBUTION CO. PTE. LTD.,10000.0,1,1,73.37,4.22,81.03,129150393955.5065,99.99848153668705,C
Elangovan s/o Ganesan,10000.0,1,1,97.9,4.05,63.87,129150403955.5065,99.99848927948044,C
MONOPOLE PTE. LTD.,10000.0,1,1,96.95,4.29,74.77,129150413955.5065,99.99849702227381,C
ECLIPSE TAEKWONDO,10000.0,1,1,84.28,4.08,61.35,129150423955.5065,99.9985047650672,C
SIN TAT POLYETHYLENE,10000.0,1,1,79.22,4.04,78.07,129150433955.5065,99.99851250786058,C
ELITE BADMINTON,10000.0,1,1,73.79,4.04,84.5,129150443955.5065,99.99852025065395,C
HOCK TONG BEE (PRIVATE) LIMITED,10000.0,1,1,75.63,3.51,67.57,129150453955.5065,99.99852799344734,C
QL SPORTS,10000.0,1,1,85.82,3.64,89.12,129150463955.5065,99.99853573624073,C
CULINA PTE. LTD.,10000.0,1,1,96.0,3.95,66.19,129150473955.5065,99.9985434790341,C
CELLARMASTER WINES SINGAPORE PTE LTD,10000.0,1,1,100.0,3.04,74.32,129150483955.5065,99.99855122182748,C
CHEE JUN HONG,10000.0,1,1,92.74,3.48,67.56,129150493955.5065,99.99855896462087,C
SANTINO COFFEE SPECIALISTS PTE LTD,10000.0,1,1,77.84,4.22,81.47,129150503955.5065,99.99856670741424,C
ROYAL MARINE SERVICES PTE. LTD.,9900.0,1,1,77.17,3.11,86.57,129150513855.5065,99.99857437277969,C
GRAND PARK ORCHARD,9636.0,6,2,84.83,5.0,66.55,129150523491.5065,99.99858183373539,C
HWA SENG MOTOR COMPANY,9618.0,1,1,84.71,4.53,70.05,129150533109.5065,99.99858928075406,C
Aoxiang Counselling Service,9600.0,1,1,84.85,3.74,86.17,129150542709.5065,99.99859671383571,C
SOBRIELO PHILIP GENE,9600.0,1,1,82.51,3.63,94.51,129150552309.5065,99.99860414691734,C
DEWS PRIVATE LIMITED,9600.0,1,1,86.88,4.8,77.23,129150561909.5065,99.998611579999,C
LAI PUI SAN,9600.0,1,1,78.77,5.0,92.31,129150571509.5065,99.99861901308064,C
STRIBEST MANUFACTURING PTE LTD,9520.0,1,1,66.79,4.55,84.46,129150581029.5065,99.99862638421993,C
URBANTACT,9486.0,1,1,83.05,3.57,80.26,129150590515.5065,99.99863372903374,C
HOTEL JEN TANGLIN SINGAPORE,9428.0,9,2,67.74,2.7,66.02,129150599943.5065,99.99864102893935,C
"Kimsey-House Enterprises, Inc., dba, The Co-Active Training Institute",9410.85,1,1,89.01,2.76,93.06,129150609354.3565,99.99864831556606,C
Quest Laboratories Pte Ltd,9400.0,1,1,81.02,4.16,91.41,129150618754.3565,99.99865559379182,C
University of Technology Sydney,9338.92,1,1,100.0,3.87,59.31,129150628093.2765,99.99866282472463,C
Entre' Automatics Pte Ltd,9300.0,1,1,92.96,4.01,85.24,129150637393.2765,99.99867002552246,C
FIREFLY PHOTOGRAPHY PTE. LTD.,9286.5,3,2,75.48,3.42,82.9,129150646679.7765,99.99867721586753,C
Kerberos Co.Ltd,9261.78,1,1,86.33,4.08,88.07,129150655941.5565,99.99868438707242,C
NSCC SERVICES PTE. LTD.,9240.0,1,1,78.41,5.0,88.64,129150665181.5565,99.9986915414135,C
SPARKLIFE PTE. LTD.,9116.8,1,1,72.39,4.1,79.48,129150674298.3565,99.99869860036338,C
VIDEO HOUZE PTE. LTD.,9090.0,1,1,94.33,4.65,87.06,129150683388.3565,99.99870563856256,C
GRADES PTE. LTD.,9035.0,1,1,97.58,3.93,76.84,129150692423.3565,99.99871263417639,C
ROBERT YAM & CO PAC,9000.0,1,1,100.0,4.55,98.55,129150701423.3565,99.99871960269043,C
AGS CONSULTANTS PTE. LTD.,9000.0,1,1,90.59,4.24,79.31,129150710423.3565,99.99872657120447,C
RED TIN BOT PTE. LTD.,8950.0,1,1,100.0,3.27,77.19,129150719373.3565,99.99873350100455,C
SELECT CATERING SERVICES PTE. LTD.,8887.5,3,1,97.25,4.37,67.9,129150728260.8565,99.99874038241215,C
SOLARCOOL ENTERPRISE,8850.0,1,1,94.83,2.61,63.33,129150737110.8565,99.9987472347843,C
ONE CHAMPION PTE. LTD.,8805.0,1,1,93.28,3.86,59.01,129150745915.8565,99.99875405231387,C
IN THE WILD PTE. LTD.,8800.0,1,1,80.11,4.37,76.95,129150754715.8565,99.99876086597205,C
ALAN PHOTO PTE. LTD.,8797.5,1,1,88.1,4.58,100.0,129150763513.3565,99.99876767769452,C
TELETOUCH COMMUNICATIONS SDN. BHD.,8722.25,1,1,84.01,4.07,69.97,129150772235.6065,99.99877443115247,C
ASPIRE NXT PTE. LTD.,8684.0,1,1,87.23,4.37,79.3,129150780919.6065,99.99878115499425,C
B'ARTS INT'L EVENTS PTE. LTD.,8645.0,1,1,70.41,4.16,75.78,129150789564.6065,99.99878784863913,C
DEAKIN UNIVERSITY,8594.41,1,1,98.89,3.59,76.7,129150798159.01651,99.9987945031132,C
VISWALAB SINGAPORE PTE. LTD.,8460.0,2,1,93.15,4.84,92.87,129150806619.01651,99.99880105351642,C
MALKIN & MAXWELL LLP,8450.0,4,4,89.01,3.6,77.99,129150815069.01651,99.99880759617682,C
HOUSZ OF COSTUMEZ PTE. LTD.,8424.0,1,1,100.0,5.0,72.3,129150823493.01651,99.99881411870597,C
PUMPKIN INTERACTIVE LTD,8400.0,1,1,92.3,3.99,83.04,129150831893.01651,99.9988206226524,C
K K ART & DECOR,8394.0,1,1,88.18,3.96,75.81,129150840287.01651,99.99882712195316,C
ANTEL PTE. LTD.,8306.0,1,1,74.64,4.7,74.15,129150848593.01651,99.99883355311735,C
ACC EDUHUB PTE. LTD.,8284.8,1,1,79.5,4.06,78.37,129150856877.81651,99.9988399678668,C
WONG & YIAN LLC,8270.0,2,1,97.94,4.79,100.0,129150865147.81651,99.99884637115693,C
TAN RAJAH & CHEAH,8251.0,3,3,85.0,3.68,69.8,129150873398.81651,99.99885275973575,C
Du Xiangpeng,8250.0,1,1,96.06,3.3,79.6,129150881648.81651,99.99885914754029,C
Chua Hui Ying Janice,8250.0,1,1,89.14,4.21,85.6,129150889898.81651,99.99886553534483,C
Yan Yu,8250.0,1,1,82.06,4.34,94.12,129150898148.81651,99.99887192314937,C
OWNWAY PTE. LTD.,8120.0,2,1,91.25,3.74,68.54,129150906268.81651,99.99887821029759,C
SEAT OF WISDOM CONSULTANCY SERVICES PTE. LTD.,8120.0,1,1,81.46,4.88,68.88,129150914388.81651,99.99888449744581,C
Mind Map Training Centre Pte Ltd,8120.0,2,2,82.35,5.0,71.95,129150922508.81651,99.99889078459404,C
BRIDGED PRIVATE LIMITED,8100.0,1,1,94.83,4.4,69.6,129150930608.81651,99.99889705625668,C
DENTONS UKMEA LLP,8078.0,1,1,77.23,3.12,79.41,129150938686.81651,99.99890331088517,C
ORCADESIGN CONSULTANTS PTE. LTD.,8002.0,3,1,89.08,4.56,80.89,129150946688.81651,99.99890950666843,C
CAROLINA EDUCATION CONSULTANCY PTE. LTD.,8001.0,2,2,77.02,4.82,82.43,129150954689.81651,99.99891570167742,C
ASET ENGINEERS PTE. LTD.,8000.0,1,1,83.65,3.5,68.91,129150962689.81651,99.99892189591212,C
Suchi Success Initiatives Pte Ltd,8000.0,1,1,74.1,4.7,83.96,129150970689.81651,99.99892809014683,C
DCMA SPORTS PTE. LTD.,7980.0,1,1,80.48,4.24,69.36,129150978669.81651,99.99893426889595,C
MUHAMMAD HAMDAN BIN BAILI,7980.0,1,1,82.13,3.92,72.88,129150986649.81651,99.99894044764505,C
MUHAMMAD AZHAR BIN HAMIDON,7980.0,1,1,91.9,4.16,76.32,129150994629.81651,99.99894662639419,C
PRESTECH INDUSTRIAL AUTOMATION PTE. LTD.,7956.0,1,1,93.72,4.81,66.37,129151002585.81651,99.9989527865606,C
ELITE LINGUISTIC NETWORK LLP,7800.0,1,1,79.77,3.74,80.51,129151010385.81651,99.99895882593944,C
HAMZA YUKSEL,7800.0,1,1,78.43,4.17,82.51,129151018185.81651,99.99896486531826,C
VIKING MARINE SERVICES PTE. LTD.,7650.0,1,1,81.97,5.0,83.35,129151025835.81651,99.9989707885552,C
PRECIOUS QUAY PTE. LTD.,7645.0,4,2,89.67,4.53,78.7,129151033480.81651,99.99897670792073,C
INSPIROGEN PTE. LTD.,7590.0,2,1,89.43,3.87,91.62,129151041070.81651,99.99898258470091,C
C J MED INTERNATIONAL,7549.5,1,1,81.71,4.89,70.48,129151048620.31651,99.99898843012278,C
TERRABYTE SYSTEMS (S) PTE. LTD.,7402.8,2,1,84.48,2.43,84.12,129151056023.11652,99.99899416195787,C
Tan Peng Chin LLC,7310.0,2,2,80.75,4.62,67.3,129151063333.11652,99.99899982193983,C
Picture Communication,7282.0,2,1,95.71,3.41,77.14,129151070615.11652,99.99900546024196,C
SUNNY DENTAL MEDICAL SUPPLY PTE. LTD.,7277.6,1,1,71.48,4.6,90.16,129151077892.71652,99.99901109513728,C
LEARN WELL INTERNATIONAL,7252.5,2,1,83.14,3.05,88.43,129151085145.21652,99.99901671059817,C
Sartorius Malaysia Sdn Bhd,7227.39,1,1,100.0,4.49,64.52,129151092372.60652,99.99902230661692,C
OTMH PTE. LTD.,7200.0,1,1,98.52,3.47,86.64,129151099572.60652,99.99902788142816,C
GOLDEN WORLD MACHINERY (S) PTE LTD,7200.0,1,1,91.59,3.83,82.16,129151106772.60652,99.99903345623939,C
CALTRON PTE. LIMITED,7180.0,1,1,72.2,3.48,79.32,129151113952.60652,99.99903901556505,C
CHEE SANG DENTAL SUPPLY PTE. LTD.,7080.0,2,1,94.23,3.59,87.41,129151121032.60652,99.99904449746275,C
SKC CEMERLANG TECHNICAL SDN. BHD.,7077.2,1,1,83.79,4.05,76.35,129151128109.80652,99.99904997719248,C
STATE STREET BANK AND TRUST COMPANY,7004.5,2,2,86.81,2.51,81.1,129151135114.30652,99.9990554006321,C
FUTURASIA PROFESSIONALS PTE. LTD.,7001.0,1,1,85.77,3.01,95.95,129151142115.30652,99.99906082136175,C
TONG WEI JIE,7000.0,1,1,90.54,4.26,74.09,129151149115.30652,99.99906624131711,C
HAWLEY & CO PTE LTD,7000.0,1,1,93.88,4.72,57.8,129151156115.30652,99.99907166127248,C
HERMITAGE QUALITY WINES PTE. LTD.,7000.0,1,1,90.94,4.03,67.65,129151163115.30652,99.99907708122785,C
H.S. LIM & CO.,6990.0,1,1,80.43,3.79,80.2,129151170105.30652,99.99908249344041,C
PC HUB TECHNOLOGIES,6975.0,1,1,79.94,4.59,76.68,129151177080.30652,99.99908789403881,C
TG TOURS PTE. LTD.,6960.0,1,1,82.11,3.44,73.33,129151184040.30652,99.999093283023,C
INVICTUS LAW CORPORATION,6950.0,1,1,70.58,4.37,80.25,129151190990.30652,99.9990986642644,C
BUSINESSIT PTE LTD,6938.0,1,1,92.55,4.14,62.4,129151197928.30652,99.99910403621443,C
GNG CONSULTANTS PTE. LTD.,6888.0,1,1,86.76,3.9,55.06,129151204816.30652,99.99910936945052,C
ZENITANT HOLDINGS PTE. LTD.,6800.0,1,1,91.29,4.11,69.65,129151211616.30652,99.99911463455003,C
RAMDAS & WONG,6800.0,1,1,76.18,4.73,69.48,129151218416.30652,99.99911989964951,C
PHOTOINC LLP,6784.5,3,2,85.35,3.72,56.52,129151225200.80652,99.9991251527477,C
3I INFOTECH ASIA PACIFIC PTE. LTD.,6730.0,1,1,100.0,5.0,85.58,129151231930.80652,99.99913036364764,C
PKF-CAP LLP,6700.0,1,1,87.15,3.62,70.48,129151238630.80652,99.9991355513192,C
ARTSMAN ADVERTISING,6603.0,1,1,88.59,3.84,74.07,129151245233.80652,99.99914066388567,C
FOOLPROOF (SG) PTE. LTD.,6601.0,2,1,100.0,3.64,68.63,129151251834.80652,99.99914577490358,C
CNPLAW LLP,6595.0,4,4,83.14,3.94,73.55,129151258429.80652,99.99915088127581,C
WELENIA STUDIOS,6592.0,1,1,80.78,3.63,75.63,129151265021.80652,99.9991559853252,C
TOOLSEDGE PTE. LTD.,6493.28,1,1,94.48,3.66,71.18,129151271515.08652,99.99916101293775,C
EMITROPHIES (S) PTE LTD,6478.0,2,2,86.16,3.3,84.43,129151277993.08652,99.9991660287193,C
KING & SPALDING (SINGAPORE) LLP,6425.96,1,1,88.03,4.49,87.97,129151284419.04652,99.99917100420735,C
SISTIC.com Pte Ltd,6405.0,1,1,89.21,4.26,75.26,129151290824.04652,99.99917596346651,C
A&T SIGNBOARD & PRINTING SDN. BHD,6404.14,1,1,98.85,3.26,96.74,129151297228.18652,99.9991809220598,C
AVIATION SAFETY AND TRAINING PTE. LTD.,6400.0,1,1,80.84,3.95,69.96,129151303628.18652,99.99918587744756,C
CARE (CARE ADVISORS RECRUITMENT ENTERPRISE) PTE. LTD.,6360.0,1,1,87.88,4.5,76.02,129151309988.18652,99.99919080186415,C
MEGA MOUNT INDUSTRIAL GASES SDN. BHD.,6340.9,1,1,94.05,4.14,82.68,129151316329.08652,99.99919571149199,C
"*SCAPE CO., LTD.",6320.0,1,1,91.97,5.0,93.29,129151322649.08652,99.99920060493741,C
PDS International Pte Ltd,6300.0,1,1,86.65,3.82,56.2,129151328949.08652,99.99920548289725,C
CT ELEVATOR PTE. LTD.,6300.0,1,1,88.74,3.4,85.03,129151335249.08652,99.99921036085708,C
OBJECTIVE EYE TRACKING PTE. LTD.,6250.0,1,1,92.27,3.79,60.04,129151341499.08652,99.99921520010294,C
PF FAREAST PTE. LTD.,6240.25,2,2,99.3,3.43,81.43,129151347739.33652,99.99922003179958,C
COUNTING CONSULTANTS PTE. LTD.,6240.02,1,1,89.56,4.73,80.85,129151353979.35652,99.99922486331813,C
THE SINGAPORE ASSOCIATION FOR THE DEAF,6160.0,2,2,91.16,4.61,81.94,129151360139.35652,99.99922963287887,C
UOL CLAYMORE INVESTMENT PTE. LTD.,6154.5,3,2,88.72,4.09,67.46,129151366293.85652,99.99923439818104,C
AK GLOBAL TECH PTE. LTD.,6104.65,1,1,100.0,3.01,77.97,129151372398.50652,99.99923912488539,C
RAVE GROUP INT'L PTE. LTD.,6082.0,2,2,100.0,4.7,80.37,129151378480.50652,99.99924383405234,C
INTERNATIONAL DEFENSE ARTS ACADEMY,6000.0,1,1,86.55,3.71,78.01,129151384480.50652,99.99924847972837,C
PREMIER DIAGNOSTICS PTE. LTD.,6000.0,1,1,76.0,4.34,88.35,129151390480.50652,99.99925312540438,C
Kali Selvan S/O A Rajoo,6000.0,1,1,95.78,4.31,85.66,129151396480.50652,99.99925777108042,C
RIE'S LAUNDRY,5950.0,2,2,78.33,3.88,71.59,129151402430.50652,99.99926237804247,C
OLYMPIA DIARY (S'PORE) PTE LTD,5940.0,1,1,90.73,4.03,91.74,129151408370.50652,99.99926697726174,C
DAVIES COLLISON CAVE ASIA PTE. LTD.,5900.0,1,1,80.95,5.0,76.05,129151414270.50652,99.99927154550984,C
QUAN XIANG YUAN (JING JI) SEAFOOD RESTAURANT,5878.5,3,1,98.69,3.76,73.75,129151420149.00652,99.99927609711094,C
VEGSTATION PTE. LTD.,5834.28,1,1,90.25,4.05,78.0,129151425983.28651,99.99928061447338,C
I-DNA BIOTECHNOLOGY PTE. LTD.,5750.0,1,1,100.0,3.53,72.34,129151431733.28651,99.99928506657957,C
RICTED KENNELS PTE. LTD.,5676.0,1,1,88.68,4.58,94.63,129151437409.28651,99.9992894613891,C
SCHOOL OF PET GROOMING,5676.0,1,1,85.55,3.51,82.5,129151443085.28651,99.99929385619862,C
GRACE MANAGEMENT CONSULTANCY PTE. LTD.,5600.0,1,1,91.4,3.51,79.56,129151448685.28651,99.99929819216291,C
DIRECTOPTO TECHNOLOGY,5564.0,1,1,86.17,2.96,88.5,129151454249.28651,99.99930250025315,C
ASTRONICS TECHNOLOGIES PRIVATE LIMITED,5559.6,2,1,89.57,4.08,64.91,129151459808.88652,99.99930680493657,C
ALGREAT SALES & SERVICES SDN. BHD.,5539.85,1,1,81.28,2.59,80.2,129151465348.73653,99.99931109432796,C
KRYSALLIS ASIA PTE. LTD.,5500.0,1,1,93.59,3.31,84.01,129151470848.73653,99.99931535286431,C
E-XCLUSIF MEDICAL SUPPLY PTE. LTD.,5430.5,1,1,80.81,3.3,71.01,129151476279.23653,99.99931955758827,C
EDUTEX PTE. LTD.,5390.0,1,1,83.53,3.68,81.2,129151481669.23653,99.99932373095389,C
S.A.M CREATIVE,5382.4,1,1,99.81,4.34,76.2,129151487051.63652,99.999327898435,C
ZAINAL & ZAINAL LLP,5380.0,1,1,95.42,3.5,73.27,129151492431.63652,99.99933206405784,C
NORTON ROSE FULBRIGHT (ASIA) LLP,5355.0,1,1,94.07,4.07,77.51,129151497786.63652,99.99933621032369,C
AGAPE PROFESSIONAL DEVELOPMENT CONSULTANCY,5320.0,2,1,90.46,4.18,97.25,129151503106.63652,99.99934032948977,C
GIAMSO INTERNATIONAL TOURS PTE LTD,5300.0,1,1,78.82,4.38,62.71,129151508406.63652,99.99934443317026,C
GREEN-TECH EGG INDUSTRIES PTE. LTD.,5228.0,1,1,89.12,4.28,81.57,129151513634.63652,99.99934848110264,C
SINGAPORE MARRIOTT TANG PLAZA HOTEL,5225.0,7,2,81.3,3.71,75.78,129151518859.63652,99.99935252671219,C
KALIDASS LAW CORPORATION,5200.0,1,1,94.13,4.0,65.58,129151524059.63652,99.99935655296474,C
Optimal Medical Products Pte Ltd,5167.5,1,1,93.98,3.96,66.67,129151529227.13652,99.99936055405321,C
TECH-LAB SCIENTIFIC SDN. BHD.,5134.27,2,1,95.59,4.86,85.84,129151534361.40652,99.9993645294124,C
Spring Technologies Pte Ltd,5120.0,1,1,89.96,4.48,79.14,129151539481.40652,99.99936849372261,C
Life Support Force Pte Ltd,5096.0,1,1,71.86,3.82,93.88,129151544577.40652,99.99937243945011,C
IMT Scientific Resources Sdn. Bhd.,5079.67,1,1,93.54,4.25,62.39,129151549657.07652,99.99937637253365,C
GRINESS PTE. LTD.,5068.0,7,4,86.96,3.48,98.03,129151554725.07652,99.99938029658134,C
KaVo Dental Supply,5000.0,1,1,100.0,5.0,84.98,129151559725.07652,99.99938416797801,C
MWR INFOSECURITY PTE. LTD.,5000.0,1,1,93.73,5.0,72.68,129151564725.07652,99.99938803937471,C
Marina Bay Hotel Private Limited,4965.42,3,2,90.81,4.62,77.28,129151569690.49652,99.99939188399681,C
LCA PRIVATE LIMITED,4960.0,1,1,88.26,3.36,70.3,129151574650.49652,99.99939572442233,C
KTB ARCHITECTS,4960.0,1,1,89.68,4.18,91.54,129151579610.49652,99.99939956484785,C
FULCRUM MANAGEMENT ASIA PTE. LTD.,4913.0,1,1,81.34,4.11,84.8,129151584523.49652,99.99940336888223,C
DAVID W MEIBOS PLLC,4900.0,1,1,87.79,4.66,66.61,129151589423.49652,99.999407162851,C
WEB SYNERGIES (S) PTE LTD,4880.0,1,1,100.0,4.75,74.77,129151594303.49652,99.99941094133416,C
SAFETYSIGNS.SG PTE. LTD.,4836.0,1,1,82.97,4.44,89.39,129151599139.49652,99.99941468574904,C
BMS ENGINEERS PTE LTD,4820.0,1,1,78.83,3.8,79.65,129151603959.49652,99.99941841777546,C
mechelect engineering services,4820.0,1,1,96.18,3.57,92.54,129151608779.49652,99.99942214980186,C
BELMACS PTE LTD,4820.0,1,1,98.54,4.26,76.64,129151613599.49652,99.99942588182827,C
LIGHTING & SOUND DISTRIBUTION,4791.0,1,1,81.24,5.0,72.95,129151618390.49652,99.99942959140058,C
ULTRANIZE PTE. LTD.,4776.0,1,1,100.0,4.27,94.44,129151623166.49652,99.99943328935869,C
Air Products Malaysia Sdn Bhd,4768.2,1,1,92.73,4.72,69.84,129151627934.69652,99.99943698127744,C
VISION STRATEGY STORYTELLING PTE. LTD.,4750.0,1,1,95.57,3.52,64.66,129151632684.69652,99.9994406591043,C
SILICON INSTRUMENTATION PTE LTD,4740.0,1,1,100.0,3.29,92.25,129151637424.69652,99.99944432918835,C
DAISHO DEVELOPMENT SINGAPORE PTE LTD,4735.5,3,2,92.75,3.59,79.53,129151642160.19652,99.99944799578816,C
KEL LLC,4700.0,1,1,86.84,4.66,100.0,129151646860.19652,99.99945163490105,C
SCIENTIFIC TRENDS (M) SDN. BHD.,4678.1,1,1,87.67,4.33,78.66,129151651538.29652,99.99945525705722,C
LVM LAW CHAMBERS LLC,4652.0,3,2,83.9,3.62,84.58,129151656190.29652,99.9994588590047,C
FTI Consulting (Australia) Pty Ltd,4651.0,2,2,87.75,2.11,90.41,129151660841.29652,99.9994624601779,C
"VINCENT, HAN & ASSOCIATES",4630.0,1,1,96.97,4.89,84.8,129151665471.29652,99.99946604509124,C
Landmark Architects Associate,4600.0,1,1,90.85,5.0,83.17,129151670071.29652,99.99946960677619,C
LCA PTE. LTD.,4600.0,1,1,82.62,4.11,67.09,129151674671.29652,99.99947316846115,C
ROGER CHUA PHOTOGRAPHY,4570.0,1,1,92.95,4.27,65.15,129151679241.29652,99.99947670691772,C
NG ENG LEE BUS SERVICE AND EXCURSION BUS,4513.0,1,1,87.89,4.11,88.56,129151683754.29652,99.99948020124037,C
HAO ZHENG SPORTS,4500.0,1,1,93.7,4.84,93.3,129151688254.29652,99.9994836854974,C
MOORE STEPHENS EGYPT,4500.0,1,1,79.93,4.65,79.0,129151692754.29652,99.99948716975442,C
Adroit Instrumentation Pte. Ltd.,4500.0,1,1,87.87,2.67,95.84,129151697254.29652,99.99949065401144,C
PICTURE PEOPLE PLAN PTE. LTD.,4450.0,1,1,100.0,4.62,65.74,129151701704.29652,99.99949409955448,C
HOLBORN LAW LLC,4441.0,3,3,79.79,3.7,73.53,129151706145.29652,99.99949753812903,C
POTENTIAL INSPECTION SERVICES PTE. LTD.,4440.0,1,1,92.9,4.29,76.63,129151710585.29652,99.9995009759293,C
ALEPH PTE. LTD.,4400.0,1,1,100.0,3.98,71.86,129151714985.29652,99.99950438275837,C
HUANBAO,4379.0,1,1,93.56,4.09,69.93,129151719364.29652,99.9995077733276,C
BRANDX INQ PTE. LTD.,4350.0,1,1,99.07,4.03,77.92,129151723714.29652,99.99951114144272,C
GRACE LAW LLC,4350.0,1,1,97.27,3.44,62.16,129151728064.29652,99.99951450955784,C
PERFECT PAGE,4331.5,1,1,84.59,3.0,63.02,129151732395.79652,99.9995178633488,C
QUANTUMSYS TECHNOLOGIES PTE. LTD.,4318.12,1,1,88.75,3.02,100.0,129151736713.91652,99.99952120677989,C
EPIC DIALOGUE PTE. LTD.,4310.0,1,1,87.46,4.89,74.97,129151741023.91652,99.99952454392384,C
CARLTON CITY HOTEL (SINGAPORE) PTE. LTD.,4295.5,5,2,80.92,3.92,75.97,129151745319.41652,99.99952786984073,C
NG BOON TIANG,4294.0,1,1,95.78,2.71,58.94,129151749613.41652,99.9995311945962,C
JOBSTER PRIVATE LTD.,4270.129999999999,9,7,98.0,3.1,97.15,129151753883.54652,99.99953450086963,C
Griffith University,4219.49,1,1,90.51,5.0,66.28,129151758103.03653,99.99953776793356,C
ALLEN & OVERY LLP,4204.0,1,1,75.24,4.39,68.55,129151762307.03653,99.9995410230039,C
ARISE SERVICES PTE. LTD.,4186.7,1,1,100.0,3.1,80.07,129151766493.73653,99.9995442646792,C
POHSIANG.COM,4160.0,1,1,97.58,2.78,75.64,129151770653.73653,99.99954748568125,C
BUSINESS EDGE PERSONNEL SERVICES PTE LTD,4156.2,2,2,100.0,4.33,77.46,129151774809.93652,99.99955070374104,C
I-PAL COMMUNICATIONS,4153.0,1,1,100.0,4.2,65.39,129151778962.93652,99.99955391932312,C
MORGAN LEWIS STAMFORD LLC,4150.0,1,1,99.03,3.83,71.59,129151783112.93652,99.99955713258238,C
ARCHI-THEME PARTNERSHIP,4090.0,1,1,84.68,4.42,86.77,129151787202.93652,99.99956029938487,C
ARCHIPRACTICE,4090.0,1,1,100.0,4.82,70.5,129151791292.93652,99.99956346618737,C
LT&T Architects,4090.0,1,1,79.36,4.96,77.7,129151795382.93652,99.99956663298985,C
Tony Tan & Associates,4090.0,1,1,100.0,3.23,74.65,129151799472.93652,99.99956979979235,C
SD ARCHITECTS LLP,4090.0,1,1,80.39,4.53,76.03,129151803562.93652,99.99957296659484,C
PROSPAQ GROUP PTE. LTD.,4076.66,6,1,87.01,3.53,88.62,129151807639.59653,99.99957612306845,C
STONEBENCH,4052.0,1,1,88.18,3.84,78.35,129151811691.59653,99.99957926044833,C
TechStudio Solutions Pte Ltd,4000.31,1,1,98.77,3.73,72.36,129151815691.90652,99.9995823578057,C
LUEN HUP HENG SALES AND SERVICES,4000.0,1,1,98.33,4.48,88.3,129151819691.90652,99.99958545492305,C
UX CONSULTING PTE. LTD.,4000.0,1,1,94.22,4.02,78.3,129151823691.90652,99.99958855204041,C
AZ BUS PTE. LTD.,3948.0,2,2,81.34,3.81,84.89,129151827639.90652,99.99959160889523,C
COMPASS GROUP (SINGAPORE) PTE. LTD.,3896.0,1,1,86.94,3.83,79.23,129151831535.90652,99.99959462548755,C
Markit Group Limited,3874.85,1,1,93.67,3.7,60.27,129151835410.75653,99.99959762570384,C
WONG THOMAS & LEONG,3800.0,1,1,77.97,4.13,73.93,129151839210.75653,99.99960056796532,C
GELMAN SINGAPORE PTE LTD,3800.0,1,1,100.0,4.34,76.95,129151843010.75653,99.9996035102268,C
VANTAGE POINT SECURITY PTE. LTD.,3750.0,1,1,88.08,4.78,71.21,129151846760.75653,99.99960641377432,C
TIM DELIGHT PTE. LTD.,3706.0,4,1,83.22,4.19,63.92,129151850466.75653,99.99960928325355,C
RAY PHOTOGRAPHY,3657.0,2,1,97.09,3.06,89.9,129151854123.75653,99.9996121147931,C
OISHI INTERNATIONAL PTE. LTD.,3600.0,1,1,85.24,4.45,72.14,129151857723.75653,99.99961490219872,C
PLUSPAC INDUSTRIES PTE. LTD.,3600.0,1,1,89.75,3.85,63.91,129151861323.75653,99.99961768960432,C
CHOON YING TRANSPORT SERVICES,3600.0,1,1,75.5,4.28,75.5,129151864923.75653,99.99962047700994,C
BusinessIT Pte Ltd,3539.0,3,2,89.54,4.23,72.1,129151868462.75653,99.99962321718452,C
ASIA INSTRUMENTATION MONITORING PTE. LTD.,3528.0,1,1,76.74,4.6,88.48,129151871990.75653,99.99962594884202,C
ANTECHNIC ENGINEERING PTE LTD,3525.6800000000003,3,1,94.01,4.24,89.39,129151875516.43652,99.99962867870319,C
ELEAD MGT SVCS PTE LTD,3500.0,1,1,91.94,3.52,69.02,129151879016.43652,99.99963138868088,C
MEGAGOAL PTE LTD,3480.0,1,1,81.57,4.91,84.45,129151882496.43652,99.99963408317298,C
HOLIDAY INN SINGAPORE ATRIUM,3472.0,6,2,85.72,4.31,77.26,129151885968.43652,99.99963677147083,C
FLEXMECH ENGINEERING PTE LTD,3466.0,1,1,92.0,4.17,70.57,129151889434.43652,99.99963945512302,C
APPLIED ACCOUNTING SOLUTIONS PRIVATE LIMITED,3460.0,1,1,88.69,3.97,82.93,129151892894.43652,99.99964213412953,C
GIM TIM PTE. LTD.,3440.0,1,1,94.22,4.38,69.77,129151896334.43652,99.99964479765045,C
PM ASSOCIATES PTE LTD,3398.1000000000004,2,1,81.27,3.53,77.04,129151899732.53653,99.99964742872908,C
JONES DAY,3385.0,1,1,85.76,4.31,80.07,129151903117.53653,99.99965004966464,C
MONONOS PRIVATE LIMITED,3380.0,1,1,80.48,4.92,70.98,129151906497.53653,99.99965266672879,C
LINKLATERS SINGAPORE PTE. LTD.,3375.0,1,1,80.82,4.25,74.77,129151909872.53653,99.99965527992157,C
Green-Tech Eggs Ind Pte Ltd,3360.0,1,1,88.88,4.51,82.01,129151913232.53653,99.99965788150014,C
PHOTO VILLAGE CREATION'S,3271.55,3,2,79.66,3.75,65.71,129151916504.08653,99.9996604145937,C
SARTORIUS STEDIM MALAYSIA SDN. BHD.,3259.9,1,1,88.3,4.65,88.64,129151919763.98653,99.99966293866692,C
Royal Australasian College of Surgeons (RACS),3243.93,1,1,76.53,3.1,75.43,129151923007.91652,99.99966545037489,C
POP-CORNS POP COMMUNICATIONS PTE. LTD.,3240.0,1,1,78.43,4.0,68.86,129151926247.91652,99.99966795903994,C
HOLIDAY TOURS & TRAVEL (SINGAPORE) PTE. LTD.,3208.0,1,1,100.0,5.0,81.5,129151929455.91652,99.99967044292805,C
MULTI-FLOW ENGINEERING SERVICES PTE LTD,3207.9,1,1,88.61,4.11,59.53,129151932663.81651,99.99967292673874,C
CRAFT BAY LLP,3200.0,1,1,98.72,4.34,83.15,129151935863.81651,99.99967540443262,C
SAMUEL SEOW LAW CORPORATION,3200.0,1,1,95.76,4.18,79.45,129151939063.81651,99.9996778821265,C
ARTZ JOHAN,3200.0,1,1,85.31,3.5,82.34,129151942263.81651,99.99968035982039,C
ARTBEATZ PTE. LTD.,3200.0,1,1,100.0,3.6,55.61,129151945463.81651,99.99968283751427,C
ART SOCIAL PTE. LTD.,3200.0,1,1,100.0,4.23,78.56,129151948663.81651,99.99968531520814,C
BENEDICT CHAN & COMPANY,3200.0,1,1,82.79,4.29,54.79,129151951863.81651,99.99968779290202,C
TAN CHING CHING,3200.0,1,1,98.92,3.39,65.46,129151955063.81651,99.9996902705959,C
ARTZ GRAINE PTE. LTD.,3200.0,1,1,77.64,4.87,69.11,129151958263.81651,99.99969274828979,C
ARTIST.STUDIO-D,3200.0,1,1,100.0,3.64,77.72,129151961463.81651,99.99969522598367,C
THE PRINT LODGE PTE. LTD.,3200.0,1,1,99.96,4.73,100.0,129151964663.81651,99.99969770367755,C
C'IGNATURE ARTS PTE. LTD.,3200.0,1,1,91.11,3.07,96.91,129151967863.81651,99.99970018137144,C
Salihin Jaafar,3200.0,1,1,87.34,4.77,64.73,129151971063.81651,99.99970265906532,C
SEC CONSULT SINGAPORE PTE. LTD.,3188.5,2,2,92.65,2.92,65.26,129151974252.31651,99.99970512785498,C
OCEAN MELODY TRAVEL SERVICES PRIVATE LIMITED,3140.0,1,1,97.2,4.42,61.63,129151977392.31651,99.99970755909212,C
SOCIETY STAPLES PTE. LTD.,3138.0,1,1,79.29,3.57,76.44,129151980530.31651,99.99970998878067,C
PR NEWSWIRE ASIA LIMITED,3104.38,1,1,82.74,4.45,99.98,129151983634.69652,99.99971239243797,C
TheSeafoodCompany Pte. Ltd.,3100.01,1,1,80.47,5.0,80.97,129151986734.70651,99.99971479271166,C
PROVENANCE ASIA PTE. LTD.,3100.0,1,1,98.94,4.2,67.46,129151989834.70651,99.9997171929776,C
TRADEWINDS TOURS & TRAVEL PRIVATE LIMITED,3012.71,1,1,84.4,4.72,73.4,129151992847.41652,99.9997195256567,C
E TECH CONSTRUCTION PTE LTD,3000.0,1,1,93.49,4.27,85.48,129151995847.41652,99.99972184849473,C
HONG HENG FISHERY PTE. LTD.,3000.0,1,1,87.38,3.9,94.08,129151998847.41652,99.99972417133274,C
THE PRESS ROOM,3000.0,1,1,89.3,4.38,90.61,129152001847.41652,99.99972649417074,C
EARTHSCOPE ENTERPRISES PTE. LTD.,2985.0,1,1,89.59,4.38,95.11,129152004832.41652,99.99972880539457,C
GLOBIBO PTE. LTD.,2960.86,3,3,92.82,3.52,71.81,129152007793.27652,99.99973109792731,C
RS PHOTOGRAPHY,2959.4,2,1,76.01,4.65,83.24,129152010752.67651,99.99973338932958,C
HANNA INSTRUMENTS (SINGAPORE) PTE. LTD.,2948.4,1,1,100.0,3.25,71.38,129152013701.0765,99.99973567221477,C
HAWA CATERING SERVICE,2931.0,2,1,78.58,3.78,78.3,129152016632.0765,99.9997379416275,C
GOWLING WLG (UK) LLP,2921.01,3,3,86.35,4.1,73.12,129152019553.0865,99.9997402033052,C
AEGIS INSURANCE AGENCIES PTE. LTD.,2912.5,1,1,88.91,3.97,62.6,129152022465.5865,99.99974245839375,C
"Dongguan Tianyu Semiconductor Technology Co., Ltd.",2906.4,1,1,83.2,3.78,96.46,129152025371.9865,99.99974470875922,C
One Gasmaster Sdn. Bhd,2876.14,1,1,83.0,3.42,75.38,129152028248.1265,99.999746935695,C
INCISIVE LAW LLC,2850.0,2,1,77.02,5.0,54.62,129152031098.1265,99.99974914239111,C
INTROSPECTIVE SOLUTIONS! LLP,2800.0,1,1,86.73,4.5,77.8,129152033898.1265,99.99975131037326,C
TIAN NGOH CONTRACTORS PTE. LTD.,2787.0,1,1,95.95,4.34,95.63,129152036685.1265,99.99975346828978,C
ACE TOURS & TRAVEL PTE. LTD.,2773.0,1,1,90.34,4.48,58.99,129152039458.1265,99.99975561536637,C
"TEO YONG MING, YONVIN",2750.0,2,1,91.61,3.64,76.48,129152042208.1265,99.99975774463455,C
OPRA-ASIA PTE. LTD.,2720.0,2,1,100.0,3.95,86.21,129152044928.1265,99.99975985067435,C
THE LIFE CELEBRANT PTE. LTD.,2655.19,1,1,82.71,4.09,87.53,129152047583.3165,99.99976190653311,C
SELVAM LLC,2650.0,1,1,79.94,4.05,86.43,129152050233.3165,99.99976395837335,C
TUNG LOK MILLENNIUM PTE LTD,2620.24,3,2,78.61,4.01,80.68,129152052853.5565,99.99976598717105,C
GTAR TRAVEL SERVICES PTE. LTD.,2618.0,1,1,86.45,4.28,66.37,129152055471.5565,99.99976801423436,C
SHEPHERD AND WEDDERBURN LLP,2615.0,1,1,87.59,2.95,76.89,129152058086.5565,99.99977003897483,C
CIS CERTIFICATION PTE. LTD.,2550.0,1,1,99.0,3.44,80.73,129152060636.5565,99.99977201338714,C
PANTAI MEDICAL CENTRE SDN. BHD.,2547.55,1,1,93.66,4.62,87.53,129152063184.1065,99.99977398590248,C
SILVERSEA MEDIA (S) PTE. LTD.,2528.98,1,1,80.36,4.5,75.59,129152065713.0865,99.99977594403943,C
PIVOTAL LEARNING PRIVATE LIMITED,2500.0,1,1,100.0,3.34,66.76,129152068213.0865,99.99977787973778,C
FORTIS LAW CORPORATION,2500.0,1,1,100.0,3.24,83.23,129152070713.0865,99.99977981543611,C
AssetHub Pte Ltd,2434.0,1,1,96.59,4.43,75.28,129152073147.0865,99.99978170003203,C
AAXONN MEDIA SERVICES PTE. LTD.,2419.2,2,2,82.38,4.02,55.83,129152075566.2865,99.9997835731686,C
CENTURION INFORMATION SECURITY PTE. LTD.,2401.0,2,2,91.93,3.84,66.63,129152077967.2865,99.9997854322133,C
Mr Tan Kim Leng,2400.0,1,1,91.2,4.52,81.23,129152080367.2865,99.9997872904837,C
Asarco Pacific Pte Ltd,2376.0,1,1,90.0,4.95,99.12,129152082743.2865,99.99978913017141,C
HOLIDAY VENTURE & SIGHTS TOUR,2368.0,1,1,93.43,3.3,72.3,129152085111.2865,99.99979096366488,C
STAMFORD LANGUAGE AND COMMUNICATION,2290.0,1,1,86.75,4.43,80.92,129152087401.2865,99.99979273676458,C
SAGANA INTERNATIONAL PTE. LTD.,2282.0,2,1,77.28,4.49,87.78,129152089683.2865,99.99979450367002,C
KELVIN CHIA PARTNERSHIP,2222.0,4,3,71.94,4.57,91.65,129152091905.2865,99.99979622411871,C
GNS LEARNING HUB PTE. LTD.,2188.0,2,2,72.74,5.0,67.46,129152094093.2865,99.9997979182419,C
HONG THAI TRAVEL SERVICES (S) PTE LTD,2160.0,1,1,89.7,4.11,80.98,129152096253.2865,99.99979959068527,C
SENG BENG SIANG FOOD,2140.0,1,1,83.97,3.9,65.87,129152098393.2865,99.99980124764305,C
JP KNIGHTS PTE LTD,2102.0,1,1,96.93,3.4,73.28,129152100495.2865,99.99980287517822,C
PHOTOCRAFT PHOTOGRAPHY,2100.0,2,1,92.56,4.16,72.62,129152102595.2865,99.99980450116482,C
FOTTO-GRAFFITI PICTURES PTE. LTD.,2095.0,1,1,78.96,3.27,79.49,129152104690.2865,99.99980612328004,C
ZHAN CHANG HOLDINGS PTE LTD,2091.54,6,1,93.04,4.82,82.5,129152106781.82649,99.99980774271624,C
EDU TRAVEL PTE. LTD.,2076.0,1,1,91.98,4.83,85.06,129152108857.82649,99.99980935012015,C
DAVID LIM & PARTNERS LLP,2073.33,1,1,96.56,3.67,72.78,129152110931.1565,99.99981095545672,C
LIM CHYE HENG SAND & GRANITE PTE LTD,2052.94,4,1,88.01,3.47,84.96,129152112984.0965,99.99981254500575,C
KAFFA KALDI PTE LTD,2005.0,1,1,85.92,4.47,78.25,129152114989.0965,99.99981409743583,C
USER EXPERIENCE RESEARCHERS PTE. LTD.,2004.0,5,3,87.34,4.37,76.05,129152116993.0965,99.99981564909162,C
SIN BEE HWA CATERING SERVICES,1988.0,1,1,91.31,4.03,82.95,129152118981.0965,99.99981718835895,C
BRISK SAFETY SDN.BHD.,1944.04,1,1,89.44,4.33,69.04,129152120925.13649,99.99981869358895,C
Inspireworkz pte ltd,1939.4,1,1,91.9,4.07,70.75,129152122864.53648,99.99982019522629,C
ARPELS MARKETING PTE. LTD.,1922.4,1,1,100.0,4.33,61.5,129152124786.93648,99.99982168370089,C
MOI LAW CORPORATION,1900.0,2,1,86.43,3.68,59.21,129152126686.93648,99.99982315483163,C
QAI SINGAPORE PTE. LTD.,1900.0,1,1,99.02,4.66,80.29,129152128586.93648,99.99982462596236,C
ENCE MARKETING GROUP PTE. LTD.,1900.0,1,1,87.33,4.23,54.15,129152130486.93648,99.99982609709312,C
MONASH UNIVERSITY,1881.62,1,1,79.76,4.84,80.46,129152132368.55647,99.99982755399259,C
JOSEPH TAN JUDE BENNY LLP,1860.0,2,1,92.56,4.14,80.89,129152134228.55647,99.99982899415217,C
GLOBAL EDEN ENGINEERING PTE. LTD.,1850.0,1,1,90.16,4.39,46.01,129152136078.55647,99.99983042656893,C
DEEP IMPACT PTE. LTD.,1841.0,1,1,89.68,4.94,76.91,129152137919.55647,99.9998318520172,C
SARAH AND SCHOOLING PTE. LTD.,1800.0,1,1,84.14,3.33,71.23,129152139719.55647,99.99983324572,C
TREASURE PLUS INTERNATIONAL PTE LTD,1800.0,1,1,89.53,3.96,83.76,129152141519.55647,99.99983463942282,C
SAPERE RESEARCH GROUP LIMITED,1786.0,1,1,78.34,4.04,74.31,129152143305.55647,99.99983602228572,C
MYKE TECHNOLOGIES PTE. LTD.,1755.0,1,1,74.46,4.08,81.15,129152145060.55647,99.99983738114595,C
Raffles Studio Pte Ltd,1755.0,1,1,86.99,4.67,73.46,129152146815.55647,99.99983874000618,C
REDINOX PTE. LTD.,1750.0,1,1,89.03,4.58,93.41,129152148565.55647,99.99984009499502,C
SOON GUAN FISHERY CO,1750.0,1,1,80.02,3.92,78.12,129152150315.55647,99.99984144998388,C
LINKUP INTERNATIONAL (SINGAPORE) PTE LTD,1746.2,1,1,84.1,3.56,84.84,129152152061.75647,99.99984280203044,C
Wesco Art,1680.0,1,1,89.2,4.23,78.98,129152153741.75647,99.99984410281974,C
TATA CONSULTANCY SERVICES ASIA PACIFIC PTE. LTD.,1680.0,1,1,81.82,3.04,84.0,129152155421.75647,99.99984540360902,C
CE-TEST & MEASUREMENT (S) PTE. LTD.,1672.0,1,1,82.85,4.37,74.99,129152157093.75647,99.99984669820408,C
QUELL PRIVATE LIMITED,1666.0,1,1,89.86,2.67,84.15,129152158759.75647,99.99984798815346,C
DANCING BEAR PRODUCTIONS PTE. LTD.,1649.2,1,1,89.56,2.99,86.74,129152160408.95647,99.99984926509494,C
F&N FOODS PTE LTD,1634.51,1,1,88.66,3.95,84.92,129152162043.46646,99.99985053066226,C
WANHE INTERNATIONAL SINGAPORE PTE. LTD.,1628.0,1,1,76.19,4.1,81.03,129152163671.46646,99.99985179118902,C
DENTMEDIX PTE. LTD.,1625.0,1,1,82.74,3.15,72.66,129152165296.46646,99.99985304939294,C
NEXIA TS TECHNOLOGY PTE. LTD.,1625.0,3,2,90.46,4.53,76.55,129152166921.46646,99.99985430759686,C
ONE THE FOOD PTE. LTD.,1604.0,1,1,100.0,4.7,76.11,129152168525.46646,99.99985554954092,C
IMPERIAL COURT PTE. LTD.,1579.4,1,1,94.26,5.0,85.96,129152170104.86646,99.9998567724377,C
K C LIM LOCATION PHOTOGRAPHY SERVICES,1567.8,1,1,82.96,3.88,74.62,129152171672.66646,99.99985798635286,C
RENDEZVOUS HOTEL SINGAPORE,1558.0,7,2,90.33,3.91,89.56,129152173230.66646,99.99985919268006,C
ATLAS CONSULTING SURVEYORS,1557.0,5,1,83.0,3.61,60.79,129152174787.66646,99.99986039823298,C
CONCORDE HOTEL SINGAPORE,1514.6,8,3,92.1,4.02,80.89,129152176302.26646,99.99986157095648,C
JLC ADVISORS LLP,1500.0,1,1,85.31,4.1,73.0,129152177802.26646,99.99986273237549,C
CHAN JIGUANG GIFFORD,1500.0,1,1,93.19,4.04,78.44,129152179302.26646,99.9998638937945,C
INOVA MOTION PTE. LTD.,1500.0,1,1,78.86,3.6,74.79,129152180802.26646,99.9998650552135,C
LIE MENG FISH MERCHANT,1500.0,1,1,92.35,2.82,83.0,129152182302.26646,99.99986621663251,C
AMPHASIS DESIGN PTE LTD,1500.0,1,1,90.49,4.35,83.27,129152183802.26646,99.99986737805152,C
MEDIATECH MARKETING PTE LTD,1498.0,1,1,71.6,3.71,69.43,129152185300.26646,99.99986853792197,C
TECHCO (PRIVATE) LIMITED,1496.0,1,1,87.24,4.14,71.23,129152186796.26646,99.99986969624386,C
The University of Newcastle,1492.15,1,1,91.29,3.25,72.0,129152188288.41646,99.99987085158476,C
AMARA SINGAPORE,1485.0,6,2,81.66,5.0,84.87,129152189773.41646,99.99987200138958,C
Singapore Oil Spill Response Centre Pte. Ltd.,1469.98,1,1,90.71,4.76,71.94,129152191243.39645,99.99987313956473,C
APPLIED SATELLITE TECHNOLOGY ASIA PTE. LTD.,1459.26,1,1,90.04,4.06,67.72,129152192702.65645,99.99987426943959,C
Y3 KITCHEN SOLUTIONS SDN. BHD.,1459.08,1,1,87.39,2.98,78.83,129152194161.73645,99.99987539917508,C
"OASIA HOTEL DOWNTOWN, SINGAPORE",1457.5,6,2,93.86,4.99,54.96,129152195619.23645,99.99987652768722,C
VALUTEMP PTE. LTD.,1440.0,1,1,73.95,3.28,87.43,129152197059.23645,99.99987764264947,C
PARK HOTEL ALEXANDRA,1430.0,7,2,86.59,4.2,84.44,129152198489.23645,99.99987874986893,C
DEKS AIR TRAVEL & TOURS PTE. LTD.,1416.0,1,1,80.21,3.07,64.75,129152199905.23645,99.99987984624846,C
AAXONN PTE. LTD.,1399.9,1,1,85.38,3.87,70.69,129152201305.13644,99.9998809301621,C
LEE HUNG SCIENTIFIC SDN. BHD.,1390.0,1,1,95.54,3.76,79.56,129152202695.13644,99.99988200641037,C
ADVENTURE EDUCATION LLP,1356.0,1,1,87.52,3.45,92.55,129152204051.13644,99.99988305633316,C
Muhibbah Travel-Tours & Trading Pte Ltd,1352.0,1,1,88.37,2.98,77.34,129152205403.13644,99.99988410315882,C
AXQUISITE ENTERPRISE LLP,1345.0,1,1,83.75,3.84,91.97,129152206748.13644,99.99988514456454,C
The University of Adelaide,1344.03,1,1,91.56,4.22,69.92,129152208092.16644,99.99988618521918,C
FURAMA CITY CENTRE SINGAPORE,1327.7,7,2,94.51,4.6,76.38,129152209419.86644,99.99988721322987,C
TUV RHEINLAND SINGAPORE PTE. LTD.,1325.0,1,1,94.27,5.0,73.39,129152210744.86644,99.99988823915,C
DATA DYNAMICS PTE. LTD.,1300.0,1,1,82.99,4.21,69.16,129152212044.86644,99.99988924571312,C
DP QUEST INVESTIGATION CONSULTANCY PTE. LTD.,1300.0,1,1,92.46,3.8,79.69,129152213344.86644,99.99989025227627,C
KHOO SUN PRINTING PTE LTD,1295.0,1,1,81.78,3.93,84.79,129152214639.86644,99.999891254968,C
SERIAL I-TECH (FAR EAST) PTE. LTD.,1290.0,1,1,90.99,3.41,80.92,129152215929.86644,99.99989225378836,C
VOLUNEX PTE. LTD.,1285.0,1,1,83.95,3.93,67.77,129152217214.86644,99.99989324873731,C
ZENITH INTERIORS PTE. LTD.,1264.0,1,1,91.25,4.59,72.11,129152218478.86644,99.9998942274264,C
VILLAGE HOTEL KATONG,1251.62,7,2,90.1,4.4,86.68,129152219730.48643,99.99989519652989,C
UNITED LEGAL ALLIANCE LLC,1250.0,1,1,86.53,3.95,74.84,129152220980.48643,99.99989616437907,C
INRI INTERNATIONAL PTE. LTD.,1228.74,5,2,88.58,4.73,92.74,129152222209.22644,99.99989711576707,C
HONG HENG INDUSTRIES PRIVATE LIMITED,1210.85,7,2,78.44,4.08,82.16,129152223420.07645,99.9998980533032,C
CROWNE PLAZA CHANGI AIRPORT,1210.0,6,2,91.54,5.0,53.76,129152224630.07645,99.99989899018121,C
HKS Surveyors Pte Ltd,1201.0,2,1,100.0,5.0,93.51,129152225831.07645,99.99989992009068,C
KUMARESH ENTERPRISES,1200.0,1,1,95.98,3.3,64.78,129152227031.07645,99.9999008492259,C
CALL THE SHOTS PHOTOGRAPHY,1200.0,1,1,91.89,4.52,70.55,129152228231.07645,99.9999017783611,C
EMG International Pte Ltd,1187.0,3,3,88.26,4.0,85.85,129152229418.07645,99.99990269743067,C
KIAN HUAT RESTAURANT PTE. LTD.,1180.0,1,1,86.06,4.19,76.72,129152230598.07645,99.99990361108028,C
University of Exeter,1174.02,1,1,84.08,4.1,72.3,129152231772.09645,99.99990452009972,C
ICF CONSULTING INDIA PRIVATE LIMITED,1172.0,1,1,99.01,2.91,84.62,129152232944.09645,99.99990542755512,C
VILLAGE HOTEL ALBERT COURT,1149.5,7,2,87.09,4.11,73.69,129152234093.59645,99.99990631758921,C
MUNSHI AHMED PHOTOGRAPHY,1125.0,1,1,100.0,5.0,80.64,129152235218.59645,99.99990718865345,C
PROJECT OMNI PTE. LTD.,1124.0,1,1,88.01,3.81,92.02,129152236342.59645,99.99990805894345,C
AGB EDUCATION CENTRE PTE. LTD.,1122.0,1,1,83.52,3.51,82.0,129152237464.59645,99.99990892768486,C
PECTEN ACCOUNTING & SERVICES PTE. LTD.,1120.0,1,1,82.04,3.67,76.77,129152238584.59645,99.99990979487772,C
PARKROYAL KITCHENER HOTEL PTE. LTD.,1115.4,6,2,87.56,3.59,72.43,129152239699.99644,99.99991065850888,C
CHEAK CHING CHENG,1110.0,1,1,96.19,4.29,66.19,129152240809.99644,99.99991151795895,C
PARK HOTEL CLARKE QUAY,1074.7,4,2,88.66,3.86,89.73,129152241884.69644,99.99991235007695,C
HOTEL GRAND PACIFIC,1062.0,6,2,89.56,4.88,71.85,129152242946.69644,99.99991317236162,C
THE QUINCY HOTEL,1061.5,3,2,91.15,2.73,66.03,129152244008.19644,99.99991399425913,C
GOODWOOD PARK HOTEL PRIVATE LIMITED,1050.5,5,1,91.57,3.78,87.39,129152245058.69644,99.99991480763957,C
ROBINSON BOWMAKER PAUL LIMITED,1050.0,1,1,97.87,4.52,84.69,129152246108.69644,99.99991562063288,C
R.A.K. MATERIALS CONSULTANTS PTE LTD,1050.0,1,1,81.3,3.47,73.21,129152247158.69644,99.99991643362618,C
MILLION CENTURY TRADING PTE. LTD.,1040.1,1,1,79.49,3.27,80.24,129152248198.79645,99.99991723895413,C
"FOUR POINTS BY SHERATON SINGAPORE, RIVERVIEW",1018.8,5,2,95.16,3.6,96.74,129152249217.59645,99.99991802778992,C
KiTEC,1018.65,1,1,75.78,4.32,78.58,129152250236.24644,99.99991881650956,C
ADVOCATUS LAW LLP,1010.0,1,1,89.05,4.23,88.35,129152251246.24644,99.99991959853169,C
PARK HOTEL FARRER PARK,990.0,4,2,97.03,2.89,77.38,129152252236.24644,99.99992036506823,C
OASIA HOTEL,984.5,4,2,89.92,4.54,79.01,129152253220.74644,99.99992112734624,C
THOHA TRAVELS & TOURS PTE. LTD.,984.0,1,1,98.98,4.03,77.32,129152254204.74644,99.99992188923711,C
ALTERNATIVE SELECTION PTE LTD,981.56,1,1,87.56,3.79,87.37,129152255186.30644,99.99992264923874,C
DORSETT SINGAPORE,979.0,4,2,100.0,4.58,80.79,129152256165.30644,99.99992340725821,C
ORIENTAL VEGE PTE. LTD.,960.1,1,1,82.71,3.81,70.74,129152257125.40645,99.9999241506438,C
X-TREKKERS ADVENTURE CONSULTANT PTE LTD,960.0,1,1,89.5,4.54,80.88,129152258085.40645,99.99992489395197,C
HIN TAT AUGUSTINE & PARTNERS,950.0,1,1,98.22,3.8,72.46,129152259035.40645,99.99992562951734,C
V HOTEL MANAGEMENT PTE. LTD.,946.0,3,2,91.48,3.89,75.35,129152259981.40645,99.99992636198559,C
EITA TECHNOLOGIES PTE LTD,920.0,1,1,88.4,4.38,72.56,129152260901.40645,99.99992707432258,C
RAMADA SINGAPORE AT ZHONGSHAN PARK,918.5,5,2,92.73,4.83,75.8,129152261819.90645,99.99992778549816,C
KANTO KAGAKU SINGAPORE PTE LTD,913.8,1,1,100.0,4.22,75.08,129152262733.70645,99.99992849303462,C
PENINSULA.EXCELSIOR HOTEL,913.27,5,2,83.17,4.75,64.38,129152263646.97646,99.99992920016071,C
KIM SUM FISH AGENT,905.0,1,1,80.95,4.45,88.77,129152264551.97646,99.99992990088352,C
SCAL ACADEMY PTE. LTD.,900.0,1,1,95.98,3.94,65.18,129152265451.97646,99.99993059773492,C
ACTFAST MEDICAL LLC,900.0,1,1,89.71,4.63,63.78,129152266351.97646,99.99993129458632,C
1 K PRODUCTIONS PTE. LTD.,900.0,1,1,100.0,3.4,79.93,129152267251.97646,99.99993199143773,C
ACMS FACILITIES MANAGEMENT PTE. LTD.,899.3,1,1,85.88,4.19,76.91,129152268151.27646,99.99993268774713,C
SINGAPORE ADVANTEC PTE. LTD.,890.1,1,1,93.5,3.91,83.1,129152269041.37646,99.99993337693319,C
REPUBLIC ICONIC HOTEL PTE. LTD.,885.0,4,2,82.95,4.61,78.21,129152269926.37646,99.9999340621704,C
TKF PROJECT PTE. LTD.,880.0,2,1,98.39,4.1,74.93,129152270806.37646,99.99993474353622,C
PAC Testing & Consulting Sdn. Bhd.,872.19,1,1,85.97,4.43,58.37,129152271678.56647,99.99993541885492,C
MARY MARTIN BOOKSELLERS PTE. LTD.,870.0,2,1,87.6,3.58,89.0,129152272548.56647,99.99993609247794,C
KSCGP JURIS LLP,850.0,1,1,87.54,2.82,85.86,129152273398.56647,99.99993675061538,C
HOTEL JEN ORCHARDGATEWAY SINGAPORE,836.0,2,2,91.49,3.94,64.23,129152274234.56647,99.9999373979129,C
CORLISON PRIVATE LIMITED,833.6,1,1,100.0,4.75,69.44,129152275068.16647,99.99993804335216,C
SUPER D DISTRIBUTION PTE. LTD.,832.0,1,1,90.38,3.94,68.18,129152275900.16647,99.99993868755257,C
PAL CONSULTANCY PTE. LTD.,827.0,1,1,67.57,3.94,72.56,129152276727.16647,99.99993932788158,C
VALENTINO ENTERPRISE PTE LTD,815.63,1,1,87.69,5.0,73.94,129152277542.79648,99.99993995940704,C
VT GLOBAL MARINE ENGINEERING PTE. LTD.,814.76,1,1,100.0,4.5,98.08,129152278357.55647,99.99994059025887,C
FRANK ANTHONY WOLAK,800.0,2,1,82.03,3.45,76.58,129152279157.55647,99.99994120968235,C
SERENDIPET PRIVATE LIMITED,795.0,1,1,90.92,3.74,78.15,129152279952.55647,99.99994182523442,C
LEAD INTERIORS PTE. LTD.,792.0,1,1,90.36,4.75,80.24,129152280744.55647,99.99994243846365,C
NOVOTEL SINGAPORE ON STEVENS,775.5,4,2,85.92,4.52,76.93,129152281520.05647,99.99994303891728,C
GRAND MERCURE ROXY HOTEL,753.0,4,2,83.56,3.92,67.33,129152282273.05647,99.99994362194961,C
YORK HOTEL (PTE) LTD,751.5,3,2,84.43,5.0,68.71,129152283024.55647,99.99994420382055,C
MILLENNIUM LAW LLC,750.0,1,1,78.25,3.88,79.4,129152283774.55647,99.99994478453004,C
MELCHERS AVIATION TECHNICAL SERVICES PTE. LTD.,750.0,1,1,87.5,3.58,84.85,129152284524.55647,99.99994536523955,C
PARK AVENUE ROCHESTER,742.5,4,2,95.51,4.95,53.75,129152285267.05647,99.99994594014196,C
RUIXIN EDUTECH PTE. LTD.,740.0,1,1,98.2,3.59,83.75,129152286007.05647,99.99994651310867,C
BUDGET TOUR PLANNERS PTE. LTD.,729.0,1,1,82.7,3.37,68.31,129152286736.05647,99.9999470775583,C
TENNIS ALLEGIANCE GROUP INTERNATIONAL LLP,720.0,1,1,75.31,4.64,78.6,129152287456.05647,99.99994763503943,C
ZOHRA WAHAB TRADING COMPANY PTE LTD,718.5,1,1,90.76,4.89,72.5,129152288174.55647,99.99994819135914,C
WONG KAI SIN,700.0,1,1,90.96,4.19,82.28,129152288874.55647,99.99994873335467,C
ASHER ASSOCIATES PTE. LTD.,700.0,1,1,88.85,3.67,73.21,129152289574.55647,99.9999492753502,C
JUST LAW LLC,690.0,1,1,89.94,5.0,63.87,129152290264.55647,99.99994980960295,C
KIM TRAVEL SERVICE PTE LTD,680.0,1,1,86.06,3.75,67.81,129152290944.55647,99.9999503361129,C
GREAT CONNECTION SYSTEM PTE. LTD.,665.0,1,1,93.54,4.48,89.04,129152291609.55647,99.99995085100866,C
WEILBACH SINGAPORE PTE. LTD.,641.23,1,1,82.87,3.98,73.75,129152292250.78647,99.99995134749979,C
EDF HQ SINGAPORE PTE. LTD.,640.0,1,1,92.28,3.43,81.43,129152292890.78647,99.99995184303857,C
PARK AVENUE CHANGI,631.5,4,1,99.58,3.15,86.64,129152293522.28647,99.99995233199598,C
DESHENG ENGINEERING PTE. LTD.,630.0,1,1,94.81,4.74,97.98,129152294152.28647,99.99995281979196,C
MERCURE SINGAPORE ON STEVENS,621.5,4,2,93.48,3.2,82.81,129152294773.78647,99.99995330100656,C
"FRASER PLACE ROBERTSON WALK, SINGAPORE",620.0,1,1,85.72,5.0,62.78,129152295393.78647,99.99995378105976,C
SINGAPORE CEMENT MANUFACTURING COMPANY (PRIVATE) LIMITED,616.5,8,1,83.14,3.63,78.36,129152296010.28647,99.99995425840297,C
P2D SOLUTIONS PTE. LTD.,600.0,1,1,66.09,4.96,88.48,129152296610.28647,99.99995472297057,C
TEMPSERV PTE.LTD.,592.4,1,1,93.36,4.79,78.62,129152297202.68646,99.99995518165365,C
HKS SURVEYORS PTE LTD,589.0,1,1,91.6,4.38,79.32,129152297791.68646,99.99995563770418,C
OCEAN NEWLINE INDUSTRIES PTE LTD,585.0,1,1,86.36,3.58,49.54,129152298376.68646,99.99995609065758,C
GUSTOS PTE. LTD.,579.0,1,1,84.71,4.59,84.03,129152298955.68646,99.99995653896534,C
HOTEL GRAND CENTRAL LIMITED,569.6,2,2,92.56,4.05,92.41,129152299525.28647,99.99995697999483,C
THYE HUA KWAN NURSING HOME LIMITED,569.0,2,1,92.26,2.9,80.55,129152300094.28647,99.99995742055978,C
NTUC HEALTH CO-OPERATIVE LTD,569.0,8,1,81.59,3.49,82.4,129152300663.28647,99.99995786112473,C
OXFORD HOTEL PTE LTD,567.96,4,2,93.11,4.38,71.9,129152301231.24648,99.99995830088443,C
YOTEL SINGAPORE ORCHARD ROAD,566.5,3,2,76.46,3.59,82.11,129152301797.74648,99.99995873951367,C
ON & ON HOLDINGS PTE. LTD.,563.5,1,1,79.71,4.09,86.65,129152302361.24648,99.99995917582008,C
GRAND COPTHORNE WATERFRONT HOTEL SINGAPORE,561.0,3,2,100.0,4.77,66.07,129152302922.24648,99.99995961019079,C
Hotel Royal@Queens (Singapore) Pte Ltd,561.0,2,2,87.51,4.69,98.08,129152303483.24648,99.9999600445615,C
SBF ENTREPRENEURSHIP DEVELOPMENT CENTRE PTE. LTD.,560.5,1,1,98.57,4.19,86.49,129152304043.74648,99.99996047854506,C
ASCOTT INTERNATIONAL MANAGEMENT PTE LTD,560.0,2,2,87.81,4.64,78.28,129152304603.74648,99.99996091214149,C
"FRASER SUITES RIVER VALLEY, SINGAPORE",560.0,1,1,85.95,3.91,74.51,129152305163.74648,99.99996134573792,C
DUPREX SINGAPORE PTE LTD,552.0,1,1,89.52,3.88,89.87,129152305715.74648,99.99996177314011,C
MPH LIBRARY SERVICES (S) PTE LTD,546.0,2,1,82.74,3.72,63.05,129152306261.74648,99.99996219589663,C
AH HONG HOLDINGS PTE. LTD.,537.94,1,1,88.78,3.54,74.11,129152306799.68648,99.99996261241246,C
BAY HOTEL & RESORT PTE. LTD.,533.5,3,2,93.67,3.83,86.95,129152307333.18648,99.99996302549049,C
PASSIONATE IMAGES,530.0,1,1,93.73,5.0,78.63,129152307863.18648,99.99996343585855,C
STRAITS INTERACTIVE PTE. LTD.,530.0,1,1,92.74,5.0,91.37,129152308393.18648,99.99996384622659,C
STEMCELL SINGAPORE PTE. LTD.,529.0,1,1,80.41,4.66,68.97,129152308922.18648,99.99996425582036,C
FITNESS AND HEALTH INTERNATIONAL PRIVATE LIMITED,525.0,2,2,87.69,4.38,66.65,129152309447.18648,99.99996466231701,C
CREATE LAB PTE. LTD.,517.0,1,1,85.45,4.76,79.45,129152309964.18648,99.99996506261944,C
MERCURE SINGAPORE BUGIS,513.0,3,2,88.61,4.7,61.98,129152310477.18648,99.99996545982472,C
YORK HOTEL (PRIVATE) LIMITED,509.3,3,2,96.08,4.85,79.12,129152310986.48648,99.9999658541652,C
AMARA SANCTUARY RESORT SENTOSA,506.0,2,1,83.76,5.0,77.18,129152311492.48648,99.99996624595055,C
PARK REGIS SINGAPORE,506.0,3,1,81.55,4.26,75.69,129152311998.48648,99.9999666377359,C
AWECREATION PTE. LTD.,502.0,1,1,87.72,4.96,72.0,129152312500.48648,99.99996702642412,C
MARGARET LAW CORPORATION,501.0,2,2,100.0,2.92,80.71,129152313001.48648,99.99996741433806,C
SHENG SIONG SUPERMARKET PTE LTD,475.3,1,1,85.48,4.97,100.0,129152313476.78648,99.99996778235304,C
"CAPRI BY FRASER CHANGI CITY, SINGAPORE",441.0,2,1,78.64,4.42,74.11,129152313917.78648,99.99996812381022,C
The Elizabeth,440.0,3,1,100.0,5.0,67.62,129152314357.78648,99.99996846449312,C
"OASIA HOTEL NOVENA, SINGAPORE",434.5,2,2,72.86,4.77,86.43,129152314792.28648,99.9999688009175,C
MATRIX OPTICS (M) SDN. BHD.,432.5,3,1,81.05,4.6,68.75,129152315224.78648,99.99996913579332,C
JACKS BS SINGAPORE PTE. LTD.,432.0,1,1,79.14,4.02,100.0,129152315656.78648,99.999969470282,C
HOTEL ROYAL LIMITED,429.91,3,2,100.0,4.04,91.63,129152316086.69649,99.99996980315242,C
CREST TRAVEL & TOURS PTE LTD,428.0,1,1,92.07,3.7,81.69,129152316514.69649,99.99997013454399,C
NEPTUNE WORK WEAR PTE.LTD.,423.0,1,1,86.39,3.93,71.25,129152316937.69649,99.99997046206414,C
SOUTHBRIDGE CHAMBERS LLC,420.0,1,1,87.53,4.24,79.89,129152317357.69649,99.99997078726146,C
HCS PRODUCTIVITY & CONSULTANCY PTE. LTD.,420.0,1,1,93.56,2.7,70.95,129152317777.69649,99.99997111245878,C
IMMERSIVELY PTE. LTD.,416.0,1,1,81.41,3.58,70.53,129152318193.69649,99.99997143455899,C
MOUNT FABER LEISURE GROUP PTE. LTD.,413.5,2,2,100.0,4.3,73.41,129152318607.19649,99.99997175472349,C
HOLIDAY INN EXPRESS SINGAPORE ORCHARD ROAD,407.0,2,2,80.28,4.22,82.23,129152319014.19649,99.99997206985519,C
TVC PTE. LTD.,403.0,1,1,86.3,3.38,80.83,129152319417.19649,99.99997238188976,C
TRANSCENDENT BUSINESS SERVICES PTE. LTD.,390.52,1,1,83.56,3.23,94.18,129152319807.71649,99.99997268426132,C
LAGUNA HOTEL HOLDINGS PTE. LTD.,390.5,2,1,84.79,4.73,79.1,129152320198.21649,99.99997298661741,C
Novotel Singapore Clarke Quay,390.5,2,1,80.73,3.9,61.0,129152320588.71649,99.9999732889735,C
ENVIROTEC CONTROLS (ASIA PACIFIC) PTE. LTD.,381.0,1,1,83.98,3.77,79.87,129152320969.71649,99.99997358397393,C
PING HEALTHCARE PTE. LTD.,380.0,1,1,88.23,4.29,88.4,129152321349.71649,99.99997387820007,C
THE OUTPOST HOTEL SENTOSA,379.5,2,1,89.88,4.02,73.59,129152321729.21649,99.99997417203907,C
GRAND CENTRAL DEVELOPMENT (1978) PTE. LTD.,369.6,1,1,81.73,4.4,89.95,129152322098.8165,99.99997445821272,C
TAMERTON PTE. LTD.,368.5,2,2,88.35,4.3,86.67,129152322467.3165,99.99997474353466,C
ROYAL GROUP HOLDINGS PTE. LTD.,363.0,2,1,100.0,3.24,69.6,129152322830.3165,99.99997502459806,C
CAPITOL HOTEL MANAGEMENT PTE. LTD.,352.0,1,1,86.2,3.8,92.53,129152323182.3165,99.99997529714439,C
MERCHANT COURT PTE. LTD.,346.5,2,1,82.77,2.89,70.38,129152323528.8165,99.99997556543218,C
AURORATHERAPY,345.0,2,1,82.18,3.87,85.21,129152323873.8165,99.99997583255855,C
JUNE CHEW CHAI HOON,345.0,2,1,90.85,4.27,89.4,129152324218.8165,99.99997609968493,C
HOTEL RE! PTE. LTD.,343.0,4,1,89.01,3.46,77.88,129152324561.8165,99.99997636526274,C
NOVOTEL SINGAPORE CLARKE QUAY,341.0,2,1,82.75,5.0,78.99,129152324902.8165,99.999976629292,C
ASCOTT SINGAPORE RAFFLES PLACE PTE. LTD,341.0,1,1,86.85,4.3,71.57,129152325243.8165,99.99997689332125,C
GM APPAREL PTE. LTD.,339.9,1,1,88.62,3.72,83.83,129152325583.71649,99.99997715649879,C
Royal Catering Services Pte Ltd,337.5,1,1,90.64,4.43,65.66,129152325921.21649,99.99997741781806,C
KECK SENG HOTEL PTE LTD,331.5,2,1,82.36,3.64,64.46,129152326252.71649,99.99997767449167,C
I HOTEL PTE. LTD.,324.5,1,1,98.24,2.78,73.67,129152326577.21649,99.99997792574531,C
VILLAGE HOTEL SENTOSA,324.5,2,1,81.73,3.41,70.08,129152326901.71649,99.99997817699897,C
IBIS SINGAPORE ON BENCOOLEN,308.0,2,2,90.65,2.88,67.1,129152327209.71649,99.99997841547699,C
Pustaka Nasional Pte Ltd,305.0,1,1,100.0,3.86,77.49,129152327514.71649,99.99997865163219,C
PROJECT DIGNITY PTE. LTD.,304.0,1,1,77.43,4.22,78.17,129152327818.71649,99.99997888701311,C
CANOPUS II PTE. LTD.,302.5,2,2,88.02,4.46,75.71,129152328121.21649,99.99997912123261,C
UOL SOMERSET INVESTMENTS PTE. LTD.,300.0,1,1,97.32,4.74,92.8,129152328421.21649,99.99997935351641,C
Wee Swee Teow & Co,300.0,1,1,82.91,3.31,72.32,129152328721.21649,99.99997958580022,C
PLAY NOW STUDIOS PTE. LTD.,300.0,1,1,86.09,4.25,80.47,129152329021.21649,99.99997981808401,C
PAN PACIFIC SERVICED SUITES BEACH ROAD,300.0,1,1,95.62,4.18,100.0,129152329321.21649,99.99998005036781,C
PK WONG & ASSOCIATES LLC,300.0,1,1,85.72,3.84,73.88,129152329621.21649,99.9999802826516,C
TEEHAUSE PTE. LTD.,298.1,1,1,65.81,4.19,78.73,129152329919.3165,99.9999805134643,C
ASCOTT ORCHARD MANAGEMENT (S) PTE. LTD.,297.0,1,1,89.58,3.7,87.79,129152330216.3165,99.99998074342525,C
I HOTEL PTE. LTD / THE WAREHOUSE HOTEL,297.0,1,1,91.4,3.45,72.91,129152330513.3165,99.99998097338622,C
BARON ASIA GROUP PTE. LTD.,295.8,1,1,90.74,2.86,84.39,129152330809.1165,99.99998120241804,C
The SAF Warrant Officers and Specialists Club,292.0,3,1,76.45,3.21,78.9,129152331101.1165,99.99998142850761,C
TANG KHIN WAI & CO,288.0,1,1,84.57,3.17,88.89,129152331389.1165,99.99998165150006,C
PHYSIO TECHNICS,280.0,2,1,76.76,3.75,82.14,129152331669.1165,99.99998186829828,C
GOLDCREST INTERNATIONAL SINGAPORE PTE LTD,280.0,1,1,92.41,3.92,74.74,129152331949.1165,99.99998208509649,C
ARCH HERITAGE COLLECTION PTE. LTD.,271.5,1,1,89.88,4.25,80.02,129152332220.6165,99.99998229531334,C
FRASERS HOSPITALITY PTE. LTD.,270.0,1,1,86.07,5.0,77.28,129152332490.6165,99.99998250436876,C
PARKROYAL SERVICED RESIDENCES PTE. LTD.,270.0,1,1,88.06,4.14,85.6,129152332760.6165,99.99998271342417,C
HENG'S FAMILY MINI MART,269.1,1,1,90.39,4.15,78.58,129152333029.7165,99.99998292178275,C
NAUMI HOTELS PTE. LTD.,264.0,1,1,100.0,3.92,83.3,129152333293.7165,99.99998312619249,C
NANYANG CEMENT PTE. LTD.,262.99,3,1,88.4,3.03,56.84,129152333556.70651,99.99998332982022,C
MATERIAL HUB & TRADING (S) PTE. LTD.,261.11,1,1,89.11,4.93,69.99,129152333817.81651,99.9999835319923,C
CRIMSON EARTH PTE. LTD.,261.0,1,1,95.17,4.22,89.26,129152334078.81651,99.99998373407921,C
GOLDEN DEVELOPMENT PRIVATE LIMITED,260.0,1,1,97.6,4.26,100.0,129152334338.81651,99.99998393539184,C
SERENE LAND PTE LTD,260.0,1,1,87.69,3.94,88.89,129152334598.81651,99.99998413670447,C
BRIGHTEN UNIFORMS PTE. LTD.,254.4,1,1,81.97,4.19,80.4,129152334853.2165,99.99998433368113,C
ORCHARD PARKSUITES PTE LTD,250.0,1,1,93.83,4.07,87.33,129152335103.2165,99.99998452725096,C
OAKWOOD PREMIER OUE SINGAPORE,250.0,1,1,94.43,3.64,64.65,129152335353.2165,99.99998472082079,C
ELITEZ PTE. LTD.,247.5,1,1,75.82,3.31,62.03,129152335600.7165,99.99998491245493,C
VOLYTY PTE. LTD.,245.0,1,1,99.88,4.38,78.36,129152335845.7165,99.99998510215336,C
OXLEY HILL PROPERTIES PTE LTD,240.0,1,1,76.39,3.99,67.42,129152336085.7165,99.99998528798041,C
TOH GEOK KHENG,240.0,1,1,84.77,4.19,75.13,129152336325.7165,99.99998547380746,C
WONG GEI CHEONG,240.0,1,1,100.0,4.2,56.45,129152336565.7165,99.99998565963449,C
FAR EAST ORGANIZATION CENTRE PTE. LTD.,240.0,1,1,90.49,4.92,76.72,129152336805.7165,99.99998584546152,C
RIVERLAND PTE LTD,240.0,1,1,85.23,5.0,75.11,129152337045.7165,99.99998603128857,C
"CAPRI BY FRASER CHINA SQUARE, SINGAPORE",238.0,1,1,73.58,4.25,77.19,129152337283.7165,99.99998621556705,C
HOI HUP NOVENA PTE. LTD.,231.0,1,1,100.0,3.23,81.55,129152337514.7165,99.99998639442558,C
HOI HUP SUNWAY NOVENA PTE. LTD.,231.0,1,1,93.65,3.52,72.92,129152337745.7165,99.9999865732841,C
AVIER FOOD MANUFACTURING PTE. LTD.,230.4,1,1,76.12,3.77,78.99,129152337976.1165,99.99998675167807,C
OPH RIVERSIDE PTE LTD,230.0,1,1,96.17,3.73,66.2,129152338206.1165,99.99998692976231,C
ENERGY RESOURCING SINGAPORE PTE. LTD.,226.0,5,3,89.66,3.74,80.28,129152338432.1165,99.99998710474944,C
MIRAGE SUPPLIES PTE. LTD.,225.0,1,1,94.62,4.33,64.32,129152338657.1165,99.9999872789623,C
BOO HAN HOLDINGS PTE LTD,220.0,1,1,89.0,5.0,79.31,129152338877.1165,99.99998744930375,C
PARK HOTEL CQ PTE. LTD.,220.0,1,1,86.95,3.87,81.99,129152339097.1165,99.9999876196452,C
PARK REGIS INVESTMENTS PTE. LTD.,220.0,1,1,80.99,4.46,76.27,129152339317.1165,99.99998778998666,C
HOTEL INDIGO SINGAPORE KATONG,214.5,1,1,87.21,3.67,88.61,129152339531.6165,99.99998795606957,C
PURPLE SAGE GROUP PTE. LTD.,205.0,1,1,89.37,4.78,71.1,129152339736.6165,99.99998811479684,C
RB CAPITAL HOTELS PTE. LTD.,205.0,1,1,89.06,4.12,86.19,129152339941.6165,99.9999882735241,C
VALESIDE PTE LTD,203.5,1,1,94.55,3.6,75.6,129152340145.1165,99.99998843108995,C
OPUS SPORTS SINGAPORE,200.0,1,1,93.63,4.92,61.4,129152340345.1165,99.99998858594581,C
BOXGREEN PTE. LTD.,200.0,1,1,100.0,3.74,76.57,129152340545.1165,99.99998874080168,C
RASA RASA GROUP CATERING SERVICES LLP,200.0,1,1,94.97,3.19,80.04,129152340745.1165,99.99998889565755,C
BRK Pte. Ltd.,198.8,1,1,80.08,4.17,85.93,129152340943.9165,99.99998904958429,C
National University of Singapore Society,198.0,2,1,88.91,3.26,71.31,129152341141.9165,99.9999892028916,C
HOTEL ROYAL @ QUEENS (SINGAPORE) PTE. LTD.,198.0,1,1,86.22,4.3,72.62,129152341339.9165,99.99998935619891,C
RELISKY PTE. LTD.,193.5,1,1,85.38,4.04,83.83,129152341533.4165,99.99998950602196,C
SCIENTE INTERNATIONAL PTE. LTD.,185.0,8,4,94.46,4.11,88.69,129152341718.4165,99.99998964926363,C
A CRAFT INITIATIVE,181.0,2,1,81.29,5.0,75.12,129152341899.4165,99.99998978940819,C
"LE MERIDIEN SINGAPORE, SENTOSA",180.0,1,1,83.63,3.55,64.36,129152342079.4165,99.99998992877848,C
CHEN YIN YIN,180.0,1,1,100.0,3.06,75.62,129152342259.4165,99.99999006814876,C
WEBER OH TENNIS SCHOOL,180.0,1,1,100.0,4.0,84.69,129152342439.4165,99.99999020751903,C
SILOSO BEACH RESORT PTE. LTD.,177.65,1,1,84.86,4.18,71.31,129152342617.0665,99.99999034506976,C
Young Women's Christian Association of Singapore,176.0,2,1,87.25,4.38,72.15,129152342793.0665,99.99999048134292,C
HASSELHOFF OP PTE. LTD.,176.0,1,1,94.64,4.16,74.79,129152342969.0665,99.99999061761609,C
NOVEL DEVELOPMENTS PTE. LTD.,176.0,1,1,97.87,3.79,97.9,129152343145.0665,99.99999075388925,C
YTL CEMENT MARKETING SINGAPORE PTE. LTD.,175.2,2,1,90.66,3.6,85.92,129152343320.2665,99.99999088954297,C
30 BENCOOLEN PTE. LTD.,170.5,1,1,88.54,4.57,71.65,129152343490.7665,99.9999910215576,C
ALLIANCE HEALTHCARE GROUP LIMITED,166.0,1,1,88.04,4.08,89.89,129152343656.7665,99.99999115008798,C
REPRODUCER PTE. LTD.,165.35,1,1,68.1,4.02,79.69,129152343822.1165,99.99999127811508,C
INNOTEL MANAGEMENT PTE. LTD.,165.0,1,1,92.72,4.49,85.66,129152343987.1165,99.99999140587117,C
MOHAMMAD ASLAM BIN JAFFAR,160.0,1,1,95.76,4.41,81.86,129152344147.1165,99.99999152975586,C
SHAHARASSALAM BIN ABDUL RAZAK,160.0,1,1,100.0,5.0,71.58,129152344307.1165,99.99999165364055,C
Mohamad Tahar Bin Ahmad,160.0,1,1,79.03,4.33,70.92,129152344467.1165,99.99999177752524,C
HOTEL CHANCELLOR @ ORCHARD PTE. LTD.,159.5,1,1,91.93,4.03,75.35,129152344626.6165,99.9999919010228,C
EXPRESS TRANSLATION PTE. LTD.,158.0,1,1,93.21,4.07,80.86,129152344784.6165,99.99999202335894,C
HOLIDAY INN EXPRESS SINGAPORE KATONG,154.0,1,1,97.84,3.27,75.22,129152344938.6165,99.99999214259795,C
BENCOOL LA PTE. LTD.,154.0,1,1,89.58,4.08,81.57,129152345092.6165,99.99999226183697,C
LINK HOTELS INTERNATIONAL PTE. LTD.,154.0,1,1,90.75,3.83,67.54,129152345246.6165,99.99999238107598,C
DESTINATION SINGAPORE BEACH ROAD,154.0,1,1,83.06,4.12,72.08,129152345400.6165,99.999992500315,C
THE ELIZABETH,154.0,1,1,79.31,3.62,84.06,129152345554.6165,99.99999261955402,C
Mah Teng Hoong,150.0,1,1,71.4,4.95,87.21,129152345704.6165,99.99999273569593,C
SOCIAL LAB LTD.,150.0,1,1,96.55,4.02,61.67,129152345854.6165,99.99999285183783,C
NOVUM ORGANUM BOOK HOUSE,150.0,1,1,75.92,5.0,71.43,129152346004.6165,99.99999296797974,C
Leong Sok Fong,150.0,1,1,94.7,4.78,72.93,129152346154.6165,99.99999308412163,C
CHANGI COVE PTE. LTD.,148.5,1,1,95.46,4.36,89.27,129152346303.1165,99.99999319910211,C
WTS TRAVEL & TOURS PTE LTD,140.0,1,1,81.05,5.0,80.45,129152346443.1165,99.99999330750123,C
SQUARE INNOVATIONS PTE. LTD.,138.8,1,1,78.98,3.66,84.04,129152346581.9165,99.99999341497119,C
LVND HOTELS PTE. LTD.,132.0,1,1,88.45,5.0,78.9,129152346713.9165,99.99999351717607,C
EASTERN GARDEN DEVELOPMENT PTE LTD,132.0,1,1,93.44,3.19,67.26,129152346845.9165,99.99999361938093,C
LI-JIA PROPERTY PTE LTD,132.0,1,1,99.97,3.88,75.88,129152346977.9165,99.99999372158581,C
YU DA ASIA INVESTMENT PTE. LTD.,132.0,1,1,93.17,4.59,83.45,129152347109.9165,99.99999382379067,C
ROBERT WALTERS (SINGAPORE) PTE LTD,131.0,2,2,93.73,3.9,82.02,129152347240.9165,99.99999392522128,C
WYSER CREATION MEDIA RESOURCES PTE LTD,130.0,1,1,80.75,3.6,95.64,129152347370.9165,99.9999940258776,C
NISSI TOURS AND TRAVELS PTE. LTD.,130.0,1,1,93.59,2.84,88.25,129152347500.9165,99.9999941265339,C
A VERY NORMAL COMPANY PTE. LTD.,126.0,3,3,79.15,4.08,72.31,129152347626.9165,99.9999942240931,C
HANIS CAFE & BAKERY PTE. LTD.,125.0,1,1,95.14,3.77,77.35,129152347751.9165,99.99999432087802,C
BODY TALK WORLD MARKETING,123.5,1,1,95.71,4.14,86.85,129152347875.4165,99.99999441650151,C
SEMBCORP SOLAR SINGAPORE PTE. LTD.,121.53,3,2,85.92,4.63,76.3,129152347996.9465,99.99999451059969,C
HRM3 ASIA PTE LTD,121.0,2,2,96.51,5.0,87.23,129152348117.9465,99.99999460428748,C
WOOTANA ENGINEERING PTE. LTD.,116.54,2,1,93.0,4.12,74.9,129152348234.4865,99.99999469452199,C
Singapore Polytechnic Graduates' Guild,110.0,1,1,63.64,4.34,78.72,129152348344.4865,99.99999477969273,C
EQUALITY MARINE SERVICES PTE. LTD.,110.0,1,1,94.95,3.32,79.08,129152348454.4865,99.99999486486345,C
EPS CONSULTANTS PTE LTD,107.0,10,6,88.61,4.06,75.49,129152348561.4865,99.99999494771133,C
BOOKAZINE CO. INC.,106.83,1,1,86.62,4.34,62.32,129152348668.3165,99.9999950304276,C
RAFFLES TOWN CLUB PTE LTD,106.54,1,1,83.62,3.81,78.06,129152348774.85649,99.99999511291932,C
THE BARRACKS HOTEL SENTOSA,104.5,1,1,78.77,3.8,65.22,129152348879.35649,99.99999519383151,C
CORPORATE VISIONS PTE. LTD.,104.0,4,4,86.59,2.98,100.0,129152348983.35649,99.99999527435655,C
MANNA POT CATERING PTE. LTD.,101.5,1,1,86.97,3.74,74.9,129152349084.85649,99.99999535294592,C
E M LEARNING PRIVATE LIMITED,101.0,2,2,88.11,3.67,81.33,129152349185.85649,99.99999543114812,C
WANG MEIJIE,100.0,1,1,94.69,4.35,81.13,129152349285.85649,99.99999550857606,C
1-GARAGE PTE. LTD.,100.0,1,1,86.13,4.86,85.94,129152349385.85649,99.99999558600399,C
1-GARDEN PTE. LTD.,100.0,1,1,86.13,3.42,80.14,129152349485.85649,99.99999566343193,C
1-SOLEIL PTE. LTD.,100.0,1,1,84.29,4.79,76.72,129152349585.85649,99.99999574085986,C
SINGAPORE ZOOLOGICAL GARDENS,100.0,1,1,91.54,4.45,66.7,129152349685.85649,99.99999581828779,C
1-MANSION PTE. LTD.,100.0,1,1,94.14,3.73,81.03,129152349785.85649,99.99999589571573,C
ADVANCE SCREEN PTE LTD,95.8,1,1,92.04,4.38,80.64,129152349881.6565,99.99999596989169,C
PRO*3 INSTITUTIONAL CATERING PTE. LTD.,94.0,1,1,81.11,4.89,100.0,129152349975.6565,99.99999604267394,C
CAR CLUB PTE. LTD.,90.38,1,1,83.39,3.88,62.28,129152350066.0365,99.9999961126533,C
Mohamad Saleh Bin Augustar,90.0,1,1,95.11,4.27,77.26,129152350156.0365,99.99999618233846,C
OH LAY SZE JOSEPHINE,90.0,1,1,95.41,4.05,84.95,129152350246.0365,99.99999625202359,C
DINO MANIAM,90.0,1,1,86.7,3.86,78.13,129152350336.0365,99.99999632170874,C
CASUARINA CURRY BANANA LEAF PTE. LTD.,89.0,1,1,90.39,4.37,77.82,129152350425.0365,99.9999963906196,C
COMBUILDER PTE LTD,88.24,1,1,90.27,4.25,71.2,129152350513.2765,99.99999645894201,C
UNITED CEMENT PTE LTD,83.89,1,1,75.58,4.15,69.75,129152350597.1665,99.9999965238963,C
CROWN TRAVEL & TOURS (ASIA) PTE. LTD.,82.0,1,1,82.8,3.81,82.35,129152350679.1665,99.9999965873872,C
SENTOSA DEVELOPMENT CORPORATION,80.0,1,1,95.7,4.47,98.13,129152350759.1665,99.99999664932956,C
ORIENTAL TRAVEL AND TOURS LLP,80.0,1,1,82.03,4.8,93.52,129152350839.1665,99.9999967112719,C
ASIA ABILITY TRAINING PTE LTD,80.0,1,1,66.79,4.35,87.08,129152350919.1665,99.99999677321425,C
SINGAPORE TEST SERVICES PRIVATE LIMITED,80.0,1,1,86.62,3.17,68.3,129152350999.1665,99.99999683515661,C
"TEMASEK CLUB, THE",77.0,1,1,84.28,3.94,82.82,129152351076.1665,99.99999689477612,C
AXXEL MARKETING PTE LTD,73.94,2,2,83.56,4.27,82.89,129152351150.1065,99.99999695202632,C
PEOPLESEARCH PTE. LTD.,68.0,2,2,79.71,4.27,83.82,129152351218.1065,99.99999700467733,C
Alpha Media Pte Ltd,68.0,1,1,96.53,3.55,78.5,129152351286.1065,99.99999705732832,C
GEOFFREY ALLEN KAPLAN,66.0,1,1,88.73,4.35,69.4,129152351352.1065,99.99999710843075,C
NTUC CLUB,63.0,1,1,81.83,4.7,80.95,129152351415.1065,99.99999715721034,C
BBR CONSTRUCTION SYSTEMS PTE LTD,61.5,1,1,100.0,3.91,87.1,129152351476.6065,99.99999720482853,C
HAYS SPECIALIST RECRUITMENT PTE. LTD.,61.0,3,2,74.75,2.73,67.79,129152351537.6065,99.99999725205957,C
MICHAEL PAGE INTERNATIONAL PTE LTD,60.0,1,1,98.88,4.42,71.52,129152351597.6065,99.99999729851633,C
KYO EI DENKO PTE. LTD.,60.0,2,2,83.21,4.49,79.7,129152351657.6065,99.9999973449731,C
KG FOOD PTE LTD,58.6,1,1,76.0,3.23,76.99,129152351716.20651,99.99999739034587,C
Eazi Printing Pte Ltd,57.76,1,1,100.0,4.05,58.89,129152351773.9665,99.99999743506824,C
CRG CONTRACTORS PTE LTD,57.0,1,1,84.14,4.05,65.41,129152351830.9665,99.99999747920215,C
HEALTH CAN BE FUN,56.0,6,1,98.0,4.12,85.98,129152351886.9665,99.9999975225618,C
MY UNIFORM SHOP (ASIA) PTE. LTD.,54.1,1,1,91.07,4.14,87.56,129152351941.06651,99.99999756445031,C
JONDAVIDSON PTE. LTD.,54.0,2,2,91.43,3.41,61.77,129152351995.06651,99.9999976062614,C
CAFE-BAR SERVICES,51.46,1,1,88.08,2.69,91.57,129152352046.52652,99.99999764610583,C
TIRIBELLO FABRIZIO,50.0,1,1,81.91,4.25,75.9,129152352096.52652,99.99999768481979,C
Martine S J Janssens,50.0,1,1,84.61,3.69,93.55,129152352146.52652,99.99999772353375,C
PHAN THANH TUYEN CINDY,50.0,1,1,80.06,5.0,52.81,129152352196.52652,99.99999776224772,C
Sentosa Golf Club,50.0,1,1,87.46,4.01,71.36,129152352246.52652,99.99999780096168,C
FISH2GO PTE. LTD.,50.0,1,1,75.72,3.62,81.13,129152352296.52652,99.99999783967566,C
Kazuko Kobayashi,50.0,1,1,89.49,3.45,67.36,129152352346.52652,99.99999787838962,C
TRIBE PTE. LTD.,50.0,1,1,87.5,4.48,49.8,129152352396.52652,99.99999791710358,C
FOC SENTOSA PTE. LTD.,50.0,1,1,93.0,4.93,87.63,129152352446.52652,99.99999795581755,C
OH YOUNG JU,50.0,1,1,86.58,5.0,64.66,129152352496.52652,99.99999799453153,C
Tan Khey Cheow,50.0,1,1,92.81,3.06,79.14,129152352546.52652,99.99999803324549,C
ACHIEVE CAREER CONSULTANT PTE LTD,50.0,3,2,90.73,2.89,62.31,129152352596.52652,99.99999807195945,C
HR MILLENNIUM PTE. LTD.,50.0,1,1,73.79,3.28,83.68,129152352646.52652,99.99999811067342,C
HO THI MINH THU,50.0,1,1,96.83,4.93,90.46,129152352696.52652,99.9999981493874,C
WOOPA TRAVELS PTE. LTD.,50.0,1,1,97.32,3.14,80.43,129152352746.52652,99.99999818810136,C
COOKYN INC @ TFE PTE. LTD.,50.0,1,1,92.09,3.36,70.54,129152352796.52652,99.99999822681532,C
1-PRODUCTION PTE. LTD.,50.0,1,1,92.34,3.64,83.84,129152352846.52652,99.99999826552929,C
Elena Constante / Kachurina,50.0,1,1,84.34,3.1,82.0,129152352896.52652,99.99999830424325,C
TAY SIEW CHOO,50.0,1,1,88.73,4.18,63.98,129152352946.52652,99.99999834295721,C
Jobline Resources Pte Ltd,49.0,2,2,81.09,4.01,70.67,129152352995.52652,99.99999838089691,C
KEPPEL ELECTRIC PTE LTD,46.24,3,1,88.64,3.54,59.86,129152353041.76653,99.99999841669958,C
CIVIL SERVICE CLUB,45.0,1,1,88.91,4.42,58.61,129152353086.76653,99.99999845154215,C
DAS REISEHAUS ZULAUF GMBH,43.99,1,1,76.96,3.69,75.4,129152353130.75653,99.99999848560272,C
DCG CAPITAL PRIVATE LIMITED,41.29,1,1,75.14,4.74,81.92,129152353172.04652,99.99999851757269,C
PHUA AI LIAN,40.0,1,1,92.13,4.18,64.78,129152353212.04652,99.99999854854387,C
Seah Kim Ping,40.0,1,1,81.33,4.19,67.02,129152353252.04652,99.99999857951505,C
STEVEN TAN RUSSELL BEDFORD PAC,40.0,1,1,81.28,4.75,71.24,129152353292.04652,99.99999861048622,C
Tsai Sou Chiao,40.0,1,1,97.06,3.97,80.84,129152353332.04652,99.9999986414574,C
AW HUN BENG,40.0,1,1,84.64,4.33,73.13,129152353372.04652,99.99999867242857,C
Shanti Bhattacharya Mrs Tauvy Jean Louis,40.0,1,1,100.0,4.22,77.49,129152353412.04652,99.99999870339974,C
Suhail Jindran,40.0,1,1,88.14,5.0,82.83,129152353452.04652,99.99999873437092,C
Wu Jin Ping,40.0,1,1,99.2,3.87,65.79,129152353492.04652,99.99999876534208,C
Lim Kian Eng,40.0,1,1,65.34,3.99,72.24,129152353532.04652,99.99999879631326,C
WEE TOON HEE,40.0,1,1,99.63,3.4,91.65,129152353572.04652,99.99999882728444,C
Naseem Huseni Tayabali,40.0,1,1,87.63,4.46,67.7,129152353612.04652,99.99999885825561,C
WEE TOON TENG,40.0,1,1,84.16,4.96,94.84,129152353652.04652,99.99999888922679,C
REGION PROPERTY CONSULTANCY & MANAGEMENT SERVICES PTE. LTD.,39.25,2,2,74.87,4.3,91.72,129152353691.29652,99.99999891961725,C
NOBILITY PLACEMENT SERVICES PTE. LTD.,37.0,1,1,96.22,4.16,80.78,129152353728.29652,99.99999894826558,C
POPULAR BOOK COMPANY (PTE.) LIMITED,35.0,1,1,76.05,3.59,82.11,129152353763.29652,99.99999897536536,C
LONPAC INSURANCE BHD,34.0,1,1,94.47,4.55,74.12,129152353797.29652,99.99999900169085,C
ANCHOR SEARCH GROUP PTE. LTD.,33.0,1,1,95.05,3.25,85.07,129152353830.29652,99.99999902724208,C
TECH-LINK STORAGE ENGINEERING PTE LTD,33.0,1,1,85.55,3.87,84.3,129152353863.29652,99.9999990527933,C
LET'S GO TOUR SINGAPORE PTE. LTD.,30.0,1,1,73.75,4.38,85.51,129152353893.29652,99.99999907602167,C
MASTERCONSULT SERVICES PTE. LTD.,28.0,1,1,77.08,3.97,89.54,129152353921.29652,99.9999990977015,C
I SWITCH PTE. LTD.,27.8,1,1,70.27,3.94,83.67,129152353949.09653,99.99999911922647,C
THE CHANGI MUSEUM PTE LTD,27.0,1,1,95.78,5.0,67.83,129152353976.09653,99.999999140132,C
AMICI EVENTS & CATERING PTE. LTD.,26.0,1,1,83.39,4.71,91.13,129152354002.09653,99.99999916026326,C
CURRY POT CATERING PTE. LTD.,26.0,1,1,99.14,3.51,93.69,129152354028.09653,99.99999918039452,C
TENARCHITECTS,24.380000000000003,3,3,95.88,3.81,79.3,129152354052.47653,99.99999919927146,C
TEAM DESIGN ARCHITECTS PTE LTD,24.35,3,1,87.74,5.0,76.54,129152354076.82654,99.99999921812517,C
CREDIT BUREAU (SINGAPORE) PTE LTD,22.18,1,1,82.33,4.25,68.65,129152354099.00653,99.99999923529869,C
SINGAPORE DISCOVERY CENTRE LTD,22.0,1,1,100.0,4.01,100.0,129152354121.00653,99.99999925233283,C
DELI HUB CATERING PTE LTD,22.0,1,1,96.48,4.61,83.75,129152354143.00653,99.99999926936697,C
HONG HILL PTE. LTD.,19.28,1,1,99.61,4.11,90.6,129152354162.28653,99.99999928429509,C
PAN-UNITED CONCRETE PTE LTD,19.18,1,1,82.08,4.38,70.29,129152354181.46652,99.99999929914574,C
CTVISION SYSTEM (S) PTE LTD,18.8,1,1,81.07,4.34,86.8,129152354200.26653,99.9999993137022,C
EXECSEARCH,18.0,1,1,96.17,2.07,85.63,129152354218.26653,99.99999932763923,C
E K S ENGINEERING AND CONSTRUCTION SERVICES PTE LTD,17.6,1,1,93.85,3.62,93.7,129152354235.86653,99.99999934126656,C
LE TONG RESOURCES PTE. LTD.,17.28,1,1,93.17,3.89,83.95,129152354253.14653,99.99999935464609,C
BLISS GROUP PRIVATE LIMITED,16.5,1,1,96.87,4.35,72.75,129152354269.64653,99.99999936742171,C
HK MANAGEMENT SERVICES LLP,15.77,2,2,100.0,4.69,55.8,129152354285.41653,99.9999993796321,C
CHOW WAN EE,14.45,3,1,77.97,4.13,77.18,129152354299.86653,99.99999939082042,C
RECRUIT INC PRIVATE LIMITED,13.0,2,2,79.39,4.39,78.86,129152354312.86653,99.99999940088607,C
ATLAS VENDING SOLUTIONS PTE. LTD.,12.95,2,2,89.49,3.86,87.01,129152354325.81653,99.99999941091298,C
NTUC FOODFARE CO-OPERATIVE LIMITED,12.0,1,1,84.02,4.54,68.87,129152354337.81653,99.99999942020433,C
CASY CONSULTANCY SERVICES,12.0,3,3,100.0,5.0,71.33,129152354349.81653,99.99999942949567,C
PIZZA HUT SINGAPORE PTE LTD,10.5,1,1,90.38,3.84,88.8,129152354360.31653,99.99999943762562,C
SCDA Architects Pte Ltd,10.32,1,1,85.94,4.56,66.23,129152354370.63654,99.99999944561618,C
FRANK TAN RESEARCH ASSOCIATES,8.86,2,1,86.59,4.33,86.93,129152354379.49654,99.9999994524763,C
LIM WOAN FEI,8.48,3,1,78.45,4.83,63.53,129152354387.97653,99.99999945904219,C
RGF TALENT SOLUTIONS SINGAPORE PTE. LTD.,8.0,3,3,77.24,3.78,73.62,129152354395.97653,99.99999946523643,C
EMF ENGINEERING AND ENTERPRISES (PTE) LTD,8.0,1,1,90.75,4.66,70.8,129152354403.97653,99.99999947143066,C
E-STRUCT CONSULTING PTE. LTD.,8.0,1,1,88.83,4.69,73.91,129152354411.97653,99.9999994776249,C
GENOME ARCHITECTS PTE. LTD.,7.88,1,1,88.78,4.85,86.98,129152354419.85654,99.99999948372621,C
GUAN CHUN DING PTE. LTD.,7.2,1,1,100.0,4.98,85.7,129152354427.05653,99.99999948930102,C
RED DOT POWER PTE. LTD.,7.07,1,1,76.55,4.76,69.18,129152354434.12654,99.99999949477518,C
ST LUKE'S ELDERCARE LTD.,7.0,7,1,84.92,4.8,100.0,129152354441.12654,99.99999950019513,C
THE HONGKONG AND SHANGHAI BANKING CORPORATION LIMITED,6.6,2,2,94.54,4.4,67.73,129152354447.72655,99.99999950530538,C
ACTC TRANSLATION CENTRE PTE. LTD.,6.51,2,1,94.85,3.71,87.02,129152354454.23654,99.99999951034594,C
LOOK ARCHITECTS PTE. LTD.,6.5,3,2,83.32,3.31,81.69,129152354460.73654,99.99999951537876,C
CISEERN BY DESIGNER FURNISHINGS PTE. LTD.,6.01,2,1,81.61,4.19,65.17,129152354466.74654,99.99999952003216,C
Eitan Pte Ltd,6.0,1,1,87.49,3.94,71.54,129152354472.74654,99.99999952467785,C
ROBOTO LLP,6.0,4,1,87.94,3.65,84.97,129152354478.74654,99.99999952932353,C
MACDONALD AND COMPANY PTE. LTD.,6.0,6,4,81.15,4.19,89.07,129152354484.74654,99.9999995339692,C
ABERDEEN ASSET MANAGEMENT ASIA LIMITED,6.0,2,2,81.58,3.72,86.1,129152354490.74654,99.99999953861487,C
SEARCHASIA CONSULTING PTE. LTD.,6.0,6,5,75.36,3.86,60.37,129152354496.74654,99.99999954326056,C
SUNRIO (PTE) LTD,5.65,1,1,71.8,4.57,67.37,129152354502.39653,99.99999954763523,C
2 IC CATERING PRIVATE LIMITED,5.5,1,1,79.9,4.25,80.46,129152354507.89653,99.99999955189377,C
MULTI-ZONES MARKETING PTE LTD,5.42,3,1,83.91,2.87,75.73,129152354513.31653,99.99999955609036,C
COMSYS TECHNOLOGIES PTE. LTD.,5.35,1,1,70.62,4.47,80.29,129152354518.66653,99.99999956023275,C
DESIGN-ENVIRONMENT GROUP ARCHITECTS LLP,5.3,1,1,95.41,4.47,71.44,129152354523.96654,99.99999956433643,C
EDMUND TIE & COMPANY (SEA) PTE. LTD.,5.0,6,5,100.0,3.89,82.26,129152354528.96654,99.99999956820783,C
EASTSPRING INVESTMENTS (SINGAPORE) LIMITED,4.98,5,5,83.97,3.54,92.96,129152354533.94653,99.99999957206373,C
INDECO CONSORTIUM PTE LTD,4.84,1,1,81.33,3.34,68.53,129152354538.78653,99.99999957581124,C
THE FAT FARMER,4.5,2,1,83.5,4.96,80.32,129152354543.28653,99.9999995792955,C
JGP Architecture (S) Pte Ltd,4.4,2,2,91.04,3.77,69.04,129152354547.68652,99.99999958270233,C
WHIZWORDZ INTERNATIONAL PTE. LTD.,4.36,3,1,88.45,3.14,88.7,129152354552.04652,99.99999958607819,C
DONNELLEY FINANCIAL SOLUTIONS SINGAPORE PTE. LTD.,4.16,1,1,74.85,3.12,80.94,129152354556.20653,99.9999995892992,C
PROPNEX REALTY PTE. LTD.,4.07,3,2,82.27,3.51,84.78,129152354560.27654,99.99999959245052,C
CLIFFORD CHANCE PTE. LTD.,4.0,1,1,79.5,4.17,80.97,129152354564.27654,99.99999959554764,C
NTUC LINK PRIVATE LIMITED,4.0,1,1,79.57,4.19,82.15,129152354568.27654,99.99999959864475,C
DREAM CATCHER TECHNOLOGIES PTE. LTD.,4.0,1,1,95.9,4.27,77.42,129152354572.27654,99.99999960174188,C
NULLSPACE ROBOTICS PTE. LTD.,4.0,2,1,70.39,4.24,81.4,129152354576.27654,99.99999960483899,C
BNP PARIBAS SECURITIES SERVICES,3.93,2,2,100.0,4.19,85.54,129152354580.20653,99.99999960788189,C
SEPTUS SINGAPORE PRIVATE LIMITED,3.7,1,1,100.0,3.66,97.1,129152354583.90652,99.99999961074673,C
UNITED OVERSEAS BANK LIMITED,3.18,3,2,94.31,3.8,64.13,129152354587.08652,99.99999961320893,C
LINGUA TECHNOLOGIES INTERNATIONAL PTE. LTD.,3.05,1,1,86.58,4.31,79.29,129152354590.13652,99.99999961557049,C
SLP INTERNATIONAL PROPERTY CONSULTANTS PTE. LTD.,3.0,3,1,82.93,4.1,90.21,129152354593.13652,99.99999961789332,C
THOUGHTWORKS PTE. LTD.,3.0,3,2,85.68,4.04,74.15,129152354596.13652,99.99999962021616,C
AVANDA INVESTMENT MANAGEMENT PTE. LTD.,3.0,2,2,79.35,3.51,90.07,129152354599.13652,99.99999962253901,C
ERP21 PTE LTD,3.0,1,1,84.9,4.76,85.98,129152354602.13652,99.99999962486183,C
PRODIGIOUS SINGAPORE,3.0,1,1,88.82,3.41,87.95,129152354605.13652,99.99999962718468,C
GRABTAXI PTE. LTD.,3.0,1,1,71.6,3.88,88.1,129152354608.13652,99.99999962950751,C
Design Fusion Pte Ltd,3.0,2,2,86.02,4.52,72.14,129152354611.13652,99.99999963183035,C
EASON ENTERPRISES,3.0,3,1,91.23,4.41,97.71,129152354614.13652,99.9999996341532,C
EIGHTITUDE PTE. LTD.,3.0,1,1,75.86,4.27,81.07,129152354617.13652,99.99999963647603,C
AETHA CONSULTING LIMITED,3.0,3,1,86.79,3.07,78.39,129152354620.13652,99.99999963879887,C
NERA AUSTRALIA PTY LTD,3.0,3,1,90.94,3.47,79.71,129152354623.13652,99.9999996411217,C
ACTIVE GLOBAL RESPITE CARE PTE. LTD.,3.0,3,1,78.86,3.74,69.33,129152354626.13652,99.99999964344454,C
CENGAGE LEARNING ASIA PTE. LTD.,3.0,2,2,100.0,4.39,70.17,129152354629.13652,99.99999964576737,C
STALLION PRESS (S) PTE LTD,3.0,1,1,100.0,3.29,80.83,129152354632.13652,99.99999964809022,C
GTAR ENTERPRISE,3.0,3,1,90.01,2.28,80.46,129152354635.13652,99.99999965041305,C
MUSICAL ARTS,3.0,3,1,88.12,4.45,75.24,129152354638.13652,99.9999996527359,C
SYNWIN MUSIC PTE. LTD.,3.0,3,1,82.85,3.37,67.09,129152354641.13652,99.99999965505873,C
DETECON ASIA-PACIFIC LTD.,3.0,3,1,92.93,3.99,74.78,129152354644.13652,99.99999965738157,C
ACE'S OF VASE PTE. LTD.,3.0,3,1,100.0,4.51,81.18,129152354647.13652,99.99999965970441,C
YAMAHA MUSIC (ASIA) PRIVATE LIMITED,3.0,3,1,82.73,4.82,69.05,129152354650.13652,99.99999966202725,C
D'ORITALE ENTERPRISE,3.0,3,1,87.59,5.0,82.23,129152354653.13652,99.99999966435009,C
NULLSPACE,3.0,2,2,85.8,3.91,78.01,129152354656.13652,99.99999966667292,C
"ASSOCIATED ENERGY GROUP, INC.",3.0,1,1,90.46,3.5,88.95,129152354659.13652,99.99999966899577,C
XM ASIA PACIFIC PTE. LTD.,3.0,1,1,93.86,3.0,91.1,129152354662.13652,99.99999967131859,C
MARSH (SINGAPORE) PTE. LTD.,3.0,2,2,62.64,3.65,85.6,129152354665.13652,99.99999967364144,C
ALVIN SPORTS PTE. LTD.,3.0,2,1,90.93,3.46,92.57,129152354668.13652,99.99999967596428,C
KCG CORPORATION LIMITED,3.0,2,1,82.94,4.02,68.61,129152354671.13652,99.99999967828711,C
MANULIFE INVESTMENT MANAGEMENT (SINGAPORE) PTE. LTD.,3.0,1,1,92.74,3.99,75.01,129152354674.13652,99.99999968060995,C
ORANGETEE & TIE PTE. LTD.,2.86,2,1,86.18,4.01,83.85,129152354676.99652,99.9999996828244,C
BIZMEDIA PUBLISHING,2.7,2,1,88.42,3.92,69.25,129152354679.69652,99.99999968491494,C
ANG MUI KENG,2.5,2,1,76.81,3.19,81.69,129152354682.19652,99.99999968685064,C
SCRIBERS INTERNATIONAL PTE. LTD.,2.22,1,1,100.0,4.43,83.52,129152354684.41652,99.99999968856955,C
OTN BUILDING COST CONSULTANTS PTE. LTD.,2.2,3,1,89.68,4.22,64.76,129152354686.61652,99.99999969027296,C
RSP ARCHITECTS PLANNERS & ENGINEERS (PTE) LTD,2.11,2,1,100.0,4.89,83.5,129152354688.72652,99.99999969190668,C
WARBURG VENDING PTE LTD,2.1,2,2,83.74,3.79,63.3,129152354690.82652,99.99999969353267,C
CKS PROPERTY CONSULTANTS PTE LTD,2.02,4,3,94.82,4.64,99.63,129152354692.84653,99.99999969509672,C
HBA GROUP PROPERTY CONSULTANTS PTE. LTD.,2.02,4,2,83.8,3.97,69.84,129152354694.86653,99.99999969666077,C
P M C SERVICES PTE LTD,2.02,4,2,82.65,3.6,59.79,129152354696.88654,99.99999969822481,C
THAM & NG PROPERTIES,2.01,3,2,96.47,3.23,91.07,129152354698.89653,99.99999969978111,C
Aspac Property Consultants Pte Ltd,2.01,3,2,84.43,4.32,72.98,129152354700.90652,99.99999970133742,C
SUNTEC REAL ESTATE CONSULTANTS PTE. LTD.,2.01,3,2,88.27,3.27,76.18,129152354702.91652,99.9999997028937,C
E M REAL ESTATE PRIVATE LIMITED,2.01,3,2,80.37,4.46,79.02,129152354704.92651,99.99999970445,C
ARROWDYNAMIC LABORATORIES PTE. LTD.,2.0,1,1,93.81,3.09,78.85,129152354706.92651,99.99999970599856,C
Sng Ju-Chye,2.0,1,1,72.43,3.86,77.15,129152354708.92651,99.99999970754713,C
THATZ INTERNATIONAL PTE LTD,2.0,2,1,80.15,3.94,78.72,129152354710.92651,99.99999970909568,C
THE BAND WORLD,2.0,2,1,75.8,4.32,77.74,129152354712.92651,99.99999971064423,C
KWONG WAI SHIU HOSPITAL,2.0,2,1,71.83,4.06,83.05,129152354714.92651,99.9999997121928,C
ARNOLD & PORTER (UK) LLP,2.0,2,1,87.56,3.44,69.66,129152354716.92651,99.99999971374136,C
KRAUTHAMMER PARTNERS SINGAPORE PTE. LTD.,2.0,1,1,99.48,4.4,88.39,129152354718.92651,99.99999971528992,C
KALEIDOSKOPE PTE. LTD.,2.0,1,1,89.64,3.91,68.01,129152354720.92651,99.99999971683847,C
C & H Properties Pte Ltd,2.0,2,1,85.53,4.68,63.2,129152354722.92651,99.99999971838703,C
ARTISTS ACADEMY (SINGAPORE) PTE. LTD.,2.0,2,1,84.58,4.5,87.95,129152354724.92651,99.9999997199356,C
BIZ-ERA.NET PTE LTD,2.0,1,1,87.43,4.16,66.52,129152354726.92651,99.99999972148416,C
BLESSING MUSIC & EDUCATION PTE. LTD.,2.0,2,1,86.88,4.01,80.47,129152354728.92651,99.9999997230327,C
ERA Realty Network Pte Ltd,2.0,2,1,76.95,2.98,86.77,129152354730.92651,99.99999972458127,C
PROAGE PTE. LTD.,2.0,1,1,80.27,5.0,70.23,129152354732.92651,99.99999972612983,C
EUROPEAN ECONOMIC RESEARCH LIMTED,2.0,2,2,88.69,3.33,82.72,129152354734.92651,99.99999972767839,C
BRIGHT SUNLIGHT LIMITED,2.0,1,1,87.5,3.31,72.62,129152354736.92651,99.99999972922694,C
INX EVENTS & PRODUCTIONS PTE. LTD.,2.0,1,1,83.31,3.69,88.31,129152354738.92651,99.9999997307755,C
PHOENIX DESIGN PTE. LTD.,2.0,1,1,87.64,5.0,69.52,129152354740.92651,99.99999973232406,C
ARCHER RECRUITMENT PTE. LTD.,2.0,2,1,90.71,4.83,57.56,129152354742.92651,99.99999973387263,C
EMG INTERNATIONAL PTE LTD,2.0,2,2,87.61,4.15,63.57,129152354744.92651,99.99999973542117,C
QUINNOX SOLUTIONS PTE. LTD.,2.0,2,1,96.5,3.62,90.35,129152354746.92651,99.99999973696974,C
MUHAMMADIYAH HEALTH & DAY CARE CENTER,2.0,1,1,100.0,3.19,76.5,129152354748.92651,99.9999997385183,C
CARAT MEDIA SERVICES SINGAPORE PTE LTD,2.0,2,2,83.63,3.51,93.12,129152354750.92651,99.99999974006685,C
CLICK NETHERFIELD LIMITED,2.0,2,1,91.62,4.44,62.1,129152354752.92651,99.99999974161543,C
CENTER FOR CREATIVE LEADERSHIP (CCL) PTE LTD,2.0,1,1,85.79,4.24,67.17,129152354754.92651,99.99999974316397,C
E3 SPORTS PTE. LTD.,2.0,2,1,100.0,4.25,81.95,129152354756.92651,99.99999974471253,C
"R/GA MEDIA GROUP, SINGAPORE",2.0,2,2,85.25,4.01,62.98,129152354758.92651,99.9999997462611,C
MEYVAERT GLASS ENGINEERING,2.0,2,1,86.87,4.56,73.13,129152354760.92651,99.99999974780965,C
ALLIANZ GLOBAL CORPORATE & SPECIALTY SE SINGAPORE BRANCH,2.0,2,1,92.98,4.91,80.58,129152354762.92651,99.99999974935821,C
City Harvest Community Services Association,2.0,1,1,92.01,4.37,90.04,129152354764.92651,99.99999975090677,C
MUSICGEAR PTE. LTD.,2.0,2,1,78.11,5.0,76.81,129152354766.92651,99.99999975245532,C
GREEN AVENUE PTE. LTD.,2.0,2,1,100.0,4.55,92.04,129152354768.92651,99.99999975400388,C
Gramercy Music (S) Pte Ltd,2.0,2,1,94.74,3.0,68.92,129152354770.92651,99.99999975555244,C
ALCATEL-LUCENT SINGAPORE PTE. LTD.,2.0,2,1,91.98,2.93,81.1,129152354772.92651,99.999999757101,C
INFLUENCE SOLUTIONS PTE. LTD.,2.0,1,1,86.54,3.39,71.46,129152354774.92651,99.99999975864957,C
MUSIC ELEMENTS (ASIA) PTE. LTD.,2.0,2,1,79.74,4.2,81.13,129152354776.92651,99.99999976019812,C
MUSIC360 PTE. LTD.,2.0,2,1,98.3,4.97,63.4,129152354778.92651,99.99999976174666,C
COLLIERS INTERNATIONAL (SINGAPORE) PTE LTD,2.0,2,1,91.23,3.76,78.05,129152354780.92651,99.99999976329524,C
TEAM EXCELLENCE TRAINING & CONSULTANCY,2.0,1,1,78.55,4.54,66.44,129152354782.92651,99.99999976484379,C
IZHAN ENTERPRISE,2.0,2,1,84.94,4.29,94.74,129152354784.92651,99.99999976639235,C
NORTHPOINT TRAINING PTE. LTD.,2.0,2,1,98.58,2.9,83.28,129152354786.92651,99.99999976794092,C
NETWORK STRATEGIES LIMITED,2.0,2,1,81.23,4.4,82.59,129152354788.92651,99.99999976948946,C
AGENCY,2.0,2,2,87.83,3.51,64.18,129152354790.92651,99.99999977103803,C
RAINBOW HUES PTE. LTD.,2.0,2,1,78.82,5.0,64.97,129152354792.92651,99.99999977258659,C
MGG SOFTWARE PTE. LTD.,2.0,1,1,82.5,4.27,79.53,129152354794.92651,99.99999977413515,C
LIME LIFESTYLE ASIA PTE. LTD.,2.0,1,1,91.3,4.39,72.7,129152354796.92651,99.9999997756837,C
ABERDEEN STANDARD INVESTMENTS (ASIA) LIMITED,2.0,1,1,86.71,4.22,64.55,129152354798.92651,99.99999977723226,C
INK PUBLISHING PTE. LTD.,2.0,1,1,88.06,3.9,85.71,129152354800.92651,99.99999977878082,C
TRUST EDUCATION CENTRE PTE LTD,2.0,2,2,100.0,4.42,92.49,129152354802.92651,99.99999978032939,C
EVVO LABS PTE. LTD.,2.0,2,1,85.64,4.68,77.69,129152354804.92651,99.99999978187793,C
AA ACCESS PARTNERSHIP LIMITED,2.0,2,1,83.99,4.19,77.36,129152354806.92651,99.9999997834265,C
AGILITY FAIRS & EVENTS LOGISTICS PTE. LTD.,2.0,2,2,96.79,4.31,70.18,129152354808.92651,99.99999978497506,C
BAND CONCEPT MUSIC PTE. LTD.,2.0,2,1,96.94,4.45,82.07,129152354810.92651,99.99999978652362,C
ROBERT HALF INTERNATIONAL PTE. LTD.,2.0,2,2,92.86,5.0,75.17,129152354812.92651,99.99999978807217,C
ASG AWARDS ENTERPRISE,2.0,2,1,82.3,3.64,98.96,129152354814.92651,99.99999978962073,C
AMPLEXOR HONG KONG LIMITED,1.98,1,1,96.96,4.42,66.29,129152354816.90651,99.9999997911538,C
SUNSEAP LEASING PTE. LTD.,1.93,2,1,89.26,4.66,75.24,129152354818.8365,99.99999979264815,C
YUEN STUDIO,1.77,1,1,97.43,3.92,74.4,129152354820.6065,99.99999979401863,C
elionetwork,1.76,1,1,93.81,4.72,83.17,129152354822.3665,99.99999979538137,C
TAMIL MURASU,1.6,1,1,73.31,3.81,94.12,129152354823.9665,99.99999979662022,C
WILLIAM NG CONSULTANTS PTE LTD,1.53,2,1,80.24,3.67,87.02,129152354825.4965,99.99999979780486,C
NARAYANAN S/O VELAYUTHAM,1.5,1,1,92.29,4.44,70.27,129152354826.9965,99.99999979896627,C
"CBRE, INC",1.45,1,1,76.63,4.47,85.33,129152354828.4465,99.99999980008897,C
THE HAPPY FISH LLP,1.34,1,1,93.3,3.25,91.25,129152354829.7865,99.99999980112652,C
FIL INVESTMENT MANAGEMENT (SINGAPORE) LIMITED,1.25,2,1,93.01,4.12,83.72,129152354831.0365,99.99999980209437,C
SIRIUS ART PTE. LTD.,1.13,1,1,88.18,3.17,86.43,129152354832.1665,99.9999998029693,C
CITY LIFE ADVERTISING PTE LTD,1.13,1,1,87.38,3.79,66.67,129152354833.29651,99.99999980384425,C
KEPPEL INFRASTRUCTURE HOLDINGS PTE. LTD.,1.08,1,1,79.21,3.52,83.13,129152354834.37651,99.99999980468046,C
C & L VALUERS PTE LTD,1.02,3,2,86.78,4.58,100.0,129152354835.39651,99.99999980547022,C
GB GLOBAL PTE. LTD.,1.02,3,2,83.15,4.08,66.45,129152354836.41652,99.99999980625999,C
GOH-LEONG VALUERS,1.02,3,2,87.25,5.0,74.15,129152354837.43652,99.99999980704976,C
NEWMAN & GOH PROPERTY CONSULTANTS PTE LTD,1.02,3,2,86.2,4.01,57.77,129152354838.45653,99.99999980783953,C
TEHO PROPERTY CONSULTANTS PTE. LTD.,1.02,3,2,100.0,3.47,88.03,129152354839.47653,99.9999998086293,C
READING PROPERTY CONSULTANTS PTE. LTD.,1.02,3,2,74.17,5.0,71.59,129152354840.49654,99.99999980941907,C
AREA CONSULTANTS,1.01,2,2,83.92,3.72,83.43,129152354841.50653,99.99999981020109,C
DENNIS WEE REALTY PTE LTD,1.01,2,2,81.06,4.57,77.79,129152354842.51653,99.99999981098311,C
ASPAC PROPERTY CONSULTANTS PTE LTD,1.01,2,2,75.55,4.93,65.96,129152354843.52652,99.99999981176512,C
JJ EXPRESS SERVICES,1.0,1,1,87.52,3.15,72.46,129152354844.52652,99.99999981253941,C
ASSETIVITY PTY LTD,1.0,1,1,85.09,4.29,80.81,129152354845.52652,99.99999981331369,C
ATDI spolka z o.o.,1.0,1,1,96.23,3.91,66.51,129152354846.52652,99.99999981408797,C
TOY TAG INTERNATIONAL PTE. LTD.,1.0,1,1,96.12,3.04,75.31,129152354847.52652,99.99999981486224,C
ASSURE IT PTE. LTD.,1.0,1,1,89.37,4.5,70.84,129152354848.52652,99.99999981563651,C
TONG WEE PENG,1.0,1,1,88.18,3.56,82.37,129152354849.52652,99.9999998164108,C
AXIOM GLOBAL SOLUTIONS PTE. LTD.,1.0,1,1,91.94,5.0,67.11,129152354850.52652,99.99999981718508,C
TRANSKINECT PRIVATE LIMITED,1.0,1,1,86.58,4.53,82.75,129152354851.52652,99.99999981795936,C
THOUGHTWORKS AUSTRALIA PTY LTD,1.0,1,1,90.67,3.81,91.57,129152354852.52652,99.99999981873364,C
TIGERSPIKE PTE. LTD.,1.0,1,1,86.13,4.66,88.56,129152354853.52652,99.99999981950792,C
2EZ ASIA PTE. LTD.,1.0,1,1,76.7,4.44,63.91,129152354854.52652,99.9999998202822,C
2359 MEDIA PTE. LTD.,1.0,1,1,80.74,3.45,83.91,129152354855.52652,99.99999982105649,C
8 HUNTERS INTERNATIONAL PTE. LTD.,1.0,1,1,90.75,3.43,85.21,129152354856.52652,99.99999982183076,C
THE PEOPLE AT WORK PTE. LTD.,1.0,1,1,84.87,4.61,62.92,129152354857.52652,99.99999982260503,C
ELLA CHEONG LLC,1.0,1,1,82.97,4.3,69.19,129152354858.52652,99.99999982337931,C
ALL SAINTS HOME,1.0,1,1,84.25,4.74,87.54,129152354859.52652,99.99999982415359,C
EWI RECRUITMENT LIMITED,1.0,1,1,88.44,4.3,77.5,129152354860.52652,99.99999982492788,C
ERIC SALMON & PARTNERS SINGAPORE PTE. LTD.,1.0,1,1,93.54,4.68,78.32,129152354861.52652,99.99999982570216,C
HUME BROPHY COMMUNICATIONS (SINGAPORE) PTE. LTD.,1.0,1,1,83.52,5.0,69.61,129152354862.52652,99.99999982647644,C
HVS Engineering Pte Ltd,1.0,1,1,89.25,4.5,89.62,129152354863.52652,99.99999982725072,C
HOWIE PHOTOGRAPHY,1.0,1,1,86.82,4.3,84.94,129152354864.52652,99.99999982802498,C
HOUSTON KEMP PTY LTD,1.0,1,1,84.78,4.59,87.21,129152354865.52652,99.99999982879928,C
SUN RISE PRINTING & SUPPLIES PTE LTD,1.0,1,1,97.5,4.63,71.28,129152354866.52652,99.99999982957355,C
MDIS Corporation Pte Ltd,1.0,1,1,97.62,4.38,86.1,129152354867.52652,99.99999983034783,C
VAPOR PTE. LTD.,1.0,1,1,97.12,3.73,84.12,129152354868.52652,99.99999983112211,C
TEOH HUI JOO,1.0,1,1,81.67,4.53,78.97,129152354869.52652,99.99999983189639,C
LEE EE CHING,1.0,1,1,77.14,4.08,77.28,129152354870.52652,99.99999983267067,C
IT CONSULTANCY & SERVICES PTE LTD,1.0,1,1,92.69,3.37,50.25,129152354871.52652,99.99999983344495,C
LEO BURNETT,1.0,1,1,98.04,3.56,76.15,129152354872.52652,99.99999983421924,C
A.S.LOUKEN BRANDING PTE. LTD.,1.0,1,1,83.85,4.44,84.99,129152354873.52652,99.9999998349935,C
ABN IMPACT PTE. LTD.,1.0,1,1,87.4,5.0,86.57,129152354874.52652,99.99999983576778,C
INTERNAL CONSULTING GROUP SINGAPORE PTE. LTD.,1.0,1,1,70.94,4.61,80.6,129152354875.52652,99.99999983654206,C
INVESCO ASSET MANAGEMENT SINGAPORE LTD,1.0,1,1,80.04,4.2,74.88,129152354876.52652,99.99999983731634,C
INTEGRITY PARTNERS PTE. LTD.,1.0,1,1,90.66,4.06,75.18,129152354877.52652,99.99999983809063,C
LIAN NAM HENG MARKETING PTE LTD,1.0,1,1,75.59,3.83,80.35,129152354878.52652,99.99999983886491,C
LIBERTY MUTUAL INSURANCE EUROPE LIMITED,1.0,1,1,90.59,4.17,85.8,129152354879.52652,99.99999983963919,C
INTEGRATIVE LEARNING CORPORATION PTE LTD,1.0,1,1,83.43,3.88,73.11,129152354880.52652,99.99999984041347,C
RUSSELL REYNOLDS ASSOCIATES SINGAPORE PTE. LTD.,1.0,1,1,86.63,4.84,74.02,129152354881.52652,99.99999984118773,C
Nano Mems Monster Inc.,1.0,1,1,80.76,3.3,77.98,129152354882.52652,99.99999984196202,C
NUTRITION NETWORK SERVICES,1.0,1,1,91.0,4.06,86.46,129152354883.52652,99.9999998427363,C
WEE MING-HUEY,1.0,1,1,91.02,4.54,70.27,129152354884.52652,99.99999984351058,C
Neville-Clarke (Singapore) Pte Limited,1.0,1,1,85.57,4.16,63.76,129152354885.52652,99.99999984428486,C
Netrika Consulting India Private Limited,1.0,1,1,76.02,3.87,78.75,129152354886.52652,99.99999984505914,C
GEOMETRA WORLDWIDE MOVERS PTE. LTD.,1.0,1,1,100.0,4.2,75.58,129152354887.52652,99.99999984583341,C
RICHARD THOMAS BENNETT,1.0,1,1,93.93,3.95,69.91,129152354888.52652,99.99999984660771,C
DIGITAL MIRAGE PTE. LTD.,1.0,1,1,97.0,2.16,80.08,129152354889.52652,99.99999984738199,C
"AMERICAN EXPRESS INTERNATIONAL, INC.",1.0,1,1,94.06,3.8,55.41,129152354890.52652,99.99999984815625,C
Unique Colour Separation Pte Ltd,1.0,1,1,85.86,4.49,73.06,129152354891.52652,99.99999984893053,C
D. ATELIER PTE. LTD.,1.0,1,1,70.91,4.34,83.42,129152354892.52652,99.9999998497048,C
SALT SEARCH PTE. LTD.,1.0,1,1,72.8,4.75,84.69,129152354893.52652,99.9999998504791,C
SALIENT STRINGS LLP,1.0,1,1,92.04,3.14,76.57,129152354894.52652,99.99999985125338,C
SAMSUI SUPPLIES & SERVICES PTE. LTD.,1.0,1,1,90.69,4.06,77.29,129152354895.52652,99.99999985202766,C
SATURDAY PEOPLE PTE. LTD.,1.0,1,1,90.36,4.22,93.44,129152354896.52652,99.99999985280193,C
AMARANTHINE PHOTOS,1.0,1,1,87.14,4.02,66.74,129152354897.52652,99.99999985357621,C
RECRUIT HAUS PTE. LTD.,1.0,1,1,96.66,4.6,71.96,129152354898.52652,99.99999985435049,C
REALTIMME IT CONSULTANCY PTE. LTD.,1.0,1,1,87.51,2.98,81.24,129152354899.52652,99.99999985512477,C
DREAMBOX STUDIO PTE. LTD.,1.0,1,1,87.39,4.13,73.47,129152354900.52652,99.99999985589905,C
RED INK COMMUNICATIONS LLP,1.0,1,1,85.61,4.48,89.42,129152354901.52652,99.99999985667333,C
Orchard Florist Pte Ltd,1.0,1,1,93.52,3.84,95.17,129152354902.52652,99.9999998574476,C
DESKERA SINGAPORE PTE. LTD.,1.0,1,1,88.71,4.45,64.54,129152354903.52652,99.99999985822188,C
WE AND ME,1.0,1,1,82.93,4.77,71.41,129152354904.52652,99.99999985899618,C
GECO ASIA PTE. LTD.,1.0,1,1,94.15,3.61,71.54,129152354905.52652,99.99999985977045,C
OMEGA SOLAR PTE. LTD.,1.0,1,1,90.56,3.67,85.08,129152354906.52652,99.99999986054473,C
RED DOOR PRODUCTIONS PTE. LTD.,1.0,1,1,86.8,5.0,71.9,129152354907.52652,99.999999861319,C
REED SMITH PTE. LTD.,1.0,1,1,89.01,4.38,83.87,129152354908.52652,99.99999986209328,C
REED PERSONNEL SERVICES PTE. LTD.,1.0,1,1,95.87,4.93,72.71,129152354909.52652,99.99999986286755,C
WELLNESS COACHING,1.0,1,1,81.19,4.29,97.12,129152354910.52652,99.99999986364185,C
GFK CUSTOM RESEARCH PTE. LTD.,1.0,1,1,90.59,3.78,57.2,129152354911.52652,99.99999986441613,C
ANALYSYS MASON PTE. LIMITED,1.0,1,1,81.95,5.0,92.23,129152354912.52652,99.9999998651904,C
RSM TECHNOLOGY RISK GROUP PTE. LTD.,1.0,1,1,99.12,4.84,70.65,129152354913.52652,99.99999986596468,C
YH CONSERVATION PTE. LTD.,1.0,1,1,73.76,3.84,97.57,129152354914.52652,99.99999986673896,C
LITHAN ACADEMY PTE. LTD.,1.0,1,1,89.73,3.75,73.1,129152354915.52652,99.99999986751324,C
TBWA SINGAPORE PTE LTD,1.0,1,1,84.13,3.79,66.75,129152354916.52652,99.99999986828752,C
TRPC PTE. LTD.,1.0,1,1,94.88,4.42,97.75,129152354917.52652,99.9999998690618,C
TROYTECH INTERNATIONAL CONSULTING PTE LTD,1.0,1,1,79.86,4.53,88.54,129152354918.52652,99.99999986983607,C
TEAMBUILDING SINGAPORE PTE. LTD.,1.0,1,1,81.12,5.0,89.05,129152354919.52652,99.99999987061035,C
GPTW INSTITUTE (SINGAPORE) PTE. LTD.,1.0,1,1,89.79,3.62,57.67,129152354920.52652,99.99999987138463,C
NEXWAVE TECHNOLOGIES PTE LTD,1.0,1,1,81.26,3.98,90.87,129152354921.52652,99.99999987215892,C
WIK-CONSULT GMBH,1.0,1,1,93.7,3.64,86.83,129152354922.52652,99.9999998729332,C
NODEFLAIR PTE. LTD.,1.0,1,1,92.8,3.86,81.3,129152354923.52652,99.99999987370748,C
GOBI LIBRARY SOLUTIONS FROM EBSCO,1.0,1,1,84.69,4.69,60.13,129152354924.52652,99.99999987448174,C
NOKIA SOLUTIONS AND NETWORKS SINGAPORE PTE. LTD.,1.0,1,1,78.26,4.56,75.33,129152354925.52652,99.99999987525602,C
Rodin Print,1.0,1,1,77.72,4.43,75.59,129152354926.52652,99.99999987603032,C
S-RM Asia Pacific Limited,1.0,1,1,90.92,3.8,61.12,129152354927.52652,99.9999998768046,C
UNIVERSUM COMMUNICATIONS PTE. LTD.,1.0,1,1,89.2,3.91,70.51,129152354928.52652,99.99999987757887,C
SACAC COUNSELLING PTE. LTD.,1.0,1,1,81.48,5.0,66.67,129152354929.52652,99.99999987835315,C
NETIQUETTE SOFTWARE PTE. LTD.,1.0,1,1,87.67,4.55,100.0,129152354930.52652,99.99999987912743,C
RAIL PERSONNEL LIMITED,1.0,1,1,88.28,4.36,82.84,129152354931.52652,99.99999987990171,C
PULLMAN MORRISON PTE. LTD.,1.0,1,1,91.48,5.0,91.42,129152354932.52652,99.99999988067599,C
ELECTRA (S) PTE. LTD.,1.0,1,1,83.79,4.25,84.31,129152354933.52652,99.99999988145026,C
A-MOBILE PTE. LTD.,1.0,1,1,87.71,5.0,91.22,129152354934.52652,99.99999988222454,C
YOUGOV SINGAPORE PTE. LIMITED,1.0,1,1,99.07,3.99,74.17,129152354935.52652,99.99999988299882,C
TELEDIRECT PTE LTD,1.0,1,1,70.06,3.99,72.65,129152354936.52652,99.9999998837731,C
BAKER & MCKENZIE.WONG & LEOW,1.0,1,1,100.0,3.13,75.37,129152354937.52652,99.99999988454739,C
VACAIN DESIGN PTE. LTD.,1.0,1,1,78.74,3.91,71.92,129152354938.52652,99.99999988532167,C
REN CI HOSPITAL,1.0,1,1,94.63,3.75,82.62,129152354939.52652,99.99999988609595,C
DISPLAY EZ PTE. LTD.,1.0,1,1,86.47,4.76,87.51,129152354940.52652,99.99999988687023,C
FRONTIER ECONOMICS LTD,1.0,1,1,84.35,4.21,63.52,129152354941.52652,99.99999988764449,C
OW CHIEN KOON,1.0,1,1,80.22,3.99,68.64,129152354942.52652,99.99999988841878,C
NERA UK LIMITED,1.0,1,1,72.36,3.63,70.06,129152354943.52652,99.99999988919306,C
WIN & WIN PRINTER PTE. LTD.,1.0,1,1,72.08,4.77,66.94,129152354944.52652,99.99999988996734,C
NEW ENGLAND BIOLABS PTE. LTD.,1.0,1,1,88.86,4.19,72.77,129152354945.52652,99.99999989074162,C
NEUMIND INTERNATIONAL PTE. LTD.,1.0,1,1,89.2,3.38,73.87,129152354946.52652,99.9999998915159,C
SAY JIA HUEY,1.0,1,1,76.74,5.0,65.91,129152354947.52652,99.99999989229018,C
Coal Creative Consultants Pte Ltd,1.0,1,1,81.7,3.87,74.76,129152354948.52652,99.99999989306446,C
SCHENKER SINGAPORE (PTE) LTD,1.0,1,1,98.15,4.28,75.94,129152354949.52652,99.99999989383873,C
UNITED MEDICARE (ELIZABETH DR) PTE. LTD.,1.0,1,1,95.57,3.91,73.13,129152354950.52652,99.99999989461301,C
SCHRODER INVESTMENT MANAGEMENT (SINGAPORE) LTD.,1.0,1,1,82.37,4.2,81.76,129152354951.52652,99.99999989538729,C
SIMTEX INTERNATIONAL LIMITED,1.0,1,1,94.56,4.61,68.63,129152354952.52652,99.99999989616157,C
SING SEE SOON FLORAL & LANDSCAPE PTE LTD,1.0,1,1,93.48,3.6,69.87,129152354953.52652,99.99999989693585,C
GREENHILLI PTE. LTD.,1.0,1,1,90.48,3.66,88.65,129152354954.52652,99.99999989771014,C
NCSI SOLUTIONS PTE. LTD.,1.0,1,1,83.97,4.99,61.79,129152354955.52652,99.99999989848442,C
GROW CONSULTANCY PTE. LTD.,1.0,1,1,82.16,3.9,67.86,129152354956.52652,99.9999998992587,C
NETRIKA PTE. LTD.,1.0,1,1,92.45,5.0,75.77,129152354957.52652,99.99999990003298,C
UNIQUE SPEED PTE. LTD.,1.0,1,1,78.86,3.19,67.98,129152354958.52652,99.99999990080724,C
CITY AUTO PTE. LTD.,1.0,1,1,75.49,4.41,90.61,129152354959.52652,99.99999990158153,C
ADMEN INCORPORATED PTE. LTD.,1.0,1,1,96.71,4.18,78.69,129152354960.52652,99.99999990235581,C
H2O AM ASIA PTE. LTD.,1.0,1,1,77.46,4.14,72.29,129152354961.52652,99.99999990313009,C
UNICORN PUBLISHING LLP,1.0,1,1,91.45,3.45,72.84,129152354962.52652,99.99999990390437,C
COMLAW LLC,1.0,1,1,89.44,3.78,61.2,129152354963.52652,99.99999990467865,C
COMMUNICATION MATTERS,1.0,1,1,91.28,3.61,69.2,129152354964.52652,99.99999990545292,C
LISBERG ASIA PTE. LTD.,1.0,1,1,95.56,4.48,59.62,129152354965.52652,99.99999990622722,C
INFODRIVE SOLUTIONS PTE. LTD.,1.0,1,1,79.09,4.26,82.78,129152354966.52652,99.99999990700148,C
INFINITY PRESS SDN. BHD.,1.0,1,1,84.02,4.0,82.3,129152354967.52652,99.99999990777576,C
LOTAN GROUP INTERNATIONAL LTD,1.0,1,1,82.01,5.0,84.82,129152354968.52652,99.99999990855004,C
LOD Consulting (Singapore) Pte Ltd,1.0,1,1,100.0,3.03,92.11,129152354969.52652,99.99999990932432,C
INFORMA SOLUTIONS PTE. LTD.,1.0,1,1,94.26,5.0,74.44,129152354970.52652,99.99999991009861,C
Lim Kim Cheong Consultants,1.0,1,1,94.51,4.9,75.77,129152354971.52652,99.99999991087289,C
Standard Chartered Bank,1.0,1,1,100.0,3.16,74.23,129152354972.52652,99.99999991164717,C
ARYAN SEARCH PTE. LTD.,1.0,1,1,85.92,3.71,82.92,129152354973.52652,99.99999991242144,C
TAI HING PRIVATE LIMITED,1.0,1,1,100.0,4.58,77.79,129152354974.52652,99.99999991319572,C
BIMLIFE PTE. LTD.,1.0,1,1,77.64,4.82,77.72,129152354975.52652,99.99999991397,C
CHOO CHIN YENG,1.0,1,1,92.13,4.28,69.92,129152354976.52652,99.99999991474428,C
CHEN MEI LING TERESA,1.0,1,1,87.03,4.01,67.42,129152354977.52652,99.99999991551856,C
FIRCROFT PTE. LTD.,1.0,1,1,83.69,3.77,100.0,129152354978.52652,99.99999991629284,C
Vitrinen- und Glasbau REIER GmbH,1.0,1,1,87.92,4.91,61.84,129152354979.52652,99.99999991706711,C
PAYPAL PTE. LTD.,1.0,1,1,98.76,4.11,76.17,129152354980.52652,99.9999999178414,C
PCI PRIVATE LIMITED,1.0,1,1,76.05,4.45,90.4,129152354981.52652,99.99999991861569,C
FAR EAST FLORA.COM PTE LTD,1.0,1,1,89.58,4.29,80.27,129152354982.52652,99.99999991938996,C
PACE O.D. CONSULTING PTE. LTD.,1.0,1,1,91.06,5.0,78.52,129152354983.52652,99.99999992016423,C
QUICKFLO LOGISTICS PTE. LTD.,1.0,1,1,78.93,4.13,79.27,129152354984.52652,99.9999999209385,C
QUEST GLOBAL SERVICES PTE. LTD.,1.0,1,1,82.26,3.96,56.65,129152354985.52652,99.99999992171279,C
RAJAH & TANN TECHNOLOGIES PTE. LTD.,1.0,1,1,87.63,3.58,68.99,129152354986.52652,99.99999992248706,C
RAINTREE PARTNERSHIP PRIVATE LIMITED,1.0,1,1,88.35,3.86,82.3,129152354987.52652,99.99999992326136,C
CG EDUCATION & TECHNOLOGY SOLUTIONS,1.0,1,1,86.33,4.03,68.84,129152354988.52652,99.99999992403563,C
MOOVE MEDIA PTE. LTD.,1.0,1,1,76.22,4.52,75.86,129152354989.52652,99.99999992480991,C
MOUNT ALVERNIA HOSPITAL,1.0,1,1,89.54,4.96,57.98,129152354990.52652,99.99999992558419,C
ACTIVE GLOBAL FITNESS PTE. LTD.,1.0,1,1,88.47,3.87,70.4,129152354991.52652,99.99999992635847,C
ACTION TEAMS PTE. LTD.,1.0,1,1,89.39,3.45,80.26,129152354992.52652,99.99999992713275,C
WOO LAN CHOEI,1.0,1,1,95.17,4.02,79.69,129152354993.52652,99.99999992790703,C
WONG WENG KEE DAVID,1.0,1,1,91.17,4.39,76.63,129152354994.52652,99.9999999286813,C
SINDO FERRY (PTE. LTD.),1.0,1,1,86.69,4.56,76.01,129152354995.52652,99.99999992945558,C
UNFAIR ADVANTAGE PTE. LTD.,1.0,1,1,92.56,3.62,71.85,129152354996.52652,99.99999993022986,C
ARGYLL SCOTT SINGAPORE PTE. LTD.,1.0,1,1,94.96,4.81,62.97,129152354997.52652,99.99999993100414,C
ARGYLL SCOTT INTERIM PTE. LTD.,1.0,1,1,80.62,4.02,76.85,129152354998.52652,99.99999993177843,C
CATLIN SINGAPORE PTE. LTD.,1.0,1,1,89.09,4.99,82.92,129152354999.52652,99.99999993255271,C
CEG Asia Pacific,1.0,1,1,90.15,4.36,85.03,129152355000.52652,99.99999993332699,C
CASCADE CONSULTING PRIVATE LIMITED,1.0,1,1,83.16,4.65,76.34,129152355001.52652,99.99999993410125,C
MIDWEST FREIGHT & TRANSPORTATION PTE LTD,1.0,1,1,98.99,4.3,66.64,129152355002.52652,99.99999993487553,C
HITACHI SYSTEMS NETWORK TECHNOLOGIES PTE. LTD.,1.0,1,1,89.73,3.87,84.95,129152355003.52652,99.99999993564983,C
ML RESEARCH CONSULTANTS PTE. LTD.,1.0,1,1,96.77,2.97,72.61,129152355004.52652,99.9999999364241,C
HELIOS TECHNOLOGY LIMITED,1.0,1,1,88.1,4.35,65.72,129152355005.52652,99.99999993719838,C
SJ DEFENCE SERVICES PTE. LTD.,1.0,1,1,100.0,3.46,72.06,129152355006.52652,99.99999993797266,C
UCARE.IO PTE. LTD.,1.0,1,1,88.68,5.0,76.87,129152355007.52652,99.99999993874694,C
STAG MATCH PRIVATE LIMITED,1.0,1,1,98.04,3.71,62.36,129152355008.52652,99.99999993952122,C
STAFF WORK INSTITUTE PTE. LTD.,1.0,1,1,93.86,3.42,71.76,129152355009.52652,99.9999999402955,C
CARD TECHNO PTE. LTD.,1.0,1,1,89.47,4.21,81.88,129152355010.52652,99.99999994106977,C
HOME NURSING FOUNDATION,1.0,1,1,91.43,4.49,78.06,129152355011.52652,99.99999994184405,C
MICA TECHNOLOGY PTE. LTD.,1.0,1,1,89.18,4.36,87.24,129152355012.52652,99.99999994261833,C
CHANGI TRAVEL SERVICES PTE. LTD.,1.0,1,1,73.91,3.43,76.86,129152355013.52652,99.99999994339261,C
SP CONSULTING (INTERNATIONAL) PTE LTD,1.0,1,1,97.31,4.02,65.85,129152355014.52652,99.9999999441669,C
ARCH SOFTWARE INTELLIGENCE PTE. LTD.,1.0,1,1,94.17,4.63,74.02,129152355015.52652,99.99999994494118,C
TALENT MUSIC PTE. LTD.,1.0,1,1,98.26,4.59,64.39,129152355016.52652,99.99999994571546,C
TAN YI LIN ALINA,1.0,1,1,73.89,3.31,80.21,129152355017.52652,99.99999994648974,C
TAN TER WEN JESSIE,1.0,1,1,91.2,4.5,78.52,129152355018.52652,99.999999947264,C
TAN SOON HUAH GAS SUPPLY PTE. LTD.,1.0,1,1,96.42,3.57,69.88,129152355019.52652,99.9999999480383,C
M Webb Limited,1.0,1,1,93.63,4.81,86.93,129152355020.52652,99.99999994881257,C
YAN PALACE CATERING PTE LTD,1.0,1,1,83.38,3.96,78.29,129152355021.52652,99.99999994958685,C
I-ANALYSIS PTE. LTD.,1.0,1,1,80.27,4.52,75.66,129152355022.52652,99.99999995036113,C
I-ACTIVE PTE. LTD.,1.0,1,1,68.05,3.43,72.67,129152355023.52652,99.99999995113541,C
MAD LEARNING PTE LTD,1.0,1,1,90.01,4.64,77.46,129152355024.52652,99.99999995190969,C
PERSONAL TIMES BUSINESS GIFT,1.0,1,1,87.58,4.23,83.44,129152355025.52652,99.99999995268396,C
PIMCO ASIA PTE LTD,1.0,1,1,81.31,4.52,76.36,129152355026.52652,99.99999995345824,C
ALLIANZ GLOBAL INVESTORS SINGAPORE LIMITED,1.0,1,1,79.46,4.56,66.06,129152355027.52652,99.99999995423252,C
ALLIANCEBERNSTEIN (SINGAPORE) LTD.,1.0,1,1,88.38,4.34,91.33,129152355028.52652,99.9999999550068,C
ENETS PTE. LTD.,1.0,1,1,82.23,3.1,87.97,129152355029.52652,99.99999995578108,C
EMBRIO ENTERPRISES PTE. LTD.,1.0,1,1,92.01,3.97,81.32,129152355030.52652,99.99999995655536,C
EIGHT TONES LLP,1.0,1,1,87.43,4.27,68.06,129152355031.52652,99.99999995732965,C
EEM Advancement Centre Pte Ltd,1.0,1,1,94.23,4.29,87.82,129152355032.52652,99.99999995810393,C
EDUBLITZ PTE LTD,1.0,1,1,93.33,3.71,87.32,129152355033.52652,99.9999999588782,C
R SYSTEMS (SINGAPORE) PTE LIMITED,1.0,1,1,94.58,4.17,70.39,129152355034.52652,99.99999995965248,C
PARIS CHIA YONG KIANG,1.0,1,1,74.06,3.45,86.3,129152355035.52652,99.99999996042675,C
FIRST CODE ACADEMY PTE. LTD.,1.0,1,1,93.43,3.59,95.41,129152355036.52652,99.99999996120104,C
BOOKLINK PTE. LTD.,1.0,1,1,88.12,4.2,79.01,129152355037.52652,99.99999996197532,C
MCLINK ASIA PTE. LTD.,1.0,1,1,69.44,3.2,83.64,129152355038.52652,99.9999999627496,C
MCI EVENTS & PRODUCTIONS PTE. LTD.,1.0,1,1,80.2,3.64,79.47,129152355039.52652,99.99999996352388,C
HSR INTERNATIONAL REALTORS PTE LTD,1.0,1,1,95.11,3.9,81.63,129152355040.52652,99.99999996429815,C
MEDIA LABS INNOVATION PTE. LTD.,1.0,1,1,86.64,4.26,76.18,129152355041.52652,99.99999996507243,C
CALICO ASIA RECRUITMENT PTE. LTD.,1.0,1,1,92.24,3.52,66.83,129152355042.52652,99.99999996584673,C
STEWARD'S SOLUTION PTE. LTD.,1.0,1,1,93.5,4.19,52.83,129152355043.52652,99.99999996662099,C
STRIPE PAYMENTS SINGAPORE PTE. LTD.,1.0,1,1,93.49,3.86,76.24,129152355044.52652,99.99999996739527,C
CARE CORNER SENIORS SERVICES LTD.,1.0,1,1,92.63,3.2,59.71,129152355045.52652,99.99999996816955,C
ST CIRCUIT DESIGN & CONTRACT PTE LTD,1.0,1,1,84.69,2.93,70.39,129152355046.52652,99.99999996894383,C
CASTALIA LIMITED,1.0,1,1,100.0,4.59,76.9,129152355047.52652,99.99999996971812,C
KERRY CONSULTING PTE. LTD.,1.0,1,1,97.88,4.59,78.46,129152355048.52652,99.9999999704924,C
KENSCI ASIA PACIFIC PTE. LTD.,1.0,1,1,82.41,4.62,64.82,129152355049.52652,99.99999997126667,C
K2 PARTNERING SOLUTIONS PTE. LTD.,1.0,1,1,94.27,5.0,75.37,129152355050.52652,99.99999997204095,C
AUTOCOUNT (S) PTE. LTD.,1.0,1,1,77.32,3.86,59.38,129152355051.52652,99.99999997281523,C
EPITOME DIRECTIONS,1.0,1,1,99.9,4.07,81.55,129152355052.52652,99.99999997358951,C
PROFILE SEARCH & SELECTION (SINGAPORE) PTE. LTD.,1.0,1,1,91.53,4.36,68.79,129152355053.52652,99.99999997436379,C
FATBIRD SPORTS,1.0,1,1,100.0,3.67,83.3,129152355054.52652,99.99999997513807,C
VTRIUM ENERGY PTE. LTD.,1.0,1,1,88.05,4.17,72.74,129152355055.52652,99.99999997591235,C
VTHERE PTE. LTD.,1.0,1,1,93.88,4.64,69.67,129152355056.52652,99.99999997668662,C
VROOM VROOM OFFICE SERVICES,1.0,1,1,95.37,3.98,97.61,129152355057.52652,99.9999999774609,C
VOUSE PTE. LTD.,1.0,1,1,77.34,4.24,74.74,129152355058.52652,99.9999999782352,C
Epinion P/S,1.0,1,1,78.48,4.21,57.75,129152355059.52652,99.99999997900947,C
BLS International Pte Ltd,1.0,1,1,100.0,3.4,60.45,129152355060.52652,99.99999997978374,C
BLACKMRKT PTE. LTD.,1.0,1,1,95.98,4.86,79.05,129152355061.52652,99.99999998055802,C
ACE(S) ENTERPRISE,1.0,1,1,91.79,3.67,74.71,129152355062.52652,99.9999999813323,C
HYDROGEN GROUP PTE. LTD.,1.0,1,1,77.72,5.0,68.62,129152355063.52652,99.99999998210657,C
ZENCODE TECHNOLOGIES PTE. LTD.,1.0,1,1,91.57,4.26,80.11,129152355064.52652,99.99999998288087,C
A & L COMPUTER SERVICES PTE LTD,1.0,1,1,96.25,3.43,88.39,129152355065.52652,99.99999998365514,C
Accent Musical Equipment Pte Ltd,1.0,1,1,100.0,4.89,88.79,129152355066.52652,99.99999998442942,C
ASSET MANAGEMENT CONSULTING LIMITED,1.0,1,1,89.2,3.9,90.92,129152355067.52652,99.9999999852037,C
JURONG PORT PTE LTD,1.0,1,1,98.9,3.18,72.31,129152355068.52652,99.99999998597798,C
KLAUD9 PTE. LTD.,1.0,1,1,85.62,2.75,87.3,129152355069.52652,99.99999998675226,C
KONG HUI CANVAS MANUFACTURER PTE LTD,1.0,1,1,81.15,3.59,76.99,129152355070.52652,99.99999998752654,C
KONTOURZ PTE. LTD.,1.0,1,1,88.36,5.0,83.98,129152355071.52652,99.99999998830081,C
THINKING MANAGEMENT TECHNIQUES PTE. LTD.,1.0,1,1,87.49,4.08,84.25,129152355072.52652,99.99999998907509,C
THE SR GROUP (SINGAPORE) PTE. LTD.,1.0,1,1,93.63,4.68,87.39,129152355073.52652,99.99999998984937,C
PLAYGROUND THIRTEEN TWENTY TWO,0.95,1,1,100.0,5.0,75.17,129152355074.47652,99.99999999058494,C
TUAS POWER LTD,0.91,1,1,83.61,3.57,60.28,129152355075.38652,99.99999999128953,C
TRANSN INTERNATIONAL SINGAPORE PTE. LTD.,0.91,1,1,88.94,4.42,88.21,129152355076.29652,99.99999999199413,C
RLB CONSULTANCY PTE. LTD.,0.82,1,1,95.67,4.76,72.77,129152355077.11653,99.99999999262906,C
PREPRESS PROJECTS LIMITED,0.81,1,1,69.87,4.4,68.57,129152355077.92653,99.99999999325621,C
YOU BANG PTE. LTD.,0.78,1,1,91.84,3.77,89.58,129152355078.70653,99.99999999386014,C
LANGUAGE PARTNER PTE. LTD.,0.75,1,1,88.22,3.41,96.54,129152355079.45653,99.99999999444086,C
APAC VENDINGS PTE. LTD.,0.69,1,1,87.47,4.66,70.45,129152355080.14653,99.99999999497511,C
KHO WEE KAR,0.6,1,1,97.17,4.82,76.5,129152355080.74654,99.99999999543968,C
FUJI XEROX SINGAPORE PTE LTD,0.6,1,1,100.0,4.07,60.49,129152355081.34654,99.99999999590426,C
Arkadin (Singapore) Pte. Ltd.,0.6,1,1,93.97,3.92,83.39,129152355081.94655,99.99999999636883,C
JPMORGAN ASSET MANAGEMENT (SINGAPORE) LIMITED,0.55,1,1,94.15,3.62,78.25,129152355082.49655,99.99999999679468,C
PRINCIPAL GLOBAL INVESTORS (SINGAPORE) LIMITED,0.52,1,1,79.21,4.18,69.68,129152355083.01656,99.9999999971973,C
LTY + LCH ( JV ),0.5,1,1,89.57,4.0,90.98,129152355083.51656,99.99999999758445,C
ELITE TRANSLATIONS ASIA PTE. LTD.,0.5,1,1,77.18,3.85,81.66,129152355084.01656,99.99999999797159,C
CHLOR-AL CHEMICAL PTE LTD,0.45,1,1,95.07,4.44,75.61,129152355084.46655,99.99999999832002,C
Million Lighting Co Pte Ltd,0.41,1,1,82.29,3.7,83.07,129152355084.87656,99.99999999863748,C
SCHOOL OF THOUGHT LEARNING CENTRE PTE. LTD.,0.35,1,1,89.16,3.34,76.36,129152355085.22656,99.99999999890848,C
LAZARD ASSET MANAGEMENT (SINGAPORE) PTE. LTD.,0.28,1,1,90.21,4.84,88.81,129152355085.50656,99.99999999912528,C
UGS ENERGY PTE. LTD.,0.15,1,1,92.64,4.22,92.1,129152355085.65656,99.99999999924141,C
Milton Press Co Pte Ltd,0.06,1,1,73.43,3.83,70.6,129152355085.71655,99.99999999928787,C
CABCHARGE ASIA PTE LTD,0.05,1,1,92.29,4.29,79.33,129152355085.76656,99.99999999932658,C
IKANO PTE LTD,0.03,2,1,82.43,4.13,64.59,129152355085.79655,99.99999999934981,C
UNITED VALUERS PTE. LTD.,0.02,2,1,91.73,4.41,78.48,129152355085.81656,99.9999999993653,C
CENTURY 99 PTE LTD,0.02,2,1,93.88,3.43,85.47,129152355085.83656,99.99999999938079,C
CHAMBERS VALUERS & PROPERTY CONSULTANTS PTE. LTD.,0.02,2,1,97.57,2.84,67.62,129152355085.85657,99.99999999939627,C
INTEGRATED PROPERTY CONSULTANTS PTE. LTD.,0.02,2,1,85.48,2.64,82.81,129152355085.87657,99.99999999941176,C
SKF VALUERS LLP,0.02,2,1,91.27,5.0,92.89,129152355085.89658,99.99999999942726,C
SIERRA APPRAISERS LLP,0.02,2,1,79.64,3.13,89.14,129152355085.91658,99.99999999944275,C
ASIAN ASSETS ALLIANZ PTE. LTD.,0.02,2,1,91.55,3.86,83.15,129152355085.93658,99.99999999945824,C
TAN & CHANG PROPERTY CONSULTANTS,0.02,2,1,99.11,5.0,74.23,129152355085.95659,99.99999999947372,C
ACRES PROPERTY CONSULTANTS LLP,0.02,2,1,81.23,4.33,90.33,129152355085.9766,99.9999999994892,C
A STAR VALUER PTE. LTD.,0.02,2,1,86.51,4.03,77.34,129152355085.9966,99.9999999995047,C
STERLING PROPERTY CONSULTANTS PTE. LTD.,0.02,2,1,100.0,4.69,90.31,129152355086.0166,99.99999999952018,C
KIONG CHAI WOON & COMPANY PRIVATE LIMITED,0.02,2,1,82.02,4.67,93.41,129152355086.0366,99.99999999953567,C
ALPHA APPRAISERS LLP,0.02,2,1,86.01,3.05,72.31,129152355086.05661,99.99999999955116,C
PACER PROPERTY CONSULTANTS PTE. LTD.,0.02,2,1,97.0,5.0,80.13,129152355086.07661,99.99999999956665,C
FIRST APPRAISAL PTE LTD,0.02,2,1,85.89,3.46,81.0,129152355086.09662,99.99999999958214,C
LANDSFIELD VALUATION CONSULTANTS PTE. LTD.,0.02,2,1,82.77,4.57,79.72,129152355086.11662,99.99999999959763,C
PACIFIC ABACUS VALUERS PTE LTD,0.02,2,1,74.06,3.96,77.12,129152355086.13663,99.99999999961312,C
ESMACO VALUERS & PROPERTY AGENTS PTE LTD,0.02,2,1,82.48,4.29,71.98,129152355086.15663,99.99999999962861,C
PROPERTY CONTEXT PTE. LTD.,0.02,2,1,76.04,2.1,94.67,129152355086.17664,99.99999999964409,C
BEACON PROPERTY VALUERS LLP,0.02,2,1,78.73,3.4,72.96,129152355086.19664,99.99999999965958,C
ORANGETEE ADVISORY PTE. LTD.,0.02,2,1,86.87,3.76,76.63,129152355086.21664,99.99999999967507,C
REALTY INTERNATIONAL ASSOCIATES PTE LTD,0.02,2,1,82.01,3.64,89.38,129152355086.23665,99.99999999969057,C
ATLAS 21 REALTY PTE LTD,0.02,2,1,77.76,4.3,75.26,129152355086.25665,99.99999999970606,C
PIONEER PROPERTY CONSULTANTS LLP,0.02,2,1,82.52,3.79,84.18,129152355086.27666,99.99999999972154,C
JESC REALTY LLP,0.02,2,1,99.15,4.55,59.07,129152355086.29666,99.99999999973703,C
OPC VALUERS PTE. LTD.,0.02,2,1,89.07,3.63,74.76,129152355086.31667,99.99999999975252,C
REI VALUERS PTE LTD,0.02,2,1,97.59,4.54,81.61,129152355086.33667,99.99999999976801,C
H&U REAL ESTATE CONSULTANTS PTE. LTD.,0.02,2,1,84.88,5.0,70.39,129152355086.35667,99.9999999997835,C
3C PROPERTY CONSULTANTS PTE. LTD.,0.02,2,1,91.01,4.18,92.86,129152355086.37668,99.99999999979899,C
JUST VALUES LLP,0.02,2,1,92.43,4.34,84.77,129152355086.39668,99.99999999981448,C
Robert Khan & Co Pte Ltd,0.01,1,1,94.47,4.54,73.41,129152355086.40668,99.99999999982221,C
SGAG MEDIA PTE. LTD.,0.01,1,1,92.42,4.21,65.86,129152355086.41667,99.99999999982995,C
CHUNGHO PROPERTY CONSULTANTS PTE LTD,0.01,1,1,95.23,4.65,84.25,129152355086.42667,99.9999999998377,C
DESIGN LINK ARCHITECTS PTE. LTD.,0.01,5,1,83.34,5.0,73.22,129152355086.43666,99.99999999984543,C
LING PROPERTY CONSULTANTS PTE. LTD.,0.01,1,1,83.29,3.74,66.19,129152355086.44666,99.99999999985317,C
SOROKER AGMON NORDMAN PTE. LTD.,0.01,1,1,85.26,5.0,62.11,129152355086.45665,99.9999999998609,C
BERNARD VALUERS & REAL ESTATE CONSULTANTS (PTE) LTD.,0.01,1,1,79.82,4.27,80.74,129152355086.46664,99.99999999986865,C
TTG ASIA MEDIA PTE LTD,0.01,1,1,96.48,3.97,78.64,129152355086.47664,99.9999999998764,C
PROSPERCO INTERNATIONAL PROPERTY CONSULTANTS PTE LTD,0.01,1,1,92.82,4.2,79.08,129152355086.48663,99.99999999988412,C
TKL APPRAISAL PTE. LTD.,0.01,1,1,82.29,4.1,83.86,129152355086.49663,99.99999999989187,C
TKL APPRAISAL PTE LTD,0.01,1,1,93.34,4.31,84.64,129152355086.50662,99.9999999998996,C
Ling Property Consultants Pte Ltd,0.01,1,1,76.86,3.6,79.78,129152355086.51662,99.99999999990735,C
ACREAGE PROPERTY CONSULTANTS LLP,0.01,1,1,87.42,4.26,85.68,129152355086.52661,99.99999999991508,C
RHT VALUATION PTE. LTD.,0.01,1,1,86.74,3.65,91.59,129152355086.5366,99.99999999992282,C
OHB REAL ESTATE CONSULTANTS & SERVICES PTE LTD,0.01,1,1,95.71,5.0,80.66,129152355086.5466,99.99999999993055,C
DVALUER PROPERTY CONSULTANTS PTE. LTD.,0.01,1,1,91.9,4.27,84.21,129152355086.5566,99.9999999999383,C
REDDOT PUBLISHING INC. PTE LTD,0.01,1,1,84.8,4.29,87.63,129152355086.56659,99.99999999994603,C
GLO PROPERTY CONSULTANTS PTE. LTD.,0.01,1,1,83.44,4.03,65.02,129152355086.57658,99.99999999995377,C
ROBERT KHAN & CO PTE LTD,0.01,1,1,96.81,4.15,70.8,129152355086.58658,99.9999999999615,C
PENTAGON VALUERS,0.01,1,1,90.39,4.82,88.75,129152355086.59657,99.99999999996925,C
JY REALTY PTE. LTD.,0.01,1,1,84.23,4.07,75.19,129152355086.60657,99.99999999997698,C
PINTAS PTE LTD,0.01,1,1,78.14,3.58,88.11,129152355086.61656,99.99999999998472,C
OHB Real Estate Consultants & Services Pte Ltd,0.01,1,1,87.84,3.5,81.29,129152355086.62656,99.99999999999247,C
D'VALUER PROPERTY CONSULTANTS PTE. LTD.,0.01,1,1,80.75,3.59,98.85,129152355086.63655,100.0000000000002,C
SOON HUP CONSTRUCTION CO,0.0,2,1,88.76,3.44,58.95,129152355086.63655,100.0000000000002,C
T.J.CHIAM SURVEYORS PTE. LTD.,0.0,2,1,78.47,3.35,89.94,129152355086.63655,100.0000000000002,C
CONSORTIUM 168 ARCHITECTS PTE LTD,0.0,3,1,79.46,5.0,73.39,129152355086.63655,100.0000000000002,C
GROWTHLAND PTE LTD,0.0,1,1,90.89,5.0,89.81,129152355086.63655,100.0000000000002,C
WIPEOUT PEST CONTROL SERVICES PTE LTD,0.0,1,1,87.55,4.25,89.16,129152355086.63655,100.0000000000002,C
UNITED PROJECT CONSULTANTS PTE LTD,0.0,1,1,77.66,4.34,78.3,129152355086.63655,100.0000000000002,C
AHEAD ENGINEERING SERVICES PTE. LTD.,0.0,1,1,100.0,4.73,80.11,129152355086.63655,100.0000000000002,C
Northcroft Lim Consultants Pte Ltd,0.0,1,1,92.87,3.79,76.12,129152355086.63655,100.0000000000002,C
LHR TRADING CO. PTE. LTD.,0.0,1,1,93.44,3.72,81.55,129152355086.63655,100.0000000000002,C
YORKOOL PRIVATE LIMITED,0.0,1,1,80.94,4.22,64.11,129152355086.63655,100.0000000000002,C
NIKO ENTERPRISE PTE. LTD.,0.0,1,1,81.77,4.05,100.0,129152355086.63655,100.0000000000002,C
YKL DESIGN & CONSTRUCTION PTE LTD,0.0,1,1,81.29,5.0,80.22,129152355086.63655,100.0000000000002,C
DESIGNSHOP PTE. LTD.,0.0,1,1,95.72,3.85,94.83,129152355086.63655,100.0000000000002,C
GIMS & ASSOCIATES PTE. LTD.,0.0,1,1,100.0,4.75,78.02,129152355086.63655,100.0000000000002,C
LAC CONSTRUCTION PTE. LTD.,0.0,2,1,96.29,4.57,65.78,129152355086.63655,100.0000000000002,C
E C BUILDERS PTE. LTD.,0.0,2,1,94.33,3.9,69.98,129152355086.63655,100.0000000000002,C
BARTON BRUCE SHAW PTE. LTD.,0.0,1,1,92.56,4.63,86.16,129152355086.63655,100.0000000000002,C
A-GEO. SURVEY CONSULTANTS,0.0,2,1,82.84,3.75,80.44,129152355086.63655,100.0000000000002,C
TEP CONSULTANTS PTE LTD,0.0,2,1,96.13,4.19,87.54,129152355086.63655,100.0000000000002,C
JIA QUANTITY SURVEYORS & PROJECT MANAGERS PTE LTD,0.0,2,1,86.96,4.75,66.16,129152355086.63655,100.0000000000002,C
J K Foo Consortium Pte Ltd,0.0,1,1,82.32,4.19,85.89,129152355086.63655,100.0000000000002,C
8IGHTEES PRIVATE LIMITED,0.0,1,1,90.59,3.09,91.64,129152355086.63655,100.0000000000002,C
