supplier_name,total_spend,tender_count,agencies_count,on_time_delivery_pct,quality_rating,cost_competitiveness_score
"*SCAPE CO., LTD.",6320.0,1,1,91.97,5.0,93.29
01 COMPUTER SYSTEM PTE LTD,9425543.690000001,20,11,86.89,4.79,89.18
1 CELL BIO INC,175227.52,1,1,93.18,3.43,89.2
1 K PRODUCTIONS PTE. LTD.,900.0,1,1,100.0,3.4,79.93
1-GARAGE PTE. LTD.,100.0,1,1,86.13,4.86,85.94
1-GARDEN PTE. LTD.,100.0,1,1,86.13,3.42,80.14
1-KNOT PTE. LTD.,25390.0,1,1,100.0,4.41,65.91
1-MANSION PTE. LTD.,100.0,1,1,94.14,3.73,81.03
1-NET SINGAPORE PTE LTD,2682718.73,4,3,84.24,5.0,80.56
1-PRODUCTION PTE. LTD.,50.0,1,1,92.34,3.64,83.84
1-SOLEIL PTE. LTD.,100.0,1,1,84.29,4.79,76.72
108 GROWTH PARTNERS PTE. LTD.,488000.0,1,1,84.27,4.21,70.39
1965 THE MOBILE ACTIVITY CAFE PTE. LTD.,17340.0,1,1,89.94,4.25,84.57
"1LIGHT MEDIA, INC",91180.0,1,1,72.69,2.92,64.87
1SPATIAL AUSTRALIA PTY LIMITED,109796.0,1,1,74.2,2.78,92.59
1SURVEY ASSOCIATES,249100.0,2,1,83.5,3.97,75.69
2 IC CATERING PRIVATE LIMITED,5.5,1,1,79.9,4.25,80.46
23.5 DEGREE G-ARCHITECTS PTE. LTD.,2584880.0,2,2,90.51,3.42,83.59
2359 MEDIA PTE. LTD.,1.0,1,1,80.74,3.45,83.91
2EZ ASIA PTE. LTD.,1.0,1,1,76.7,4.44,63.91
2ND PET TAXI & CREMATION SERVICES,1003180.0,2,2,99.73,4.44,86.24
3-SIXTY BRAND COMMUNICATIONS PTE. LTD.,5487716.5,3,3,86.19,4.02,81.03
30 BENCOOLEN PTE. LTD.,170.5,1,1,88.54,4.57,71.65
33 TALENT SINGAPORE PRIVATE LIMITED,43901.0,2,2,76.6,3.4,70.5
3818 ASIA ENGINEERING PTE. LTD.,2303258.5,4,1,83.64,3.89,74.66
388 PTE. LTD.,670800.0,2,2,88.89,5.0,65.01
3AD GROUP PTE. LTD.,118430.0,1,1,78.79,4.14,95.22
3C PROPERTY CONSULTANTS PTE. LTD.,0.02,2,1,91.01,4.18,92.86
3D NETWORKS SINGAPORE PTE. LTD.,18422120.29,16,10,83.19,5.0,82.52
3E MEMTECH PTE. LTD.,72720.0,1,1,85.67,3.26,75.77
3G GLOBAL PTE. LTD.,71282.9,1,1,83.19,4.58,76.03
3I INFOTECH ASIA PACIFIC PTE. LTD.,6730.0,1,1,100.0,5.0,85.58
3M TECHNOLOGIES (S) PTE. LTD.,693760.12,11,4,87.89,3.91,95.58
3P ECOTECTURE PTE. LTD.,1342813.02,3,2,79.54,4.62,72.3
3PA PTE. LTD.,2524055.81,8,4,94.58,3.51,66.82
3S COMMUNICATION PTE. LTD.,1621360.0,6,1,78.23,3.69,93.48
3S CONSTRUCTION SERVICES PTE. LTD.,13800.0,1,1,89.67,4.33,60.13
3SI PTE. LTD.,157397.0,1,1,72.32,4.58,67.91
3WAVES ENERGY PTE. LTD.,65940.0,2,1,77.37,4.77,75.53
4N LIMITED,89472.0,1,1,89.57,5.0,62.4
4U ELEVATOR PTE. LTD.,139058.0,2,2,93.91,4.06,89.12
5 ESTRELAS SISTEMAS DE SEGURANCA LTDA,608951.0,1,1,89.37,4.82,86.57
5 Estrelas Sistema de Seguranca LTDA,762443.0,1,1,87.07,3.89,72.25
57 MEDICAL PTE. LTD.,2360000.0,1,1,85.59,4.64,90.8
6-SIGMA AUTOMATION PTE. LTD.,164500.0,1,1,76.17,4.22,92.49
600 MEDIA PRODUCTIONS,188000.0,1,1,82.24,4.37,76.87
7 STEPS PRODUCTIONS PTE. LTD.,23280.0,1,1,84.31,4.35,73.49
7-Jul,252712.0,1,1,96.46,3.14,100.0
8 HUNTERS INTERNATIONAL PTE. LTD.,1.0,1,1,90.75,3.43,85.21
800 SUPER WASTE MANAGEMENT PTE LTD,396195337.32,14,8,73.9,4.16,80.56
8IGHTEES PRIVATE LIMITED,0.0,1,1,90.59,3.09,91.64
96 BEVERAGE (ASIA) PTE. LTD.,864646.3500000001,6,5,84.92,4.6,81.02
9G ELEVATOR PTE. LTD.,5393480.54,10,6,82.58,4.62,72.94
A & D PRINTHUB PTE. LTD.,68002.0,2,1,92.89,4.3,78.8
A & L COMPUTER SERVICES PTE LTD,1.0,1,1,96.25,3.43,88.39
A & P MAINTENANCE SERVICES PTE LTD,8062532.0,2,2,95.45,4.93,58.08
A CRAFT INITIATIVE,181.0,2,1,81.29,5.0,75.12
A D LAB PTE. LTD.,10140000.0,1,1,85.53,4.19,91.83
A DISTILLERY,114950.0,1,1,90.65,4.41,72.88
A PLUS ENGRG & SERVICES PTE. LTD.,1569750.3,8,8,95.8,4.22,93.46
A S K ELECTRONIC PTE. LTD.,432926.7,4,1,84.17,4.42,92.15
A STAR VALUER PTE. LTD.,0.02,2,1,86.51,4.03,77.34
A VERY NORMAL COMPANY PTE. LTD.,126.0,3,3,79.15,4.08,72.31
A YONG PTE. LTD.,6963626.0,2,2,78.43,4.64,75.13
A&S TRANSIT PTE. LTD.,14650.0,1,1,94.5,5.0,100.0
A&T SIGNBOARD & PRINTING SDN. BHD,6404.14,1,1,98.85,3.26,96.74
A+B Edu Tours and Travel Pte. Ltd.,776732.96,8,4,87.42,4.04,79.25
A+B PTE. LTD.,356761.0,2,1,96.03,3.39,71.92
A+B TOURISM TRAINING HUB PTE. LTD.,26876.0,1,1,90.89,5.0,79.17
A-GEO. SURVEY CONSULTANTS,0.0,2,1,82.84,3.75,80.44
A-IT Software Services Pte Ltd,323720.0,1,1,90.89,3.23,65.57
A-MAIN OBJECTIVES PTE LTD,14400.0,1,1,100.0,4.48,78.8
A-MOBILE PTE. LTD.,1.0,1,1,87.71,5.0,91.22
A-ONE AIR-CONDITIONING PTE LTD,529200.0,1,1,100.0,4.5,60.01
A-SONIC LOGISTICS PTE. LTD.,22077505.96,5,3,67.04,4.22,86.27
A-SPEED INFOTECH PTE. LTD.,1169178.0,5,5,94.58,4.35,91.75
A-STAR ENRICHMENT SERVICES,1145700.0,1,1,88.7,4.95,72.39
A-TEAM PEST CONTROL PTE. LTD.,143620.0,2,2,85.61,3.58,94.94
A-TEC AUTOMOTIVE PTE. LTD.,104652.0,1,1,88.73,4.03,71.1
A-TUNE SOFTWARE INC.,170000.0,1,1,72.1,3.83,82.41
A.G.T Marketing Pte Ltd,56235.0,1,1,86.24,3.4,74.93
A.MAX PTE LTD,723228.1599999999,4,3,90.86,3.9,74.93
A.MAX PTE. LTD.,1027614.0,2,2,99.82,4.76,71.83
A.S.LOUKEN BRANDING PTE. LTD.,1.0,1,1,83.85,4.44,84.99
A2LA WorkPlace Training,103080.24,1,1,81.53,4.49,86.49
AA ACCESS PARTNERSHIP LIMITED,2.0,2,1,83.99,4.19,77.36
AA VEHICLE INSPECTION CENTRE PTE LTD,4249530.0,1,1,95.32,4.41,64.4
AADVANTAGE CONSULTING GROUP PTE. LTD.,6928783.5,28,14,90.63,3.62,82.03
AAM GEOSPATIAL PTE. LTD.,1365351.1,3,2,83.76,3.91,82.22
AAM PTY LTD,9474694.0,3,2,92.11,4.22,75.83
AARDWOLF PESTKARE (SINGAPORE) PTE LTD,78680.0,1,1,88.78,4.27,96.67
AARON WILLS & CO. PRIVATE LIMITED,358083.0,8,3,95.75,4.29,62.36
AAXONN MEDIA SERVICES PTE. LTD.,2419.2,2,2,82.38,4.02,55.83
AAXONN PTE. LTD.,1399.9,1,1,85.38,3.87,70.69
AB ASSOCIATES PTE. LTD.,348000.0,1,1,84.86,5.0,85.1
AB SCIEX (DISTRIBUTION),15853628.84,18,8,76.29,4.64,67.44
ABACUS PROPERTY MANAGEMENT PRIVATE LIMITED,43080.0,1,1,90.37,4.35,68.19
ABB PTE. LTD.,56960664.879999995,24,9,90.09,3.96,87.51
ABBOTT INFORMATICS ASIA PACIFIC LTD,1626907.0,1,1,88.04,3.83,82.63
ABBOTT INFORMATICS SINGAPORE PTE. LIMITED,1426297.9,2,1,86.12,4.02,81.77
ABBOTT LABORATORIES (SINGAPORE ) PRIVATE LIMITED,9095020.0,1,1,76.68,4.28,85.81
ABCAM SINGAPORE PTE. LTD.,2142351.45,2,1,84.63,2.97,73.75
ABEAM ANALYTICS PTE. LTD.,10217430.25,3,3,85.26,3.16,74.21
ABERDEEN ASSET MANAGEMENT ASIA LIMITED,6.0,2,2,81.58,3.72,86.1
ABERDEEN STANDARD INVESTMENTS (ASIA) LIMITED,2.0,1,1,86.71,4.22,64.55
ABI RESEARCH SINGAPORE PTE. LTD.,63022.23,1,1,91.23,3.96,56.57
ABINGDON CONSTRUCTION PTE. LTD.,186000.0,1,1,100.0,4.99,73.67
ABJ PTE LTD,11996610.0,5,2,89.4,3.21,87.31
ABL CONSULTANTS PTE. LTD.,616837.0,9,3,90.06,3.65,80.56
ABN IMPACT PTE. LTD.,1.0,1,1,87.4,5.0,86.57
ABR HOLDINGS LIMITED,463000.0,1,1,72.65,4.18,57.84
ABRAMTLE INTERNATIONAL PTE. LTD.,946490.45,3,2,87.79,4.63,81.15
ABSG CONSULTING INC.,606094.0,2,2,88.48,5.0,84.54
ABSOLUTE INSTRUMENT SYSTEMS (PTE.) LTD.,175405.4,4,2,100.0,3.68,64.49
ABSOLUTE KINETICS CONSULTANCY PTE LTD,23760.0,1,1,86.46,4.04,86.62
ABSOLUTE MAINTENANCE SERVICES PTE LTD,26234750.0,8,5,90.41,3.94,76.88
ABSOLUTE MAINTENANCE SERVICES PTE. LTD.,11076300.0,2,2,87.72,2.93,100.0
ABSOLUTE SC PTE. LTD.,1072066.6,1,1,78.65,3.91,56.23
ABTUS SINGAPORE PTE LTD,923677.53,1,1,97.14,4.63,91.69
ABTUS SINGAPORE PTE. LTD.,792631.78,1,1,94.02,4.42,74.06
ABUNDANZ CONSULTING PTE. LTD.,152864.0,4,3,94.33,4.47,61.83
ABV SYSTEMS PTE LTD,743360.0,1,1,80.72,3.87,72.73
ABVOLUTION WELLNESS,278730.2,2,2,99.22,3.71,80.77
AC&CS (PTE.) LTD.,97700.0,1,1,76.79,4.86,88.37
ACA ENGRG PTE LTD,1068565.1,3,3,92.69,3.8,95.22
ACA PACIFIC TECHNOLOGY (SINGAPORE) PTE. LTD.,249684.0,1,1,100.0,4.28,92.22
ACADEMICLINIC PTE. LTD.,409825.0,2,1,80.08,4.2,68.35
ACADEMY COMMUNICATION PTE. LTD.,26700.0,1,1,83.47,4.98,89.3
ACADEMY OF MEDICINE SINGAPORE,3525576.0,2,1,88.8,4.68,81.91
ACADEMY OF SOLUTION FOCUSED TRAINING PTE. LTD.,19400.0,1,1,83.97,3.32,71.45
ACADEMY OF SPORTS AND EXERCISE SCIENCE PTE. LTD.,963564.44,5,3,75.59,3.39,75.88
ACADIAN ASSET MANAGEMENT (SINGAPORE) PTE LTD,330000.0,2,2,88.55,4.45,70.9
ACC EDUHUB PTE. LTD.,8284.8,1,1,79.5,4.06,78.37
ACCENT MUSICAL EQUIPMENT PTE LTD,24036.0,2,2,91.79,3.83,70.7
ACCENTURE PTE LTD,615369485.37,39,17,80.64,4.71,67.72
ACCENTURE SG SERVICES PTE. LTD.,276978736.44,18,13,100.0,4.21,82.79
ACCESS EXPRESS COURIERS PTE LTD,2896095.23,1,1,81.73,4.13,84.29
ACCESS-2-HEALTHCARE,49680.0,1,1,85.42,4.57,76.12
ACCLAIM INSURANCE BROKERS PTE. LTD.,5410889.34,14,8,94.51,3.87,91.68
ACCLAIM SYSTEMS PTE. LTD.,226200.0,3,2,78.15,5.0,75.4
ACCLIVIS TECHNOLOGIES AND SOLUTIONS PTE. LTD.,71134541.6,7,4,89.82,3.63,74.97
ACCORD BUSINESS SOLUTIONS PTE. LTD.,86700.0,3,1,98.46,4.49,84.6
ACCORD TEST EQUIPMENT,66645.0,1,1,75.14,4.96,76.68
ACCRETE TECHNOLOGY (S) PTE. LTD.,233000.0,1,1,89.48,3.27,78.85
ACCULEX SOLUTIONS PTE. LTD.,168000.0,1,1,90.08,3.89,52.8
ACCURACY SINGAPORE CORPORATE ADVISORY PTE. LTD.,130800.0,1,1,94.25,4.79,78.17
ACCURATE GENERAL CORP.,268442.24,1,1,78.1,4.79,59.73
ACCURATE GENERAL GORP.,623178.73,1,1,77.44,4.0,65.79
ACE BUILDING SERVICES PTE. LTD.,651300.0,1,1,92.18,3.66,64.65
ACE KEGAN PTE. LTD.,547278.0,2,2,90.38,4.67,67.57
ACE LAND SURVEY,450799.0,3,2,90.0,4.81,72.51
"ACE RECREATION, SPORTS & WELLNESS PTE. LTD.",171200.0,2,1,90.77,3.4,73.14
ACE RECRUITERS,2725703.58,7,1,82.56,3.38,84.64
ACE SPORTS SG,15480.0,1,1,89.86,4.24,80.22
ACE TOURS & TRAVEL PTE. LTD.,2773.0,1,1,90.34,4.48,58.99
ACE WATER PTE. LTD.,49905415.0,22,4,82.29,3.92,78.83
ACE'S OF VASE PTE. LTD.,3.0,3,1,100.0,4.51,81.18
ACE(S) ENTERPRISE,1.0,1,1,91.79,3.67,74.71
ACE-TONE SOLUTIONS,84550.0,4,2,78.47,2.83,77.39
ACE:DAYTONS COMMUNICATIONS PTE. LTD.,51931.1,1,1,93.25,3.85,79.9
ACENTRIX PTE. LTD.,34315.45,1,1,80.2,4.14,85.65
ACEPLAS PTE. LTD.,82800.0,1,1,94.3,3.93,62.25
ACEPLP.COM PTE LTD,1054980.28,5,3,97.27,3.4,75.56
ACEPROJECT CONSTRUCTION PTE. LTD.,6133210.0,19,10,81.43,3.01,93.08
ACER COMPUTER (SINGAPORE) PTE LTD,6825233.0,2,2,95.71,3.79,92.17
ACERPACER CONSULTING PTE. LTD.,529900.0,1,1,91.3,4.64,86.51
ACES LEARNING HUB PTE. LTD.,52030.0,1,1,94.58,4.85,83.37
ACES SYSTEM DEVELOPMENT PTE LTD,5500000.0,4,4,100.0,4.81,94.55
ACESIAN STAR (S) PTE. LTD.,1038730.2,3,3,86.04,3.61,97.18
ACESIAN SUN PTE. LTD.,80000.0,1,1,81.97,3.41,76.71
ACEXON TECHNOLOGIES PTE. LTD.,674780.0,3,1,80.88,4.4,68.31
ACEZ INSTRUMENTS PTE. LTD.,477050.0,2,1,81.47,4.48,75.3
ACHEMA PTE LTD,24500.0,2,2,87.38,4.34,100.0
ACHIEVE CAREER CONSULTANT PTE LTD,50.0,3,2,90.73,2.89,62.31
ACHIEVERS PLUS LLP,663650.65,2,2,90.21,3.58,73.29
ACL SERVICES (SINGAPORE) PTE. LTD.,43119.0,1,1,94.62,4.08,63.87
ACME ASSOCIATES PTE. LTD.,9149284.0,3,2,88.1,4.39,79.25
ACME CHEMICALS (FAR EAST) PTE LTD,6346720.0,10,1,99.63,4.56,65.97
ACMS FACILITIES MANAGEMENT PTE. LTD.,899.3,1,1,85.88,4.19,76.91
ACOM ASIAN RESOURCES PTE. LTD.,984240.0,3,2,100.0,4.3,58.5
ACORN MARKETING & RESEARCH CONSULTANTS PTE LTD,2238088.35,1,1,93.01,4.15,84.18
ACORN TRAINING PTE. LTD.,35244.0,4,2,81.14,4.51,90.22
ACOUSTIC & LIGHTING SYSTEM PTE. LTD.,525400.0,6,2,79.43,4.29,74.16
ACOUSTIC GROUP PTE. LTD.,331891.63,1,1,91.86,4.14,76.65
ACP COMPUTER TRAINING SCHOOL PTE. LTD.,290945.0,5,5,86.21,3.94,76.37
ACP OFFICE SUPPLIES PTE. LTD.,833002.0,2,2,93.71,4.15,79.81
ACRE ENGINEERING PTE LTD,4761022.0,19,8,91.79,4.39,77.62
ACREAGE PROPERTY CONSULTANTS LLP,0.01,1,1,87.42,4.26,85.68
ACRES PROPERTY CONSULTANTS LLP,0.02,2,1,81.23,4.33,90.33
ACROMEC ENGINEERS PTE LTD,26949458.49,14,6,75.88,4.91,69.86
ACT 3 INTERNATIONAL PTE LTD,276460.0,4,3,84.43,4.26,74.91
ACTC TRANSLATION CENTRE PTE. LTD.,6.51,2,1,94.85,3.71,87.02
ACTFAST MEDICAL LLC,900.0,1,1,89.71,4.63,63.78
ACTICS ENTERPRISE,229500.0,1,1,78.03,3.28,58.29
ACTION TEAMS PTE. LTD.,1.0,1,1,89.39,3.45,80.26
ACTIVANTS PTE LTD,16920051.8,5,4,91.08,4.3,82.96
ACTIVATE INTERACTIVE PTE LTD,8886680.9,10,3,80.93,4.41,70.78
ACTIVE FIRE PROTECTION SYSTEMS PTE. LTD.,60781.0,1,1,89.23,3.35,72.21
ACTIVE GLOBAL FITNESS PTE. LTD.,1.0,1,1,88.47,3.87,70.4
ACTIVE GLOBAL RESPITE CARE PTE. LTD.,3.0,3,1,78.86,3.74,69.33
ACTIVECOOL FASHION PRIVATE LIMITED,112300.0,1,1,90.86,3.81,84.93
ACTIVEO SINGAPORE PTE. LTD.,1021929.56,2,2,92.49,4.67,66.2
ACTIVISTE PTE. LTD.,631650.0,4,4,96.66,4.52,75.34
ACTIVITY CONSTRUCTION PTE. LTD.,1288000.0,1,1,96.43,4.09,68.95
ACTUALISE! PTE. LTD.,22560.0,1,1,76.98,3.77,63.45
ACTUATION & CONTROLS ENGINEERING SDN. BHD.,51112.28,1,1,80.5,3.29,86.7
ACUATE PRIVATE LIMITED,411044.0,3,2,92.12,4.95,72.8
ACUMED MEDICAL PTE. LTD.,16000.0,1,1,92.11,4.46,79.88
ACXODUS PTE. LTD.,3854344.0,4,1,92.12,3.68,62.92
ADAM KHOO LEADERSHIP COMPANY PTE. LTD.,830583.0,7,3,100.0,4.53,70.58
ADAM KHOO LIFE SKILLS COMPANY PTE. LTD.,1014105.0,8,5,92.57,4.06,85.56
ADAM KHOO LOVE FOR LEARNING COMPANY PTE. LTD.,1301110.0,7,3,97.08,3.93,100.0
ADAM KHOO OUTDOOR COMPANY PTE. LTD.,817148.0,5,2,95.63,4.36,58.24
ADAPTACE PTE. LTD.,1611000.0,1,1,93.21,3.66,75.99
ADDICTION ADVERTISING PTE. LTD.,3353604.71,5,2,85.48,3.89,82.12
ADDP ARCHITECTS LLP,5020101.6,12,5,94.07,4.17,71.84
ADECCO PERSONNEL PTE LTD,574830.0,6,5,81.82,3.8,86.5
ADELE EDUCATIONAL PSYCHOLOGY SERVICES,42820.0,2,2,86.11,4.5,69.33
ADEMCO (FAR EAST) PTE LTD,5654303.0,14,8,84.12,5.0,79.54
ADES ENGINEERING PTE LTD,163936.0,1,1,88.65,3.65,72.78
ADFACTORS PR PRIVATE LIMITED,505886.05,1,1,100.0,3.1,90.19
ADHESIVE PR,942722.95,1,1,73.06,2.9,71.24
ADHESIVE PUBLIC RELATIONS PTY LTD,638726.21,1,1,93.49,4.01,74.48
ADL CONTROL (S) PTE. LTD.,192500.0,1,1,75.1,3.7,87.46
ADMATERIALS TECHNOLOGIES PTE. LTD.,1515909.0,11,4,84.22,4.22,67.72
ADMEN INCORPORATED PTE. LTD.,1.0,1,1,96.71,4.18,78.69
ADNOVUM SINGAPORE PTE. LTD.,6913882.0,3,3,88.51,3.14,59.77
ADOBE SYSTEMS SOFTWARE IRELAND LIMITED,1079742.56,1,1,79.38,3.01,67.12
ADONAI ELECTRONICS SERVICES,220814.4,1,1,82.28,4.28,81.82
ADRED CREATION HOLDINGS PTE. LTD.,1505653.1099999999,3,3,93.44,4.18,68.09
ADRENALIN GROUP PTE. LTD.,866658.55,5,2,82.16,3.84,72.55
ADRIAN FISHER DESIGN LIMITED,495500.0,1,1,89.73,3.11,82.93
ADSAN LAW LLC,1932401.0,9,9,88.36,4.38,72.21
ADSOLUTION,180400.0,1,1,82.79,4.86,86.23
ADTEC ENTERPRISE PTE LTD,27440.0,1,1,100.0,4.27,80.16
ADTITUDE PTE LTD,121666.0,1,1,93.07,3.59,82.36
ADVAN ENGINEERING PTE. LTD.,1248641.0,5,4,71.8,4.13,90.41
ADVANCE COACH PTE. LTD.,660000.0,1,1,89.49,3.28,81.2
ADVANCE LABORATORY SYSTEM ENGINEERING PTE. LTD.,3116096.0,2,2,82.71,4.73,93.39
ADVANCE LIBRARY SERVICES PTE LTD,51465.97,2,1,94.82,4.15,87.11
ADVANCE MEMBRANE SYSTEM PTE LTD,113800.0,1,1,81.66,3.04,72.77
ADVANCE PINNACLE TECHNOLOGIES PRIVATE LIMITED,1345110.0,3,1,87.08,3.92,90.93
ADVANCE SCREEN PTE LTD,95.8,1,1,92.04,4.38,80.64
ADVANCE SPORTS TECHNOLOGIES PTE. LTD.,2822547.0,7,6,94.93,3.9,74.05
ADVANCE SURVEY CONSULTANT PTE. LTD.,2783736.5,6,5,78.4,3.93,80.78
ADVANCE-TEC ENGINEERING PTE. LTD.,266850.0,1,1,85.32,3.37,89.12
ADVANCED BUSINESS SOFTWARE AND SOLUTIONS PTE. LTD.,763300.0,2,2,84.2,4.44,82.55
ADVANCED CAE PTE. LTD.,280721.0,1,1,82.77,3.71,96.22
ADVANCED CONSTRUCTION & ENGINEERING PTE LTD,3250066.0,3,1,100.0,2.81,88.87
ADVANCED ENGINEERING GROUP (INTERNATIONAL) PTE. LTD.,1346506.26,4,3,91.24,3.88,83.23
ADVANCED MATERIAL ENGINEERING PTE. LTD.,2726885.85,2,2,77.91,4.69,67.74
ADVANCED MICRO FOUNDRY PTE. LTD.,466000.0,1,1,95.34,3.87,76.2
ADVANCED PYROTECHNIC MATERIALS PRIVATE LIMITED,3436213.2,3,1,100.0,5.0,78.72
ADVANCED TECH IRRIGATION GOLF PTE. LTD.,1477320.0,2,1,96.26,4.36,84.97
ADVANCEDATA NETWORK SDN. BHD.,58465.51,3,1,75.85,4.3,84.37
ADVANCELAB (S) PTE. LTD.,709153.0,5,3,84.13,4.02,79.7
ADVANT ENGINEERING PTE. LTD.,1334890.0,3,2,98.14,4.06,79.2
ADVANTAGE HEALTH BENEFITS PTE. LTD.,1951163.0,2,2,82.34,3.94,85.2
ADVANTEST (SINGAPORE) PTE. LTD.,792810.31,1,1,91.55,3.92,69.41
ADVANTI TECHNOLOGY PTE. LTD.,1936899.6,2,1,94.2,4.42,94.96
ADVENTRA PTE. LTD.,5067338.85,2,1,80.58,3.54,57.53
ADVENTURE EDUCATION LLP,1356.0,1,1,87.52,3.45,92.55
ADVENTURE PLUS PTE. LTD.,804025.0,7,2,62.07,3.43,77.55
ADVENTURE SYSTEMS PTE. LTD.,379940.0,2,2,79.8,5.0,88.03
ADVENTURE WORLD,229740.0,1,1,85.98,4.42,81.64
ADVENTURER'S SINGAPORE PTE LTD,3113096.0,2,2,78.02,4.28,81.46
ADVENTURER'S SPORTS & EVENT PTE. LTD.,112618.5,1,1,100.0,3.47,83.54
ADVINNO TECHNOLOGIES PTE. LTD.,1383362.49,4,1,76.56,4.47,86.09
ADVION LTD,269037.0,2,2,84.48,4.03,74.71
ADVOCATUS LAW LLP,1010.0,1,1,89.05,4.23,88.35
ADWYN IMPEX PVT LTD,83383.3,1,1,99.53,3.51,67.16
AE MODELS TEAM PTE LTD,4750834.4,8,3,76.51,4.2,77.95
AECOM COST CONSULTING AND PROJECT MANAGEMENT (SINGAPORE) PTE. LTD.,13457601.57,9,4,97.31,3.85,86.36
AECOM SINGAPORE PTE. LTD.,177091141.21,47,14,88.08,3.64,87.95
AEDAS PTE. LTD.,59095994.5,2,2,80.15,4.54,82.61
AEDGE HOLDINGS PTE LTD,15022003.0,11,8,91.7,3.18,74.07
AEDGE HOLDINGS PTE. LTD.,333085.0,2,2,89.59,4.44,86.97
AEDGE SERVICES PTE. LTD.,1816980.0,5,4,83.2,4.51,71.31
AEG POWER SOLUTIONS PTE. LTD.,261484.0,1,1,88.56,3.57,95.51
AEGIS ENGINEERING PTE. LTD.,1470527.0,7,5,84.92,3.61,77.15
AEGIS INSURANCE AGENCIES PTE. LTD.,2912.5,1,1,88.91,3.97,62.6
AEL TRAVEL PTE. LTD.,460800.0,1,1,93.3,4.27,66.05
AERO-MARINE VEHICLES,1848100.0,5,3,100.0,4.01,78.44
AEROBE PTE. LTD.,132710.0,1,1,78.1,4.36,79.4
AEROLION TECHNOLOGIES PTE. LTD.,148000.0,1,1,100.0,5.0,97.7
AEROPEARL PTY LTD,5582625.0,1,1,72.38,3.8,67.62
AETHA CONSULTING LIMITED,3.0,3,1,86.79,3.07,78.39
AETOS GUARD SERVICES PTE. LTD.,5038036.55,2,2,92.71,4.6,67.41
AETOS SECURITY MANAGEMENT PTE. LTD.,179223455.24,29,20,90.25,5.0,73.07
AETOS TRAINING ACADEMY PTE. LTD.,331550.0,3,3,83.02,4.34,94.84
AFFLE INTERNATIONAL PTE. LTD.,1370460.0,1,1,86.34,3.45,66.64
AFON PTE. LTD.,179700.0,1,1,84.06,4.03,83.87
AFON TECHNOLOGIES PTE. LTD.,301440.0,1,1,83.29,3.43,81.93
AFTERSHOCK PC PTE. LTD.,240854.53,2,2,94.8,4.49,77.76
AGA ARCHITECTS PRIVATE LIMITED,3773000.0,6,3,90.86,3.29,83.19
AGAIN FASTER SG PTE. LTD.,102810.46,1,1,82.46,3.92,66.4
AGAPE CP HOLDINGS PTE. LTD.,3780127.0,1,1,95.2,3.5,94.56
AGAPE PROFESSIONAL DEVELOPMENT CONSULTANCY,5320.0,2,1,90.46,4.18,97.25
"AGAPE, CONNECTING PEOPLE PTE. LTD.",625109.0,4,4,94.5,3.88,78.47
AGAPE-LIFE SUPPORT SYSTEM PTE. LTD.,49680.0,1,1,93.04,4.21,100.0
AGARWAL SUMIT,150000.0,1,1,81.37,4.11,74.01
AGB EDUCATION CENTRE PTE. LTD.,1122.0,1,1,83.52,3.51,82.0
AGE NEONLIGHT & SIGNCRAFTS PTE LTD,75476.0,1,1,93.98,4.48,92.32
AGENCE FRANCE PRESSE,250000.0,1,1,92.88,4.07,73.41
AGENCY,2.0,2,2,87.83,3.51,64.18
AGENDA,449181.0,1,1,88.94,5.0,61.88
AGGASYS SOLUTIONS PTE. LTD.,25297.0,2,2,98.22,4.39,98.61
AGGREKO (SINGAPORE) PTE LTD,1253920.0,1,1,83.27,4.01,72.71
AGILENT TECHNOLOGIES SALES (MALAYSIA) SDN BHD,261033.77000000002,3,1,92.38,4.95,76.14
AGILENT TECHNOLOGIES SALES (MALAYSIA) SDN. BHD.,226090.54,1,1,86.38,5.0,66.87
AGILENT TECHNOLOGIES SINGAPORE (SALES) PTE. LTD.,7835059.65,24,9,86.26,4.01,87.48
AGILITY FAIRS & EVENTS LOGISTICS PTE. LTD.,2.0,2,2,96.79,4.31,70.18
AGITECH INNOVATIONS PRIVATE LIMITED,4808658.9,3,3,94.6,3.51,73.09
AGOG EXPO PTE. LTD.,170000.0,1,1,94.51,4.01,81.0
AGORIZE ASIA LIMITED,207500.0,1,1,98.44,3.98,67.36
AGORIZE SINGAPORE PTE. LTD.,573333.4,2,1,88.17,4.21,76.21
AGRI OPUS PROBA PTE. LTD.,607801.99,2,2,93.46,4.3,92.02
AGRICULTURAL TRACTORS SPARES PTE LTD,145160.0,3,2,85.52,4.44,82.28
AGS CONSULTANTS PTE. LTD.,9000.0,1,1,90.59,4.24,79.31
AH BOON CIVIL ENGINEERING & BUILDING CONTRACTOR PTE LTD,70913000.0,9,2,86.96,3.37,80.15
AH HONG HOLDINGS PTE. LTD.,537.94,1,1,88.78,3.54,74.11
AH HUA KELONG,26315.0,1,1,92.76,3.77,97.96
AH SENG STAINLESS STEEL PTE. LTD.,131030.0,1,1,81.45,3.93,69.88
AHEAD ENGINEERING SERVICES PTE. LTD.,0.0,1,1,100.0,4.73,80.11
AI ANALYTICAL PTE. LTD.,269539.0,1,1,79.95,3.4,79.15
AI4R,325965.0,1,1,78.29,3.89,88.09
AIA SINGAPORE PRIVATE LIMITED,11996788.32,5,4,97.26,4.67,89.03
AIBI INTERNATIONAL PTE. LTD.,536051.2,1,1,94.33,3.92,77.68
AIG ASIA PACIFIC INSURANCE PTE. LTD.,2749028.35,10,7,92.99,4.38,80.91
AIG EDENSPIEKERMANN LIMITED,796960.0,1,1,93.03,4.02,81.29
AIG MALAYSIA INSURANCE BERHAD,87255.94,1,1,87.9,4.25,55.28
AIK LEONG PLUMBING CONSTRUCTION PTE LTD,202951441.0,9,2,80.82,3.96,62.11
AIK MOH PAINTS & CHEMICALS PTE LTD,202207.5,5,3,88.61,4.5,71.95
AIK MOH PAINTS & CHEMICALS PTE. LTD.,202971.56,1,1,82.58,3.17,72.38
AIK SAN CONSTRUCTION PTE LTD,1879000.0,1,1,95.8,3.88,66.01
AIK SUN DEMOLITION & ENGINEERING PTE LTD,7471750.0,9,5,86.82,4.28,85.5
AIKGUAN MARKETING,228171.56,1,1,81.4,4.42,78.02
AIKLY PAINTS AND CHEMICAL PTE LTD,221891.0,3,1,85.43,5.0,75.85
AIM FIRE SYSTEMS & ENGINEERING PTE. LTD.,764800.0,2,2,91.3,3.87,65.44
AIMFLOW PTE. LTD.,260640.0,1,1,83.49,4.99,77.55
AIMS PRODUCTIONS LLP,252990.0,2,1,81.42,3.7,51.73
AION SCIENTIFIC PTE. LTD.,17308.0,2,1,89.95,4.9,76.37
AIR & AIR SERVICES PTE LTD,1135776.0,3,1,89.96,4.59,78.63
AIR LIQUIDE SINGAPORE PRIVATE LIMITED,21300460.21,24,6,83.94,3.55,80.42
AIR PRODUCTS MALAYSIA SDN. BHD.,22668.47,1,1,84.23,4.28,62.36
AIR PRODUCTS SINGAPORE INDUSTRIAL GASES PTE. LTD.,777944.0,3,2,89.86,4.07,80.25
AIR TRANSPORT TRAINING COLLEGE PTE LTD,104000.0,1,1,76.42,4.48,67.59
AIRBORNE SUPPORT GROUP LLC,257779.55,1,1,76.74,3.97,69.88
AIRBUS ASIA TRAINING CENTRE PTE. LTD.,104800.0,1,1,82.25,3.92,85.18
AIRCON SERVICE CO LTD,196125.0,1,1,86.29,4.92,98.14
AIRELATED SERVICES PTE. LTD.,1936666.0,2,2,90.49,4.04,78.51
AIRFRESH BUILDING SERVICES PTE. LTD.,1230328.0,4,4,99.8,4.6,69.83
AIRMAZE CORPORATION PTE. LTD.,86710.9,1,1,94.86,3.96,79.89
AIRPORT EQUIPMENT SERVICES PTE LTD,150300.0,1,1,86.72,5.0,87.39
AIRVERCLEAN PTE LTD,99569.0,1,1,87.85,3.69,84.21
AIRWAVE PTE LTD,546159.0,2,1,79.98,3.73,100.0
AITBIOTECH PTE. LTD.,888361.52,12,8,87.85,5.0,70.85
AITECH MECHATRONICS (S) PTE. LTD.,270000.0,1,1,85.69,3.83,80.52
AITECH ROBOTICS AND AUTOMATION PTE. LTD.,601603.0,1,1,90.58,5.0,93.49
AJ JETTING PTE. LTD.,273600.0,1,1,81.38,4.64,92.86
"AJA INTERNATIONAL, INC.",521832.66000000003,2,2,92.15,4.01,58.5
AK GLOBAL TECH PTE. LTD.,6104.65,1,1,100.0,3.01,77.97
AKELES CONSULTING PTE. LTD.,2349930.65,8,3,87.13,4.09,92.85
AKK TH3X (S) PTE. LTD.,356341.0,1,1,91.21,4.16,100.0
AKL TECHNOLOGY ENGINEERING & SERVICES,118560.0,2,2,93.52,4.8,85.04
AKROBAT PTE. LTD.,387145.0,1,1,84.79,5.0,74.32
AKT CREATIONS,234820.0,1,1,89.79,3.69,67.91
ALAN PHOTO PTE. LTD.,8797.5,1,1,88.1,4.58,100.0
ALBA GROUP PLC & CO. KG,245268969.8,2,1,88.78,4.56,85.29
ALBERT PANG TRANSPORT,655200.0,2,2,81.82,4.74,69.52
ALC TECHNOLOGIES PTE LTD,904142.0,5,3,88.2,4.4,75.97
ALCATEL-LUCENT SINGAPORE PTE. LTD.,2.0,2,1,91.98,2.93,81.1
ALCO AUTOMATION PTE LTD,14992.0,1,1,99.61,4.01,83.44
ALCOTRAD PTE. LTD.,366350.0,1,1,95.67,3.41,69.0
ALEPH PTE. LTD.,4400.0,1,1,100.0,3.98,71.86
ALEXANDER DENNIS (ASIA PACIFIC) LIMITED,498500.0,1,1,81.86,4.69,61.47
ALFA CONNECTIONS PTE. LTD.,226600.0,1,1,94.98,4.28,88.4
ALFA INTERNATIONAL PTE. LTD,30200.0,2,1,89.47,4.79,74.58
ALFA LAVAL SINGAPORE PTE LTD,436000.0,1,1,100.0,4.31,82.66
ALFA TECH VESTASIA PTE. LTD.,10312546.06,5,4,81.53,3.32,92.22
ALGREAT SALES & SERVICES SDN. BHD.,5539.85,1,1,81.28,2.59,80.2
ALIBABA CLOUD (SINGAPORE) PRIVATE LIMITED,266948.0,1,1,83.2,4.19,76.87
ALICE,250018.0,3,3,71.01,3.97,79.94
ALIGN SMA PTE. LTD.,747446.6799999999,6,5,83.79,3.51,78.63
ALION SCIENCE AND TECHNOLOGY CORPORATION,87248.61,1,1,81.93,3.08,90.46
ALKALOM ECLAT,263500.0,1,1,89.2,3.66,81.11
ALKALOM ECLAT PTE. LTD.,123810.5,2,2,90.73,3.98,72.56
ALKEM COMPANY (SINGAPORE) PRIVATE LIMITED,93877.35,10,6,100.0,4.5,88.48
ALL BIG FROZEN FOOD PTE LTD,1213486.6,7,5,95.6,4.21,90.3
ALL CONSTRUCTION ENGINEERING PTE. LTD.,165000.0,1,1,83.38,5.0,64.62
ALL DEFENCE TECHNOLOGY PTE. LTD.,120123.01,1,1,80.81,3.48,93.33
ALL EIGHTS (SINGAPORE) PRIVATE LIMITED,1114738.0,4,2,91.94,4.63,81.65
ALL ELITE SECURITY PTE. LTD.,792000.0,1,1,77.44,4.13,80.83
ALL LINK(21) ENGINEERING PTE LTD,6250000.0,1,1,100.0,4.52,88.07
"ALL REAL TECHNOLOGY CO., LTD",406619.2,1,1,97.44,3.84,72.33
ALL SAINTS HOME,1.0,1,1,84.25,4.74,87.54
ALL-BEST PHOTOCOPY & PRINTING,136669.03,3,2,74.29,4.28,74.23
ALLAN DEFENCE TECHNOLOGIES PTE. LTD.,391905.12,5,1,98.83,3.69,63.25
ALLEGRO-BRIO,59721.100000000006,3,1,87.08,4.09,68.02
ALLEN & GLEDHILL LLP,2516647.8899999997,40,20,97.9,3.96,83.67
ALLEN & OVERY LLP,4204.0,1,1,75.24,4.39,68.55
ALLIANCE CONSULTING ENGINEERS PTE. LTD.,54164712.0,11,3,83.2,3.39,94.1
ALLIANCE HEALTHCARE GROUP LIMITED,166.0,1,1,88.04,4.08,89.89
ALLIANCEBERNSTEIN (SINGAPORE) LTD.,1.0,1,1,88.38,4.34,91.33
ALLIANCZ INTERNATIONAL PTE. LTD.,2450150.0,1,1,84.4,4.12,79.25
ALLIANZ GLOBAL CORPORATE & SPECIALTY SE SINGAPORE BRANCH,2.0,2,1,92.98,4.91,80.58
ALLIANZ GLOBAL INVESTORS SINGAPORE LIMITED,1.0,1,1,79.46,4.56,66.06
ALLIED CREATIONS,14250.0,2,1,86.86,4.1,87.96
ALLIED MOVING SERVICES (S) PTE. LTD.,246536.9,3,2,88.96,4.23,81.8
ALLIED TRANSMISSIONS (S.E.A.) PTE LTD,1193300.0,1,1,92.12,4.28,83.67
ALLIED UNIVERSAL SECURITY SERVICE,268404.71,1,1,93.69,4.34,94.88
"ALLIED UNIVERSAL SECURITY, LLC",284246.16,1,1,79.0,3.0,71.94
"ALLIED WORLD ASSURANCE COMPANY, LTD",237632.0,2,1,75.73,3.92,76.74
ALLISON+PARTNERS SINGAPORE PTE. LTD.,169200.0,2,1,98.22,3.21,81.27
ALLMASTER ENTERPRISE,1062989.0,7,4,90.66,4.87,68.65
ALLMASTER PTE. LTD.,80500.0,1,1,82.01,4.06,76.12
ALLPETS & AQUALIFE VETS PTE. LTD.,175170.23,1,1,100.0,3.98,82.93
ALLPETS ASIA PTE. LTD.,71568.0,1,1,88.93,4.64,74.75
ALLROUND ADVANCED TECHNOLOGIES PTE LTD,1737632.0,1,1,97.43,4.35,91.09
ALLTECH SYSTEMS PTE. LTD.,12783936.0,8,3,88.54,3.42,62.89
ALNIFF INDUSTRIES PTE LTD,573150.0,1,1,100.0,4.06,89.23
ALPHA ANALYTICAL (S) PTE LTD,3439183.0,5,3,100.0,3.9,84.61
ALPHA APPRAISERS LLP,0.02,2,1,86.01,3.05,72.31
ALPHA FITNESS PTE. LTD.,161566.0,4,3,95.77,3.69,68.76
ALPHA GUARD SECURITY SERVICES SDN.BHD.,1686060.0,1,1,93.16,3.99,57.2
ALPHA PRODUCTS AND SYSTEMS PTE LTD,3514719.0,4,4,98.95,4.03,70.05
ALPHABETA (SG) PTE. LTD.,238001.0,2,2,80.28,3.21,88.47
ALPHAMED PTE LTD,29350.0,3,1,93.49,4.79,77.44
ALPHINE BUILDERS PTE. LTD.,512901.0,5,2,96.47,4.04,89.63
ALPINE MOTORS PTE LTD,2879014.0,2,1,73.93,4.12,71.8
ALPINE SPRING CATERING PTE. LTD.,1785714.28,1,1,78.53,4.34,85.07
ALPSOFT TECHNOLOGIES PTE. LTD.,799100.0,1,1,71.69,3.63,70.83
ALS Scandinavia AB,258161.4,1,1,85.84,4.37,68.34
ALS TECHNICHEM (SINGAPORE) PTE LTD,4593208.0,6,4,93.74,3.88,76.93
ALS Technichem (Malaysia) Sdn Bhd,18416.42,1,1,100.0,3.56,71.35
ALSALE HOLDINGS PTE. LTD,98660.0,1,1,88.59,4.44,62.57
ALSCO PTE. LTD.,92097.0,1,1,100.0,5.0,76.18
ALSOKNOWNAS PTE. LTD.,3469140.0,9,3,76.96,4.53,79.06
ALSTERN TECHNOLOGIES SINGAPORE PTE. LTD.,3056800.0,2,2,74.37,4.65,90.68
ALTERNATIVE SELECTION PTE LTD,981.56,1,1,87.56,3.79,87.37
ALTERNATIVE SELECTION PTE. LTD.,34482.0,1,1,91.07,3.14,90.2
ALTO CONSTRUCTION AND ENGINEERING SERVICES PTE. LTD.,567922.5,2,2,87.74,4.99,85.2
ALTONA (S) PTE. LTD.,15192.0,1,1,71.46,5.0,81.33
ALTRUS PTE LTD,4350824.0,1,1,87.29,5.0,65.71
ALTUS FACILITIES ENGINEERING PTE. LTD.,4747800.0,2,2,77.56,3.9,79.5
ALTUS STEEL TECH (S) PTE. LTD.,179250.0,1,1,93.36,3.41,83.97
ALVIN SPORTS PTE. LTD.,3.0,2,1,90.93,3.46,92.57
ALWAYS 3REE PTE. LTD.,2076166.0,7,4,80.48,3.09,84.86
ALX PRIVATE LIMITED,236490.0,2,2,83.89,4.04,90.4
ALY ENERGY SINGAPORE PTE. LTD.,89800.0,1,1,79.53,5.0,67.68
AM-LINKS CONTRACTS SERVICES PTE. LTD.,22220.0,1,1,87.5,4.02,74.74
AMADA SINGAPORE (1989) PTE LTD,163300.0,1,1,95.64,4.28,82.29
AMANACLIQ SINGAPORE PTE. LTD.,276770.0,1,1,80.11,4.93,89.61
AMARA ONLINE SOLUTIONS COMPANY LIMITED,151664.18,1,1,92.03,3.86,76.55
AMARA SANCTUARY RESORT SENTOSA,506.0,2,1,83.76,5.0,77.18
AMARA SINGAPORE,1485.0,6,2,81.66,5.0,84.87
AMARANTHINE PHOTOS,1.0,1,1,87.14,4.02,66.74
AMAZING ART SHUTTLE PTE. LTD.,78001.0,2,2,79.72,3.75,94.07
AMAZING EXPLORER PTE. LTD.,358444.36,5,3,83.57,4.52,69.21
AMBER CREATIVE PTE. LTD.,52800.0,1,1,78.42,3.89,58.81
AMBER VETERINARY PRACTICE PTE. LTD.,366427.2,1,1,100.0,3.41,78.1
AMBULANCE MEDICAL SERVICE PTE. LTD.,884158.0,3,2,88.28,4.87,94.98
AMC ASIA (SG) PTE. LTD.,4297465.04,3,3,82.4,4.83,83.86
AMCON INTEGRATION LLP,382618.0,2,2,89.71,4.19,85.51
AMDATEX LAS PINAS SERVICES INC.,6206303.8,2,2,87.1,3.34,78.41
AMDON CONSULTING PTE LTD,301250.0,1,1,86.23,3.36,76.48
AMEC FOSTER WHEELER ASIA PACIFIC PTE. LTD.,736489.0,2,1,92.91,4.16,62.55
"AMERICAN EXPRESS INTERNATIONAL, INC.",1.0,1,1,94.06,3.8,55.41
AMICA LAW LLC,1647565.65,9,6,83.76,3.9,79.96
AMICI EVENTS & CATERING PTE. LTD.,26.0,1,1,83.39,4.71,91.13
AMICO TECHNOLOGY INTERNATIONAL PTE. LTD.,2288709.1,9,5,85.8,4.54,81.44
AMICUS ENGINEERING PTE LTD,1523663.28,6,2,69.58,4.93,84.24
AMICUS ENGINEERING PTE. LTD.,262001.0,3,3,75.88,3.51,93.84
AMITIE INTERNATIONAL PTE. LTD.,1896943.78,1,1,98.93,3.89,81.29
AMKFSC COMMUNITY SERVICES LTD.,20377110.11,5,2,100.0,4.56,76.77
AMNET TECHNOLOGY PTE LTD,414022.0,2,2,86.01,4.37,69.81
AMOBEE GROUP PTE. LTD.,1260030.0,1,1,92.61,5.0,98.22
AMPHASIS DESIGN PTE LTD,1500.0,1,1,90.49,4.35,83.27
AMPHIRO AG,805800.0,1,1,100.0,5.0,68.56
AMPLEXOR HONG KONG LIMITED,1.98,1,1,96.96,4.42,66.29
AMUNDI SINGAPORE LIMITED,3310000.0,1,1,86.98,4.74,90.53
AN ACADEMY PTE. LTD.,270220.0,1,1,80.36,3.91,67.63
ANACLE SYSTEMS LIMITED,27989582.66,14,9,75.15,4.11,96.54
ANALYSYS MASON LIMITED,29403.0,4,1,89.63,4.65,50.44
ANALYSYS MASON PTE. LIMITED,1.0,1,1,81.95,5.0,92.23
ANALYTICAL TECHNOLOGIES PTE LTD,237964.72,2,2,76.62,4.54,82.87
ANAVANTAGE MANAGEMENT CONSULTANCY LLP,174800.0,1,1,82.83,4.05,79.19
ANCELL ENTERPRISE PTE LTD,171675.25,6,4,79.35,4.93,76.25
ANCHOR EVENTS PTE. LTD.,249800.0,1,1,100.0,2.78,96.91
ANCHOR SEARCH GROUP PTE. LTD.,33.0,1,1,95.05,3.25,85.07
ANCHORAGE CONSTRUCTION CO PTE LTD,3395600.0,2,1,87.94,4.51,68.97
ANCON ANDA PTE. LTD.,12016000.0,2,1,99.84,4.11,60.81
ANDAZ SINGAPORE,35769.5,7,3,88.62,4.46,79.77
ANDERCO PTE. LTD.,434176.0,1,1,81.11,4.14,77.99
ANDES APPRAISAL PTE. LTD.,288000.0,1,1,100.0,4.44,62.8
ANDREW SOONG TRAINING AND CONSULTANCY,15001.0,1,1,92.31,3.61,77.45
ANDRITZ SINGAPORE PTE. LTD.,12743670.0,3,1,79.7,4.44,72.26
ANDROID BUILDER PTE. LTD.,379000.0,1,1,86.48,4.7,78.09
ANEXUS PTE. LTD.,6254259.49,7,4,81.0,4.83,85.26
ANG & ONG CONSULTANTS PTE. LTD.,7724960.0,5,3,76.94,5.0,92.93
ANG CHENG GUAN CONSTRUCTION PTE LTD,38855000.0,4,3,95.41,4.25,87.09
ANG KUAH TRADING COMPANY,659423.9,2,1,100.0,4.26,70.79
ANG MUI KENG,2.5,2,1,76.81,3.19,81.69
ANG SENG EGGS SUPPLIER,41507.229999999996,3,2,92.5,3.78,78.63
ANGEL'S RESTAURANT PTE LTD,1709648.27,1,1,82.79,3.98,64.68
ANGLISS SINGAPORE PTE LTD,26316.0,2,2,84.1,4.73,81.98
ANIMAGINE PTE. LTD.,19000.0,1,1,83.26,3.73,96.57
ANITE SINGAPORE PTE. LTD.,40000.0,1,1,81.09,4.58,78.32
ANMANI GENERAL CONSTRUCTION PTE. LTD.,9827810.0,4,4,88.39,4.1,62.06
ANN CONSULTING PTE. LTD.,192001.04,2,2,81.35,3.99,78.3
ANNE LEONG HRD CONSULTING,1838075.0,6,4,90.16,4.25,65.86
ANNESING PTE. LTD.,1529100.0,8,3,87.6,3.87,86.64
ANNIE ANG SAH SAH,88870.0,1,1,86.09,3.84,83.25
ANONYMOUS PRODUCTION,105500.0,1,1,80.74,3.08,76.29
ANRITSU PTE LTD,54728.0,1,1,83.39,3.95,74.69
ANSAC TECHNOLOGY (S) PTE LTD,7396431.0,14,2,94.04,3.81,75.88
ANSELL PROTECTIVE SOLUTIONS SINGAPORE PTE. LTD.,1537200.0,1,1,92.01,3.79,78.08
ANTARA KOH PRIVATE LIMITED,16307756.0,3,2,80.18,4.35,70.28
ANTE OFFICE PTE. LTD.,520899.0,2,2,88.79,4.5,64.12
ANTECHNIC ENGINEERING PTE LTD,3525.6800000000003,3,1,94.01,4.24,89.39
ANTEL PTE. LTD.,8306.0,1,1,74.64,4.7,74.15
ANTHOLOGY PTE. LTD.,3624628.87,8,3,92.35,4.45,79.67
ANTI-DOPING LABORATORY QATAR,337087.5,1,1,82.7,3.92,80.85
ANTICIMEX PEST MANAGEMENT PTE. LTD.,9578036.1,6,4,92.56,3.82,81.22
ANTICS HOLDINGS PTE. LTD.,849242.5,1,1,81.89,4.29,66.26
ANTON PAAR SINGAPORE PTE. LTD.,718311.55,6,5,73.56,4.44,61.24
ANTZWORKZ CONSULTANTS PTE. LTD.,196052.0,5,3,74.98,4.94,72.11
ANWAR HADI BIN RAMLI,157080.0,1,1,88.38,4.81,81.96
AON HEWITT SINGAPORE PTE. LTD.,1307151.0,6,4,90.08,3.78,70.72
AON SINGAPORE PTE. LTD.,25349.0,1,1,80.77,4.04,74.45
AON SOLUTIONS SINGAPORE PTE. LTD.,89201.0,2,2,93.11,4.5,99.27
AP MEDIA PTE. LTD.,365771.0,4,3,74.71,4.74,59.55
APAC VENDINGS PTE. LTD.,0.69,1,1,87.47,4.66,70.45
APAR INNOSYS PTE. LTD.,3745140.0,1,1,78.31,4.06,96.97
APAR TECHNOLOGIES PTE. LTD.,2626291.7,3,3,82.79,3.35,77.55
APBA PTE. LTD.,1737481.6600000001,15,10,88.38,3.5,70.94
APBA TG HUMAN RESOURCE PTE. LTD.,274518.0,3,3,81.12,4.26,89.69
APE WORKS PTE. LTD.,5455761.5,9,6,84.92,4.31,78.55
APEX PROJECTS PTE. LTD.,1968000.0,3,3,96.05,3.44,74.52
APEX SEALING TECHNOLOGIES PTE. LTD.,960064.25,2,1,83.38,4.13,79.92
APEX TENNIS,51200.0,1,1,94.69,4.48,71.42
APEXLINK PTE LTD,2010292.0,2,2,78.96,3.41,67.83
APF CONSTRUCTION PTE. LTD.,2514839.0,5,4,92.24,4.76,76.86
APHESYS NETWORKS PTE. LTD.,541359.4,4,2,99.53,3.87,67.89
APKIM RESOURCES,775620.0,6,3,68.23,4.85,78.11
APLUSI ASIA PTE. LTD.,93538.0,1,1,81.62,3.78,81.54
APP CONTENT & CONCEPTS PTE. LTD.,81800.0,1,1,92.62,3.48,86.53
APP SYSTEMS SERVICES PTE. LTD.,1388753.79,13,7,86.38,3.83,89.28
APPAREL EMPIRE,269476.65,3,3,90.97,4.04,73.94
APPAREL EMPIRE PTE. LTD.,392354.85,5,5,83.17,3.87,82.99
APPLIED ACCOUNTING SOLUTIONS PRIVATE LIMITED,3460.0,1,1,88.69,3.97,82.93
APPLIED MATERIALS SOUTH EAST ASIA PTE. LTD.,4822620.0,2,1,86.75,4.3,81.28
APPLIED QUALITY SYSTEMS PTE. LTD.,49680.0,1,1,97.34,4.0,73.21
APPLIED SATELLITE TECHNOLOGY ASIA PTE. LTD.,1459.26,1,1,90.04,4.06,67.72
APPTITUDE PTE. LTD.,415810.0,2,1,90.7,3.07,83.02
APRO-ASIAN PROTECTION PTE LTD,85746585.84,12,9,84.7,4.34,60.93
APS ASIA PDA ENTERPRISE PTE. LTD.,956120.0,3,3,84.1,4.05,75.32
APT 811 DESIGN & INNOVATION AGENCY PTE. LTD.,55120.0,1,1,84.54,5.0,52.46
APTITUDE MANAGEMENT CONSULTING PTE. LTD.,167580.0,2,2,91.16,3.54,64.64
AQUA-TERRA OILFIELD EQUIPMENT & SERVICES PTE. LTD.,2571935.0,3,2,84.63,3.02,69.23
AQUAFORCE PRIVATE LIMITED,1129194.25,5,3,90.32,4.47,88.97
AQUAPRO SOLUTIONS PTE. LTD.,118000.0,1,1,100.0,4.31,84.88
"AQUARECYCLE, LLC",236448.0,1,1,94.97,3.49,72.46
AR VISUAL PTE. LTD.,11189164.120000001,2,1,85.39,3.18,85.29
AR43 ARCHITECTS PTE. LTD.,756006.55,2,2,97.61,5.0,86.88
ARACHEM (M) SDN. BHD.,77100.05,3,1,84.74,4.95,76.39
ARADHANA KUMARI,28800.0,1,1,71.7,2.61,64.16
ARAS DEVELOPMENT PTE. LTD.,236000.0,1,1,79.94,3.83,75.92
ARBORCULTURE PTE. LTD.,176400.0,1,1,73.03,5.0,77.02
ARBSOLUTIONS ASIA PTE. LTD.,695700.0,2,2,85.19,3.81,65.68
ARBURG PTE LTD,820746.9,2,1,88.15,3.81,81.67
ARC SCIENCES PTE. LTD.,1059978.4,3,2,100.0,3.93,80.8
ARC SPORTS PTE. LTD.,36000.0,1,1,90.62,3.43,82.45
ARCADIS PROJECT MANAGEMENT PTE. LTD.,560004.2,2,2,86.25,3.08,80.79
ARCADIS PTE. LTD.,26563445.0,2,2,94.64,4.73,85.3
ARCADIS SINGAPORE PTE. LTD.,4589065.02,16,10,70.31,2.99,76.21
ARCH HERITAGE COLLECTION PTE. LTD.,271.5,1,1,89.88,4.25,80.02
ARCH SOFTWARE INTELLIGENCE PTE. LTD.,1.0,1,1,94.17,4.63,74.02
ARCH'LAB PTE. LTD.,1691452.0,2,2,76.17,3.23,72.16
ARCHER MARKETING & DEVELOPMENT (S) PTE LTD,30080.0,1,1,97.15,3.55,91.38
ARCHER RECRUITMENT PTE. LTD.,2.0,2,1,90.71,4.83,57.56
ARCHI-THEME PARTNERSHIP,4090.0,1,1,84.68,4.42,86.77
ARCHIPELAGO VENTURE PARTNERS PRIVATE LIMITED,288400.0,1,1,93.06,3.73,71.79
ARCHIPRACTICE,4090.0,1,1,100.0,4.82,70.5
ARCHITECTS 61 PRIVATE LIMITED,50973644.71,7,5,89.45,4.82,80.62
ARCHITECTS PROJECT GROUP LLP,708107.12,4,4,89.99,4.26,63.1
ARCHITECTS SG LLP,882920.0,2,2,84.33,3.56,69.84
ARCHITECTS TEAM 3 PTE. LTD.,648000.0,3,2,81.2,3.85,69.51
ARCHITECTS VISTA PTE LTD,568507.96,3,1,94.64,4.27,75.79
ARCHITECTSOFLIFE LTD.,457700.0,2,1,81.15,3.99,69.96
ARCHIVISION ARCHITECTS,14520.0,3,1,88.57,4.66,94.01
ARCTIC SHORES APAC PTE. LIMITED,48200.0,1,1,84.18,3.18,95.97
ARCTIC V SECURITY PTE. LTD.,234720.0,2,2,91.83,3.2,57.78
ARDENT BUSINESS ADVISORY PTE. LTD.,2382673.4,17,12,90.67,4.21,83.44
ARDENT MARITIME SINGAPORE PTE. LTD.,38232.0,2,1,96.3,3.81,86.59
AREA CONSULTANTS,1.01,2,2,83.92,3.72,83.43
AREINA CREATIVES PTE. LTD.,577340.5,3,1,85.84,3.04,71.42
ARETESE PTE. LTD.,306380.0,2,2,80.17,4.11,75.56
ARETHOS PTE. LTD.,742065.0,4,4,84.45,4.07,70.52
ARGENTRA SOLUTIONS PTE. LTD.,248000.0,1,1,91.02,4.49,73.8
ARGUS MEDIA SINGAPORE GROUP PTE. LTD.,267975.03,1,1,94.06,4.14,65.9
ARGYLL SCOTT INTERIM PTE. LTD.,1.0,1,1,80.62,4.02,76.85
ARGYLL SCOTT SINGAPORE PTE. LTD.,1.0,1,1,94.96,4.81,62.97
ARINA INTERNATIONAL HOLDING PTE. LTD.,457650.0,1,1,98.85,3.31,76.0
ARIS INTEGRATED MEDICAL PTE. LTD.,763328.0,2,1,91.31,4.42,65.51
ARISE SERVICES PTE. LTD.,4186.7,1,1,100.0,3.1,80.07
ARISTOU PTE. LTD.,2668868.0,2,1,81.81,3.6,71.21
ARJO SOUTH EAST ASIA PTE. LTD.,12500.0,1,1,78.04,3.37,80.91
ARK SEMICONDUCTOR SERVICES PTE. LTD.,301964.4,1,1,73.77,4.57,88.82
ARMOUR PUBLISHING PTE LTD,394800.0,1,1,99.97,4.06,93.89
ARMSTRONG TALENT DEVELOPMENT,262500.0,2,1,93.23,4.09,52.72
ARNOLD & PORTER (UK) LLP,2.0,2,1,87.56,3.44,69.66
AROMA CHEMICAL PRIVATE LIMITED,1788292.0,2,1,90.24,3.92,74.97
AROX SINGAPORE PTE LTD,75900.0,1,1,79.0,3.64,82.6
ARPELS MARKETING PTE. LTD.,1922.4,1,1,100.0,4.33,61.5
ARQON PTE. LTD.,279680.0,2,1,89.03,3.51,68.18
ARROWCREST TECHNOLOGIES PTE LTD,4706727.0,13,8,88.88,4.9,79.3
ARROWDYNAMIC LABORATORIES PTE. LTD.,2.0,1,1,93.81,3.09,78.85
ART GLASS SOLUTIONS PTE. LTD.,193380.0,1,1,91.85,3.62,81.78
ART IN BLOOM FLORIST & GIFTS,85257.0,2,2,89.79,5.0,82.44
ART LOFT LLP,117643.65,4,1,81.68,3.84,81.39
ART LOGICA,2007400.0,6,3,91.77,3.31,79.94
ART SOCIAL PTE. LTD.,3200.0,1,1,100.0,4.23,78.56
ART VESSELS,90420.0,1,1,98.76,3.81,84.65
ARTBEATZ PTE. LTD.,3200.0,1,1,100.0,3.6,55.61
ARTCOM,970570.26,5,1,83.91,3.44,93.44
ARTCRAFTS MARKETING & SERVICES,12614.0,1,1,80.08,5.0,55.96
ARTEX FURNISHINGS PRIVATE LIMITED,105427.0,1,1,86.99,3.95,67.21
ARTHUR D. LITTLE ASIA PTE. LTD.,249800.0,1,1,88.45,2.94,75.73
ARTHUR J. GALLAGHER (SINGAPORE) PTE. LTD.,16300.0,1,1,96.75,5.0,84.73
ARTILIGENT PTE. LTD.,98945.05,2,1,74.46,4.47,48.05
ARTIST.STUDIO-D,3200.0,1,1,100.0,3.64,77.72
ARTISTIC EXPRESSIONS PRIVATE LIMITED,276400.0,4,1,86.74,3.54,85.92
ARTISTS ACADEMY (SINGAPORE) PTE. LTD.,2.0,2,1,84.58,4.5,87.95
ARTIZEN PTE. LTD.,1045880.0,2,2,79.9,3.95,71.03
ARTS HOUSE LTD.,18800.0,1,1,74.76,2.94,74.99
ARTS WAVE,103230.0,1,1,94.59,5.0,71.84
ARTSMAN ADVERTISING,6603.0,1,1,88.59,3.84,74.07
ARTVENTURE COVE,37440.0,1,1,77.68,5.0,67.68
ARTZ GRAINE PTE. LTD.,3200.0,1,1,77.64,4.87,69.11
ARTZ JOHAN,3200.0,1,1,85.31,3.5,82.34
ARUP SINGAPORE PRIVATE LIMITED,56545704.59,29,11,100.0,4.72,79.32
ARYAN SEARCH PTE. LTD.,1.0,1,1,85.92,3.71,82.92
ARYZTA FOOD SOLUTIONS SINGAPORE PTE. LTD.,15150.0,1,1,75.97,2.98,80.14
AS-1 LOGISTICS PTE. LTD.,1053573.99,10,2,86.03,3.85,85.04
ASA CONTRACTS PTE. LTD.,29647789.0,36,12,85.82,4.34,86.78
ASATSU-DK SINGAPORE PTE. LTD.,7555254.71,8,5,66.42,3.82,60.58
ASC MARKETING PTE. LTD.,55352.5,1,1,87.57,3.92,69.46
ASC PROCESS SYSTEMS LIMITED,390541.0,1,1,86.15,4.79,75.69
ASCEND COM PTE. LTD.,805057.0,4,3,93.57,4.16,77.77
ASCENDAS SERVICES PTE LTD,10850000.0,1,1,100.0,3.59,71.3
ASCENDO CONSULTING PTE. LTD.,86400.0,1,1,97.01,4.52,87.12
ASCENDZE PTE. LTD.,88600.0,1,1,85.85,4.22,97.8
ASCENSTAR PTE. LTD.,301395.0,1,1,79.15,2.59,79.86
ASCENTIA CONSULTING PTE. LTD.,203432.74,1,1,100.0,4.36,78.84
ASCENTIQ PTE. LTD.,3233300.0,2,2,88.47,4.34,86.49
ASCENXUS PTE. LTD.,148419.0,1,1,88.11,4.11,59.34
ASCOTT INTERNATIONAL MANAGEMENT PTE LTD,560.0,2,2,87.81,4.64,78.28
ASCOTT ORCHARD MANAGEMENT (S) PTE. LTD.,297.0,1,1,89.58,3.7,87.79
ASCOTT SINGAPORE RAFFLES PLACE PTE. LTD,341.0,1,1,86.85,4.3,71.57
ASEC SECURITY EVENTS COMMAND PTE. LTD.,80000.0,1,1,83.41,3.16,65.73
ASEPTEC PTE. LTD.,530989.69,3,2,83.63,4.34,76.14
ASERO WORLDWIDE LTD,1297800.0,4,3,87.74,5.0,77.39
ASET ENGINEERS PTE. LTD.,8000.0,1,1,83.65,3.5,68.91
ASG AWARDS ENTERPRISE,2.0,2,1,82.3,3.64,98.96
ASHER ASSOCIATES PTE. LTD.,700.0,1,1,88.85,3.67,73.21
ASHNIK PTE. LTD.,531332.13,3,3,85.96,4.18,66.46
ASHTREE INTERNATIONAL PTE. LTD.,1943869.0,2,1,100.0,3.46,77.06
ASIA ABILITY TRAINING PTE LTD,80.0,1,1,66.79,4.35,87.08
ASIA CITY ONLINE SINGAPORE PTE. LTD.,86913.0,2,1,96.73,4.61,78.17
ASIA FOOD CAFETERIA,766800.0,1,1,97.97,4.42,82.86
ASIA FURNITURE COMPANY PTE. LIMITED,127680.0,1,1,71.41,3.04,69.28
ASIA GEORESEARCH AGENCY CORPORATION PTE LTD,809116.0,4,1,85.26,4.7,92.88
ASIA INNOVATIONS PTE. LTD.,164980.0,1,1,85.03,4.66,83.62
ASIA INSTRUMENTATION MONITORING PTE. LTD.,3528.0,1,1,76.74,4.6,88.48
ASIA INTEGRATED PROPERTY SERVICES PTE. LTD.,78000.0,1,1,81.78,4.32,81.65
ASIA INTERGRATED ENGINEERING PTE. LTD.,237300.0,1,1,79.12,4.23,86.25
ASIA MASIMA PTE. LTD.,398500.0,1,1,100.0,4.72,69.27
ASIA MEDICAL ENVIRO SERVICES PTE. LTD.,2312671.6,3,3,95.49,5.0,73.09
ASIA PACIFIC AIR QUALITY GROUP PTE. LTD.,467448.74,2,2,98.17,3.53,91.46
ASIA PR WERKZ PTE. LTD.,2466190.0,10,7,93.77,4.75,93.6
ASIA PROJECTS ENGINEERING PRIVATE LIMITED,57057660.0,18,2,78.97,4.05,66.53
ASIA RAIL ENGINEERING PTE. LTD.,1696914.56,1,1,83.8,4.02,80.5
ASIA SEARCH PTE. LTD.,13752.0,3,3,91.91,3.18,73.69
ASIABUILD CONSTRUCTION PTE. LTD.,58188000.0,2,1,78.22,3.93,71.03
ASIABUILD ENTERPRISES PTE LTD,239800.0,1,1,93.7,3.5,80.85
ASIALINK W PTE. LTD.,137258.4,1,1,86.08,3.82,89.41
ASIAMEDIC WELLNESS ASSESSMENT CENTRE PTE. LTD.,39058091.0,5,2,85.0,3.44,82.52
ASIAMETRICS PTE. LTD.,21464.4,2,2,93.69,3.83,74.8
ASIAN ASSETS ALLIANZ PTE. LTD.,0.02,2,1,91.55,3.86,83.15
ASIAN DETOURS PTE. LTD.,1416761.0,7,4,85.11,4.16,74.4
ASIAN LEADERS INSTITUTE PTE. LTD.,42240.0,1,1,97.27,3.13,82.12
ASIAPAC DISTRIBUTION PTE LTD,12003273.09,7,6,79.35,3.23,91.96
ASIASOFT SOLUTIONS PTE. LTD.,167236.0,1,1,92.93,4.32,57.23
ASIASTAR INTERNATIONAL CONSULTANCY PTE. LTD.,671350.03,11,6,92.74,3.62,85.97
ASIATECK SOLUTIONS PTE. LTD.,30000.0,1,1,85.52,4.74,62.61
ASIATEL (S) PTE. LTD.,4397456.0,8,4,90.61,4.24,90.28
ASIATIC FIRE SYSTEM PTE LTD,4028000.0,1,1,77.99,4.46,71.63
ASIAWERKZ COMMUNICATIONS PTE. LTD.,492788.0,4,2,95.39,4.95,65.82
ASIS TECHNOLOGIES PTE LTD,806852.0,3,2,86.52,3.91,84.95
ASK M&E PTE. LTD.,6244000.0,4,1,83.82,3.76,81.64
ASKA ENGINEERING & TRADING PTE LTD,121800.0,1,1,96.39,4.62,68.01
ASL SHIPYARD PTE LTD,2586805.0,4,1,82.37,4.41,65.47
ASP PRINT CONSULTUS PTE. LTD.,133988.0,3,3,76.73,3.99,76.13
ASPAC PROPERTY CONSULTANTS PTE LTD,1.01,2,2,75.55,4.93,65.96
ASPACIO DESIGN ASSOCIATES PTE LTD,775481.0,4,4,92.85,3.97,67.39
ASPEN EVENT PLANNERS PTE. LTD.,3190056.25,7,6,77.76,4.12,79.16
ASPEN3 PTE. LTD.,1235778.0,8,3,100.0,4.11,68.34
ASPENHEALTH PTE. LTD.,1014000.0,1,1,71.34,3.54,82.27
ASPEQ LIMITED,3397000.0,1,1,100.0,4.15,92.9
ASPIRE BADMINTON CENTRE,66300.0,1,1,89.69,4.94,76.51
ASPIRE NXT PTE. LTD.,8684.0,1,1,87.23,4.37,79.3
ASPIRE! GROUP PTE. LTD.,900467.28,3,2,83.64,4.12,98.18
ASR BUILDING & CONSERVATION PTE. LTD.,378230.0,1,1,91.19,4.0,66.12
ASSA ABLOY ENTRANCE SYSTEMS SINGAPORE PTE. LTD.,61398.0,1,1,87.7,4.3,89.91
ASSA ABLOY Singapore Pte Ltd,2241199.0,1,1,96.83,4.55,88.71
ASSALAAMU'ALAIKUM ENTERPRISE,82046.0,2,2,88.91,4.47,86.54
ASSET MANAGEMENT CONSULTING LIMITED,1.0,1,1,89.2,3.9,90.92
ASSETIVITY PTY LTD,1.0,1,1,85.09,4.29,80.81
ASSIMILATED TECHNOLOGIES (S) PTE LTD,423560.0,1,1,87.54,4.39,72.17
"ASSOCIATED ENERGY GROUP, INC.",3.0,1,1,90.46,3.5,88.95
ASSOCIATED PROPERTY CONSULTANTS PTE. LTD.,549737.52,3,2,74.32,4.2,89.33
ASSOCIATION OF MUSLIM PROFESSIONALS,63300.0,1,1,77.21,2.8,89.05
ASSURANCE PARTNERS LLP,4415911.0,17,12,93.95,4.39,78.45
ASSURE IT PTE. LTD.,1.0,1,1,89.37,4.5,70.84
ASSURE SAFETY PTE. LTD.,130410.0,1,1,86.53,4.55,79.91
ASTAR LABORATORY PTE. LTD.,77000.0,1,1,88.15,3.86,87.42
ASTECH PTE. LTD.,2057000.0,3,3,90.78,4.29,88.24
ASTERAND BIOSCIENCE,39190.5,1,1,83.68,4.95,73.7
ASTRATA GROUP PTE. LTD.,2292580.0,1,1,81.77,4.95,81.15
ASTRONICS TECHNOLOGIES PRIVATE LIMITED,5559.6,2,1,89.57,4.08,64.91
ASUREQUALITY SINGAPORE PTE. LTD.,150111.36,1,1,80.17,4.18,87.85
"ATALIAN SECURITY GUARD (THAILAND) CO., LTD",442936.15,1,1,91.27,4.77,70.17
"ATALIAN SECURITY MANAGEMENT CO., LTD",435288.6,1,1,74.38,3.2,85.85
ATDI spolka z o.o.,1.0,1,1,96.23,3.91,66.51
ATELIER TANG (PTE.) LTD.,9658461.7,21,17,91.78,4.9,88.31
ATHENA CONCEPTS PTE. LTD.,219849.0,2,2,90.05,4.69,81.22
ATK VIP GUVENLIK HIZMETLERI LIMITED SIRKETI,276289.0,1,1,95.86,4.32,70.19
ATKINS DESIGN ENGINEERING CONSULTANTS PTE. LTD.,856130.0,3,2,100.0,3.2,84.91
ATL MAINTENANCE PTE. LTD.,23860602.74,9,7,96.11,4.07,72.1
ATLANTIC TRAVEL PTE. LTD.,84436.0,2,2,73.27,3.75,85.5
ATLAS 21 REALTY PTE LTD,0.02,2,1,77.76,4.3,75.26
ATLAS CONSULTING SURVEYORS,1557.0,5,1,83.0,3.61,60.79
ATLAS COPCO (MALAYSIA) SDN. BHD.,212432.1,3,1,88.21,3.48,68.18
ATLAS COPCO (SOUTH-EAST ASIA) PTE. LTD.,131980.0,1,1,92.14,2.86,73.7
ATLAS MAINTENANCE PTE. LTD.,430000.0,1,1,82.19,4.83,91.68
ATLAS VENDING SOLUTIONS PTE. LTD.,12.95,2,2,89.49,3.86,87.01
ATMAN COUNSELLING & TRAINING CONSULTANCY,234706.0,5,2,81.96,4.19,94.24
ATOMZ I! PTE. LTD.,10899231.07,14,11,83.11,4.1,94.54
ATOS INFORMATION TECHNOLOGY (SINGAPORE) PTE. LTD.,14587816.44,14,9,76.75,3.46,72.65
ATREX ENGINEERING PTE. LTD.,320370.0,1,1,80.61,3.34,76.12
ATRIA ARCHITECTS,13470.0,3,1,77.19,3.5,73.89
ATS ADVISORY SERVICES,132000.0,1,1,80.19,3.67,71.28
ATS APPLIED TECH SYSTEMS PTE. LTD.,263391.34,1,1,96.43,4.32,59.59
ATS LANDSCAPING & CONSTRUCTION PTE LTD,4132080.0,2,2,80.4,3.62,77.85
ATS TRAFFIC PTE LTD,190818913.24,8,3,100.0,5.0,65.14
ATT INFOSOFT PTE. LTD.,294260.0,1,1,91.95,4.72,77.66
ATT SYSTEMS (S'PORE) PTE LTD,116348523.28,37,12,89.48,4.59,99.16
ATT TRAFFICOMMS PTE. LTD.,327035.0,2,2,81.13,4.03,72.91
ATTAIN ANALYTICS GROUP PTE. LTD.,273778.0,1,1,93.6,5.0,79.95
ATTIKA INTERIOR + MEP PTE. LTD.,17829913.700000003,3,3,83.39,3.97,87.07
ATTOLIGHT SA,2829125.65,1,1,88.98,4.08,80.8
ATTORNEYS INC. LLC,64500.0,1,1,100.0,4.2,80.92
ATTRIBUTE DATA PTE. LTD.,390000.0,1,1,87.23,4.52,74.38
AUDAX VISUALS PTE. LTD.,307300.0,5,2,97.19,4.48,75.68
AUDI SINGAPORE PTE. LTD.,232266.0,1,1,82.37,3.81,68.4
AUDIO LIGHT ASIA PTE LTD,275560.0,1,1,87.72,3.78,86.46
AUDIO RESOURCES PTE LTD,286260.0,4,2,100.0,4.48,60.59
AUDIT ALLIANCE LLP,209785.8,9,7,82.98,4.53,87.71
AUDITIME PTE. LTD.,126300.0,1,1,100.0,3.86,63.96
AUDREY TALETHA DEWICHIA,12000.0,1,1,93.66,3.15,87.63
AUGUST INTERNATIONAL PTE. LTD.,1605600.0,1,1,83.5,3.98,74.46
AUGUST TRAINING AND CONSULTANCY SERVICES,373000.0,1,1,93.06,4.47,65.68
AURECON SINGAPORE (PTE.) LTD.,1137252.31,3,3,95.78,5.0,83.79
AUREUS CONSULTING PTE. LTD.,98402.0,3,1,92.97,3.38,87.29
AURIC PACIFIC ENGINEERING PTE LTD,1942620.0,6,5,75.44,3.84,73.62
AURORATHERAPY,345.0,2,1,82.18,3.87,85.21
AUSTRALIAN COUNCIL FOR EDUCATIONAL RESEARCH LTD,1421305.0,1,1,86.02,4.91,55.15
AUSTRALIAN FRUIT JUICE (S) PTE. LIMITED,70155.8,4,3,87.4,4.08,64.79
AUSTRALIAN INSTITUTE OF FAMILY STUDIES,173670.0,1,1,92.97,3.56,90.92
AUTO HANGAR (INDIA) PVT LTD,92147.34,1,1,89.42,4.44,75.76
AUTOCOUNT (S) PTE. LTD.,1.0,1,1,77.32,3.86,59.38
AUTODESK ASIA PTE LTD,768796.8,1,1,91.04,3.37,71.01
AUTOMATIC CONTROLS AND INSTRUMENTATION PTE. LTD.,15514720.0,13,3,92.88,3.56,68.77
AUTOSWIFT RECOVERY PTE LTD,1729224.0,1,1,92.48,5.0,76.34
AUX MEDIA GROUP PTE. LTD.,18864915.5,27,13,96.65,4.33,74.29
AV LINKS COMMUNICATIONS (ASIA) PTE. LTD.,1112022.28,4,1,94.67,4.16,79.79
AV MEDIA PTE LTD,15141339.41,3,3,91.67,3.95,77.31
AV Media PTE LTD,4000866.52,5,3,87.44,4.28,91.6
AV-SCIENCE MARKETING PTE LTD,6606376.09,13,9,74.71,4.27,82.25
AV8 MEDIA PTE LTD,189312.0,3,3,91.44,4.28,82.58
AVA INSURANCE BROKERS PTE. LTD.,7568539.61,20,9,89.66,4.17,89.65
AVAILABLE. PTE. LTD.,201300.0,1,1,90.17,4.62,74.11
AVANADE ASIA PTE LTD,11649833.18,5,5,77.79,4.11,65.38
AVANDA INVESTMENT MANAGEMENT PTE. LTD.,3.0,2,2,79.35,3.51,90.07
AVANTA GLOBAL PTE. LTD.,14520.0,1,1,96.43,3.73,79.36
AVANTUS TRAINING PRIVATE LIMITED,421200.0,3,3,87.68,2.91,79.39
AVC PTE. LTD.,50865.0,1,1,93.45,5.0,71.67
AVEC CHEM ASIA PACIFIC PTE. LTD.,892669.6000000001,5,2,88.23,4.62,71.83
AVEMORE PTE LTD,52392.0,1,1,88.24,3.6,86.47
AVENSYS CONSULTING PTE. LTD.,67207.0,12,8,95.51,3.93,87.85
AVENUE ENGINEERING PTE. LTD.,114341200.0,10,3,83.87,3.72,85.84
AVENUEONE PTE. LTD.,60070.0,2,2,88.77,5.0,85.93
AVEPOINT SINGAPORE PTE. LTD.,22843122.29,12,8,84.3,3.25,83.69
AVETICS GLOBAL PTE. LTD.,1100200.0,3,2,84.52,4.17,79.32
AVEX ASIA PTE. LTD.,126000.0,1,1,85.53,4.03,76.25
AVIATION & ELECTRONICS SUPPORT PTE LTD,53216321.9,2,1,89.78,4.6,90.1
AVIATION AND SAFETY CORPORATION PTE. LTD.,13500.0,1,1,84.17,4.04,74.26
AVIATION PARTNER AND CONSULTING PTE. LTD.,93240.0,1,1,98.05,3.05,81.7
AVIATION SAFETY AND TRAINING PTE. LTD.,6400.0,1,1,80.84,3.95,69.96
AVIATION SPARES & REPAIRS LIMITED,51609.96,1,1,86.51,3.52,71.41
AVIATION VIRTUAL PTE. LTD.,586497.0,1,1,84.48,4.15,75.64
AVIATIONLEARN PTE. LTD.,830456.0,3,3,99.58,4.96,69.96
AVIC ASSOCIATES PTE. LTD.,12000.0,1,1,89.57,3.06,85.98
AVIC DKKY PTE. LTD.,26000.0,1,1,96.25,3.62,64.52
AVIER FOOD MANUFACTURING PTE. LTD.,230.4,1,1,76.12,3.77,78.99
AVIL DECOR PTE. LTD.,2418570.0,1,1,90.14,3.87,79.33
AVITCOM SYSTEM PRIVATE LIMITED,7387546.28,2,2,95.12,4.54,59.89
AVIVA LTD,42446308.43,16,8,88.66,4.0,73.59
AVIVAR AUDIENCE COMMUNICATIONS PTE. LTD.,86540.0,1,1,96.52,4.35,80.56
"AVL SEA & AUSTRALIA CO., LTD.",1721060.0,1,1,83.86,3.72,82.29
AVLITE PTE. LTD.,1982422.0,8,4,99.27,4.24,75.96
AVM ENGINEERING PTE. LTD.,613130.0,4,3,100.0,4.57,84.77
AVON CLEANING SERVICES PTE LTD,236714.79,1,1,85.1,3.66,76.91
AVON TECHNOLOGIES PTE LTD,1388900.0,1,1,84.44,4.57,78.14
AVT (S) PTE LTD,4352190.4,2,2,99.63,4.13,80.52
AVVERY ENGINEERING PTE. LTD.,34383.0,1,1,100.0,4.73,87.27
AW GUAN HONG VEGETABLE WHOLESALER,41465.0,2,1,83.82,3.98,71.24
AW HUN BENG,40.0,1,1,84.64,4.33,73.13
AWA INDUSTRIAL PTE. LTD.,782172.0,1,1,85.75,4.08,71.31
AWAKEN GROUP PTE. LTD.,30135.75,3,2,77.24,4.04,74.68
AWCS TECHNOLOGIES PTE. LTD.,74424.0,3,1,80.65,4.26,92.26
AWE ENVIRONMENTAL SYSTEMS PTE LTD,419290.0,1,1,79.97,4.42,83.73
AWE GLOBAL CONCEPTS LLP,141808.0,3,1,81.86,3.35,66.69
AWECREATION PTE. LTD.,502.0,1,1,87.72,4.96,72.0
AWESOMEDIA PTE. LTD.,179315.0,1,1,89.87,2.98,81.73
AWP PTE. LTD.,5318731.35,6,4,100.0,3.69,68.93
AWWA LTD.,168501.0,3,3,80.01,4.04,70.75
AX SPORTS PTE. LTD.,48000.0,1,1,95.87,4.35,91.45
AXA INSURANCE PTE. LTD.,7841736.12,14,9,86.29,5.0,71.87
AXA INSURANCE SINGAPORE PTE LTD,2021650.44,12,9,87.6,2.99,87.55
AXCEL MARINE PTE. LTD.,12800.0,1,1,93.4,3.8,90.55
"AXCELIS TECHNOLOGIES, PTE. LTD.",103845.91,1,1,79.02,2.82,70.67
AXENTEL TECHNOLOGIES PTE. LTD.,1580323.8,4,3,91.06,4.12,69.1
AXIL SCIENTIFIC PTE. LTD.,3663256.38,15,5,89.33,4.26,75.24
AXIOM GLOBAL SOLUTIONS PTE. LTD.,1.0,1,1,91.94,5.0,67.11
"AXION BIOSYSTEMS, INC.",200732.63,1,1,90.31,4.17,79.21
AXIS ARCHITECTS PLANNERS PTE. LTD.,4085072.8,1,1,100.0,4.73,75.94
AXIS INTELLECTUAL CAPITAL PTE LTD,160000.0,1,1,82.9,4.45,81.61
AXQUISITE ENTERPRISE LLP,1345.0,1,1,83.75,3.84,91.97
AXS PTE. LTD.,1166850.7,7,5,83.01,3.25,86.17
AXXEL MARKETING PTE LTD,73.94,2,2,83.56,4.27,82.89
AY DESIGNS PTE LTD,532284.0,3,3,82.9,3.2,58.34
AYE AYE MYINT,15000.0,1,1,97.51,4.88,82.43
AYLA LIVINGS PTE. LTD.,13000.0,1,1,99.36,4.0,95.23
AYP STAFFING PTE. LTD.,669223.0,2,1,83.43,4.82,47.89
AZ BUS PTE. LTD.,3948.0,2,2,81.34,3.81,84.89
AZ ENGINEERING SUPPLY,121859.76000000001,2,1,91.77,4.26,76.41
AZ POWER PTE. LTD.,42500.0,1,1,83.58,4.23,69.5
AZ UNITED PTE. LTD.,476472.25,2,1,93.06,4.07,86.01
AZAAS PTE. LTD.,4378256.0,4,3,89.62,3.84,95.1
AZBIL SINGAPORE PTE. LTD.,5183631.0,4,3,75.87,4.34,85.75
AZENDIAN SOLUTIONS PTE. LTD.,3489564.03,4,4,100.0,3.54,74.29
AZEUS SYSTEMS LIMITED,93000.0,1,1,100.0,3.37,68.57
AZIL ENGINEERS PTE. LTD.,360000.0,1,1,83.1,4.85,79.45
AZTECH TECHNOLOGIES PTE. LTD.,7300000.0,1,1,84.9,4.54,86.73
AZURE PTE. LTD.,1152335.0,6,4,90.29,4.14,74.13
Abdul Ahad,27800.0,1,1,90.68,5.0,75.1
Abeltec International Pte Ltd,133000.0,1,1,93.27,3.94,100.0
Accent Musical Equipment Pte Ltd,1.0,1,1,100.0,4.89,88.79
Accon Engineering Pte Ltd,1961664.0,1,1,86.58,4.21,89.5
Ace Armadillo Pte Ltd,64080.0,1,1,81.61,3.49,63.4
Acer Computer (Singapore) Pte Ltd,38732678.0,15,10,76.97,5.0,70.93
Achema Pte Ltd,93004.32,12,6,82.15,4.69,78.75
Action Global Communications Ltd.,190332.98,1,1,87.73,4.03,67.99
Active 8 Pte Ltd,92689.0,1,1,100.0,4.54,94.0
Active Lifestyle Pte Ltd,1391580.0,5,5,83.86,3.86,92.1
Adecco Personnel Pte Ltd,4507989.0,9,6,89.79,4.6,72.66
Adroit Instrumentation Pte. Ltd.,4500.0,1,1,87.87,2.67,95.84
Advanced Construction & Engineering Pte Ltd,4575510.0,3,2,97.51,3.49,77.96
Advanced Marine Pte Ltd,356396.0,1,1,100.0,4.69,100.0
Advanced Vacuum Scandinavia AB,397900.0,1,1,83.75,3.95,79.45
Adventurer's Singapore Pte Ltd,5983190.66,13,5,84.08,4.22,83.76
Aeradio Technology Pte Ltd,831726.79,1,1,96.35,3.29,92.0
Agilent Technologies Singapore (Sales) Pte Ltd,16503055.92,65,14,93.46,5.0,90.78
Agro Technic Pte Ltd,949200.0,3,1,100.0,4.81,83.11
Aik San Construction Pte Ltd,4863000.0,4,3,92.67,3.98,76.59
Aikguan Marketing,47748.0,1,1,85.13,3.86,83.14
Air Products Malaysia Sdn Bhd,4768.2,1,1,92.73,4.72,69.84
Air Venture Airconditioning Pte Ltd,890843.0,3,1,96.87,5.0,79.52
Alfa Laval Singapore Pte Ltd,733900.0,2,2,94.56,4.67,66.91
Allmaster Enterprise,5782209.1,29,8,92.06,5.0,60.19
Alpha Media Pte Ltd,68.0,1,1,96.53,3.55,78.5
Alpha Pioneer Marketing Pte Ltd,21439.5,1,1,97.35,3.61,90.62
Alstom Transport (S) Pte Ltd / Alstom Transporte S.A.,249854305.0,1,1,99.06,3.39,87.26
Altrus Pte Ltd,5150292.0,8,1,93.19,4.37,77.18
Anachem Technologies (S) Pte Ltd,493220.0,1,1,86.66,4.21,95.47
Analytical Technologies Pte Ltd,4716271.5,20,7,89.17,4.01,72.31
Ang Kuang Ngee,63000.0,1,1,97.65,4.59,58.82
Animagine Pte Ltd,2838614.2199999997,4,3,81.46,4.84,56.18
Antarius IS Pte. Ltd.,81800.0,1,1,90.95,3.18,66.19
Aoxiang Counselling Service,9600.0,1,1,84.85,3.74,86.17
"Appen Technology (Wuxi) Co., Ltd.",500000.0,1,1,88.23,4.59,71.65
Apres Marketing Pte Ltd,78000.0,1,1,98.23,3.82,82.61
ArchVille Architects,95606.25,2,2,89.53,3.62,94.46
Arena International Pte Ltd,258680.0,1,1,88.37,4.71,67.0
Ark Industries,33500.0,2,1,77.12,3.33,82.78
Arkadin (Singapore) Pte. Ltd.,0.6,1,1,93.97,3.92,83.39
Arki-TECH International Pte Ltd,125000.0,1,1,93.16,4.3,69.39
Armoria Network Services Pte Ltd,16530.2,2,1,100.0,3.76,91.54
Aroti Chakravarti,27800.0,1,1,85.54,4.57,75.12
Arup Singapore Private Limited and Aedas Pte. Ltd.,12288000.0,1,1,89.75,3.76,74.16
Asarco Pacific Pte Ltd,2376.0,1,1,90.0,4.95,99.12
AsiaPac Distribution Pte Ltd,58630828.8,28,15,100.0,4.02,83.23
Asialink W Pte. Ltd,332641.2,4,4,87.24,4.5,87.25
Asian Institute of Technology,330000.0,1,1,90.23,4.55,91.55
Asiaray Connect Limited,140019936.0,1,1,92.86,3.72,71.5
Asiatel(S) Pte Ltd,737441.0,6,5,89.49,2.87,90.5
Aspac Property Consultants Pte Ltd,2.01,3,2,84.43,4.32,72.98
Aspacio Design Associates Pte Ltd,6276230.0,16,12,89.55,4.14,72.55
AssetHub Pte Ltd,2434.0,1,1,96.59,4.43,75.28
Associated Geotechnical Services Co. Sdn Bhd,47800.0,1,1,79.79,3.96,71.78
Association for Early Childhood Educators (Singapore),9504168.0,5,3,89.06,3.84,86.22
"Association for Supervision and Curriculum Development (Singapore), The",37296.0,1,1,82.4,5.0,80.67
Assurich Industries Pte Ltd,98696.0,2,2,97.56,3.22,73.09
Autism Resource Centre (Singapore),1310193.0,7,2,75.81,4.54,84.75
Automated Micron Assembly Pte Ltd,120660.0,1,1,83.53,3.76,75.25
Autus International Pte Ltd,1891030.4,2,1,91.02,3.9,74.72
Ava-Chem Industrial Pte Ltd,50400.0,1,1,100.0,3.91,78.49
Axxel Marketing Pte Ltd,496705.99,11,6,87.47,3.62,82.63
B & LEE ELECTRONICS PTE. LTD.,60310.0,1,1,83.56,4.44,81.9
B BARCELONA CONSULTING PTE. LTD.,210000.0,1,1,100.0,4.93,74.37
B P TAN REGISTERED SURVEYOR,167393.0,2,1,76.42,4.38,86.47
B'ARTS INT'L EVENTS PTE. LTD.,8645.0,1,1,70.41,4.16,75.78
B. BRAUN SINGAPORE PTE. LTD.,174960.0,2,2,91.52,3.51,71.45
B. Braun Singapore Pte Ltd,633975.0,8,5,83.98,4.41,63.32
B.T. GROUP PTE. LTD.,937780.0,2,1,79.83,5.0,87.83
B.T. SPORTS PTE LTD,661700.0,1,1,93.67,3.87,78.12
B19 TECHNOLOGIES PTE. LTD.,67100000.0,2,2,89.95,3.87,80.11
B2K PET PRODUCTS PTE. LTD.,111206.84999999999,4,3,83.49,3.76,88.46
BAFCO SINGAPORE PTE. LTD.,1715600.0,2,1,77.76,3.81,73.23
BAIZONN PTE. LTD.,530932.05,2,1,94.98,2.45,64.26
BAKELS SINGAPORE (PRIVATE) LIMITED,911082.5,4,2,93.2,4.34,78.7
BAKENET PTE. LTD.,20000.0,1,1,87.21,3.59,81.08
BAKER & MCKENZIE.WONG & LEOW,1.0,1,1,100.0,3.13,75.37
BAKERY LABORATORY PTE. LTD.,26315.0,1,1,79.44,4.55,92.74
BALLYHOO EXHIBITIONS & EVENTS PTE. LTD.,383599.0,1,1,75.8,3.45,53.14
BAMBOO SYSTEM TECHNOLOGY PTE. LTD.,62950.0,1,1,82.46,3.9,89.2
BAN CHON CORPORATION & TRADING PTE LTD,39322000.0,7,2,87.64,4.98,85.91
BAN CHOON MARKETING PTE LTD,130001.0,2,2,89.95,3.25,82.57
BAN HOCK FOOD PTE. LTD.,2180110.5,1,1,86.07,3.18,44.64
BAN HOCK HIN COMPANY PRIVATE LIMITED,844648.0,3,2,90.82,4.26,90.84
BAN NEE CHEN PTE. LTD.,385984.0,3,3,77.99,4.79,67.74
BAN SENG ENGINEERING PTE. LTD.,3485080.0,1,1,99.55,3.16,72.92
BAN TIONG SOON CONTRACTOR PTE. LTD.,7411600.0,2,1,87.34,4.34,76.29
BAND CONCEPT MUSIC PTE. LTD.,2.0,2,1,96.94,4.45,82.07
BARON ASIA GROUP PTE. LTD.,295.8,1,1,90.74,2.86,84.39
BARRELS N LITRES PTE. LTD.,314210.0,1,1,91.65,4.58,86.93
BARTON BRUCE SHAW PTE. LTD.,0.0,1,1,92.56,4.63,86.16
BASEPOWER ENTERPRISES PTY LTD,140129.92,1,1,91.58,3.91,80.53
BASHEER GRAPHIC BOOKS,31819.71,4,4,93.14,4.85,82.16
BATES SINGAPORE ASIA PTE. LTD.,369334.0,1,1,98.63,4.78,67.09
BAUTEC PACIFIC PTE. LTD.,299500.0,2,2,89.57,4.16,70.49
BAY HOTEL & RESORT PTE. LTD.,533.5,3,2,93.67,3.83,86.95
BAZGYM CONSULTANCY PTE. LTD.,148684.0,2,1,87.28,3.52,86.37
BBDO SINGAPORE PTE LTD,2797508.08,1,1,99.52,4.08,85.24
BBH COMMUNICATIONS (ASIA PACIFIC) PTE. LTD.,4477804.0,1,1,82.59,4.44,72.86
BBR CONSTRUCTION SYSTEMS PTE LTD,61.5,1,1,100.0,3.91,87.1
BBR GREENTECH PTE. LTD.,8673190.0,2,2,87.68,2.78,66.39
BCD ENGINEERING PTE LTD,162400.0,2,1,76.55,4.86,88.77
BCM CONSULTANTS PTE LTD,328020.0,4,2,89.02,4.21,75.39
BCMI Pte Ltd,45477.8,1,1,82.55,3.87,94.84
BCT TECHNOLOGY PTE. LTD.,227120.0,1,1,94.73,4.61,62.79
BDL Group Architects,345532.5,2,2,82.78,5.0,95.63
BDO ADVISORY PTE. LTD.,143000.0,2,2,84.43,2.42,74.39
BDO CONSULTANTS PTE. LTD.,459900.0,5,5,72.88,4.36,74.21
BDO LLP,2215310.0,14,14,84.38,3.24,79.95
BDRC ASIA PTE. LTD.,52000.0,1,1,68.61,4.4,71.03
BE SHOE BE BAG COMPANY LIMITED,176315.0,1,1,75.33,4.18,77.28
BE.NERGY PTE. LTD.,544980.0,3,1,94.08,4.48,70.62
BEACH HOUSE PICTURES PTE. LTD.,199056.0,1,1,94.29,3.8,70.99
BEACH ROAD HOTEL (1886) LTD.,53586.0,4,2,91.4,2.98,82.87
BEACON,183884.75,3,3,80.26,3.83,68.98
BEACON CONSULTING PTE LTD,7877887.01,10,7,87.62,4.34,70.32
BEACON EDUCATIONAL SUPPLIES PTE LTD,1855505.3,9,1,87.97,4.71,64.27
BEACON PROPERTY VALUERS LLP,0.02,2,1,78.73,3.4,72.96
BEAM MACHINES PTE. LTD.,1619000.0,1,1,100.0,4.72,91.12
BEAMER WORKS PTE. LTD.,194999.42,1,1,95.02,3.71,69.54
BEAQON PTE. LTD.,3586624.0,2,2,86.23,4.32,70.68
BEAU VOIX UNIFORM,450197.0,3,3,88.22,3.79,79.94
BEC CONSULTANTS,487000.49,8,3,89.67,4.21,74.29
BECA CARTER HOLLINGS & FERNER (S.E.ASIA) PTE LTD,5706092.46,8,6,71.67,4.64,100.0
BECKHOFF AUTOMATION PTE. LTD.,129658.0,2,2,86.02,3.36,76.37
BECKMAN COULTER SINGAPORE PTE. LTD.,8732715.04,12,6,82.54,3.69,81.35
BEDOK TRANSPORT PTE. LTD.,277980.0,1,1,79.99,4.21,87.44
BEE KONG ELECTRICAL ENGINEERING PTE LTD,81851147.0,11,7,85.75,5.0,87.25
BEE TECK INTERNATIONAL PTE. LTD.,408600.0,2,1,100.0,3.58,80.33
BEENET SINGAPORE PTE LTD,4856675.93,5,5,93.13,5.0,76.39
BEHAVIOURAL INSIGHTS (SINGAPORE) PTE. LTD.,1455941.0,5,5,83.43,5.0,98.24
"BEIJING BALFOUR TECHNOLOGY CO., LTD.",140045.4,1,1,92.58,4.04,77.0
BEIJING HAITIAN RUISHENG SCIENCE TECHNOLOGY LTD.,1107140.0,5,2,99.19,3.92,73.58
BEIJING HUA CHUANG ZHI YUAN KE JI YOU XIAN GONG SI,89920.8,1,1,95.4,3.68,71.54
"BEIJING JOHNSON CONTROLS CO., LTD SHANGHAI OFFICE",59643.6,1,1,88.48,4.06,60.73
BEIJING NEW LINK MARKETING CO. LTD (NLM),99575.0,1,1,82.82,3.26,86.22
BEIJING RISKCONTROL CO LTD,1772015.2600000002,2,1,93.59,4.05,54.52
BEIJING YI KUN YUAN LIN GONG CHENG YOU XIAN GONG SI,307703.12,2,1,91.15,5.0,77.94
"BEIJING ZHONGJIXINKE SCIENTIFIC INSTRUMENT CO., LTD",270000.0,1,1,95.16,3.73,75.95
BEKNOWN PTE. LTD.,140600.0,1,1,93.08,3.96,100.0
BELL & BOW AGENCY,164220.0,1,1,96.4,3.08,59.68
BELL INDUSTRIAL SUPPLIES,51685.75,2,2,83.72,4.32,68.99
BELMACS PTE LTD,4820.0,1,1,98.54,4.26,76.64
BEN FOODS (S) PTE LTD,3263917.1700000004,8,5,89.58,4.14,76.02
BEN PRODUCTIONS,31360.0,1,1,100.0,3.97,72.5
BENCHMARK TECHNOLOGIES,432729.98,3,2,82.49,3.92,77.19
BENCO MARITIME PTE. LTD.,2407655.55,3,1,100.0,4.4,65.4
BENCOOL LA PTE. LTD.,154.0,1,1,89.58,4.08,81.57
BENEDICT CHAN & COMPANY,3200.0,1,1,82.79,4.29,54.79
BENEL SINGAPORE PTE LTD,75040.0,1,1,84.13,4.23,77.74
BENG HENG ENGINEERING PTE LTD,3351000.0,8,6,85.44,4.77,72.0
BENG SIEW CONSTRUCTION PTE LTD,782700.0,2,2,91.39,4.51,88.16
BENG SOON MACHINERY SERVICES (SINGAPORE) PTE LTD,6661001.0,13,4,92.18,4.22,95.55
BENLY CONSTRUCTION COMPANY PTE. LTD.,50000.0,2,2,83.41,5.0,74.69
BENTLEY SYSTEMS SINGAPORE PTE LTD,2225228.16,5,3,87.81,4.35,91.91
BENTZ JAZ SINGAPORE PTE LTD,343300.0,2,1,100.0,4.88,74.84
BEPA CONSULTANT INTERNATIONAL,82989.0,3,2,100.0,4.46,68.34
BERGEN EQUIPMENT PTE. LTD.,344100.0,1,1,91.49,2.99,95.46
BERKLEY INSURANCE COMPANY (SINGAPORE BRANCH),24000.0,1,1,88.3,4.88,83.21
BERLO INTERNATIONAL PTE. LTD.,150016.56,3,2,88.96,4.18,78.04
"BERMELLO, AJAMIL & PARTNERS, INC.",399950.0,1,1,92.91,4.07,84.87
BERNARD VALUERS & REAL ESTATE CONSULTANTS (PTE) LTD.,0.01,1,1,79.82,4.27,80.74
BES TECHNOLOGY PTE. LTD.,5167525.0,5,4,85.94,3.89,77.31
BESCO BUILDING SUPPLIES (S.E.A.) PTE. LTD.,7331508.0,7,6,74.65,4.24,64.74
BESCON CONSULTING ENGINEERS PTE,361000.0,4,2,91.19,3.74,75.29
BESLEY & PIKE (SINGAPORE) PTE. LTD.,199099.75,4,3,93.18,4.86,84.23
BEST CHEMICAL CO (S) PTE LTD,247000.0,2,1,84.13,4.03,76.77
BESTINDO CAR UTAMA,59010.65,1,1,100.0,3.87,87.02
BESTLINK AUTO PTE LTD,248000.0,2,1,78.19,3.55,81.84
BESTWAY CLEANING SERVICES PTE LTD,1322700.0,1,1,76.29,4.26,69.22
BETH-EL (ASIA PACIFIC) PTE. LTD.,1170450.0,3,3,89.8,4.21,64.81
BETHESDA MEDICAL CENTRE PTE LTD,1748064.0,1,1,96.38,4.33,76.43
BETTR BARISTA PTE. LTD.,249630.0,3,3,100.0,3.48,72.76
BEVITAL AS,180450.0,1,1,84.33,3.14,81.36
BEXOURCE PTE. LTD.,793701.42,12,11,96.63,4.48,70.82
BEYOND POWERTEC PTE. LTD.,64068.45,2,1,87.69,4.99,71.85
BEYONDEDGE PTE. LTD.,215000.0,1,1,86.62,3.48,88.53
BEZ BALLOONS PTE LTD,41600.0,1,1,95.07,5.0,79.48
BGC GROUP PTE. LTD.,10173931.0,9,9,93.22,4.27,70.97
BGC Group Pte. Ltd.,4946524.84,8,8,75.39,4.1,78.18
"BGI TECH SOLUTIONS (HONGKONG) CO., LIMITED",642670.7,1,1,99.81,3.86,91.79
BHATCH ARCHITECTS,2090000.0,2,2,99.04,3.27,80.94
BHCC CONSTRUCTION PTE. LTD.,634225350.0,10,3,83.0,4.69,83.93
BHL CONSTRUCTION PTE. LTD.,1032000.0,1,1,91.17,3.63,70.48
BHOLAT- SAFEGUARD COMPANY LIMITED,289342.0,1,1,91.95,3.63,88.26
BIAM TECHNOLOGY PTE LTD,446564.33,1,1,90.09,4.7,100.0
BIAN HIN CO. (SINGAPORE) PRIVATE LIMITED,3836669.0,1,1,83.6,2.97,70.09
BIBI & BABA PRIVATE LIMITED,335022.7,3,3,82.63,3.19,66.18
BIBLIOTHECA SINGAPORE PTE. LTD.,56373.0,1,1,87.8,4.09,79.76
BIG - FOOT LOGISTIC PTE LTD,2891576.0,1,1,97.38,4.28,86.76
BIG 3 MEDIA PTE. LTD.,80440.0,1,1,92.35,4.39,77.09
BIG 3 PRODUCTIONS,77300.0,1,1,85.04,3.92,67.47
BIG PACK PTE. LTD.,38460.0,1,1,94.17,5.0,76.91
BIG TREE EDU AIDS CONSULTANCY PTE. LTD.,15223.0,1,1,65.21,3.96,83.98
BIGGER EXPERIENCE MARKETING CONSULTING GROUP,64701.0,1,1,97.19,3.96,73.93
BIGTREE PICTURES PTE. LTD.,109950.0,1,1,74.08,3.62,84.07
BIH LI & LEE LLP,466000.0,1,1,85.1,4.17,89.65
BILLIGENCE ASIA PTE. LTD.,528749.29,1,1,79.04,4.47,80.4
BIMLIFE PTE. LTD.,1.0,1,1,77.64,4.82,77.72
BINJAI INTERIOR DESIGN PTE LTD,715910.0,2,2,97.29,3.21,86.29
BINNIES SINGAPORE PTE. LTD.,801400.0,1,1,84.26,3.95,69.44
BINTAI KINDENKO PRIVATE LIMITED,26579436.0,2,2,90.77,4.37,68.45
BINWANI S ENTERPRISES,102580.0,1,1,87.62,4.45,75.33
BIO BASIC ASIA PACIFIC PTE. LTD.,529818.8300000001,6,3,91.82,4.1,73.08
BIO LABORATORIES PTE LTD,4876150.44,12,6,88.61,4.43,69.97
BIO-CARE GREASE CONTROL PTE LTD,118680.0,1,1,77.74,3.61,96.3
BIO-FLORA (SINGAPORE) PTE. LTD.,110076.2,2,1,95.97,5.0,99.72
BIO-LOGIC SCIENCE INSTRUMENTS SG PTE. LTD.,103920.69,1,1,84.05,4.7,74.46
BIO-RAD LABORATORIES (SINGAPORE) PTE LTD,482308.35,7,5,75.55,3.29,78.92
BIO-REV PTE. LTD.,45039.9,7,6,84.58,3.45,76.12
BIO.ETC PTE. LTD.,220331.01,5,3,100.0,3.47,89.07
BIOCON SOLUTIONS PTE. LTD.,47495.84,1,1,94.8,4.51,91.06
BIOFRONTIER TECHNOLOGY PTE. LTD.,324022.0,6,4,85.21,3.33,60.23
BIOMASS SENSOR PTE. LTD.,59800.0,1,1,85.21,3.9,82.76
BIOMED DIAGNOSTICS PTE LTD,13262881.02,34,8,85.43,4.37,64.93
BIOMEDIX SINGAPORE PTE. LTD.,4958174.83,6,2,100.0,4.06,95.58
BIOMERIEUX SINGAPORE PTE. LTD.,1671321.0,10,5,91.06,4.26,82.4
BIOSYS CORPORATION PTE. LTD.,480670.0,3,2,91.44,3.46,69.77
BIRD & BIRD ATMD LLP,562914.15,21,13,96.24,4.46,75.59
BIREME GROUP PTE. LTD.,96875.0,1,1,89.91,3.73,75.11
BISCUIT BOX,207500.0,2,1,85.93,3.91,83.25
BIT SOLUTION PTE. LTD.,109885.0,1,1,86.43,4.24,88.42
BIZ-ERA.NET PTE LTD,2.0,1,1,87.43,4.16,66.52
BIZ@DPCLOUD PTE. LTD.,14854.0,1,1,87.7,4.11,96.39
BIZLINK CENTRE SINGAPORE LTD,958398.6,8,6,93.82,3.65,94.06
BIZMEDIA PUBLISHING,2.7,2,1,88.42,3.92,69.25
BKK TRAVEL PTE. LTD.,13840.0,1,1,93.86,4.1,78.73
BLACK & VEATCH (SEA) PTE. LTD.,115801800.0,6,2,87.35,3.27,95.11
BLACK CANVAS LLP,150000.0,1,1,88.63,3.82,90.33
BLACK DESIGN PTE. LTD.,2095830.7,8,5,72.01,4.33,74.63
BLACKBLUE MEDIA GROUP PTE. LTD.,1203071.7,2,2,95.33,3.33,86.14
BLACKBOX RESEARCH PTE LTD,10832607.0,20,14,90.77,4.79,100.0
BLACKMRKT PTE. LTD.,1.0,1,1,95.98,4.86,79.05
BLACKROCK (SINGAPORE) LIMITED,473000.65,2,2,64.83,3.35,71.67
BLAK RICE PTE. LTD.,303000.0,2,2,100.0,4.91,79.72
BLESSING MUSIC & EDUCATION PTE. LTD.,2.0,2,1,86.88,4.01,80.47
BLISS GROUP PRIVATE LIMITED,16.5,1,1,96.87,4.35,72.75
BLK J PTE. LTD.,2675711.98,1,1,79.68,3.8,82.42
BLOOM CONSULTING SERVICES PTE. LTD.,359750.0,2,1,92.9,4.65,65.46
BLOOMBERG FINANCE L.P.,69541.82,1,1,79.57,4.34,71.34
BLOOMBERG FINANCE SINGAPORE L.P. SINGAPORE BRANCH,75772.8,1,1,83.01,3.61,85.58
BLS International Pte Ltd,1.0,1,1,100.0,3.4,60.45
BLUE DOT LEARNING PTE. LTD.,169610.0,5,2,86.47,3.22,87.03
BLUE LAKE CONSULTANCY SERVICES,419680.0,1,1,89.74,4.21,57.88
BLUE OCEAN HARVEST PTE. LTD.,221140.0,1,1,94.96,4.44,60.69
BLUE ORANGE PTE LTD,736238.0,4,4,91.97,4.49,73.01
BLUE SPEED CONSTRUCTION PTE LTD,97000.0,1,1,89.2,4.03,80.87
BLUE STAR INFOSTACK SOLUTIONS PTE. LTD.,513743.0,3,3,90.92,3.41,91.25
BLUEFORS CRYOGENICS OY,3674811.3400000003,3,2,100.0,3.69,78.58
BLUEOCEAN MEMTECH PTE. LTD.,330390.0,3,1,87.54,4.79,75.53
BLUESG PTE. LTD.,1300000.0,1,1,89.61,3.81,83.8
BLUETEL NETWORKS PTE. LTD.,1752000.0,1,1,96.41,4.19,69.29
BLUGRAPH TECHNOLOGIES PTE. LTD.,3433455.0,7,4,96.84,3.45,79.39
BM BUILDING PTE LTD,208746.0,1,1,97.5,4.3,66.01
BMK GLOBAL TRADING PTE. LTD.,951005.6,1,1,93.11,3.83,78.83
BMS CONTRACTORS PTE LTD,459317.0,1,1,78.86,4.73,76.7
BMS ENGINEERING AND TRADING PTE. LTD.,2437180.0,6,4,100.0,4.56,69.96
BMS ENGINEERS PTE LTD,4820.0,1,1,78.83,3.8,79.65
BMS Engineers Pte Ltd,18960.0,4,1,90.42,4.02,79.59
BMT SINGAPORE PTE. LTD.,173550.0,1,1,81.97,3.77,89.75
BNF ENGINEERING (S) PTE LTD,897757.5,1,1,87.49,3.25,61.94
BNF Engineering (S) Pte Ltd,21560667.0,8,5,90.63,3.59,77.24
BNL SERVICES PTE LTD,46507280.13,20,10,90.57,4.22,70.4
BNL WASTE MANAGEMENT PTE. LTD.,85400.0,1,1,91.38,4.3,86.7
BNP PARIBAS SECURITIES SERVICES,3.9299999999999997,2,2,100.0,4.19,85.54
BOARDROOM BUSINESS SOLUTIONS PTE. LTD.,70000.0,1,1,91.63,3.92,83.08
BOCA PERFORMANCE IMPROVEMENT ASIA PTE. LTD.,1671700.0,1,1,86.05,4.66,70.96
BODY TALK WORLD MARKETING,123.5,1,1,95.71,4.14,86.85
BOEING SINGAPORE TRAINING AND FLIGHT SERVICES PTE. LTD.,70928.0,1,1,97.52,4.52,62.7
BOK KOK CHUAN,114000.0,1,1,78.18,3.04,60.65
BOK SENG LOGISTICS PRIVATE LIMITED,2103413.0300000003,2,2,92.78,1.75,65.24
BOK SOON BOAT BUILDER,646710.0,3,1,93.61,4.27,77.67
BOLSEN MARINE SYSTEMS PTE. LTD.,39520.0,1,1,85.62,3.25,84.75
BOMBARDIER (SINGAPORE) PTE LTD,827196721.0,1,1,99.01,3.97,48.24
BONCAFE INTERNATIONAL PTE LTD,77869.85,4,2,86.8,3.92,91.23
BOO HAN HOLDINGS PTE LTD,220.0,1,1,89.0,5.0,79.31
BOOKAZINE CO. INC.,106.83,1,1,86.62,4.34,62.32
BOOKLINK PTE. LTD.,1.0,1,1,88.12,4.2,79.01
BOON POH REFUSE DISPOSAL PTE. LTD.,722730.0,3,3,79.23,4.6,88.93
BOON WEE CONST (S) PTE. LTD.,3400584.0,5,4,76.48,4.32,83.99
BOON YONG ELECTRICAL PTE LTD,310440.0,1,1,100.0,3.83,88.99
BOOZ ALLEN HAMILTON INTERNATIONAL PTE. LTD.,869820.0,1,1,81.22,4.74,64.34
BORNEO MOTORS (SINGAPORE) PTE. LTD.,6967070.71,27,18,80.07,3.43,73.86
BORWOOD TECHNOLOGIES (PTE.) LTD.,201111.0,3,2,70.77,4.29,68.75
BOSKALIS INTERNATIONAL B. V.,1232500000.0,1,1,82.89,3.17,95.18
BOSSA NOVA TECHNOLOGIES LLC,383500.0,1,1,77.42,4.22,84.39
BOUNGA INFORMATICS PTE. LTD.,169551.0,1,1,100.0,4.22,100.0
BOUSTEAD PROJECTS E&C PTE. LTD.,271828342.0,2,1,96.08,5.0,73.32
BOUTIQUE NEWCITY PUBLIC COMPANY LIMITED,81350.0,1,1,82.49,3.16,70.75
BOXGREEN PTE. LTD.,200.0,1,1,100.0,3.74,76.57
"BPS (Cambodia) Co.,Ltd",130106.34,1,1,95.85,4.59,91.78
BPS WELLNESS CENTRE,28800.0,1,1,85.4,4.3,74.34
BRADDELL BROTHERS LLP,509659.15,5,4,68.0,4.21,79.24
BRAINSHAKE OY,122480.0,1,1,100.0,3.53,78.97
BRAITHWAITE STEINER & PRETTY PTE. LTD.,190000.0,2,1,76.88,3.75,78.39
BRAND COURAGE PTE. LTD.,357230.0,1,1,74.84,4.85,71.48
BRAND LEARNING PTE. LIMITED,2895097.0,1,1,96.18,4.07,76.63
BRANDTHINK PR SDN BHD,811582.88,1,1,100.0,4.33,76.2
BRANDX INQ PTE. LTD.,4350.0,1,1,99.07,4.03,77.92
BRC GLOBAL PTE. LTD.,425400.0,2,1,92.51,3.39,87.44
BRICKSTON TRANSPORT SERVICE,134400.0,1,1,92.76,4.66,95.61
BRIDGED PRIVATE LIMITED,8100.0,1,1,94.83,4.4,69.6
BRIDGEWATER HOLDINGS PRIVATE LIMITED,1455901.5,1,1,94.07,5.0,74.08
BRIEF ACADEMY PTE. LTD.,99600.0,1,1,90.25,3.49,69.75
BRIGHT FUTURE SOLUTION PTE. LTD.,111818.0,1,1,88.83,4.59,79.87
BRIGHT SUNLIGHT LIMITED,2.0,1,1,87.5,3.31,72.62
BRIGHTEN UNIFORMS PTE. LTD.,254.4,1,1,81.97,4.19,80.4
BRILLIANT CORP (S) PTE. LTD.,217047.4,1,1,85.75,4.69,89.04
BRILLIANT GENERAL BUILDING CONSTRUCTION PTE LTD,3702210.74,1,1,74.46,2.86,52.74
BRINK'S SINGAPORE PTE LTD,153207.0,3,3,87.21,3.98,82.92
BRIO CONSTRUCTION & ENGINEERING PTE. LTD.,1670127.8599999999,2,2,80.09,3.76,73.4
BRIQ PTE. LTD.,1605478.3900000001,5,4,79.17,3.68,82.6
BRISK SAFETY SDN.BHD.,1944.04,1,1,89.44,4.33,69.04
BRITISH COUNCIL (SINGAPORE) LIMITED,888680.0,4,3,99.14,4.77,89.96
BRK INTERNATIONAL PTE. LTD.,641808.0,3,2,95.35,4.02,87.13
BRK PTE. LTD.,22082229.08,6,2,75.44,4.22,83.68
BRK Pte. Ltd.,198.8,1,1,80.08,4.17,85.93
BROADCAST COMMUNICATIONS INTERNATIONAL PTE. LTD.,709978.0,3,3,95.53,4.1,70.54
BROADCAST ENGINEERING SERVICES PTE LTD,16634697.5,14,6,80.14,3.45,71.8
BROADCAST MEDIA INTEGRATION PTE. LTD.,15290.0,1,1,86.2,4.77,85.52
BROADCAST PROFESSIONAL PTE. LTD.,3821491.33,1,1,92.4,4.28,70.32
BROADWAY MALYAN ASIA PTE. LTD.,450000.0,1,1,80.25,4.34,92.46
BRONJO MEDI,1605519.21,6,3,88.84,3.62,74.76
BROOKLYN-MEDIA PRIVATE LIMITED,255485.0,3,2,77.33,3.82,83.02
"BROWN & BROWN OF GARDEN CITY, INC.",863577.62,5,1,83.19,3.99,98.99
BRUKER SINGAPORE PTE. LTD.,24169670.67,32,5,90.56,3.18,70.94
BRUNSWICK GROUP PTE. LIMITED,143000.0,1,1,75.26,3.09,78.69
BRYAN BOILER ENGINEERING PTE LTD,13309267.0,4,1,91.52,3.74,88.54
BS TECHNOLOGY PTE LTD,1071600.0,1,1,87.84,4.41,87.51
BSG LANDSCAPE & CONSTRUCTION PTE. LTD.,29581695.47,23,13,92.42,3.71,74.72
BSI (1990) PTE. LTD.,12470000.0,1,1,89.79,3.49,72.83
BSK MEMBRANE PTE. LTD.,265000.0,1,1,98.91,3.61,75.67
BT GLOBAL SERVICES TECHNOLOGIES PTE. LTD.,1356823.31,5,4,89.0,3.83,92.48
BT GLOBAL SOLUTIONS PTE. LTD.,1864718.37,7,6,84.56,3.89,75.21
BT&TAN TRANSPORT PTE. LTD.,3692550.4,3,2,88.98,5.0,78.78
BTW TECHNOLOGY PTE. LTD.,328633.7,3,3,92.35,4.73,73.73
BTW Technology Pte Ltd,1705111.24,12,8,88.39,4.71,85.06
BU SENG CHONG HOLDINGS SDN. BHD.,62567.0,3,1,88.32,4.8,79.56
BUCHI SINGAPORE PTE. LTD.,267077.2,4,3,82.38,3.5,67.97
BUDGET TOUR PLANNERS PTE. LTD.,729.0,1,1,82.7,3.37,68.31
BUILD-MAX CONSTRUCTION PTE LTD,299035.0,1,1,76.78,3.44,58.01
BUILD-UP MOULDING & MACHINING,400000.0,3,1,100.0,4.9,69.69
BUILDER 90 PTE LTD,80112778.0,4,2,78.05,3.77,85.94
BUILDER MAX-JM PTE. LTD.,3492400.00595,6,4,82.46,3.35,91.24
BUILDERS 72 PTE. LTD.,6100218.0,3,2,82.25,3.84,84.86
BUILDFORMS CONSTRUCTION (PTE.) LTD.,10935109.0,9,6,95.16,3.96,83.55
BUILDING CONSTRUCTION CO. (PRIVATE) LIMITED,88363035.0,6,1,85.64,4.26,76.73
BUILDING SYSTEM AND DIAGNOSTICS PTE. LTD.,194300.0,2,2,97.98,4.25,85.75
BUILDWERKZ BUILDERS PTE. LTD.,457957.19,3,3,82.61,3.6,80.86
BUILT 2 LAST TRAINING,147000.0,3,1,90.23,4.51,96.04
BUILT FORCE CONSTRUCTION PTE LTD,21429935.0,5,2,81.32,3.72,77.02
BUILT FROM SKRATCH,34100.0,2,2,100.0,4.01,91.43
BUILT PTY LTD,378265.67,1,1,78.5,4.51,86.74
"BULLFROG & BAUM, LTD",1172199.17,1,1,90.48,3.71,85.35
BULLS-EYE SECURITY SERVICES PTE. LTD.,115200.0,1,1,93.07,3.76,57.89
BULOX POWER PTE. LTD.,1899620.27,1,1,91.31,4.46,87.29
BUREAU PTE. LTD.,113750.0,2,2,86.52,3.59,76.72
BUREAU VAN DIJK ELECTRONIC PUBLISHING PTE. LTD.,633000.0,1,1,86.96,3.87,73.56
BUREAU VERITAS BUILDINGS & INFRASTRUCTURE PTE. LTD.,52621231.0,26,4,88.35,4.43,63.17
BUREAUSERVE PTE LTD,10885936.0,1,1,86.82,5.0,77.94
BURNING GLASS INTERNATIONAL INC.,1199448.0,2,2,95.71,4.46,78.34
BURO ENGINEERING PTE. LTD.,483600.0,2,1,100.0,4.38,64.97
BURSON-MARSTELLER (S.E.A.) PTE. LTD.,2236364.0,7,7,83.54,4.42,63.27
BUS HUB SERVICE PTE. LTD.,3138836.0,1,1,77.04,3.46,82.87
BUS-PLUS SERVICES PTE LTD,1368345.0,6,4,87.29,4.17,86.72
BUSADS PTE LTD,1456799.28,8,2,100.0,4.08,79.9
BUSHY SIGSUG LTD.,1762449.5,1,1,81.57,4.29,89.51
BUSINESS CONTINUITY PLANNING ASIA PTE. LTD.,39100.0,1,1,100.0,4.17,77.14
BUSINESS EDGE PERSONNEL SERVICES PTE LTD,4156.2,2,2,100.0,4.33,77.46
BUSINESS MACHINES SYSTEMS (S) PTE. LTD.,1123000.0,1,1,83.57,3.91,68.83
BUSINESSIT PTE LTD,6938.0,1,1,92.55,4.14,62.4
BUSY TABLES PRIVATE LIMITED,12850.0,1,1,100.0,3.36,96.55
BUUUK PRIVATE LIMITED,2985930.0,1,1,84.97,3.91,89.31
BW FURNITURE PTE. LTD.,87768.0,1,1,86.37,4.93,64.07
BX CREATIVES PTE. LTD.,4206540.26,4,4,83.35,4.29,79.56
BYD (SINGAPORE) PTE. LTD.,17246317.0,1,1,79.88,4.09,77.0
BYNDER B.V.,186148.46,1,1,82.81,5.0,75.26
BYS HORTICULTURE,36421.0,1,1,78.21,3.28,73.91
BYZORO NETWORKS LTD.,339540.0,1,1,88.27,3.43,81.81
Bachy Soletanche Singapore Pte Ltd-Wai Fong Construction Pte Ltd Joint Venture,293858081.1,1,1,81.84,5.0,86.18
Baker & Mckenzie.Wong & Leow,66993.0,6,5,89.87,4.13,82.02
Ban Choon Marketing Pte Ltd,177669.91,3,3,75.55,3.95,76.79
Ban Chuan Trading & Engineering Pte Ltd,643200.0,1,1,90.65,3.38,76.43
Ban Hock Hin Company Private Limited,1471384.0,3,2,94.67,4.37,87.37
Beijing Hua Chuang Zhi Yuan Technologies Ltd,129526.44,1,1,72.05,4.43,82.63
Beijing Yu Feng Yong Jin Shu Jie Guo Chang,51363.0,1,1,90.99,3.44,78.73
Bennett Daniel Mark,456000.0,1,1,97.82,4.02,77.64
Bert's Air-Conditioning Pte Ltd,73370.0,1,1,78.32,3.9,81.45
Bethesda Community Assistance and Relationship Enrichment Centre,30880.0,1,1,100.0,4.25,73.32
Bez Balloons Pte Ltd,257600.0,1,1,91.35,3.43,86.22
Big Foot Logistic Pte Ltd,2891576.0,1,1,82.36,4.85,67.24
Binjai Interior Design Pte Ltd,1431462.0,9,7,87.55,4.65,73.89
Bintai Kindenko Pte Ltd,144938434.43,10,7,92.47,3.88,84.11
Bio Laboratories Pte Ltd,7832273.22,18,11,88.61,3.97,66.67
Bio-Rad Laboratories (Singapore) Pte Ltd,4410123.99,18,7,92.31,4.02,62.27
BioSpyder Technologies Inc,25411.2,1,1,80.63,3.63,78.63
Biofit Technology & Services,43130.0,1,1,89.35,3.83,61.04
Blade Club,18000.0,1,1,76.69,3.94,65.01
Bloomberg Finance Singapore LP,70984.66,1,1,87.11,5.0,85.57
Bluestone Corporation Pte Ltd,454000.0,2,2,80.77,4.67,75.95
"Bonsey Jaden (Thailand) Co., Ltd.",677972.95,1,1,82.12,4.66,90.85
Bonucchi e associati srl,85000.0,1,1,97.89,4.32,65.95
Boon Guan Construction Pte Ltd,8145710.0,3,2,96.73,3.43,77.06
"BoonChai Construction Co., Ltd.",120521.89,1,1,92.87,4.08,82.0
Borneo Air-Conditioning & Engineering,534900.0,1,1,79.26,4.68,66.29
Bosch Rexroth Pte Ltd,1719416.0,2,1,85.47,3.35,88.32
Bourgeois Enterprise,3656870.0,5,2,97.7,4.48,83.11
Brinda's Pte Ltd,31037.0,3,2,89.13,5.0,61.91
Bureau van Dijk Electronic Publishing Pte. Ltd.,202685.0,1,1,100.0,4.74,77.62
Business Edge Personnel Services Pte Ltd,12311791.25,19,14,91.15,4.95,81.86
BusinessIT Pte Ltd,3539.0,3,2,89.54,4.23,72.1
C & H Properties Pte Ltd,2.0,2,1,85.53,4.68,63.2
C & K MANAGEMENT LIMITED,83135.0,1,1,89.07,3.67,80.78
C & L VALUERS PTE LTD,1.02,3,2,86.78,4.58,100.0
C & P RENT-A-CAR (PTE.) LTD.,8357334.0,17,10,93.66,4.49,74.13
C H LIM CONSULTANTS,19090.0,4,1,95.65,4.27,93.69
C J MED INTERNATIONAL,7549.5,1,1,81.71,4.89,70.48
C K T THOMAS PRIVATE LIMITED,37448500.0,4,1,77.35,3.78,80.16
C&R INTERIORS PTE. LTD.,3426483.0,4,4,73.31,3.99,85.72
C&W SERVICES (S) PTE. LTD.,411846750.23,67,31,92.06,4.16,77.92
C&W SERVICES OPERATIONS PTE. LTD.,6899514.2,9,7,79.17,3.48,75.02
C&W SERVICES TOWNSHIP PTE. LTD.,177940.0,2,2,70.78,4.24,85.26
C'IGNATURE ARTS PTE. LTD.,3200.0,1,1,91.11,3.07,96.91
C'IGNATURE PASSION PTE. LTD.,803453.0,7,5,100.0,4.73,81.01
C+H ASSOCIATES PTE. LTD.,8464514.08,4,4,87.95,4.13,72.84
C. Melchers GmbH & Co Singapore Branch,225314.0,2,2,94.71,3.79,76.1
C. S. BUILDERS PTE LTD,1000000.0,1,1,88.65,3.6,100.0
C. S. SEATING & CONTRACT (S) PTE LTD,957940.0,2,2,87.21,3.96,79.35
C.K. TOH CONSTRUCTION PTE. LTD.,161600.0,1,1,95.35,4.51,72.06
C.P.ONG CONSTRUCTION PTE LTD,23582248.0,8,6,85.68,4.43,66.55
C2 CREATIVE COMMUNICATIONS PTE. LTD.,9077551.61,13,8,90.14,3.68,59.74
C@NSPECS PTE. LTD.,2456727.94,9,7,90.57,3.59,81.64
CA FACILITIES PTE. LTD.,16935904.96,17,11,82.66,4.49,84.55
CA M&E ENGINEERING PTE. LTD.,34102434.730000004,44,18,95.94,3.67,74.03
CA TRUST PAC,32302.0,3,1,86.6,4.14,77.85
CAA INTERNATIONAL LIMITED,202919.0,3,1,81.95,4.17,66.3
CABCHARGE ASIA PTE LTD,0.05,1,1,92.29,4.29,79.33
CABLE CARE PTE. LTD.,3483621.8,2,2,80.81,4.61,82.81
CABLES & UTILITIES DETECTION SERVICES PTE LTD,98000.0,1,1,88.23,3.34,72.65
CACTUS,86690.0,1,1,87.93,2.95,94.9
CAD-IT Consultants (Asia) Pte Ltd,200000.0,1,1,96.69,3.76,69.63
CADENCE DESIGN SYSTEMS (IRELAND) LIMITED,2530865.25,4,2,91.8,5.0,80.83
CADI SCIENTIFIC PTE. LTD.,7456293.0,1,1,87.8,5.0,86.48
CADRE SELF DEFENSE & MARTIAL ARTS PTE. LTD.,323240.0,1,1,94.54,5.0,77.23
CAE SINGAPORE (S.E.A.) PTE. LTD.,10974320.02,5,1,99.12,3.98,76.12
CAFE GALILEE PTE. LTD.,2036217.79,3,3,92.46,3.03,63.71
CAFE-BAR SERVICES,51.46,1,1,88.08,2.69,91.57
CAFFEINE SOLUTIONS PRIVATE LIMITED,153772.0,1,1,77.51,3.73,76.3
CAGA CONSULTANTS PTE. LTD.,125450.0,2,2,79.48,3.98,83.37
CAK & FG SURVEY PTE. LTD.,6735323.8,13,9,85.56,4.88,84.73
CAKE THEATRICAL PRODUCTIONS LTD.,221600.0,2,1,83.12,4.62,71.72
CALGIN ENTERPRISES PTE LTD,30516.0,4,1,86.5,4.24,76.02
CALIBRE CONSULTING (SINGAPORE) PTE. LTD.,924606.0,8,5,88.45,3.57,91.34
CALICO ASIA RECRUITMENT PTE. LTD.,1.0,1,1,92.24,3.52,66.83
CALIPER PTE. LTD.,174860.0,1,1,87.44,4.25,99.28
CALL THE SHOTS PHOTOGRAPHY,1200.0,1,1,91.89,4.52,70.55
CALLAGHAN INNOVATION RESEARCH LIMITED,695000.0,1,1,88.52,4.34,66.2
CALTRON PTE. LIMITED,7180.0,1,1,72.2,3.48,79.32
CALVARY CONSTRUCTION PTE. LTD.,3947851.0,3,3,80.49,4.49,100.0
CALVARY PROJECTS & CONSULTANCY,14270.0,3,1,86.85,4.36,58.89
CALYTRON ENGINEERING PTE LTD,614500.0,1,1,78.32,3.46,76.59
CAMBRIAN ENGINEERING CORPORATION PTE LTD,98000.0,1,1,92.8,3.63,82.76
CAMBRIDGE ASSOCIATES ASIA PTE LTD,930000.0,1,1,100.0,4.51,78.34
CAMELOT PTE. LTD.,2872649.0,16,8,97.75,3.96,81.82
CAMERATRAPS ASIA SDN. BHD.,111816.7,1,1,86.29,5.0,70.82
CAMP CHALLENGE PTE. LTD.,285570.0,5,3,99.93,4.4,72.0
CAMP HIGH ACHIEVERS PTE. LTD.,1159720.0,9,2,89.19,3.81,76.52
CAMP UP STUDIO (PRIVATE LIMITED),73950.0,1,1,85.3,4.09,66.7
CAMPAIGN COMPLETE SOLUTIONS PTE. LTD.,6389956.0,3,3,83.09,4.14,77.55
CAMPERS' CORNER OUTDOOR OUTFITTERS PTE. LTD.,48399.54,1,1,85.58,3.66,74.11
CANACT PTE. LTD.,2139768.3,9,6,84.89,3.55,73.3
CANDY FLORICULTURE PTE. LTD.,534766.0,6,1,89.36,4.52,81.21
CANON SINGAPORE PTE. LTD.,2565375.92,6,5,89.28,4.61,59.79
CANOPUS II PTE. LTD.,302.5,2,2,88.02,4.46,75.71
CANOSSAVILLE CHILDREN'S HOME,182000.0,1,1,91.5,5.0,100.0
CANTAB IP PTE. LTD.,1651363.64,2,1,97.53,3.77,67.14
"CAPELLA HOTEL, SINGAPORE",129800.0,4,3,95.6,5.0,90.86
CAPELLE ACADEMY PTE. LTD.,364900.0,2,2,76.12,3.56,78.55
CAPELLE CONSULTING PTE. LTD.,4964425.0,5,2,67.57,3.49,71.97
CAPGEMINI SINGAPORE PTE. LTD.,39822289.92,7,6,95.47,3.04,64.79
CAPITA PTE. LTD.,9561831.47,15,10,77.06,3.83,79.4
CAPITOL HOTEL MANAGEMENT PTE. LTD.,352.0,1,1,86.2,3.8,92.53
"CAPRI BY FRASER CHANGI CITY, SINGAPORE",441.0,2,1,78.64,4.42,74.11
"CAPRI BY FRASER CHINA SQUARE, SINGAPORE",238.0,1,1,73.58,4.25,77.19
CAPTIONCUBE PTE. LTD.,26500.0,1,1,92.33,3.38,88.1
CAPTURED PTE. LTD.,97090.0,2,1,94.07,3.86,81.41
CAR CLUB PTE. LTD.,90.38,1,1,83.39,3.88,62.28
CARA CONSULTANCY SERVICES (PTE.) LTD.,26480.0,1,1,67.27,3.03,78.99
CARAT MEDIA SERVICES SINGAPORE PTE LTD,2.0,2,2,83.63,3.51,93.12
CARBON INTERACTIVE PTE. LTD.,2996400.0,7,7,91.13,3.64,77.63
CARD ATELIER,31200.0,1,1,76.17,4.96,50.59
CARD TECHNO PTE. LTD.,1.0,1,1,89.47,4.21,81.88
CARE (CARE ADVISORS RECRUITMENT ENTERPRISE) PTE. LTD.,6360.0,1,1,87.88,4.5,76.02
CARE CORNER SENIORS SERVICES LTD.,1.0,1,1,92.63,3.2,59.71
CARE CORNER SINGAPORE LTD,176320.0,2,2,88.96,4.82,61.21
CARE EXPRESS SERVICES,46620.0,1,1,80.22,4.88,87.75
CARE INCORPORATION PRIVATE LIMITED,633136.0,1,1,97.57,2.9,70.68
CAREERBUILDER (SINGAPORE) PTE. LTD.,361160.0,3,2,86.73,3.68,68.93
CAREWORKS COMMUNITY SERVICES LTD.,13800.0,1,1,87.78,4.4,77.64
CARL WALTHER GMBH,291417.4,1,1,80.53,4.49,71.56
CARL ZEISS PTE. LTD.,7483289.0,23,7,84.45,3.69,79.0
CARLTON CITY HOTEL (SINGAPORE) PTE. LTD.,4295.5,5,2,80.92,3.92,75.97
CARLTON HOTEL (SINGAPORE) PTE LTD,17781.5,5,2,86.62,3.74,66.0
CARNIVAL WIZ PTE. LTD.,192000.0,1,1,100.0,4.17,72.89
CAROLINA EDUCATION CONSULTANCY PTE. LTD.,8001.0,2,2,77.02,4.82,82.43
CARPET IMAGE PTE LTD,18938.0,1,1,75.09,3.64,78.42
CARREY HILL EVENTS PTE. LTD.,106088.0,1,1,99.77,4.7,77.18
CARRIER SINGAPORE (PTE) LIMITED,1822038.0,7,6,86.33,3.63,97.37
CARROTS CONSULTING PTE LTD,70000.0,1,1,82.65,3.59,85.31
CASA GALERIES GROUP PTE. LTD.,46895.0,1,1,96.32,4.59,86.52
CASCADE CONSULTING PRIVATE LIMITED,1.0,1,1,83.16,4.65,76.34
CASEY SYSTEM PTE LTD,161600.0,1,1,100.0,4.61,80.2
CASSEROLE CATERING SERVICES PTE. LTD.,1954590.58,5,4,93.42,3.31,73.69
CAST LABORATORIES PTE LTD,13854579.0,2,2,84.1,3.82,85.78
CASTALIA LIMITED,1.0,1,1,100.0,4.59,76.9
CASTELLO CONSULTANT,41800.0,1,1,83.15,4.12,80.22
CASTILLON SECURITY (S) PTE. LTD.,5491920.0,2,2,93.94,3.46,79.61
CASUARINA CURRY BANANA LEAF PTE. LTD.,89.0,1,1,90.39,4.37,77.82
CASUARINA SERVICES PTE. LTD.,687000.0,2,2,98.41,3.67,100.0
CASY CONSULTANCY SERVICES,12.0,3,3,100.0,5.0,71.33
CASY ENGINEERING CONSULTANCY PTE. LTD.,206500.0,2,2,88.26,5.0,71.24
CATERING CULTURE PTE. LTD.,1786285.09,2,1,81.97,4.46,84.94
CATHAY INTERIORS PTE. LTD.,166000.0,1,1,91.68,4.92,72.05
CATHAY PHOTO STORE (PRIVATE) LIMITED,3645180.96,16,7,82.58,4.14,75.09
"CATHY CALLEGARI PUBLIC RELATIONS, INC.",185705.91,1,1,100.0,4.56,67.14
CATLIN SINGAPORE PTE. LTD.,1.0,1,1,89.09,4.99,82.92
CAVU CORP PTE. LTD.,851081.16,1,1,85.08,4.25,83.04
CAXTON ENGINEERING PTE. LTD.,584740.0,1,1,89.48,3.95,74.85
CBD EVISION PTE LTD,2261866.0,2,1,77.22,3.08,85.15
CBL M&E PTE. LTD.,299888.0,1,1,80.23,4.05,59.42
CBM FACILITIES & SECURITY MANAGEMENT (THAILAND) CO. LTD,179144.19,1,1,97.6,4.59,70.93
CBM PARKING PTE. LTD.,1027960.0,1,1,82.74,4.67,76.3
CBM PTE. LTD.,66862383.0,20,13,79.62,4.4,66.28
CBM QATAR LLC,205056.0,1,1,92.29,3.78,60.51
CBM SECURITY PTE. LTD.,2123294.0,1,1,97.49,2.91,74.92
CBM SOLUTIONS PTE. LTD.,216862.0,2,2,93.75,3.8,84.94
CBRE GWS PTE. LTD.,601086.78,1,1,95.97,3.92,90.82
CBRE PTE. LTD.,25490957.490000002,22,11,81.95,3.91,72.53
"CBRE, INC",1.45,1,1,76.63,4.47,85.33
CCA & PARTNERS PTE. LTD.,3916000.0,2,2,100.0,5.0,84.37
CCECC SINGAPORE PTE LTD,186678933.99,18,6,85.42,4.17,90.19
CCH ASIA PTE LIMITED,1300464.0,1,1,85.99,3.97,74.5
CCS SERVICES PTE. LTD.,224800.0,1,1,98.63,3.94,60.01
CD ENGINEERS PTE. LTD.,259895.0,1,1,92.45,4.17,78.7
CD IMAGING PTE LTD,572000.0,1,1,91.65,3.6,67.86
CD Imaging Pte Ltd,1283597.27,7,5,100.0,4.17,70.76
CE-TEST & MEASUREMENT (S) PTE. LTD.,1672.0,1,1,82.85,4.37,74.99
CEA CONSULTANCY PTE. LTD.,36143.25,1,1,95.42,4.23,74.61
CEE TECHNOLOGIES PTE. LTD.,110668.4,1,1,88.46,4.37,79.42
CEG Asia Pacific,1.0,1,1,90.15,4.36,85.03
CELLARMASTER WINES SINGAPORE PTE LTD,10000.0,1,1,100.0,3.04,74.32
CELLEBRITE ASIA PACIFIC PTE. LTD.,36012.6,1,1,92.06,4.48,81.96
CELLS MANAGEMENT AND CONSULTANCY PTE LTD,140325.0,1,1,92.31,3.7,78.15
CELLS MANAGEMENT AND CONSULTANCY PTE. LTD.,588101.0,3,2,96.58,3.44,87.35
CEMECON AG.,196860.0,1,1,85.08,3.44,76.11
CEMENTONE (S) PTE LTD,51558.0,1,1,81.29,4.36,77.21
CEMENTONE [S] PTE LTD,1402551.5,1,1,79.64,3.97,74.26
CEMS MARKETING PTE LTD,72900.0,1,1,72.27,3.09,76.38
CENGAGE LEARNING ASIA PTE. LTD.,3.0,2,2,100.0,4.39,70.17
CENTER FOR APPLIED LIFE CONCEPTS PRIVATE LIMITED,47976.0,1,1,79.17,3.24,69.17
CENTER FOR CREATIVE LEADERSHIP,450913.75,3,3,86.23,4.18,85.76
CENTER FOR CREATIVE LEADERSHIP (CCL) PTE LTD,2.0,1,1,85.79,4.24,67.17
CENTRAL CHAMBERS LAW CORPORATION,2121318.43,39,26,90.46,4.63,74.81
CENTRE FOR FATHERING LIMITED,13500.0,1,1,94.53,5.0,88.15
CENTRE FOR PERFORMANCE TRANSFORMATION (PTE.) LTD.,946249.0,14,8,94.88,3.28,74.47
CENTRE FOR PSYCHOTHERAPY,68400.0,1,1,83.34,4.07,86.29
CENTRE FOR SENIORS,82000.0,1,1,86.66,3.93,72.09
CENTRE FOR SOCIAL EMOTIONAL LEARNING (SEL),395900.0,4,2,90.26,4.36,67.49
CENTRIC GARDEN ENTERPRISE,157771.04,1,1,86.01,4.23,62.05
CENTRODEX ENGINEERING PTE. LTD.,168000.0,1,1,100.0,3.89,91.13
CENTURION INFORMATION SECURITY PTE. LTD.,2401.0,2,2,91.93,3.84,66.63
CENTURY 99 PTE LTD,0.02,2,1,93.88,3.43,85.47
CENTURY PROPERTIES MANAGEMENT INC,329044.69,1,1,93.3,4.69,68.0
CERBERUS SECURITY PTE. LTD.,264950.0,1,1,97.39,4.38,91.17
CERT CONSULTANCY GROUP PTE. LTD.,126989.0,2,1,89.45,4.65,100.0
CERTIFER,950000.0,1,1,77.63,3.91,61.13
CERTIS CISCO AUXILIARY POLICE FORCE PTE. LTD.,514203300.84000003,46,23,91.2,3.71,67.15
CERTIS CISCO AVIATION SECURITY PTE. LTD.,24120978.0,2,1,82.79,3.45,85.73
CERTIS CISCO CONSULTING SERVICES PTE. LTD.,2378000.0,1,1,83.77,4.32,83.13
CERTIS CISCO PROTECTION SERVICES PTE. LTD.,85450180.67,12,11,92.69,3.48,85.77
CERTIS CISCO SECURE LOGISTICS PTE. LTD.,66483444.45,13,7,97.91,5.0,72.26
CERTIS CISCO SECURITY PTE. LTD.,1053582.0,1,1,88.17,3.32,97.88
CERTIS GUARDING SERVICES LLC,352043.02,2,1,90.47,4.26,79.18
CERTIS INTEGRATED FACILITIES MANAGEMENT PTE. LTD.,84721553.5,2,2,100.0,5.0,65.83
CERTIS LLC,489507.89,2,1,89.93,4.46,75.47
CERTIS MANAGEMENT SERVICES PTE. LTD.,28336447.2,9,7,100.0,4.21,65.96
CERTIS TECHNOLOGY (SINGAPORE) PTE. LTD.,44369566.88,33,25,92.52,3.52,93.91
CES ENGINEERING & CONSTRUCTION PTE. LTD.,245568000.0,3,1,73.91,3.27,71.4
CESMA INTERNATIONAL PRIVATE LIMITED,4276235.75,14,6,94.03,4.56,82.92
CESSTECH (S) PTE LTD,61265.0,1,1,91.05,5.0,73.29
CES_SDC PTE. LTD.,659612000.0,2,2,98.32,3.84,71.85
CETM GLOBALTEST PTE. LTD.,50539.0,3,2,93.39,3.42,58.9
CFLT (S) PTE. LTD.,286627.0,5,2,86.89,2.63,83.98
CFM HOLDINGS LIMITED,25774.0,1,1,78.21,3.51,90.99
CG EDUCATION & TECHNOLOGY SOLUTIONS,1.0,1,1,86.33,4.03,68.84
CGNG ARCHITECTS,564280.0,2,1,81.2,5.0,62.55
CGS CONSTRUCTION PTE. LTD.,739800.0,3,1,83.36,4.5,86.03
CH M&E GROUP PTE. LTD.,782196.5,4,4,92.71,4.28,61.54
CH2M HILL SINGAPORE CONSULTING PTE. LTD.,59500.0,1,1,100.0,3.86,90.2
CH2M HILL SINGAPORE PRIVATE LIMITED,290423351.1,26,3,91.16,3.75,68.96
CHAIN-SYS ASIA PACIFIC PTE. LTD.,1004625.0,1,1,78.43,4.94,66.97
CHAMBERS PROPERTY MANAGEMENT S ERVICES PTE LTD,8270000.0,1,1,91.56,4.22,80.48
CHAMBERS VALUERS & PROPERTY CONSULTANTS PTE. LTD.,0.02,2,1,97.57,2.84,67.62
CHAMELEON EVENTS PTE. LTD.,952258.9,2,2,83.12,3.7,70.93
CHAMELEON GLOBAL EVENTS PTE. LTD.,325564.0,2,2,86.93,3.59,81.54
CHAN & CHAN ENGINEERING PTE. LTD.,138627900.0,10,4,88.12,3.77,53.71
CHAN BUS SERVICES,713837.0,3,3,81.72,4.44,94.42
CHAN JIGUANG GIFFORD,1500.0,1,1,93.19,4.04,78.44
CHAN LAM CONSTRUCTION PTE LTD,19330000.0,1,1,87.03,4.05,65.07
CHAN POH GEOK,101750.0,1,1,91.36,4.89,67.83
CHAN RONG FEN BUILDING CONSTRUCTION PTE LTD,159800000.0,3,1,80.9,3.68,87.92
CHAN WENG KIONG,88870.0,1,1,84.5,5.0,84.01
CHAND-RA SAFETY SOLUTIONS,40000.0,1,1,93.78,3.7,91.87
CHANDLER MACLEOD GROUP PTE. LTD.,13861.0,3,3,85.02,4.15,71.17
CHANG HUA CONSTRUCTION PTE LTD,156210617.2,3,2,100.0,3.93,80.97
CHANG SENG SERVICES PTE LTD,32078376.52,2,2,84.8,4.17,82.27
CHANGE VOYAGE CONSULTING PTE. LTD.,116808.0,1,1,89.8,4.37,84.95
CHANGI COVE PTE. LTD.,148.5,1,1,95.46,4.36,89.27
CHANGI GENERAL HOSPITAL PTE LTD,339620.0,2,2,76.65,3.65,70.83
CHANGI TRAVEL SERVICES PTE. LTD.,1.0,1,1,73.91,3.43,76.86
CHAO SHENG FIRE PROTECTION WORKS PTE LTD,261148.0,1,1,75.79,5.0,71.9
CHARACTERIST LLC,11580.0,2,2,98.1,3.81,77.47
CHARACTERLASTS,247500.0,2,1,83.59,4.52,84.98
CHARSLTON TECHNOLOGIES PTE LTD,1371567.75,5,3,100.0,3.14,61.46
CHARTERED SURVEY SERVICES CONSULTANTS PTE. LTD.,1920128.0,3,3,83.49,3.93,89.09
CHARTWORTH ENTERPRISE SINGAPORE PTE. LTD.,114409273.0,8,2,89.48,4.02,66.61
CHASEN LOGISTICS SERVICES LIMITED,79950.0,1,1,100.0,4.38,74.93
CHATEAU ITALIA PTE LTD,875835.0,9,7,100.0,2.47,90.44
CHBC INTEGRATED BUILDERS PTE. LTD.,814151.0,3,2,100.0,4.2,81.28
CHC CONSTRUCTION PTE. LTD.,146344398.0,17,4,97.67,3.41,81.4
CHEAK CHING CHENG,1110.0,1,1,96.19,4.29,66.19
CHEE JUN HONG,10000.0,1,1,92.74,3.48,67.56
CHEE SANG DENTAL SUPPLY PTE. LTD.,7080.0,2,1,94.23,3.59,87.41
CHEE YAM CONTRACTOR PTE. LTD.,50914200.0,4,1,83.59,3.94,72.11
CHEM RESIST SDN. BHD.,47182.5,1,1,81.45,3.47,73.05
CHEM-GAS PTE LTD,345846.34,2,1,87.97,3.81,87.64
CHEM-SOLV TECHNOLOGIES PTE LTD.,2453064.0,3,2,86.64,3.38,67.5
"CHEMDIV, INC.",280974.6,2,2,84.37,3.0,80.69
CHEMESIS SDN. BHD.,57325.31,1,1,93.57,4.71,78.43
CHEMICAL INDUSTRIES (FAR EAST) LIMITED.,52499771.2,13,2,95.64,3.32,77.97
CHEMICALS TESTING & CALIBRATION LABORATORY,465865.6,4,3,88.71,3.99,72.82
CHEMICRETE ENTERPRISES PTE LTD,21788382.8,6,6,99.82,4.55,72.2
CHEMIKALIE PTE. LTD.,727206.98,6,5,78.87,3.73,67.22
CHEMISTRY FORM PTE. LTD.,1216410.0,7,6,86.45,3.6,82.83
CHEMISTRY TEAM PTE. LTD.,153560.0,3,1,82.27,4.24,71.32
CHEMOPHARM SDN. BHD.,41570.35,1,1,73.07,4.77,87.69
CHEMOSCIENCE PTE LTD,44006.05,3,3,87.34,3.4,75.75
CHEN MEI LING TERESA,1.0,1,1,87.03,4.01,67.42
CHEN YIN YIN,180.0,1,1,100.0,3.06,75.62
CHEN-XI IMPEX LLP,79873.0,3,1,93.05,3.86,73.89
CHENG MOH HUAT TRADING SUPPLIER CO,191742.46000000002,3,2,79.81,4.12,88.09
CHENG POH LIN PEARL,122203.0,2,2,100.0,3.59,74.31
CHENG PUAY KOON,53400.0,1,1,97.77,3.83,75.24
CHENG SENG ELECTRIC CO. PTE LTD,308001.0,2,2,92.66,3.26,92.12
CHEONG FATT HOLDINGS PTE. LTD.,49990.0,1,1,86.19,4.15,83.08
CHERN SENG ENGINEERING PTE LTD,1258600.0,5,5,80.32,4.73,94.63
CHESTERFIELD PTE. LTD.,43792.0,1,1,85.02,3.44,90.59
CHEVALIER SINGAPORE HOLDINGS PTE. LTD.,43876800.0,7,5,96.71,3.73,69.13
CHEW WAH PRESS PTE LTD,975997.15,1,1,100.0,4.4,87.9
CHI-TAK ELECTRICAL (J.B.) SDN. BHD.,44795.19,1,1,100.0,4.83,93.25
CHIA CAM MENG JOHNNY,26520.0,3,2,84.09,3.2,93.33
CHIA T-JIAN,17000.0,1,1,79.04,4.0,87.88
CHIAP LEE COMPANY,486000.0,1,1,89.13,4.27,87.68
CHIAP SENG ENTERPRISES PTE. LTD.,1568761.93,3,1,73.85,4.04,74.97
CHIENG & ASSOCIATES,1576230.0,1,1,90.59,2.61,69.63
CHIEW POH LENG,144000.0,1,1,86.82,4.4,74.48
CHILD EDUCATIONAL CO. PTE LTD,978426.0,4,2,84.27,5.0,61.35
CHILDREN'S COSTUME SPECIALIST,46981.78,2,1,75.24,4.17,91.43
CHILL PARTS ENGINEERING PTE. LTD.,238150.0,2,2,92.11,3.48,75.17
CHILLI API CATERING PTE. LTD.,1786009.79,2,2,83.74,3.79,90.91
CHIN KIONG CONSTRUCTION & ENGINEERING PTE LTD,3776886.0,2,2,78.64,5.0,65.69
CHIN KUAN ENGINEERING AND CONTRACTORS PTE LTD,57919543.0,15,1,65.02,4.65,88.83
CHINA CIVIL ENGINEERING CONSTRUCTION CORPORATION BRANCH OFFICE SINGAPORE,414585631.0,3,2,87.78,4.48,73.05
CHINA COMMUNICATIONS CONSTRUCTION COMPANY LIMITED (SINGAPORE BRANCH),352471126.0,2,1,100.0,4.31,65.16
CHINA COMMUNICATIONS CONSTRUCTION COMPANY LTD.,477418000.0,1,1,100.0,3.7,94.27
CHINA CONSTRUCTION (SOUTH PACIFIC) DEVELOPMENT CO. PTE. LTD.,1323523342.0,8,3,84.34,3.98,89.07
CHINA CONSTRUCTION REALTY CO. PTE. LTD.,438360000.0,3,1,83.18,4.05,80.12
CHINA JINGYE ENGINEERING CORPORATION LIMITED (SINGAPORE BRANCH),188280000.0,1,1,91.75,4.43,78.34
CHINA NATIONAL METROLOGY TECHNOLOGY DEVELOPMENT CORPORATION,172838.0,1,1,80.01,5.0,82.4
CHINA RAILWAY 11 BUREAU GROUP CORPORATION (SINGAPORE BRANCH),949620700.0,2,1,90.41,4.77,79.95
"CHINA RAILWAY ENGINEERING EQUIPMENT GROUP CO., LTD. SINGAPORE BRANCH",86446181.0,1,1,94.13,3.25,70.08
"CHINA RAILWAY FIRST GROUP CO., LTD.",276356856.6,2,1,97.82,4.23,73.88
"CHINA RAILWAY FIRST GROUP CO., LTD. SINGAPORE BRANCH",911565037.0999999,3,1,87.2,4.54,97.61
"CHINA RAILWAY TUNNEL GROUP CO., LTD. (SINGAPORE BRANCH)",310775390.0,1,1,86.37,4.47,100.0
CHINA SINDA INTELLECTUAL PROPERTY PTE. LTD.,1650213.64,2,2,80.98,3.72,93.63
CHINA STATE CONSTRUCTION ENGINEERING CORPORATION LIMITED (SINGAPORE BRANCH),284000000.0,2,1,81.38,5.0,82.78
CHINA STATE CONSTRUCTION ENGINEERING CORPORATION LIMITED SINGAPORE BRANCH,424119100.0,2,2,86.19,3.33,74.62
CHINA UNICOM (SINGAPORE) OPERATIONS PTE. LTD.,4442255.44,3,2,90.94,3.45,70.02
CHIONG CONSTRUCTION PTE. LTD.,84927947.0,5,2,95.31,4.24,70.68
CHIP ENG SENG CONTRACTORS (1988) PTE LTD,635608800.0,4,1,81.57,5.0,72.47
CHIP LEE TIMBER PTE LTD,122000.0,1,1,99.94,3.6,99.51
CHIPS AND TOON PTE. LTD.,34557.0,2,1,85.83,3.94,96.06
CHIU TENG CONSTRUCTION CO. PTE. LTD.,676322600.0,13,5,87.83,4.75,85.46
CHJ SINGAPORE PTE LTD,328781.0,2,1,82.02,4.09,68.39
CHL CONSTRUCTION PTE LTD,18174400.0,5,5,68.61,3.9,86.93
CHLOR-AL CHEMICAL PTE LTD,0.45,1,1,95.07,4.44,75.61
CHODAI & BURO ENGINEERING PTE. LTD.,1074083.2,5,3,93.89,4.26,56.47
CHOKIM SCIENTIFIC (S) PTE LTD,42034.0,3,3,85.75,4.72,80.87
CHONG AIK INTERNATIONAL PTE LTD,70400.0,1,1,88.54,4.87,69.58
CHOO CHIN YENG,1.0,1,1,92.13,4.28,69.92
CHOON YING TRANSPORT SERVICES,3600.0,1,1,75.5,4.28,75.5
CHOONG MARKETING,25185.18,1,1,83.77,4.23,73.02
CHOP CHING HIN PTE LTD,1756751.9,11,1,94.35,4.39,77.66
CHOW WAN EE,14.450000000000001,3,1,77.97,4.13,77.18
CHOWK PRODUCTIONS LTD.,13000.0,1,1,90.35,4.1,59.24
CHRISTENSEN IRRIGATION (SINGAPORE) PTE LTD,254000.0,1,1,77.15,4.82,93.2
CHRISTIAN CHUA TRAINING ACADEMY,25001.0,1,1,91.73,5.0,68.17
CHRISTOPHER CHAI REGISTERED SURVEYOR,530930.0,3,1,87.71,3.2,68.48
CHRONOSOFT PTE. LTD.,2200000.0,1,1,75.08,4.11,74.71
CHS ES HOLDINGS LIMITED,653300.0,1,1,97.32,3.69,76.92
CHT International Pte Ltd,1627680.0,1,1,82.12,3.91,92.59
CHU TAT CO PTE LTD,797358.5,1,1,81.52,4.34,80.69
CHUA KOK HUA,88870.0,1,1,89.6,4.5,83.66
CHUA WEY CHONG,32370.0,3,2,97.19,4.03,80.75
CHUA YEW SENG CONSTRUCTION & ELECTRICAL ENGRG PTE LTD,3196513.0,11,6,79.87,2.95,80.31
CHUAN LIM CONSTRUCTION PTE LTD,68982596.39,6,4,88.49,3.52,81.1
CHUAN SENG HUAT EGG STORE,585900.0,1,1,91.43,4.64,58.67
CHUAN SENG HUAT EGGS PTE LTD,1022875.56,1,1,93.54,2.46,75.5
CHUAN SENG HUAT EGGS PTE. LTD.,562458.81,1,1,89.41,4.81,89.62
CHUAN SOON M&E PTE. LTD.,4545515.8,5,3,85.06,4.41,100.0
CHUANG WEI CONSTRUCTION PTE. LTD.,2298150.0,2,2,81.38,4.89,65.96
CHUBB INSURANCE SINGAPORE LIMITED,574662.0,5,4,88.69,3.98,82.23
CHUBB SINGAPORE PRIVATE LIMITED,57691958.0,6,4,79.42,2.86,72.29
CHUGOKU MARINE PAINTS (SINGAPORE) PTE LTD,1221979.25,1,1,64.63,4.36,98.48
CHUNG PRINTING PTE. LTD.,26141374.71,16,13,91.49,4.86,64.46
CHUNGHO PROPERTY CONSULTANTS PTE LTD,0.01,1,1,95.23,4.65,84.25
CHYE JOO CONSTRUCTION PTE LTD,743810323.8,15,6,69.1,3.7,63.93
CHYE THIAM MAINTENANCE PTE LTD,33832398.03,11,9,79.92,4.15,74.81
CIAP ARCHITECTS PTE. LTD.,10188400.0,2,2,92.95,3.78,77.66
CIMELIA RESOURCE RECOVERY PTE. LTD.,20374.25,1,1,100.0,3.61,88.7
CINDI CLASSIQUE PTE LTD,6823211.0,13,5,88.17,4.67,67.23
CINE EQUIPMENT PTE LTD,488875.0,6,3,82.18,3.38,84.63
CIPP PTE. LTD.,137980.0,1,1,86.54,3.56,78.19
CIS CERTIFICATION PTE. LTD.,2550.0,1,1,99.0,3.44,80.73
CISCREA,209342.83,1,1,82.83,3.21,87.58
CISEERN BY DESIGNER FURNISHINGS PTE. LTD.,6.01,2,1,81.61,4.19,65.17
CISTRI PTE. LTD.,1308000.0,1,1,84.14,4.8,86.11
CITEC INTERNATIONAL (SEA) PTE. LTD.,692720.0,2,2,80.37,3.99,72.31
CITI CONSTRUCTION & ENGINEERING PTE. LTD.,2923129.0,3,2,88.98,3.2,88.96
CITIBANK N.A.,85877.0,1,1,100.0,4.6,81.35
CITICALL COMMUNICATIONS PTE. LTD.,1868000.0,1,1,90.58,5.0,75.9
CITISAFE PTE. LTD.,1747800.0,2,1,85.98,3.71,72.1
"CITRA JIMBARAN INDAH HOTEL, PT",215649.52,1,1,85.67,3.81,86.23
CITY AUTO PTE. LTD.,1.0,1,1,75.49,4.41,90.61
CITY HOTELS PTE. LTD.,1014995.36,21,11,95.06,5.0,72.67
CITY LIFE ADVERTISING PTE LTD,1.13,1,1,87.38,3.79,66.67
CITY WASH PTE. LTD.,66637.2,3,3,86.56,3.3,84.94
CITYNEON CREATIONS PTE LTD,3442000.0,2,1,100.0,4.48,63.51
CITYNEON EVENTS PTE. LTD.,23063953.21,23,12,90.39,4.58,64.94
CITYSTATE ARDENT TRAVEL PTE LTD,699907.4,9,8,81.99,4.1,67.37
CIURIAK CONSULTING INC.,111000.0,1,1,84.59,3.77,73.85
CIVICA PTE. LTD.,208866645.9,14,10,97.19,4.7,64.64
CIVIL SERVICE CLUB,45.0,1,1,88.91,4.42,58.61
CIVIL TECH PTE. LTD.,21570000.0,1,1,76.49,3.64,66.65
CIVILTRUST CONSTRUCTION PTE. LTD.,8662295.0,6,4,95.35,4.13,84.42
CJ PARTNERS,169500.0,1,1,82.65,3.29,65.28
CJS CATERING PTE LTD,1087413.33,7,5,100.0,4.51,74.6
CKM CONSULTANTS PTE LTD,29241979.5,58,7,96.64,3.94,97.47
CKMBT INTERNATIONAL PTE. LTD.,35320650.48,24,8,84.42,3.84,77.51
CKR CONTRACT SERVICES PTE. LTD.,477202551.0,10,1,98.25,4.08,81.43
CKR PAINTS & COATING SPECIALIST PTE. LTD.,10425000.0,3,3,88.54,4.12,68.54
CKS PROPERTY CONSULTANTS PTE LTD,2.02,4,3,94.82,4.64,99.63
CLASSIC ACCESS CONTROL PTE LTD,486260.0,2,2,91.88,4.45,72.59
CLASSIC AIRCONDITIONING CO,696845.6799999999,2,1,81.23,4.01,75.72
CLASSIC FINE FOODS (S) PTE LTD,173073.64,4,3,82.85,4.56,91.17
CLC-GLOBAL PRIVATE LIMITED,320000.0,1,1,96.24,4.34,76.18
CLD CONSTRUCTION PTE. LTD.,597986.0,5,2,85.32,3.84,78.48
CLEAN CITY (1995) PTE. LTD.,10694808.133000001,4,3,84.77,4.03,75.18
CLEAN SLATE CONSULTING PTE. LTD.,88000.0,2,1,80.36,4.01,75.25
CLEAN SOLUTIONS PTE LTD,119422726.17,10,6,91.39,4.4,81.71
CLEAN SYSTEMS TECHNOLOGY (S) PTE LTD,145868.0,1,1,100.0,3.88,83.53
CLEANMAGE LANDSCAPE PTE. LTD.,542510.0,2,2,79.46,3.87,71.57
CLEANMAGE PTE. LTD.,3792188.26,18,16,88.19,5.0,70.34
CLEARSTATE (PTE.) LTD.,279500.0,1,1,99.3,4.66,71.91
CLEXTRAL,827310.0,1,1,87.36,3.64,63.99
CLICK NETHERFIELD LIMITED,2.0,2,1,91.62,4.44,62.1
CLIFFORD CHANCE PTE. LTD.,4.0,1,1,79.5,4.17,80.97
CLIFFORD CONSTRUCTION & SERVICES PTE. LTD.,645640.0,2,2,91.43,4.33,87.39
CLIMB ASIA PTE. LTD.,119000.0,1,1,86.5,4.18,86.71
CLINNOVATE HEALTH PTE. LTD.,398050.0,2,2,95.89,4.81,54.18
CLOSED-LOOP TECHNOLOGY PTE LTD,170000.0,1,1,97.5,4.31,75.55
CLOUD COMRADE PTE. LTD.,849305.15,2,2,100.0,4.06,66.98
CLOUD PLUS PTE. LTD.,38274.0,1,1,92.64,4.73,79.44
CLOUDSINE PTE. LTD.,258000.0,1,1,90.61,4.24,73.82
CLOVER FILMS PTE. LTD.,72000.0,1,1,89.56,4.17,83.92
CLOVER GLOBAL PTE. LTD.,612753.59,1,1,85.17,4.29,77.81
CLYDE - IFC (S) PTE LTD,115917.5,1,1,90.71,4.04,59.04
CMC CONSTRUCTION PTE. LTD.,87867396.0,3,1,85.64,4.11,68.33
CMG GROUP (SINGAPORE) PTE. LTD.,1160363.0,4,4,89.35,3.75,78.06
CMGRP UK LIMITED,776038.87,1,1,98.54,3.65,78.9
CMP CONSULTANTS PRIVATE LIMITED,8280092.7,14,4,79.95,3.5,63.94
CMYK COLOR CENTRE,121530.0,1,1,97.12,3.26,62.64
CN CANVAS & HARDWARE,166020.0,4,1,98.54,3.57,78.56
CNA GROUP LTD.,3494000.0,2,2,87.06,4.0,63.96
CNC PETROLEUM PTE. LTD.,111029.6,1,1,71.03,4.16,61.31
CNPLAW LLP,6595.0,4,4,83.14,3.94,73.55
CNQC ENGINEERING & CONSTRUCTION PTE. LTD.,163980000.0,1,1,98.38,2.69,73.12
CNT TECHNOLOGY,400000.0,3,1,87.82,5.0,69.22
CO-OPERATIVE OF SCDF EMPLOYEES LTD,5080131.9,6,2,80.01,4.75,70.96
COCA-COLA SINGAPORE BEVERAGES PTE. LTD.,64001.48,2,2,83.96,4.37,78.14
COCOAORIENT PTE. LTD.,26315.0,1,1,94.72,5.0,70.8
CODOMO PTE. LTD.,10209.0,3,1,92.37,3.51,78.71
COE PTE. LTD.,318960.0,2,2,86.09,5.0,74.2
COFORGE PTE. LTD.,1933058.15,1,1,85.07,3.52,79.68
COGENT AUTOMOTIVE LOGISTICS PTE. LTD.,5931990.45,2,2,84.87,4.24,86.78
COGITO SOLUTIONS PTE. LTD.,79140.0,1,1,80.62,3.34,86.39
COGNITIVE ENGINEERING TECHNOLOGY. LLC,123985.76,1,1,100.0,4.11,90.88
COGNIZANT TECHNOLOGY SOLUTIONS ASIA PACIFIC PTE. LTD.,18983970.0,8,3,85.42,4.33,86.38
COLCHESTER GLOBAL INVESTORS (SINGAPORE) PTE. LTD.,243000.0,1,1,97.74,4.01,80.39
COLIN NG & PARTNERS LLP,563775.0,6,5,100.0,4.53,73.67
COLLECTE LOCALISATION SATELLITES,2985974.16,1,1,95.99,4.16,74.12
COLLEGE OF FAMILY PHYSICIANS SINGAPORE,60000.0,1,1,84.55,3.79,69.22
COLLIERS INTERNATIONAL (SINGAPORE) PTE LTD,2.0,2,1,91.23,3.76,78.05
COLLIERS INTERNATIONAL CONSULTANCY & VALUATION (SINGAPORE) PTE LTD,35113301.01,6,3,87.81,4.59,84.97
"COLLIERS INTERNATIONAL INDONESIA, PT",733147.74,1,1,80.77,3.71,70.74
COLLIN'S MOVERS PTE. LTD.,760923.0,5,5,90.59,4.65,77.63
COLOURS GLOBAL PTE. LTD.,171410.0,1,1,78.57,4.83,71.23
COLOURSCAN PRINT CO. PTE. LTD.,29822.5,1,1,97.5,3.1,80.09
COMAT TRAINING SERVICES PTE LTD,1073088.8,4,2,84.28,4.78,72.51
COMBINE TRADING ENTERPRISE PTE LTD,4384387.0,6,3,89.61,5.0,70.6
COMBUILDER PTE LTD,88.24,1,1,90.27,4.25,71.2
COMCEPTS PTE. LTD.,2900000.0,1,1,85.93,4.46,83.03
COMFORT DESIGN PTE. LTD.,97357.35,2,2,92.69,4.72,77.03
COMFORTDELGRO BUS PTE. LTD.,19517325.0,25,12,84.2,3.93,73.72
COMFORTDELGRO DRIVING CENTRE PTE. LTD.,38697672.31,1,1,94.97,4.21,80.61
COMFORTDELGRO ENGINEERING PTE. LTD.,3883976.0,4,3,77.23,3.31,73.85
COMFORTDELGRO INSURANCE BROKERS PTE. LTD.,282009.81,3,1,89.01,4.18,89.27
COMFORTDELGRO RENT-A-CAR PTE. LTD.,1002000.0,1,1,100.0,4.4,68.26
"COMIN KHMERE CO., LTD",630475.8200000001,2,1,80.0,4.41,76.13
"COMIN LAO SOLE CO., LTD",318321.35,2,1,82.58,4.74,63.95
COMINCO PTE LTD,1233000.0,2,1,92.11,3.64,74.53
COMLAW LLC,1.0,1,1,89.44,3.78,61.2
COMM PRODUCTS TECHNOLOGIES PTE. LTD.,533147.79,1,1,90.81,5.0,85.46
COMMERCE ONLINE PTE LTD,17638083.45,4,4,91.91,4.01,85.67
COMMONTOWN PRIVATE LIMITED,7823451.0,5,3,93.08,4.22,85.84
COMMONWEALTH OF AUSTRALIA,374470.25,1,1,96.88,4.06,78.29
COMMUNICATION MATTERS,1.0,1,1,91.28,3.61,69.2
COMMUNICATION SERVICES PTE. LTD.,152168.83,1,1,86.07,5.0,70.0
COMMUNIQUE LIVE ASIA PTE. LTD.,6859488.3,10,7,93.38,3.78,93.3
COMMUTE SOLUTIONS GROUP PTE. LTD.,862500.0,4,4,100.0,3.42,92.36
COMPASS GROUP (SINGAPORE) PTE. LTD.,3896.0,1,1,86.94,3.83,79.23
COMPASS LIFE,300600.0,4,3,80.2,2.9,72.84
COMPLETEME LLP,24080.0,1,1,96.86,3.71,91.69
COMPOSITE CLUSTER SINGAPORE PTE. LTD.,198900.0,1,1,87.04,3.52,71.05
COMSYS TECHNOLOGIES PTE. LTD.,5.35,1,1,70.62,4.47,80.29
COMWERKS PTE. LTD.,980772.0,4,4,94.78,3.7,91.52
COMWORTH SOLUTIONS PTE. LTD.,292020.0,1,1,83.72,4.63,69.64
CON.SONANT,234000.0,3,2,87.28,4.94,86.29
CONCEPT ALLIANCE ASIA PTE. LTD.,591048.0,1,1,90.66,4.57,83.21
CONCEPT ELEMENTS PTE. LTD.,839330.0,4,4,89.52,3.97,77.6
CONCEPT SYSTEMS TECHNOLOGIES PTE. LTD.,414017.0,3,3,93.68,4.18,68.07
CONCEPTS DESIGN ARCHITECTS,18250.0,4,1,84.52,3.19,70.76
CONCORDE HOTEL SINGAPORE,1514.6,8,3,92.1,4.02,80.89
CONEX SYSTEMS AND SERVICES (PTE. LTD.),1777632.0,2,1,85.92,3.58,63.77
CONEXOR SINGAPORE PTE. LTD.,46646.8,2,1,93.91,4.52,79.31
CONEXUS AS,24867138.549999997,2,2,92.92,5.0,83.41
CONEXUS PTE. LTD.,380888.0,1,1,80.52,4.4,87.85
CONFUOCO CONSULTANCY,296400.0,2,1,96.69,2.91,64.02
CONGRESS RENTAL PTE. LTD.,141063.0,1,1,83.71,3.88,91.16
CONGRUENCE INTERNATIONAL SYSTEMS PTE LTD,395445.0,2,1,94.46,4.17,94.95
CONINT PTE. LTD.,55896000.0,5,4,90.94,4.15,82.1
CONNECT CENTRE PTE. LTD.,808100.0,3,3,100.0,3.66,67.62
CONNECT CONSULTANCY & TRAINING,176300.0,3,2,86.21,4.25,74.72
CONNEXX ENERGY INC,3621883.0,1,1,85.21,3.35,77.52
CONNY TECH PTE. LTD.,4519262.1899999995,6,4,87.84,3.53,80.7
CONRAD CENTENNIAL SINGAPORE,938552.1,16,6,85.57,4.49,78.22
CONSEN ENGINEERING PTE. LTD.,136800.0,1,1,94.4,3.49,80.81
CONSEN INTERNATIONAL OPERATIONS PTE. LTD.,101880.0,1,1,75.07,4.42,77.09
CONSIS ENGINEERING PTE. LTD.,714500.8,2,2,79.57,3.28,80.65
CONSORTIUM 168 ARCHITECTS PTE LTD,0.0,3,1,79.46,5.0,73.39
CONSTRUCTION PROFESSIONALS PTE. LTD.,9567900.0,4,3,95.6,3.64,74.62
CONSULTANT UNITED PTE. LTD.,168000.0,1,1,100.0,3.97,72.24
CONSULTANTS UNITED,166203.53,5,2,87.16,4.3,97.17
CONSULTING GROUP - ASIA INSIGHT PTE. LTD.,6224572.5,17,9,86.65,3.76,92.64
CONTEEM ENGINEERS PTE LTD,155004.95,4,2,88.56,4.19,83.55
CONTENT ALIVE,22800.0,1,1,97.3,4.45,91.25
CONTEXT ARCHITECTS PTE. LTD.,4568700.0,7,6,80.58,4.68,85.98
CONTINENTAL DELIGHT CATERING SERVICES PTE. LTD.,1999627.49,7,4,89.91,4.57,79.81
CONTINENTAL EQUIPMENT PTE LTD,229920.0,2,1,95.8,4.0,62.94
CONTRAC-IMAGE TRADING PTE LTD,218153.7,2,2,92.01,4.01,75.38
CONTROL RISKS GROUP (S) PTE LTD,2119852.0,5,3,89.52,5.0,74.65
CONTROL TECHNICAL SERVICES SDN BHD,140225.4,1,1,96.01,4.67,66.67
CONVERGENT ENGINEERING PTE. LTD.,234306.0,1,1,66.37,3.55,63.14
CONVERSION HUB HOLDINGS PTE. LTD.,404976.0,5,4,93.42,4.16,82.93
CONVERTIUM PTE LTD,1615251.0,3,2,82.77,3.9,81.25
CONVIC PTY LTD,750000.0,1,1,73.35,4.02,66.33
COOKYN INC @ TFE PTE. LTD.,50.0,1,1,92.09,3.36,70.54
"COOLING TOWER & HVAC SYSTEMS, INC",59952.98,1,1,98.99,3.85,89.61
COONEEN PROTECTION LIMITED,29752733.73,5,1,86.9,5.0,69.22
COPTHORNE KING'S HOTEL SINGAPORE,153631.94,10,5,95.62,4.45,79.71
COPYPRINTER PTE. LTD.,173037.0,1,1,100.0,2.61,76.1
CORE BUILDING SPECIALISTS PTE LTD,8284392.0,1,1,98.52,4.83,83.06
CORLISON PRIVATE LIMITED,833.6,1,1,100.0,4.75,69.44
CORNERSTONE ENRICHMENT PTE. LTD.,332240.0,4,3,93.94,3.88,78.9
CORNERSTONE GLOBAL PARTNERS PTE. LTD.,10963665.0,4,3,88.6,4.53,79.69
CORNERSTONE ONDEMAND SINGAPORE PTE. LTD.,239200.0,1,1,75.18,3.58,80.3
CORNWALL TECHNOLOGIES PTE LTD,2596944.77,1,1,86.03,3.82,78.79
CORPORATE CITIZENSHIP LIMITED,146500.0,1,1,81.25,5.0,81.45
CORPORATE OFFICE ACCOUNTING PRIVATE LIMITED,280800.0,1,1,100.0,3.94,99.92
CORPORATE VISIONS PTE. LTD.,104.0,4,4,86.59,2.98,100.0
CORPS SECURITY,281626.52,1,1,88.99,4.06,71.61
COSEINC SOLUTIONS PTE. LTD.,184067.6,1,1,92.41,4.05,54.82
COSELEC PTE LTD,213088.0,2,2,88.35,4.82,83.95
COSEM SAFETY & SECURITY SERVICES PTE. LTD.,1782400.0,7,4,100.0,4.11,79.86
COUNSELLING AND CARE CENTRE,62220.0,1,1,83.02,3.85,88.61
COUNTING CONSULTANTS PTE. LTD.,6240.02,1,1,89.56,4.73,80.85
COUNTRY COUSINS PTE. LTD.,43080.0,1,1,82.06,4.17,78.59
COUNTRY FOODS PTE. LTD.,4243536.0,2,1,77.44,3.65,89.29
COUPLE CREATIVE PRIVATE LIMITED,1316177.0,5,3,83.11,4.79,90.69
COURTEQUIP,353852.4,2,1,87.7,4.22,64.13
COURTS (SINGAPORE) PTE. LTD.,1808854.8299999998,2,1,84.57,4.1,69.83
COVANCE (ASIA) PTE LTD,52000.0,1,1,82.46,4.21,76.94
COVENTRY UNIVERSITY ENTERPRISES LIMITED,2889825.0,1,1,76.75,3.46,78.98
COVIDIEN PRIVATE LIMITED,180213.6,3,2,87.34,3.78,75.74
COWAY ENGINEERING & MARKETING PTE LTD,49500.0,1,1,75.96,4.1,82.34
COWI A/S,98499.0,1,1,94.08,3.98,87.96
COWIN TECHNOLOGY PTE. LTD.,432382.5,1,1,88.66,4.86,95.23
CPC CONSTRUCTION PTE. LTD.,131253000.0,15,4,76.34,4.23,83.79
CPG CONSULTANTS PTE LTD,117401959.95,89,12,85.53,4.61,69.48
CPG FACILITIES MANAGEMENT PTE LTD,57855605.97,12,9,81.98,4.11,76.53
CPG Facilities Management Pte Ltd,63620850.92,32,16,90.55,4.73,77.25
CRAFT BAY LLP,3200.0,1,1,98.72,4.34,83.15
CRAFTSMEN DESIGN & CONSTRUCTION LLP,320780.0,1,1,73.0,4.11,81.88
CRAFTWERKZ PTE. LTD.,119005.0,2,1,88.92,4.09,98.5
CRAMOIL SINGAPORE PTE LTD,796839.8,3,3,86.72,3.53,73.38
CRAVEFX PRIVATE LIMITED,85000.0,1,1,93.37,4.4,81.85
CRAY SUPERCOMPUTER SINGAPORE PTE. LTD.,1869157.86,1,1,89.71,4.08,100.0
CREATE AND CONCEPT HOLDINGS PTE. LTD.,178966.0,1,1,81.98,3.8,72.15
CREATE LAB PTE. LTD.,517.0,1,1,85.45,4.76,79.45
CREATIVE EDGE CONSULTANTS PTE. LTD.,990081.0,4,3,81.63,3.35,68.55
CREATIVESATWORK PTE. LTD.,80211.0,2,2,96.61,3.85,78.82
CREATOR HOLDINGS PRIVATE LIMITED,115425.0,1,1,88.17,4.72,70.2
CREATZ3D PTE. LTD.,5692778.6,16,10,100.0,4.29,88.47
CREDENT TECHNOLOGY (ASIA) PTE. LTD.,326456.0,2,1,87.51,4.07,79.47
CREDIT BUREAU (SINGAPORE) PTE LTD,22.18,1,1,82.33,4.25,68.65
CREO ADWORLD PTE. LTD.,646240.0,1,1,75.89,4.21,86.41
CRESCENTRATING PTE. LTD.,103260.0,1,1,73.57,3.19,79.8
CREST INNOVATION (S) PTE. LTD.,3819136.4,4,4,75.33,3.89,87.53
CREST TECHNOLOGY PTE LTD,3231346.37,6,2,90.14,5.0,66.52
CREST TRAVEL & TOURS PTE LTD,428.0,1,1,92.07,3.7,81.69
CRETE SECURITY SERVICES PTE. LTD.,3594460.0,2,2,75.35,3.91,85.73
CREVENTUS PTE. LTD.,12800.0,2,2,95.16,3.78,73.77
CRG CONTRACTORS PTE LTD,57.0,1,1,84.14,4.05,65.41
CRIMSIGN GRAPHICS PTE LTD,2794692.0,4,2,89.17,3.75,77.58
CRIMSON (S) PTE. LTD.,1199808.0,1,1,100.0,4.39,90.28
CRIMSON EARTH PTE. LTD.,261.0,1,1,95.17,4.22,89.26
CRIMSONLOGIC PTE LTD,24462197.3,15,8,85.85,4.56,73.72
CRIMSONWORKS SOLUTIONS PTE. LTD.,327977.8,1,1,80.87,3.47,65.17
CRIPTON ENVIRONMENTAL ENGINEERING (S) PTE. LTD.,1260000.0,4,1,70.79,3.9,73.69
CRISPCONTRASTS,525910.0,1,1,82.25,3.96,73.32
CRISTOFORI MUSIC PTE. LTD.,63000.0,1,1,86.31,4.37,82.46
CRIZTO SINGAPORE PTE. LTD.,1775000.0,3,1,80.1,3.62,76.95
CROSSROAD CONSULTING PTE. LTD.,208095.56,2,1,86.95,4.65,70.47
CROWE HORWATH FIRST TRUST RISK ADVISORY PTE. LTD.,1386800.0,7,3,88.61,4.81,89.04
CROWN CONSTRUCTION PTE LTD,14806427.0,6,5,86.2,3.51,79.4
CROWN TRAVEL & TOURS (ASIA) PTE. LTD.,82.0,1,1,82.8,3.81,82.35
CROWN WORLDWIDE PTE LTD,322382.42,4,4,89.35,3.78,60.75
CROWNE PLAZA CHANGI AIRPORT,1210.0,6,2,91.54,5.0,53.76
"CRRC ZHUZHOU LOCOMOTIVE CO., LTD.",39834972.0,3,1,79.28,3.84,63.62
CRYOEXPRESS SINGAPORE PTE. LTD.,26250.760000000002,3,2,99.29,5.0,73.19
"CRYOMAGNETICS, INC.",299982.34,1,1,87.21,3.34,83.76
CRYSTAL TIME (SINGAPORE) PTE. LTD.,1931352.0,1,1,88.15,3.51,54.58
CS Bored Pile System Pte Ltd,1537595.0,1,1,93.67,3.69,93.93
CS GLOBAL GROUP PTE. LTD.,2954002.75,6,6,89.87,3.59,79.71
CSD INDUSTRIES PTE LTD,1543100.0,2,1,95.63,3.94,91.6
CSE GLOBAL LIMITED,13920281.67,4,3,90.3,3.67,69.14
CSE-EIS PTE. LTD.,360000.0,1,1,83.1,3.61,83.04
CSH EDUCATIONAL RESOURCES PTE LTD,161206.18,3,1,90.89,4.8,78.85
CSIM SYSTEMS PTE. LTD.,357500.0,2,2,78.85,4.83,86.18
CSK LANDSCAPE SERVICES (S) PTE. LTD.,36000.0,1,1,88.87,4.67,75.66
CSN CONSULTANTS PTE. LTD.,39003.4,3,2,87.73,4.41,82.73
CSP MAINTENANCE PTE LTD,111624120.525,21,16,86.34,4.16,89.02
CSP PRODUCTIONS PTE LTD,2900000.0,1,1,86.97,3.8,71.49
CSP Productions Pte Ltd,4203000.0,3,1,72.95,3.53,80.42
CST ENGINEERING SERVICES PTE. LTD.,147000.0,1,1,83.61,4.32,59.12
CT ELEVATOR PTE. LTD.,6300.0,1,1,88.74,3.4,85.03
CT-ART CREATION PTE. LTD.,1335217.5,3,3,89.28,3.5,97.55
CTC GLOBAL PTE. LTD.,44337435.49,19,12,79.78,4.79,65.56
CTCI Coporation / CTCI Singapore Pte Ltd Consortium,16962000.0,1,1,98.13,5.0,77.09
CTVISION SYSTEM (S) PTE LTD,18.8,1,1,81.07,4.34,86.8
CUBIC COMMUNICATIONS PTE LTD,1455688.48,6,3,95.76,4.76,78.31
CUBIC DEFENCE NEW ZEALAND LIMITED,1293086.0,1,1,91.42,3.95,79.65
CUBIC SPACE PRIVATE LIMITED,866000.5,12,10,82.83,3.3,74.09
CUBIC TECHNOLOGIES SINGAPORE PTE. LTD.,17241871.0,3,2,100.0,4.47,73.72
CUBIC TECHNOLOGIES SINGAPORE PTE. LTD. & CUBIC TRANSPORTATION SYSTEMS (AUSTRALIA) PTY LIMITED CONSORTIUM,48500000.0,1,1,78.45,4.44,77.13
CUBIKS SINGAPORE PTE. LTD.,25000.0,1,1,95.35,4.14,78.42
CULINA PTE. LTD.,10000.0,1,1,96.0,3.95,66.19
CULTURE FORTE PTE. LTD.,116250.0,2,1,82.64,4.68,77.34
CURRY POT CATERING PTE. LTD.,26.0,1,1,99.14,3.51,93.69
CUSHMAN & WAKEFIELD VHS PTE. LTD.,240001.01,4,3,86.0,3.64,73.81
CUSTODIO TECHNOLOGIES PTE. LTD.,413664.0,1,1,90.31,3.5,65.63
CUSTOMADE COSTUME & MERCHANDISE PTE. LTD.,1725151.0,15,2,90.08,4.15,76.49
CUSTOMER CAPITAL CONSULTING PTE. LTD.,2101216.55,4,3,86.93,3.45,70.85
CUT-E CONSULTING SINGAPORE PTE. LTD.,866033.0,1,1,94.49,3.69,64.62
CUTECH INFOCOMM SOLUTIONS PTE. LTD.,941893.74,4,3,94.35,3.68,79.39
CUTECH QUALITY SOLUTIONS PTE. LTD.,5892795.0,8,4,74.01,3.94,70.9
CUTECH SOLUTIONS & SERVICES PTE. LTD.,189000.0,2,2,98.43,3.21,71.75
CVD EQUIPMENT CORPORATION,320067.41,1,1,74.7,4.15,79.53
CW Advanced Technologies Pte Ltd,222400.0,1,1,96.26,4.85,62.67
CWT LOGISTICS PTE LTD,280596.0,1,1,97.01,4.18,60.58
CWT PTE. LIMITED,3843871.0,3,2,79.27,5.0,84.71
CXRUS SOLUTIONS PTE. LTD.,2551633.33,9,3,84.71,4.9,58.69
CYBER TEST SYSTEMS PTE. LTD.,399553.87,1,1,79.15,4.57,68.23
CYBINT INTERNATIONAL PTE. LTD.,108700.0,1,1,86.28,4.14,60.0
CYCLE & CARRIAGE AUTOMOTIVE PTE LIMITED,830415.44,5,3,85.54,4.11,73.14
CYCLE & CARRIAGE INDUSTRIES PTE. LIMITED,8001101.18,9,5,94.24,4.56,82.28
CYCLE & CARRIAGE KIA PTE LTD,1256989.98,7,4,98.48,3.86,79.12
CYCLE & CARRIAGE.FULCO MOTOR DEALER PTE LTD,209280.64,1,1,99.17,2.97,100.0
CYCLECT ELECTRICAL ENGINEERING PTE LTD.,6126887.0,7,1,83.5,4.4,88.87
CYCLOSYSTEM PTE LTD,2984000.0,1,1,86.33,3.42,68.69
CYTECH ENGINEERING PTE. LTD.,1442570.0,2,1,74.53,3.52,66.03
Cafe Galilee Pte Ltd,575581.5,6,4,81.55,4.1,100.0
Cafe-Bar Services,680000.0,1,1,95.72,4.04,88.63
Cairnhill Metrology Pte Ltd,3199995.89,5,3,100.0,3.25,83.89
Caisson Engineering Pte Ltd,1760000.0,1,1,78.13,4.2,78.75
Cake Theatrical Productions Ltd,192000.0,2,1,83.26,4.68,80.74
Caltron Pte. Limited,796657.0,11,6,87.79,3.42,63.18
Cambridge Economic Policy Associates Ltd,50639.0,6,3,90.24,4.86,79.57
Candace Adams,143540.8,1,1,81.52,3.16,78.71
Cast Laboratories Pte Ltd,16413352.67,14,9,91.39,5.0,68.96
Caxton Electrical Pte Ltd,156840.0,1,1,84.21,3.85,72.61
Certis Centurion Facility Company Limited,143906.4,1,1,87.88,4.19,93.15
Chang Hsiao-Min,82400.0,1,1,92.37,2.96,76.75
Change Data Processing Lab,49000.0,1,1,88.05,4.06,98.71
Chaplin Design Pte Ltd,148700.0,1,1,84.51,4.24,60.59
Chartered Asia Technology Enterprise Pte Ltd,69640.0,1,1,87.12,4.05,72.78
Chartered Survey Services Consultants,1589509.0,6,4,87.29,3.76,62.53
Checkbox Technology Pty Ltd,890910.0,1,1,85.04,3.53,65.91
Chemoscience Pte Ltd,405934.75,7,6,85.93,4.78,69.72
Chew Wah Press Pte Ltd,2115180.0,1,1,100.0,4.12,81.15
Chia Khim Lee Food Industries Pte Ltd,87258.9,2,2,92.49,5.0,80.67
Child Educational Co. Pte Ltd,2461595.2,10,1,85.64,3.78,71.21
Children-At-Risk Empowerment Association,500000.0,1,1,93.58,3.84,55.72
Chilli Api Catering Pte Ltd,2564377.27,3,3,85.33,4.59,92.78
China Railway 11 Bureau Group Corporation (Singapore Branch) / CCECC Branch Office Singapore / Gates PCM Construction Ltd. Consortium,126716208.2,1,1,97.38,3.13,75.14
"China State Construction Engineering Corporation Limited (Singapore Branch) - Nishimatsu Construction Co., Ltd. Joint Venture",313800000.0,1,1,90.96,3.37,66.84
China State Construction Engineering Corporation Limited (Singapore Branch) / Surbana International Consultants Pte Ltd,96443500.0,1,1,87.14,4.76,80.75
Chokim Scientific (S) Pte Ltd,308272.4,10,6,91.58,3.4,80.04
Chong Beng Engineering Pte Ltd,2698000.0,1,1,75.43,3.01,74.77
Choon Ying Transport Services,480000.0,2,1,78.99,5.0,79.49
Chu Thi Nam Hai,22000.0,1,1,78.45,3.26,66.45
Chua Hui Ying Janice,8250.0,1,1,89.14,4.21,85.6
Chye Joo Constuction Pte Ltd / Fong Consult Pte Ltd,47000000.0,1,1,100.0,4.14,68.03
Citi Construction & Engineering pte ltd,27865762.13,22,6,100.0,2.41,71.94
City Architectural Models Studio,84500.0,1,1,93.1,3.94,84.49
City Harvest Community Services Association,2.0,1,1,92.01,4.37,90.04
Clarity Media Group,133740.0,1,1,73.59,4.31,93.86
Cleaning Service Lao Co. Ltd,87696.0,1,1,83.66,4.64,88.56
Coal Creative Consultants Pte Ltd,1.0,1,1,81.7,3.87,74.76
Cohesion Network Technologies Pte Ltd,115966.0,1,1,83.03,4.53,62.59
Colas Rail SAS - Colas Rail Singapore Private Limited Joint Venture,63575033.0,1,1,86.65,3.69,92.05
Cold Storage Singapore (1983) Pte Ltd,159271.0,2,2,84.22,3.25,91.71
Combat Skirmish Singapore Pte. Ltd.,132800.0,2,1,72.17,3.32,71.28
Commerce Online Pte Ltd,3670706.5300000003,4,4,93.98,3.22,87.21
Commonwealth Travel Service Corporation Pte Ltd,63608.0,1,1,79.42,4.71,74.68
Communication One Trader,344700.0,1,1,89.91,3.19,93.01
Concorde Security Pte Ltd,7205100.0,3,3,100.0,4.26,72.85
Conexor Singapore Pte Ltd,281646.0,3,1,80.64,3.94,97.79
"Connex Communications Co,, Ltd",620879.63,1,1,67.76,4.04,85.86
Continental Equipment Pte Ltd,2178499.0,6,1,85.71,4.92,95.98
Core Communications,440080.0,2,1,96.81,3.84,73.36
Cornerstone Community Services,87600.0,2,2,100.0,4.47,82.05
Coselec Pte Ltd,238868.2,3,3,78.16,4.12,68.31
Credit Management Consultancy (asia) Pte Ltd,933800.0,1,1,91.97,4.01,86.44
"Crestwood Behavioral Health, Inc.",278840.0,1,1,84.28,5.0,86.99
Crosstek Pte. Ltd.,178000.0,1,1,87.15,3.24,100.0
Crown Worldwide Pte Ltd,637038.95,8,8,100.0,4.87,82.82
Cushman & Wakefield (S) Pte Ltd,207929.72,3,3,75.98,4.49,85.24
"Cytek Biosciences, Inc.",317123.1,1,1,90.03,3.81,73.29
D & G MARKETING PTE. LTD.,873020.0,2,1,91.74,5.0,83.41
D D CONSULTING PTE. LTD.,279400.0,2,1,96.69,2.99,74.2
D LOGISTICS SERVICES,142800.0,1,1,88.78,3.79,79.16
D' CUBE SPORTS MANAGEMENT PTE. LTD.,260200.0,3,2,90.46,3.37,79.75
D' PERCEPTION SINGAPORE PTE. LTD.,97872327.67,41,29,84.87,4.35,74.48
D'ARTS AND DESIGNS,54180.0,1,1,90.15,3.43,78.63
D'ASSOCIATES CONSTRUCTION PTE LTD,15866394.3,25,8,85.25,4.36,74.25
D'DOUBLES PTE. LTD.,3776419.0,5,4,92.97,3.99,74.2
D'EVENT FACTORY PTE. LTD.,427604.0,3,1,85.04,3.81,88.77
D'FINE CATERING SERVICES PTE LTD,442716.5,3,3,91.02,4.33,79.75
D'Fine Catering Services Pte Ltd,2137418.47,2,2,87.77,3.94,81.47
D'HORRIZON PRIVATE LIMITED,1677094.1,6,4,97.01,3.45,63.43
D'ORITALE ENTERPRISE,3.0,3,1,87.59,5.0,82.23
D'PERCEPTION RITZ PTE. LTD.,803305.45,5,5,73.82,3.81,83.3
D'SONS PTE LTD,233376.0,1,1,98.1,2.77,74.02
D'VALUER PROPERTY CONSULTANTS PTE. LTD.,0.01,1,1,80.75,3.59,98.85
D-CATALYST PTE. LTD.,210001.0,2,2,82.77,3.34,55.11
D-Ron SIngapore Pte Ltd,1296000.0,2,1,83.23,4.6,85.84
D-TEAM ENGINEERING PTE. LTD.,24839279.52,12,4,99.0,4.29,85.13
D. ATELIER PTE. LTD.,1.0,1,1,70.91,4.34,83.42
D.SOUL,192950.0,1,1,100.0,3.88,79.76
D.V.I SOLUTIONS (S) PTE. LTD.,984902.0,2,2,96.45,3.93,83.51
D2L ASIA PTE. LTD.,5374771.0,1,1,89.79,3.88,86.68
D3 PRIVATE LIMITED,186817.4,1,1,87.56,4.05,70.74
DAEGU METROPOLITAN TRANSIT CORPORATION,22778540.0,1,1,90.28,4.6,80.99
DAELIM INDUSTRIAL CO. LTD.,197390000.0,1,1,92.17,4.3,76.17
DAEMON ENTERPRISE PTE LTD,54500.0,1,1,93.16,4.4,67.06
"DAI-DAN CO., LTD.",59175149.0,1,1,92.44,4.4,85.17
DAI-EAST INCINERATORS SINGAPORE,236000.0,1,1,88.72,4.63,72.36
DAIFUKU MECHATRONICS (SINGAPORE) PTE LTD,1428788.0,2,2,86.42,4.27,63.02
DAIICHI-ENGEI CO. LTD.,302265.56,1,1,86.79,4.32,72.61
DAIKIN AIRCONDITIONING (SINGAPORE) PTE. LTD.,390000.0,1,1,86.44,4.81,70.01
DAIMLER AG,77030.9,1,1,97.07,3.7,88.28
DAISHO DEVELOPMENT SINGAPORE PTE LTD,4735.5,3,2,92.75,3.59,79.53
DAITRON (MALAYSIA) SDN. BHD.,625000.0,1,1,64.48,3.39,91.82
DAN IMPACT PTE LTD,180542.0,1,1,93.25,4.21,71.33
DANCING BEAR PRODUCTIONS PTE. LTD.,1649.2,1,1,89.56,2.99,86.74
DANIEL BOEY PTE. LTD.,2250950.0,3,1,87.85,4.38,100.0
DANLIN CONSTRUCTION PTE LTD,154613.6,1,1,84.89,4.03,81.56
DART CONSULTING AND TRAINING PTE. LTD.,3518998.0,1,1,96.99,4.78,86.62
DARTFISH LTD,367390.0,1,1,95.58,3.7,84.94
DAS ACADEMY LTD.,660800.0,2,1,81.82,3.98,63.78
DAS MARKETING SERVICES (THAILAND) COMPANY LIMITED,550912.27,1,1,91.26,4.77,83.86
DAS MARKETING SERVICES PTE. LTD.,74200.0,1,1,80.23,4.93,81.06
DAS REISEHAUS ZULAUF GMBH,43.99,1,1,76.96,3.69,75.4
DATA DYNAMICS PTE. LTD.,1300.0,1,1,82.99,4.21,69.16
DATA TERMINATOR PTE. LTD.,1167652.6300000001,7,6,94.9,4.28,84.94
DATA-SPHERE (S) PTE. LTD.,328230.0,3,3,95.63,4.32,68.28
DATAPOST PTE LTD,2339161.41,9,6,92.1,3.94,99.34
DATAPOWER SYSTEM PTE. LTD.,106792.0,2,2,93.8,4.87,79.14
DATARAN TENAGA (M) SDN. BHD.,41808.76,1,1,92.13,2.97,65.77
DATASPARK PTE. LTD.,210000.0,1,1,82.87,3.85,72.86
DATAVOICE TECHNOLOGY PTE. LTD.,624834.0,1,1,91.46,4.37,75.22
DATAWIN ENTERPRISES,829800.0,2,1,94.4,4.37,100.0
DATUMSTRUCT (CFS) PTE. LTD.,159500.0,1,1,94.03,4.91,69.15
DATUMSTRUCT (S) PTE LTD,1254481.82,2,1,97.51,4.82,76.84
DAVAMONI JOYCE BEAULA JANAKY D/O A D,88870.0,1,1,93.67,3.93,72.62
DAVE CLARK DESIGN ASSOCIATES ASIA PTE. LTD.,224000.0,2,2,90.81,4.88,82.99
DAVID LIM & PARTNERS LLP,2073.33,1,1,96.56,3.67,72.78
DAVID W MEIBOS PLLC,4900.0,1,1,87.79,4.66,66.61
DAVIES COLLISON CAVE ASIA PTE. LTD.,5900.0,1,1,80.95,5.0,76.05
DAVIES COLLISON CAVE LLP,1636363.64,1,1,86.7,4.83,75.01
DAVIS LANGDON KPK (SINGAPORE) PTE. LTD.,1251680.78,6,4,82.04,4.16,72.08
DAVOE CREATIVE PTE. LTD.,10392109.5,30,18,82.6,3.9,72.61
DAY LED LIGHT PTE. LTD.,363000.0,1,1,86.84,3.18,89.85
DAY&NIGHT SERVICES PRIVATE LIMITED,69600.0,1,1,81.66,4.29,74.8
DAYS HOTEL SINGAPORE AT ZHONGSHAN PARK,136526.2,4,3,85.54,3.43,66.66
DB & B PTE LTD,38793433.0,4,4,72.85,3.62,73.38
DB ACOUSTICS PTE LTD,180000.0,1,1,89.71,3.39,78.54
DB ENGINEERING & CONSULTING GMBH SINGAPORE BRANCH,1603312.0,1,1,88.01,3.82,64.64
DBS BANK LTD.,563623.0,7,5,81.46,4.08,94.26
DBS TRUSTEE LIMITED,150300.0,2,1,93.27,4.26,86.68
DC-FM PTE. LTD.,942263.61,2,2,95.5,3.74,92.3
DCG CAPITAL PRIVATE LIMITED,41.29,1,1,75.14,4.74,81.92
DCH AURIGA SINGAPORE,135539.0,4,3,81.9,3.98,57.06
DCH FOODS (SINGAPORE) PTE. LTD.,15150.0,1,1,81.85,3.63,93.35
DCMA SPORTS PTE. LTD.,7980.0,1,1,80.48,4.24,69.36
DDB Worldwide Pte Ltd,17528256.02,9,7,94.64,5.0,70.18
"DDI-ASIA/PACIFIC INTERNATIONAL, LTD.",205714.0,2,2,86.45,4.3,79.56
DDL Security Services (Pty) Ltd T/A 24/7 Security Services,996953.95,2,1,85.88,3.88,91.78
DE CONSULTANTS (S) PTE LTD,4956439.66,5,2,71.97,3.18,88.53
DE DIETRICH SINGAPORE PTE. LTD.,681658.0,3,1,93.08,3.97,87.06
DE LA RUE INTERNATIONAL LIMITED.,25219200.0,1,1,78.09,4.24,74.88
DE LORENZO S.P.A,400349.71,1,1,88.48,3.87,74.72
DE PALMCO PRIVATE LIMITED,421690.0,4,4,90.22,3.1,81.46
DEAKIN UNIVERSITY,8594.41,1,1,98.89,3.59,76.7
DEALLUS CONSULTING (SINGAPORE) PTE. LTD.,25000.0,1,1,77.53,4.97,86.89
DEBENHO PTE LTD,83263176.0,10,5,63.84,4.96,86.3
DECISION COMMUNICATIONS PTE LTD,95439.4,1,1,89.47,3.57,83.91
DECISION SCIENCE AGENCY PTE. LTD.,7489022.74,9,8,100.0,4.5,52.74
DEENN ENGINEERING PTE LTD,64780000.0,1,1,97.91,3.39,79.28
DEEP IMPACT PTE. LTD.,1841.0,1,1,89.68,4.94,76.91
DEF - TECH (S) PTE. LTD.,9357802.62,7,1,84.07,4.25,79.68
DEGREE CENSUS CONSULTANCY PTE. LTD.,1282478.0,7,3,94.46,4.67,70.46
DEKS AIR TRAVEL & TOURS PTE. LTD.,1416.0,1,1,80.21,3.07,64.75
DELAWARE CONSULTING ASIA PACIFIC PTE. LTD.,2318385.31,2,2,91.81,4.51,82.63
DELCON TRADING,92290.51,1,1,92.04,4.1,74.44
DELI HUB CATERING PTE LTD,22.0,1,1,96.48,4.61,83.75
DELI HUB CATERING PTE. LTD.,1785714.29,1,1,100.0,4.65,71.29
DELICATE COMMUNICATIONS,59000.0,1,1,91.14,4.14,92.16
DELIFRANCE SINGAPORE WHOLESALE PTE. LTD.,60797.0,2,1,83.93,3.74,88.01
DELL GLOBAL B.V. (SINGAPORE BRANCH),19967626.0,6,4,87.8,4.57,80.97
DELOITTE & TOUCHE ENTERPRISE RISK SERVICES PTE LTD,16175324.45,68,33,73.85,4.06,75.87
DELOITTE & TOUCHE FINANCIAL ADVISORY SERVICES PTE. LTD.,478001.0,4,3,82.44,3.58,86.52
DELOITTE & TOUCHE LLP,9141877.35,23,19,84.73,3.55,81.93
DELOITTE ACTUARIES & CONSULTANTS LIMITED,1728000.0,1,1,83.81,3.21,80.39
DELOITTE CONSULTING PTE. LTD.,44335551.65,23,15,89.22,3.79,88.43
DELTA INSURANCE SINGAPORE PRIVATE LIMITED,360000.0,3,1,81.42,4.76,92.27
DELTEC MARKETING & ENGINEERING PTE. LTD.,69257.8,1,1,96.97,4.21,65.48
DELTEQ PTE LTD,42173105.19,17,12,88.0,3.78,67.5
DELUGE FIRE PROTECTION (S.E.A.) PTE LTD,54185891.0,7,3,87.93,4.58,70.2
DEMARCO PTE LTD,379900.0,1,1,85.38,3.6,62.98
DEMBICON EQUIPMENT PTE. LTD.,729107.0,4,3,89.24,4.16,77.37
DEMOCRATICA MICROROASTERS INC,133795.2,1,1,94.6,3.99,84.0
DENNIS WEE REALTY PTE LTD,1.01,2,2,81.06,4.57,77.79
DENTMEDIX PTE. LTD.,1625.0,1,1,82.74,3.15,72.66
DENTONS RODYK & DAVIDSON LLP,1908531.64,30,20,85.57,3.59,89.26
DENTONS UKMEA LLP,8078.0,1,1,77.23,3.12,79.41
DENTSU SINGAPORE PTE LTD,23771237.16,10,8,81.45,3.94,81.43
DENTSU X PTE. LTD.,17102.5,1,1,84.19,4.83,89.54
"DENTSU, YOUNG & RUBICAM PTE LTD",3767060.88,2,2,95.0,3.8,76.77
DES CONSULTANTS PTE LTD,144960.0,3,2,90.1,3.79,98.6
DESARA NIAGA,495821.55,2,1,89.55,4.62,73.52
DESHENG ENGINEERING PTE. LTD.,630.0,1,1,94.81,4.74,97.98
DESIGN BUILD PROJECTS,1474636.45,1,1,86.9,4.05,68.25
DESIGN GROUP INC. ARCHITECTS,18430.0,4,1,91.12,4.51,83.17
DESIGN INTERNATIONAL ARCHITECTS LLP,701776.7,4,3,87.17,3.45,71.57
DESIGN JUNCTION PTE LTD,81058.2,1,1,90.12,4.93,89.2
DESIGN LINK ARCHITECTS PTE. LTD.,0.01,5,1,83.34,5.0,73.22
DESIGN METABOLISTS,240120.0,1,1,68.49,4.41,80.91
"DESIGN SCIENCES, INCORPORATED",102182.0,1,1,86.93,2.85,71.49
DESIGN SOJOURN PTE. LTD.,3218300.0,2,1,99.38,3.77,87.37
DESIGN-ENVIRONMENT GROUP ARCHITECTS LLP,5.3,1,1,95.41,4.47,71.44
DESIGNSHOP PTE. LTD.,0.0,1,1,95.72,3.85,94.83
DESISTI ASIA PTE LTD,1154121.1099999999,6,6,97.89,4.86,68.04
DESKERA SINGAPORE PTE. LTD.,1.0,1,1,88.71,4.45,64.54
DESKRIGHT PTE. LTD.,6425165.48,7,3,89.58,3.68,87.52
DESTINATION SINGAPORE BEACH ROAD,154.0,1,1,83.06,4.12,72.08
DETEC SECURITY SERVICES PTE. LTD.,107040.0,2,1,85.47,3.56,77.93
DETECON ASIA-PACIFIC LTD.,3.0,3,1,92.93,3.99,74.78
DETECTION & POLLUTION CONTROL PTE LTD,197380.23,1,1,97.63,3.77,64.87
DEWS PRIVATE LIMITED,9600.0,1,1,86.88,4.8,77.23
DEZIGN FORMAT PTE LTD,5130099.0,16,4,84.4,5.0,90.65
DEZIRE TECHNOLOGIES PTE. LTD.,576107.0,4,4,88.0,3.24,88.03
DFS Aviation Services GmbH,146000.0,1,1,92.81,2.95,80.32
DFS INITIATIVE PTE. LTD.,62000.0,1,1,76.45,3.95,89.12
DH REGSYS PRIVATE LIMITED,337280.0,3,1,69.63,3.19,67.4
DHC CAPITAL PTE. LTD.,55000.0,1,1,83.6,4.13,74.75
DHI WATER & ENVIRONMENT (S) PTE. LTD.,25257973.0,30,7,78.23,4.55,81.96
DHKS Pet Supplies Pte Ltd,819060.36,1,1,83.93,5.0,76.7
DHL EXPRESS (SINGAPORE) PTE. LTD.,1598715.84,4,2,86.82,4.22,75.53
DHL GLOBAL FORWARDING (SINGAPORE) PTE. LTD.,90850.0,1,1,84.37,3.98,65.99
DHL SUPPLY CHAIN SINGAPORE PTE. LTD.,17166016.439999998,5,4,99.62,2.91,57.19
DIA BRAND CONSULTANTS PTE. LTD.,297300.0,1,1,90.61,4.12,86.18
DIA Brand Consultants Pte. Ltd.,658800.0,3,3,90.4,4.14,80.43
DIAMOND COACH SINGAPORE PTE. LTD.,15195.0,1,1,92.98,4.48,87.02
DIAMOND GLASS ENTERPRISE PTE. LTD.,1212411.0,2,2,78.89,3.67,73.63
DIESELTECH PTE LTD,785480.0,1,1,96.31,3.84,70.87
DIFILM PIXEL WORKS,60000.0,1,1,87.39,3.21,78.07
DIGI ENGINEERING PTE. LTD.,2035358.0,8,4,93.36,2.73,86.54
DIGI-TEST PTE. LTD.,158750.0,1,1,79.43,3.43,75.69
DIGIMAGIC COMMUNICATIONS PTE LTD,830605.0,3,3,75.57,3.16,86.02
DIGIMIND PTE. LTD.,215598.0,2,2,94.54,4.3,67.94
DIGITAL ALCHEMY (SINGAPORE) PTE. LTD.,115500.0,1,1,91.01,3.79,76.39
DIGITAL BLOWFISH PTE. LTD.,305480.0,3,2,80.78,3.78,77.3
DIGITAL BOOMERANG,857289.0,6,2,81.04,3.51,90.26
DIGITAL MIRAGE PTE. LTD.,1.0,1,1,97.0,2.16,80.08
DIGITAL SOLUTIONS PTE. LTD.,448832.0,2,1,78.48,5.0,95.46
DIGITRONICS INC,87332.68,1,1,100.0,3.5,64.52
DIGIWORZ PTE. LTD.,248507.0,2,1,80.8,3.85,79.3
DIGO CORPORATION PTE. LTD.,74048057.49000001,15,7,93.11,3.23,79.79
DIMENSION DATA (SINGAPORE) PTE. LTD.,11361469.15,22,12,85.37,4.68,84.2
DING YI MUSIC COMPANY LTD.,34800.0,1,1,92.83,4.19,69.87
DINO EVENTS PTE. LTD.,730100.0,1,1,83.65,3.6,94.84
DINO MANIAM,90.0,1,1,86.7,3.86,78.13
DIONEX SINGAPORE PTE. LTD.,188830.77,2,2,88.33,5.0,67.13
DIOWORKS LEARNING PRIVATE LIMITED,78000.0,1,1,79.98,4.06,77.84
DIRECT FUNERAL SERVICES PTE. LTD.,1160000.0,1,1,93.93,3.99,74.87
DIRECTIONS GROUP INC PTE. LTD.,446838.0,1,1,83.89,3.54,100.0
DIRECTOPTO TECHNOLOGY,5564.0,1,1,86.17,2.96,88.5
DISABLED PEOPLE'S ASSOCIATION,43600.0,1,1,80.05,4.0,78.5
DISCOVERX CORPORATION,102883.22,1,1,67.5,4.3,76.88
DISPLAY EZ PTE. LTD.,1.0,1,1,86.47,4.76,87.51
DISTINCT BUILDERS PTE. LTD.,260000.0,1,1,100.0,2.75,87.99
DISTINCTIONS ASIA PTE. LTD.,275900.0,2,1,94.28,3.42,48.88
DISTRICON ASIA PTE. LTD.,195000.0,1,1,87.85,3.75,84.43
DIVERGENT TECHNOLOGIES PTE. LTD.,366520.0,1,1,85.9,4.1,78.28
DIVINE N' DYNAMIC PTE. LTD.,245064.0,1,1,88.18,4.01,64.89
DIW PTE. LTD.,93460.0,1,1,92.38,4.03,86.8
DIgSILENT Pacific Pty Ltd,474350.0,1,1,78.55,4.34,100.0
DKSH SINGAPORE PTE. LTD.,4535266.0,16,9,96.91,3.56,83.57
DKSH TECHNOLOGY PTE. LTD.,4077201.0,24,9,93.72,4.66,89.0
DLM PTE. LTD.,907500.0,1,1,93.75,4.36,96.04
DMC EVENT MANAGEMENT PTE LTD,279500.0,1,1,91.51,3.91,69.7
DMG MORI SINGAPORE PTE. LTD.,10325718.51,11,6,88.16,5.0,59.42
DN HYBRID PTE. LTD.,28551063.0,6,3,93.38,5.0,84.57
DNA Engineering Pte Ltd,706300.0,3,2,92.73,4.66,75.52
"DNA LINK,INC.",155202.45,1,1,85.17,2.29,64.26
DNIV INT'L PTE LTD,329646.87,2,2,83.41,5.0,77.22
DNR PROCESS SOLUTIONS PTE. LTD.,4991422.0,4,3,88.81,4.58,85.28
DNR WHEELS PTE LTD,398488.5,2,2,100.0,5.0,76.51
DNV GL SINGAPORE PTE. LTD.,2464068.0,9,4,78.09,4.84,70.13
DNV SINGAPORE PTE. LTD.,556130.0,3,3,76.26,5.0,75.76
DO NOT DESIGN LLP,73600.0,1,1,89.32,4.63,77.81
DOLLAR LAND SINGAPORE PRIVATE LIMITED,318220.0,3,2,88.41,4.91,58.71
DOMINIE PRESS PTE. LTD.,60594.28,2,2,89.39,5.0,76.57
DONALDSON & BURKINSHAW LLP,3296822.32,18,12,89.95,4.23,64.56
DONALDSON FILTRATION (MALAYSIA) SDN. BHD.,62175.05,1,1,86.21,3.16,84.59
DONG CONSTRUCTION & ENGINEERING PTE. LTD.,186000.0,1,1,99.92,3.92,62.39
DONG-A CONSULTANTS ASIA PTE LTD,9106000.0,4,2,75.19,4.33,88.13
"DONGAH GEOLOGICAL ENGINEERING CO., LTD, SINGAPORE BRANCH",21700000.0,1,1,81.37,4.14,73.91
DONJON PTE. LTD.,11476344.8,13,7,87.17,3.35,72.57
DONNELLEY FINANCIAL SOLUTIONS SINGAPORE PTE. LTD.,4.16,1,1,74.85,3.12,80.94
DOREMUS & COMPANY,1929136.27,1,1,86.59,3.66,69.34
DORSETT SINGAPORE,979.0,4,2,100.0,4.58,80.79
DOSK CONTRACT SERVICES PTE. LTD.,627000.0,2,2,88.17,5.0,70.68
DOTECON LIMITED,237723.0,4,2,89.85,4.65,72.43
DOU YEE ENTERPRISES (S) PTE LTD,427337.89,2,2,77.92,4.73,82.05
DOUBLE S CONSTRUCTION PTE. LTD.,365850.0,1,1,83.07,4.05,66.61
DOUBLE-TRANS PTE. LTD.,138345629.8,15,3,85.0,3.05,65.36
DP ARCHITECTS PTE LTD.,52376441.989999995,21,11,85.46,3.83,80.48
DP INFORMATION NETWORK PTE LTD,1747703.5,5,5,98.25,3.94,77.73
DP QUEST INVESTIGATION CONSULTANCY PTE. LTD.,1300.0,1,1,92.46,3.8,79.69
DPRO SCIENTIFIC PTE. LTD.,52500.0,1,1,79.11,4.13,81.28
DPS ENGINEERING (SINGAPORE) PTE. LTD.,302400.0,1,1,89.97,4.36,78.57
DR. WHO WATERWORKS PTE. LTD.,2683560.0,3,2,91.99,4.61,84.08
DRAEGER SAFETY ASIA PTE LTD,2913884.5,5,2,97.12,3.93,78.97
DRAEGER SINGAPORE PTE. LTD.,4046848.0,6,4,100.0,2.96,57.93
DRAGAGES SINGAPORE PTE LTD,111083000.0,2,2,79.88,3.81,60.52
DRAGNET SMARTECH SECURITY PTE. LTD.,15390438.0,12,8,81.51,4.13,97.28
DRAGON UNIVERSAL PTE. LTD.,24800.0,2,1,77.94,4.83,78.0
DRAMA ARTS LTD.,219400.0,1,1,86.13,3.76,87.5
DRC ENGINEERING PTE. LTD.,15203040.0,1,1,91.73,4.41,74.54
DREAM CATCHER TECHNOLOGIES PTE. LTD.,4.0,1,1,95.9,4.27,77.42
DREAMBOX STUDIO PTE. LTD.,1.0,1,1,87.39,4.13,73.47
DREAMCLOUD PTE. LTD.,2667867.0,3,2,85.44,4.66,100.0
DREAMTECHNOLOGY SYSTEM PTE. LTD.,800000.05,1,1,89.21,3.7,80.53
DREAMUS EDUTAINMENT PTE. LTD.,192000.0,1,1,81.32,3.75,72.65
DREDGING INTERNATIONAL ASIA PACIFIC PTE LTD,108379087.1,1,1,100.0,4.09,61.48
DREW & NAPIER LLC,430502.0,18,14,75.14,3.72,97.74
DRPL CORPORATION PTE. LTD.,558637.0,4,4,89.48,4.4,76.37
DSG PROJECTS SINGAPORE PTE. LTD.,2728167.8,2,2,100.0,3.67,85.44
DSI ACADEMY PTE. LTD.,184000.0,2,2,88.05,4.24,86.56
DSL INTEGRATED SOLUTION PTE. LTD.,8226035.18,10,4,86.48,4.04,73.37
DSL METAL AND ELECTRICAL ENGINEERING PTE. LTD.,195400.0,2,2,85.14,4.23,84.72
DSOURCING PTE. LTD.,250000.0,1,1,86.56,3.82,71.96
DSTNCT PTE. LTD.,2754806.0,10,8,98.98,3.9,68.1
DT ASIA PTE. LTD.,1301115.5,3,3,70.31,4.16,89.64
DT CONSTRUCTION GROUP PTE. LTD.,105250.0,1,1,100.0,4.22,76.42
DT TECHSOLUTIONS PTE. LTD.,225136.0,1,1,76.61,4.1,83.19
DTEM PTE. LTD.,433453.6,1,1,85.87,5.0,82.11
DTZ FACILITIES & ENGINEERING (THAILAND) CO. LTD.,171612.0,1,1,84.57,3.51,84.38
DUCK LEARNING,512135.92,8,4,92.71,4.06,62.43
DULK EDU CONSULTANCY,36000.0,1,1,75.22,3.16,72.15
DUN & BRADSTREET (SINGAPORE) PTE. LTD.,672013.17,5,5,91.7,4.32,74.76
DUNI SONG SENG PTE. LTD.,38460.0,1,1,100.0,3.43,69.69
DUO MEDICAL PTE. LTD.,648000.0,1,1,77.09,3.93,82.29
DUPREX SINGAPORE PTE LTD,552.0,1,1,89.52,3.88,89.87
DUSSMANN SERVICES DEUTSCHLAND GMBH,375188.04,1,1,82.7,4.27,91.45
DUTHANE INDUSTRIAL SERVICES PTE LTD,97056.0,1,1,91.41,3.77,74.61
DUXTON CONSULTING GROUP PTE. LTD.,270002.0,3,2,88.15,3.74,80.92
DV STUDIO PTE. LTD.,41750.0,1,1,82.87,4.96,82.46
DVALUER PROPERTY CONSULTANTS PTE. LTD.,0.01,1,1,91.9,4.27,84.21
DXC TECHNOLOGY SERVICES SINGAPORE PTE. LTD.,8118712.0,1,1,100.0,3.76,69.22
DXC TECHNOLOGY SINGAPORE PTE. LTD.,44332259.38,24,11,86.47,3.95,96.21
DYMEK ASIA (S) PTE LTD,458917.5,2,1,93.76,5.0,87.27
DYNAGLASS REINFORCED PLASTIC (PTE) LTD,722423.0,2,1,77.65,3.96,87.53
DYNAMIC C4 PTE. LTD.,189497.72,1,1,80.35,3.69,90.03
DYNAMIC DIGITAL SOLUTIONS PTE. LTD.,1272819.56,1,1,91.78,3.69,83.34
DYNAMIC HUMAN CAPITAL PTE. LTD.,309693.0,2,2,99.87,3.77,67.73
DYNAMIC M&E SDN BHD,162882.72,1,1,90.84,3.74,76.61
DYNAMIC PEST CONTROL PTE. LTD.,142736.0,1,1,85.5,3.33,61.49
DYNAMIC SAFETY PTE. LTD.,3922600.0,7,6,87.99,3.43,82.15
DYNAMICS CIRCUIT (S) PTE. LTD.,938090.0,1,1,78.0,3.6,76.31
DYNASTY TRAVEL INTERNATIONAL PTE LTD,275057.71,4,2,92.84,4.45,77.59
DZ ENGINEERING SRL,5210148.79,2,1,95.06,3.87,90.04
Dacon Networks Pte Ltd,472000.32,1,1,84.38,3.98,73.43
"Daewoo Engineering & Construction Co., Ltd. - Yongnam Engineering & Construction Pte Ltd Joint Venture",320438324.0,1,1,84.24,4.86,75.48
Dan Impact Pte Ltd,100580.0,1,1,90.13,4.88,78.22
Decal Singapore Pte Ltd,26400.0,1,1,84.51,3.93,59.6
Deco-Base Enterprise Pte Ltd,360455.0,1,1,87.47,3.72,75.34
Design 3,291130.86,2,1,100.0,3.58,53.14
Design Fusion Pte Ltd,3.0,2,2,86.02,4.52,72.14
Design Metabolists,335014.0,2,2,85.13,3.98,86.55
Diaz Engenharia e Consultoria Ltda,89582.19,1,1,82.82,3.87,82.47
Digital Mirage Pte Ltd,422301.0,6,2,93.95,3.61,72.05
Digo Corporation Pte Ltd,82094173.67,27,9,86.55,3.64,78.41
Dilys Tan Tse Xuan,88870.0,1,1,82.81,4.29,67.25
Do Ngoc Xuan,15500.0,1,1,98.57,3.31,77.98
Dolworth Marketing Pte Ltd,182635.0,2,1,99.36,4.7,100.0
"Dongguan Tianyu Semiconductor Technology Co., Ltd.",2906.4,1,1,83.2,3.78,96.46
Dreamchasers Interactive,470100.0,1,1,73.07,4.01,78.53
Du Xiangpeng,8250.0,1,1,96.06,3.3,79.6
Dynasafe Technologies Pte. Ltd.,99292.0,2,1,82.52,4.09,68.2
E C BUILDERS PTE. LTD.,0.0,2,1,94.33,3.9,69.98
E DE DESIGN & CONTRACTS,818120.0,6,3,72.24,4.07,81.62
E DEVELOP PTE. LTD.,4334276.0,10,3,95.14,4.98,72.75
E J MOTIWALLA & CO,223000.0,1,1,78.31,4.21,87.04
E K S ENGINEERING AND CONSTRUCTION SERVICES PTE LTD,17.6,1,1,93.85,3.62,93.7
E M LEARNING PRIVATE LIMITED,101.0,2,2,88.11,3.67,81.33
E M REAL ESTATE PRIVATE LIMITED,2.01,3,2,80.37,4.46,79.02
E M SERVICES PRIVATE LIMITED,44052370.69,21,8,84.74,4.88,61.19
E TECH CONSTRUCTION PTE LTD,3000.0,1,1,93.49,4.27,85.48
E THREE FIVE PTE. LTD.,1069791.0,3,3,88.85,4.51,66.56
E X PTE. LTD.,50440.0,1,1,92.68,4.47,73.82
E-Gage Pte Ltd,203560.0,1,1,100.0,4.95,87.6
E-ORANGE INTERNATIONAL,336687.45,7,5,75.49,2.93,88.3
E-SOLUTIONS SERVICES PTE. LTD.,128000.0,1,1,100.0,4.5,73.33
E-STRUCT CONSULTING PTE. LTD.,8.0,1,1,88.83,4.69,73.91
E-XCLUSIF MEDICAL SUPPLY PTE. LTD.,5430.5,1,1,80.81,3.3,71.01
E.ID PROJECTS PTE. LTD.,5157182.0,5,4,77.36,3.57,66.02
E2000 PTE. LTD.,3215657.75,1,1,86.49,3.59,71.65
E3 CONSTRUCTION PTE LTD,8068601.0,15,8,95.37,3.66,61.87
E3 DESIGN PTE. LTD.,774344.53,1,1,86.98,3.81,84.83
E3 SPORTS PTE. LTD.,2.0,2,1,100.0,4.25,81.95
E35 PTE. LTD.,5215046.2,16,11,76.39,4.62,83.61
EA RESEARCH & CONSULTING PTE. LTD.,999243.0,6,6,87.9,4.75,68.46
EA TECHNOLOGY ASSET MANAGEMENT PTE. LTD.,195770.0,2,2,77.98,3.6,66.05
EAC GIFTBUILD PTE. LTD.,6080000.0,1,1,90.91,3.59,78.54
EAGLES EGYPT SECURITY,1351512.96,2,1,95.1,4.89,78.64
EAGLES WINGS CONSULTING PTE. LTD.,36750.0,1,1,84.63,4.49,76.53
EARTH ENGINEERING PTE. LTD.,708000.0,2,2,67.17,4.15,75.11
EARTHSCOPE ENTERPRISES PTE. LTD.,2985.0,1,1,89.59,4.38,95.11
EASE SOLUTIONS PTE. LTD.,170886.2,1,1,91.49,4.08,82.26
EASON ENTERPRISES,3.0,3,1,91.23,4.41,97.71
EAST ELEVATORS PRIVATE LIMITED,212750.0,1,1,97.89,3.9,90.69
EASTBUILDS PTE. LTD.,289885.0,3,3,79.43,4.26,95.03
EASTERN GARDEN DEVELOPMENT PTE LTD,132.0,1,1,93.44,3.19,67.26
EASTIM OCEAN TRADING PTE. LTD.,91500.0,1,1,97.54,3.69,83.93
EASTLAND DENTAL SUPPLIES PTE. LTD.,413154.8,6,2,73.77,3.69,73.68
EASTORIA CONSTRUCTION PTE. LTD.,64525.0,1,1,90.56,3.88,61.37
EASTSPRING INVESTMENTS (SINGAPORE) LIMITED,4.98,5,5,83.97,3.54,92.96
EAT RIGHT PTE. LTD.,599749.0,3,1,87.35,3.78,75.06
EATZ CATERING SERVICES PTE. LTD.,1786293.09,2,1,90.78,3.19,67.45
EBARA ENGINEERING SINGAPORE PTE. LTD.,22187350.0,8,1,84.1,4.43,73.85
"EBSCO INTERNATIONAL, INC.",1857885.6099999999,7,6,82.59,4.05,70.04
EBUS EXPRESS PTE. LTD.,15569.5,2,1,88.27,3.08,71.06
ECAS CONSULTANTS PTE. LTD.,71447212.97,51,12,79.3,3.6,75.78
ECAST TECHNOLOGIES PTE LTD,1374023.0,4,2,79.31,4.3,95.31
ECCENTRIC DRIVE SDN.BHD.,70210.19,1,1,93.43,3.77,71.34
ECHOL TECH PTE. LTD.,4559444.0,3,3,78.81,3.68,94.59
ECHOLOGICS PTE. LTD.,9722038.67,5,1,93.33,4.06,86.49
"ECHOLOGICS, LLC. SINGAPORE BRANCH",147780.0,1,1,91.7,4.31,81.96
ECK Shen Construction & Trading Pte Ltd,6238330.0,6,4,74.19,3.24,85.48
ECKINDA TECHNOLOGY PTE. LTD.,464090.74,3,1,82.58,4.43,78.14
ECLAT INTERIOR AND CONSTRUCTION PTE. LTD.,152210.0,1,1,97.55,3.62,90.86
ECLAT SERVICES PTE. LTD.,4669003.0,10,10,80.15,4.09,83.67
ECLIPSE TAEKWONDO,10000.0,1,1,84.28,4.08,61.35
ECO FIELD SERVICES PTE. LTD.,863915.0,3,3,91.7,3.78,80.96
ECO GARDEN PTE. LTD.,4809272.88,1,1,94.27,3.49,85.84
ECO Special Waste Management Pte Ltd,129047740.0,2,2,85.99,3.93,75.11
ECO-WIZ (SG) PTE. LTD.,142500.0,1,1,83.22,5.0,79.26
ECO2 BUILDER PTE. LTD.,96000.0,1,1,99.38,3.28,71.87
ECOFYS NETHERLANDS B.V.,1191301.54,3,2,100.0,5.0,64.22
ECOLAB PTE. LTD.,48300.0,2,1,95.83,3.94,62.5
ECON MEDICARE CENTRE PTE LTD,12100002.0,3,1,88.68,4.12,62.63
ECON NURSING HOME SERVICES (1987) PTE LTD,8400003.0,4,1,81.53,3.45,84.69
ECOPAVE PTE LTD,1193500.0,3,1,81.36,3.64,53.1
ECOPONICS,39825.0,1,1,92.18,3.8,71.34
ECOSOFTT PTE. LTD.,585001.0,2,2,91.35,3.47,70.34
ECOSYSTM ADVISORY PTE. LTD.,298596.5,1,1,99.21,3.97,75.18
ECOVIS ASSURANCE LLP,2222765.48,17,8,93.2,3.86,59.44
ECOXPLORE PTE. LTD.,1981600.0,3,2,75.98,5.0,82.04
ECQUARIA TECHNOLOGIES PTE LTD,66426496.0,15,9,96.42,3.4,65.27
ECUBE ENTERPRISE PTE. LTD.,284809.0,1,1,80.02,4.16,89.32
ECYT Law LLC,352751.0,2,1,84.93,4.25,71.78
"ED. ZUBLIN AG, SINGAPORE BRANCH",924402180.0,8,3,90.0,3.46,77.04
EDELMAN JAPAN KK,1501232.35,1,1,100.0,4.51,78.04
EDELMAN SINGAPORE PTE. LTD.,29023128.11,17,11,100.0,3.86,80.44
EDEN STRATEGY INSTITUTE LLP,2011754.0,8,6,92.85,2.6,78.37
EDENN SERVICES PTE LTD,3094000.0,1,1,86.53,4.5,73.73
EDF HQ SINGAPORE PTE. LTD.,640.0,1,1,92.28,3.43,81.43
EDINBURGH DESIGNS LIMITED,33393047.0,1,1,95.1,3.47,82.66
EDMUND TIE & COMPANY (SEA) PTE. LTD,751908.9800000001,12,6,85.43,4.51,70.35
EDMUND TIE & COMPANY (SEA) PTE. LTD.,5.0,6,5,100.0,3.89,82.26
EDPN TECHNOLOGIES PTE. LTD.,234877.0,1,1,89.84,4.65,89.92
EDU TRAVEL PTE. LTD.,2076.0,1,1,91.98,4.83,85.06
EDUBLITZ PTE LTD,1.0,1,1,93.33,3.71,87.32
EDUCARE HUMAN CAPITAL PRIVATE LIMITED,6364904.9,12,7,91.37,4.58,79.72
EDUHUB INVESTMENT PTE. LTD.,91985.0,1,1,94.71,3.65,68.64
EDUQUEST INTERNATIONAL INSTITUTE PTE. LTD.,4191900.0,7,4,83.06,5.0,69.9
EDUTEX PTE. LTD.,5390.0,1,1,83.53,3.68,81.2
EDVANTEDGE PRIVATE LIMITED,485921.0,7,7,79.2,4.72,87.43
EDZ INTERIOR CONTRACTS PTE LTD,4757362.0,2,2,91.52,4.61,100.0
EEM Advancement Centre Pte Ltd,1.0,1,1,94.23,4.29,87.82
EETARP ENGINEERING PTE LTD,160569.0,1,1,91.66,3.7,66.3
EFFECTIVE ENGINEERING PTE LTD,100000.0,1,1,100.0,4.01,70.33
EFFECTS TECHNOLOGIES PTE. LTD.,2124504.0,1,1,87.96,2.81,100.0
EFFEKTIV SYSTEMS SOLUTION PTE LTD,30028630.0,5,2,93.35,4.23,75.86
EFUNITY PTE. LTD.,83631.0,1,1,79.27,4.31,78.48
EG+ WORLDWIDE PTE. LTD.,237402.5,1,1,84.9,4.18,68.4
EGIS RAIL PTE. LTD.,373002.0,2,1,93.56,2.32,93.65
EGON ZEHNDER INTERNATIONAL PTE LTD,630000.0,3,2,94.79,3.34,83.0
EGRADE CONTRACTOR PTE. LTD.,573000.0,3,3,85.65,3.65,70.25
EIGHT TONES LLP,1.0,1,1,87.43,4.27,68.06
EIGHTITUDE PTE. LTD.,3.0,1,1,75.86,4.27,81.07
EILONG ENTERPRISE PTE. LTD.,67980.0,1,1,85.14,4.0,78.44
EINCSMART,271915.0,2,1,95.12,4.48,86.32
EINST TECHNOLOGY PTE. LTD.,3498215.04,11,5,92.6,3.48,83.47
EITA SERVICES PTE LTD,83000.0,2,2,92.01,4.47,75.36
EITA TECHNOLOGIES PTE LTD,920.0,1,1,88.4,4.38,72.56
EKA TRAINING GROUP PTE. LTD.,83990.0,6,5,88.06,4.33,76.4
ELC PTE. LTD.,4216421.0,6,4,82.72,3.99,72.49
ELCHEMI EDUCATION PTE. LTD.,75600.0,1,1,93.59,5.0,76.7
ELDO CONSULTING PTE. LTD.,440001.0,3,1,91.37,4.4,78.16
ELEAD MGT SVCS PTE LTD,3500.0,1,1,91.94,3.52,69.02
ELECTRA (S) PTE. LTD.,1.0,1,1,83.79,4.25,84.31
ELECTRO ACOUSTICS RESEARCH (1999) PTE. LTD.,52128.4,1,1,70.77,4.55,74.3
ELECTRO SAUDI SERVICES LTD.,4963817.33,7,1,96.78,3.75,69.58
ELECTRO-ACOUSTICS SYSTEMS PTE LTD,10487925.0,7,5,84.17,4.75,74.48
ELECTRO-ACOUSTICS SYSTEMS PTE. LTD.,5167448.28,6,4,81.1,4.33,80.42
ELECTROMECH TECHNOLOGIES PTE. LTD.,30700000.0,8,1,93.55,2.69,78.83
ELECTRONICS & ENGINEERING (PTE) LIMITED,12561709.0,16,11,84.86,4.28,82.22
ELECTROTECH MECHANICAL SYSTEMS & TRADING PTE. LTD.,859600.0,2,1,96.48,3.86,86.98
ELEKTA LIMITED,4600000.0,1,1,92.94,4.42,91.05
ELEMENT14 PTE. LTD.,681816.6,5,2,93.47,4.67,80.85
ELEMENTS CHAN,15790.0,2,2,77.07,4.22,67.31
ELIGO PTE. LTD.,64044.0,1,1,97.7,5.0,75.31
ELIKTRICAL ENGINEERING PTE. LTD.,4726080.0,5,5,90.09,3.99,67.96
ELIPHANT PTE. LTD.,210690.0,1,1,85.05,4.47,94.97
ELITE ASIA (SG) PTE. LTD.,223200.0,1,1,89.15,4.58,97.87
ELITE BADMINTON,10000.0,1,1,73.79,4.04,84.5
ELITE INTERPRETERS ASIA PTE. LTD.,99120.0,1,1,91.27,4.57,86.58
ELITE LINGUISTIC NETWORK LLP,7800.0,1,1,79.77,3.74,80.51
ELITE TRANSLATIONS ASIA PTE. LTD.,0.5,1,1,77.18,3.85,81.66
ELITEZ PTE. LTD.,247.5,1,1,75.82,3.31,62.03
ELIXIR TECHNOLOGY PTE LTD,1093924.0,1,1,96.9,4.24,77.26
ELLA CHEONG LLC,1.0,1,1,82.97,4.3,69.19
ELLIPSIZ DSS PTE. LTD.,993625.06,7,2,100.0,4.81,80.81
ELS Defence Equipment Pte Ltd,17150.0,1,1,83.71,4.57,77.4
ELSEVIER B.V.,146460.94,2,2,74.34,3.93,97.47
ELSHIN INTERNATIONAL PTE LTD,37281.0,1,1,79.07,3.39,87.17
ELSIE'S KITCHEN CATERING SERVICES PTE. LTD.,9877810.15,10,7,97.89,4.36,80.85
ELTRON ENGINEERING PTE. LTD.,103535.0,1,1,86.75,4.77,75.33
EMA PARTNERS SINGAPORE PTE. LIMITED,837000.0,1,1,83.61,4.55,94.76
EMARCO ENTERPRISE PTE LTD,78400.0,1,1,89.28,4.75,77.7
EMBRIO ENTERPRISES PTE. LTD.,1.0,1,1,92.01,3.97,81.32
EMC Computer Systems (South Asia) Pte Ltd,2393472.0,1,1,96.94,3.82,78.42
EMERALD ASIA CONSULTING PTE. LTD.,2590700.0,1,1,99.59,3.66,73.96
EMERGE CONSULTING PTE. LTD.,111202.0,2,1,85.12,4.07,78.37
EMERGENETICS CAELAN & SAGE PTE. LTD.,112500.0,1,1,77.39,4.05,58.38
EMERGENT BIOSOLUTIONS CANADA INC.,756182.1,1,1,84.69,4.22,62.52
EMERIO GLOBESOFT PTE. LTD.,4917181.0,7,6,90.08,4.02,81.5
EMERSON ASIA PACIFIC PRIVATE LIMITED,5128670.0,2,2,80.29,4.02,93.68
EMERSON PROCESS MANAGEMENT ASIA PACIFIC PRIVATE LIMITED,17009450.0,3,1,80.34,3.63,81.48
EMF ENGINEERING AND ENTERPRISES (PTE) LTD,8.0,1,1,90.75,4.66,70.8
EMG INTERNATIONAL PTE LTD,2.0,2,2,87.61,4.15,63.57
EMG International Pte Ltd,1187.0,3,3,88.26,4.0,85.85
EMIRATES - CAE FLIGHT TRAINING (L.L.C),3536918.5,1,1,81.93,3.65,72.33
EMITROPHIES (S) PTE LTD,6478.0,2,2,86.16,3.3,84.43
EMITrophies (S) Pte Ltd,1375245.2,4,3,80.61,4.88,81.9
EML ARCHITECTS,433150.0,2,1,95.12,4.43,82.78
EMPACT PTE. LTD.,2023917.35,9,5,96.28,3.13,78.34
EMPEROR ENTERTAINMENT PRODUCTIONS COMPANY PTE. LTD.,148800.0,1,1,73.23,4.56,81.84
EMPOWERING COUNSELLING & PSYCHOLOGICAL CONSULTANCY SERVICES (PTE. LTD.),388400.0,2,1,80.56,4.65,76.81
EMS WIRING SYSTEMS PTE. LTD.,211643.5,1,1,76.03,4.17,71.65
EMSON SYSTEMS (S) PTE. LTD.,1034763.4700000001,7,2,82.8,5.0,68.37
ENCE MARKETING GROUP PTE. LTD.,1900.0,1,1,87.33,4.23,54.15
ENCORA TECHNOLOGIES PTE. LTD.,465002.0,5,4,76.4,3.25,76.19
ENDRESS + HAUSER (S.E.A.) PTE LTD,4750200.0,1,1,80.63,4.32,93.19
ENERGREEN TECHNOLOGIES PTE. LTD.,636636.0,1,1,79.97,4.25,85.3
ENERGY RESOURCING SINGAPORE PTE. LTD.,226.0,5,3,89.66,3.74,80.28
ENETEK POWER GROUP PTE. LTD.,223888.0,1,1,88.55,4.44,70.66
ENETS PTE. LTD.,1.0,1,1,82.23,3.1,87.97
ENG HIN CONSTRUCTION PTE. LTD.,444505.0,4,4,89.41,4.69,76.81
ENG HUP ENGINEERING PTE LTD,84550682.77000001,4,3,83.63,3.57,93.75
ENG HUP SHIPPING PTE LTD,102895114.0,6,4,85.83,3.51,68.19
ENG LAM CONTRACTORS CO (PTE) LTD,505866090.0,21,3,100.0,4.03,70.5
ENG LEE ENGINEERING PTE LTD,595953000.0,9,3,98.72,4.36,69.53
ENG LENG CONTRACTORS PTE LTD,83683400.0,6,5,77.6,4.2,63.18
ENG LEONG MEDALLIC INDUSTRIES PTE LTD,249480.97999999998,4,3,94.64,3.65,68.63
ENG SENG TECH PTE. LTD.,5850600.0,5,2,94.49,3.8,79.03
ENG SOON CHAIR & TABLE HIRE SERVICE,26833.57,1,1,78.81,3.42,70.88
ENG XIAN CONSTRUCTION PTE LTD,4057700.0,3,3,94.55,3.97,40.0
ENGAGE2SERVE PTE. LTD.,430500.0,1,1,100.0,4.75,88.74
ENGE PLAS AUTOMATION (S) PTE LTD,36384.0,1,1,79.02,4.1,61.16
ENGEL SINGAPORE PTE. LTD.,242520.0,1,1,80.66,4.62,83.89
ENGELIN TEH PRACTICE LLC,273207.33999999997,11,9,96.14,4.97,78.31
ENGIE ITS PTE. LTD.,2957122.0,7,6,90.17,3.75,99.17
ENGIE PROPERTY SERVICES PTE. LTD.,383403.0,4,4,92.41,3.99,87.97
ENGIE SERVICES ASIA-PACIFIC PTE. LTD.,157500.0,1,1,90.72,5.0,72.95
ENGIE SERVICES SINGAPORE PTE. LTD.,84640714.88,10,7,91.13,4.97,70.98
ENGINEERING COMPUTER SERVICES (S) PTE LTD,186742.66,1,1,77.39,3.1,93.03
ENGINEERING LABORATORY ELECTRONICS (S) PTE. LTD.,105985.0,1,1,96.38,4.33,63.24
ENGINEERS 2002 (PTE),1722334.0,37,7,97.36,4.1,79.91
ENGINEERS 2002 PRIVATE LIMITED,584540.0,11,3,86.16,4.6,76.69
ENGRO CORPORATION LIMITED,67868.28,8,2,87.65,3.65,74.57
ENKON INTERNATIONAL CONSULTING ENGINEERS PTE LTD,110980.0,6,1,75.75,3.6,81.54
"ENLI TECHNOLOGY CO., LTD.",284000.0,1,1,92.11,3.69,79.9
ENOVEC PTE. LTD.,143470.0,1,1,92.58,3.76,82.57
ENSIGN INFOSECURITY (SMARTTECH) PTE. LTD.,76780630.0,3,3,87.5,4.59,79.39
ENSIGN INFOSECURITY (SYSTEMS) PTE. LTD.,39159009.32,14,7,96.99,3.39,82.18
ENSURE ENGINEERING PTE LTD,57724684.0,18,2,85.33,3.73,78.93
"ENTERPRISE LEASING COMPANY OF PHOENIX, LLC",488601.87,1,1,92.52,3.03,71.41
ENTERPRISE PROMOTION CENTRES PTE LTD,1853760.0,1,1,79.84,4.7,78.04
"ENTERTAINMENT & CULTURE ADVISORS, LIMITED",78475.0,1,1,87.81,4.86,70.86
"ENTERTAINMENT + CULTURE ADVISORS, INC.",329000.0,1,1,86.61,3.9,70.2
ENTI PTE. LTD.,477120.0,1,1,89.8,3.92,74.64
ENTIIS PTE. LTD.,7850521.0600000005,13,7,85.04,4.37,76.81
ENVAC SINGAPORE PTE. LTD.,63545000.0,13,3,86.95,4.98,78.35
ENVIPURE PTE. LTD.,16718114.0,8,2,94.61,4.35,87.16
ENVIRO PRO GREEN INNOVATIONS (S) PTE. LTD.,187025.0,1,1,84.51,3.68,73.02
ENVIRO VORTEX SYSTEMS PTE. LTD.,178555.0,2,2,75.15,3.13,79.97
ENVIRON CONSTRUCTION CO (PTE) LTD,47118080.0,1,1,100.0,3.43,79.18
ENVIRONICHE LLP,263002.0,3,2,99.05,4.14,71.91
ENVIRONMENTAL RESOURCES MANAGEMENT (S) PTE LTD,3059884.0,4,3,77.66,3.71,78.74
ENVIROSOLUTIONS & CONSULTING PTE. LTD.,3393385.0,6,4,93.52,4.22,88.03
ENVIROTEC CONTROLS (ASIA PACIFIC) PTE. LTD.,381.0,1,1,83.98,3.77,79.87
ENVISION DIGITAL INTERNATIONAL PTE. LTD.,1003568.54,1,1,90.11,3.47,80.27
EO Medical Pte. Ltd.,20328.0,2,1,90.35,3.39,70.95
EON REALITY PTE. LTD.,8753390.0,4,2,86.12,5.0,97.69
EOS GMBH ELECTRO OPTICAL SYSTEMS,5644459.03,8,6,81.73,4.63,71.52
EP-TEC SOLUTIONS PTE LTD,102110.0,10,4,82.48,5.0,61.32
EPD SINGAPORE SERVICES PTE. LTD.,3740505.0,4,4,80.67,4.42,86.6
EPECOM GRAPHICS PTE LTD,310170.0,1,1,81.35,3.84,76.85
EPIC DIALOGUE PTE. LTD.,4310.0,1,1,87.46,4.89,74.97
EPIGRAM PTE LTD,1586567.0,10,9,82.27,4.08,72.54
EPIQ SINGAPORE PTE. LTD.,970530.46,3,2,93.46,4.23,96.72
EPITOME DIRECTIONS,1.0,1,1,99.9,4.07,81.55
EPITOME GLOBAL PTE. LTD.,338000.0,1,1,83.36,2.33,83.5
EPM TRAINING SERVICES PTE. LTD.,255600.0,1,1,89.92,5.0,79.63
EPS (2008) PTE. LTD.,3059932.0,5,1,92.0,4.39,80.7
EPS COMPUTER SYSTEMS PTE LTD,12407572.5,9,8,91.78,4.3,91.99
EPS CONSULTANTS PTE LTD,107.0,10,6,88.61,4.06,75.49
EPSON SINGAPORE PTE LTD,1221474.2,1,1,93.94,4.2,63.43
EQ Services,136540.0,1,1,91.86,3.74,86.68
EQCOMS TECHNOLOGY PTE LTD,1390000.0,1,1,78.1,4.47,82.97
EQUALITY MARINE SERVICES PTE. LTD.,110.0,1,1,94.95,3.32,79.08
EQUINOX DESIGN LIMITED,267026.07,1,1,95.1,4.21,82.71
EQUIP MEDICAL PTE LTD,7637345.0,8,3,81.89,4.44,74.29
EQUITCHEM (S) PTE. LTD.,259200.0,1,1,88.3,3.98,78.21
EQUITY COMMUNICATIONS PTE. LTD.,55000.0,1,1,93.47,4.32,76.68
EQUIVOLT PTE. LTD.,24000.0,1,1,86.33,3.51,72.09
EQcoms Technology Pte Ltd,1113168.6,2,1,96.58,3.52,89.89
ER CHIANG SONG,11700.0,1,1,100.0,4.24,63.88
ERA DANCE THEATRE LIMITED,315000.0,2,1,81.71,4.51,100.0
ERA Realty Network Pte Ltd,2.0,2,1,76.95,2.98,86.77
ERCM CONSULTANCY PTE. LTD.,128140.0,2,1,90.43,4.41,60.22
EREZ PRIVATE LIMITED,426800.0,1,1,93.77,3.77,75.76
ERGO INSURANCE PTE. LTD.,154187.5,2,2,86.15,3.98,76.31
ERGOWORLD PTE LTD,7990198.0,5,5,99.63,3.3,81.92
ERIC CHRISTIAN FESSELMEYER,22000.0,1,1,77.29,3.59,68.11
ERIC SALMON & PARTNERS SINGAPORE PTE. LTD.,1.0,1,1,93.54,4.68,78.32
ERIDEON PRIVATE LIMITED,621000.0,1,1,83.15,4.12,76.79
ERION SPORTS,10725.0,1,1,100.0,3.87,70.62
ERNST & YOUNG ADVISORY PTE. LTD.,69846330.12,120,46,100.0,4.03,69.23
ERNST & YOUNG LLP,11422805.3,29,22,81.87,4.39,87.19
ERNST & YOUNG SOLUTIONS LLP,7528751.0,16,12,83.6,4.36,61.03
ERNTEN TECHNOLOGIEN PTE. LTD.,688000.0,1,1,94.88,4.05,82.78
ERP21 PTE LTD,3.0,1,1,84.9,4.76,85.98
ESCO MICRO PTE LTD,224126.5,2,2,87.64,4.68,75.81
ESCO PTE. LTD.,2518976.0,4,4,88.2,4.35,78.52
ESIS ASIA PACIFIC PTE. LTD.,152000.0,1,1,72.64,4.13,89.63
ESKI INC.,1243960.0,1,1,87.89,4.49,70.95
ESMACO VALUERS & PROPERTY AGENTS PTE LTD,0.02,2,1,82.48,4.29,71.98
ESN ASIA MANAGEMENT,1181971.9,4,2,84.06,4.74,73.05
ESN ASIA MANAGEMENT PTE. LTD.,1374285.08,8,5,99.55,4.64,89.65
ESPIRIT BUILDING & ENGINEERING PTE. LTD.,9747144.007216,10,7,77.95,3.49,90.92
ESPORE CORP PTE LTD,202742.37,1,1,94.51,3.45,64.04
ESPRIMO PTE. LTD.,612008.5,4,3,85.77,3.68,88.06
ESRI SINGAPORE PTE. LTD.,11023484.15,13,5,85.76,4.69,86.19
ESS WEATHERTECH PTY LTD,954634.66,1,1,94.32,3.15,93.54
ESSAR ENGINEERING PTE. LTD.,382500.0,2,2,90.72,4.34,81.85
ESTA PTE. LTD.,4134229.2,11,7,92.56,4.32,77.56
ESTATE EXCHANGE CONSULTING,428376.02,3,2,95.75,4.8,89.45
ETHNOGRAPHICA PRIVATE LIMITED,471700.0,1,1,85.35,4.21,84.99
ETHOS SEARCH ASSOCIATES PTE. LTD.,465868.0,8,7,83.1,3.29,100.0
ETHOZ GROUP LTD.,544000.0,2,1,79.32,3.52,87.59
ETIQA INSURANCE BERHAD,1151625.0,1,1,81.4,3.39,79.54
ETRONIN ELECTROMART,1342039.81,2,1,100.0,3.78,66.26
EUNIQUE PHYSIO PTE. LTD.,45252.0,1,1,97.96,3.99,72.19
EUNIQUE PHYSIOTHERAPY,89080.0,1,1,77.19,3.4,63.64
EUNIX FIRE PROTECTION PTE. LTD.,294400.0,2,1,77.42,4.98,75.85
EUPHORIA MUSIK,247440.0,1,1,91.85,3.3,87.26
EURACO FINEFOOD PTE LTD,414818.79,10,4,92.38,4.91,77.96
EUREKA! CAMPAIGN ASSOCIATES PTE. LTD.,8552962.83,21,15,92.39,4.81,88.22
EUROFINS FOOD TESTING SINGAPORE PTE. LTD.,426089.2,1,1,85.96,4.64,81.38
EUROFINS MECHEM PTE. LTD.,1262731.4,5,3,87.0,3.68,73.97
EUROMOBIL SDN BHD,88797.0,1,1,90.62,4.31,78.88
EUROPEAN ECONOMIC RESEARCH LIMTED,2.0,2,2,88.69,3.33,82.72
EV DANCE PTE. LTD.,51870.0,1,1,70.25,4.65,79.39
EVANTEK PTE LTD,1767517.0,2,2,86.16,4.06,79.51
EVENT GALAXY PTE. LTD.,20600.0,1,1,81.19,3.85,70.31
EVENT MEDICAL SERVICES,160640.0,1,1,89.4,3.37,73.67
EVENTIONS GROUP,137550.0,1,1,100.0,2.61,100.0
EVENTS MASTER (GLC) PTE. LTD.,396904.5,4,1,90.94,3.48,90.28
EVENTS PEOPLE INC PTE LTD,2310048.0,6,5,85.49,4.77,63.26
EVER SAN CONSTRUCTION PTE LTD,9502999.0,2,1,95.37,3.86,54.33
EVERGREEN ENGINEERING & CONSTRUCTION PTE LTD,14964370.0,7,5,91.86,4.0,78.76
EVERGREEN GROUP PTE. LTD.,1844530.66,2,2,91.36,4.49,86.93
"EVERGREEN INTERNATIONAL NZ, LLC",469575.92,1,1,92.85,5.0,72.8
EVERPAINT ENTERPRISE PTE. LTD.,65000.0,1,1,100.0,4.9,88.22
EVERSHEDS HARRY ELIAS LLP,266314.28,10,10,78.95,3.52,78.6
EVERSHINE FLORA DECO TEAM,15866.0,1,1,91.79,2.93,76.37
EVERTEAM PTE. LTD.,682641.0,13,5,80.59,5.0,85.56
EVICO MAGNETICS GMBH,249831.36,1,1,92.44,5.0,72.68
EVO COMMUNICATIONS,63400.0,1,1,80.65,4.21,75.13
EVOTECH ASIA CONSULTANCY PTE. LTD.,303583.0,1,1,84.66,3.34,84.7
EVVO LABS PTE. LTD.,2.0,2,1,85.64,4.68,77.69
EWC ENGINEERS PTE. LTD.,1021474.49,3,2,95.81,4.04,97.09
EWERKZ PROJECTS,366372.96,1,1,95.35,4.03,84.94
EWERKZ PROJECTS PTE. LTD.,999645.2,1,1,78.03,4.64,84.29
EWI RECRUITMENT LIMITED,1.0,1,1,88.44,4.3,77.5
EX LIBRIS LTD.,2869450.13,4,3,82.32,3.39,86.75
EXALIT PTE. LTD.,500045.0,4,2,77.93,3.91,74.77
EXCEL MARCO INDUSTRIAL SYSTEMS PTE LTD,2857050.0,2,1,86.26,4.5,80.82
EXCEL PRECAST PTE LTD,13225630.0,1,1,85.53,4.41,68.84
EXCELIFT PTE. LTD.,45760.0,1,1,100.0,4.26,88.39
EXCELLENT SECURITY & SAFETY PTE. LTD.,20713200.0,1,1,91.46,4.66,80.91
EXCELSOFT TECHNOLOGIES PTE. LTD.,367800.0,2,2,76.98,3.88,97.83
EXCELTEC PROPERTY MANAGEMENT PTE LTD,22862772.14,14,12,83.48,4.21,100.0
EXECSEARCH,18.0,1,1,96.17,2.07,85.63
EXECUTIVE COUNSELLING AND TRAINING ACADEMY PTE. LTD.,1787600.0,3,1,100.0,3.83,78.68
EXER-FIT CONSULTANCY SERVICES,681362.0,7,5,75.31,4.56,68.54
EXERCISE & SPORTS PROGRAMMING NETWORK,195800.0,3,1,72.96,3.87,87.05
EXILE SOLUTIONS PTE. LTD.,134520.0,3,1,100.0,3.82,80.1
EXMILE SOLUTIONS LIMITED,25160.29,1,1,91.12,3.48,83.38
EXOTISSIMO TRAVEL (SINGAPORE) CO. PTE. LTD.,283675.82,2,1,81.05,4.7,95.3
EXPAND CONSTRUCTION PTE LTD,1017285110.0,15,4,92.28,4.43,69.76
EXPANDORE ELECTRONICS PTE. LTD.,525665.0,6,4,66.91,4.6,68.76
EXPENOVATE PTE. LTD.,146858.6,4,1,88.03,3.06,75.64
EXPERIAN CREDIT SERVICES SINGAPORE PTE. LTD.,813134.0,1,1,90.62,4.0,86.21
EXPERIENCE MATTERS PTE. LTD.,1925980.5,6,4,95.39,3.93,83.55
EXPERIENTIAL CREATIONS PTE. LTD.,645153.0,5,4,79.89,3.93,69.04
EXPERTISE TECHNOLOGIES PTE LTD,13405483.5,1,1,88.69,3.73,85.57
EXPLORA PTE. LTD.,2027834.35,10,8,80.6,3.89,65.99
EXPONENT CHALLENGE TECHNOLOGY ASIA PTE. LTD.,1588892.0,8,6,90.04,4.61,69.62
EXPORT HOUSE (SINGAPORE) PTE. LTD.,149500.0,1,1,80.84,2.95,76.85
EXPRESS PEST SOLUTIONS PTE. LTD.,3069824.42,5,3,84.74,5.0,72.47
EXPRESS POINT ENGINEERING & SERVICES PTE. LTD.,399638.24,1,1,80.03,4.39,86.9
EXPRESS TRANSLATION PTE. LTD.,158.0,1,1,93.21,4.07,80.86
EXTOL SERVICES PTE. LTD.,20340.0,1,1,94.87,4.64,95.66
EXTRAD INSTRUMENTATION PTE LTD,3257049.0,7,2,86.12,3.23,75.53
EXTRAORDINARY PEOPLE LIMITED,100000.0,1,1,88.31,3.7,76.78
EXTRUDE HONE K.K.,499998.0,1,1,76.41,4.03,90.1
EY CORPORATE ADVISORS PTE. LTD.,308510.0,2,2,85.6,4.92,77.09
EY DIGITAL PTE. LTD.,10071532.0,14,8,87.6,4.07,92.94
EYE-2-EYE COMMUNICATIONS PRIVATE LIMITED,2607384.0,5,4,100.0,4.37,83.41
EZ-LINK PTE LTD,1838107.3199999998,4,2,79.1,3.75,54.47
EZRA ARCHITECTS,584500.6,3,2,99.71,4.39,89.78
EZRA PRINT & PACK PTE LTD,767868.0,2,1,95.97,5.0,87.13
EZZOGENICS PTE. LTD.,61322.0,1,1,90.25,4.7,87.51
Eazi Printing Pte Ltd,57.76,1,1,100.0,4.05,58.89
Echelon Engineering Pte. Ltd.,8502750.0,5,1,90.98,4.51,71.37
Echo Myanmar Communications Company Limited,665604.72,1,1,91.11,4.45,72.11
Econ Geotech Pte Ltd,1331895.0,3,1,87.58,4.4,69.59
Ed Zublin AG Singapore Branch,53440576.0,1,1,97.79,4.77,95.42
Edge Renovation LLC,701370.13,1,1,96.77,4.76,77.88
"Edstrom Industries, Inc.",249047.74,1,1,82.99,4.02,77.63
Educational Publishing House Pte Ltd,56322.48,1,1,77.45,4.49,83.52
Educational bookings and Management,62540.0,1,1,86.38,3.87,83.69
Effective Engineering Pte Ltd,100000.0,1,1,81.6,3.55,44.65
Eitan Pte Ltd,6.0,1,1,87.49,3.94,71.54
Elangovan s/o Ganesan,10000.0,1,1,97.9,4.05,63.87
Elena Constante / Kachurina,50.0,1,1,84.34,3.1,82.0
Elsie's Kitchen,2097432.4,1,1,87.66,4.62,75.11
En Community Services Society,316380.0,6,3,88.46,2.44,78.15
Encord Sdn. Bhd.,64731.2,1,1,94.79,5.0,57.21
Eng Hiap Kiong General Contractor Pte Ltd,622116.0,1,1,70.02,5.0,74.9
Eng Leong Medallic Industries Pte Ltd,7635420.84,12,7,83.15,3.94,89.15
Eng Xian Construction Pte Ltd,6894928.5,3,3,89.69,4.11,92.09
Ensign Infosecurity (Asia Pacific) Pte. Ltd.,7209810.96,1,1,97.6,4.28,85.19
Ensign Infosecurity (Singapore) Pte. Ltd.,3829855.6,13,11,84.06,3.75,64.65
Enterprise Sports Group Pte Ltd,73651.0,1,1,72.99,4.22,90.59
Entre' Automatics Pte Ltd,9300.0,1,1,92.96,4.01,85.24
Envision Digital Singapore Pte. Ltd.,772397.6,1,1,82.92,4.04,76.83
Epinion P/S,1.0,1,1,78.48,4.21,57.75
Epson Singapore Pte Ltd,3540030.36,1,1,83.01,3.31,87.54
Epworth Community Services,1011252.0,4,2,86.52,4.12,72.08
Eschmann Holdings Pte Limited,6207016.93,1,1,83.16,4.2,81.46
Esco Micro Pte Ltd,651786.0,4,4,70.36,4.18,78.68
Everfirst Pte Ltd,32575.0,1,1,95.18,3.97,93.38
Evergy Engineering Sdn Bhd,86803.2,1,1,98.2,4.78,76.75
Everpaint Enterprise Pte Ltd,1533415.0,4,4,93.21,3.89,77.85
Excellent Security & Safety Pte Ltd,15846510.0,8,5,78.9,4.24,93.79
Exclusive Design Construction Pte Ltd,6908537.0,2,2,86.39,4.88,71.42
Exera Myanmar Limited,911312.15,1,1,87.95,4.05,86.14
Expertise Technologies Pte Ltd,3466492.5,5,4,92.79,4.23,76.01
Explorance,525570.56,2,2,93.35,4.04,67.97
F&H EMPIRE MACHINERY SDN BHD,4581511.16,8,1,82.13,4.84,78.01
F&N FOODS PTE LTD,1634.51,1,1,88.66,3.95,84.92
F1 RECREATION PTE. LTD.,5229827.22,12,10,91.66,4.87,91.54
F5 TECHNOLOGIE GMBH,151486.57,1,1,99.65,4.04,92.75
FACILITATORS NETWORK SINGAPORE PTE. LTD.,4351600.0,7,2,93.64,3.58,75.05
FACTIVA LIMITED,9386981.75,7,3,94.31,4.51,68.13
FACTS GLOBAL ENERGY PTE. LTD.,154653.5,2,2,88.67,3.92,74.81
FADEEV SECURITY PROFI LLC,179804.0,1,1,99.28,4.47,66.18
FADELY ENTERPRISES & CONSTRUCTION PTE LTD,135288.0,1,1,91.28,2.46,75.83
FAESOL PTE. LTD.,34482.0,1,1,81.11,4.1,74.58
FAIRFIELD INDUSTRIES INCORPORATED,673777.41,1,1,99.23,3.82,85.27
FAITHFUL+GOULD PTE. LIMITED,2740491.5,8,7,93.58,3.46,55.94
FALCON EPC PTE. LTD.,903760.0,1,1,84.46,3.77,70.66
FALCON INCORPORATION PTE. LTD.,12720185.55,1,1,84.16,3.76,70.74
FAMILYWISE,763200.0,4,2,90.37,4.07,89.87
FANUC SINGAPORE PTE LTD,116489.57,1,1,91.71,3.28,66.86
FAR EAST FLORA.COM PTE LTD,1.0,1,1,89.58,4.29,80.27
FAR EAST ORGANIZATION CENTRE PTE. LTD.,240.0,1,1,90.49,4.92,76.72
FAR OCEAN SEA PRODUCTS (PRIVATE) LIMITED,26315.0,1,1,100.0,4.27,88.43
FARM ARCHITECTS PTE. LTD.,60016.65,2,2,96.57,4.59,83.96
FARMWORK PTE. LTD.,354501.0,2,2,89.53,4.76,79.21
FARO SINGAPORE PTE. LTD.,136203.44,1,1,95.53,4.84,72.45
FASSLER GOURMET PTE LTD,27550.0,2,2,79.74,5.0,59.48
FAST FORWARD THINKING S.L.,323657.62,1,1,91.18,3.8,80.47
FATBIRD SPORTS,1.0,1,1,100.0,3.67,83.3
FCA PTE. LTD.,244608.18,2,1,86.26,4.57,62.25
FCM SINGAPORE PTE. LTD.,52813.0,1,1,81.22,4.52,65.66
FD CHAPMAN PTE. LTD.,181000.0,2,2,82.78,4.57,80.52
FEDERAL EXPRESS (SINGAPORE) PTE LTD,1407526.5,1,1,79.28,5.0,81.39
FEDERAL FIRE ENGINEERING PTE LTD,929400.0,2,2,81.72,4.11,68.09
FEDERAL INSURANCE COMPANY,596089.9,4,4,85.04,4.36,72.26
FEELY PRODUCTIONS PTE. LTD.,166400.0,1,1,76.76,3.51,59.64
FEI COMPANY OF USA (S.E.A.) PTE LTD,2593059.0,6,3,88.12,5.0,91.77
FEI SIONG FOOD MANAGEMENT PTE. LTD.,2688000.0,1,1,95.22,3.9,65.0
FEI YUE COMMUNITY SERVICES,17927058.64,19,5,80.74,3.92,83.42
FELICITY ENGINEERING PTE LTD,11901345.71,5,2,100.0,3.89,77.65
FELIX INVESTMENTS & TRADING PTE. LTD.,544850.0,1,1,92.09,3.71,90.9
FELLOW,187755.0,2,2,96.24,3.66,70.08
FENG MING CONSTRUCTION PTE LTD,29936609.0,1,1,82.74,3.79,78.61
FENG MING CONSTRUCTION PTE LTD / T.Y.LIN INTERNATIONAL PTE. LTD.,49240630.0,1,1,94.84,3.28,61.02
FERMAX ASIA PACIFIC PTE. LTD.,97800.0,1,1,79.26,3.63,58.61
FERVOUR PTE. LTD.,158400.0,1,1,95.12,5.0,83.96
FESTIVAL SQUARE CIRCLE PTE LTD,3250000.0,1,1,89.37,4.54,60.15
FESTO PRIVATE LIMITED,3324400.5,8,5,92.43,4.66,75.72
FFURIOUS PTE. LTD.,131320.0,1,1,78.6,4.81,88.11
FG CONCEPTS PRIVATE LIMITED,1565000.5,8,6,80.84,5.0,85.47
FIBER ONE ASIA PTE. LTD.,2583360.0,2,2,92.78,3.04,71.35
FIBRECOM SYSTEMS PTE LTD,76528.0,1,1,80.41,3.36,62.11
FIBRWRAP CONSTRUCTION PTE. LTD.,3719639.6,5,2,91.71,3.62,83.09
FICO PTE. LTD.,643500.0,1,1,77.06,3.82,91.42
FIELD CATERING & SUPPLIES PTE LTD,26330.2,3,2,94.79,3.92,71.38
FIELDMEN GENERAL SERVICES CORP.,83338.83,1,1,78.14,3.83,69.97
FIELDTEC ENGINEERING SDN. BHD.,341475.9,6,1,92.42,4.23,72.75
FIL INVESTMENT MANAGEMENT (SINGAPORE) LIMITED,1.25,2,1,93.01,4.12,83.72
FILLIPACE ENGINEERING,220625.0,3,2,82.43,3.67,90.29
FINMARK LASER PTE. LTD.,102160.0,1,1,92.66,2.79,65.6
FINN PARTNERS ASIA TRADING PTE. LTD.,1549500.0,1,1,90.08,3.5,63.02
FIRCROFT PTE. LTD.,1.0,1,1,83.69,3.77,100.0
FIRE ARMOUR PTE. LTD.,2322669.0,3,2,79.93,3.95,76.23
FIRE FIGHTING SYSTEMS (FAR EAST) PTE. LTD.,15006500.0,1,1,72.3,3.42,80.53
FIREBALL SECURITAS & CONSULTANTS PVT. LTD.,342238.97,1,1,90.8,3.81,71.08
FIREFLY PHOTOGRAPHY PTE. LTD.,9286.5,3,2,75.48,3.42,82.9
FIRETRONICS PRIVATE LIMITED,1739374.0,4,4,88.76,4.02,87.6
FIRST APPRAISAL PTE LTD,0.02,2,1,85.89,3.46,81.0
FIRST CODE ACADEMY PTE. LTD.,1.0,1,1,93.43,3.59,95.41
FIRST ECONOMICS PTE. LIMITED,112001.0,2,2,85.58,3.31,74.73
FIRST PARAGON ENTERPRISE PTE LTD,1000000.0,1,1,85.36,4.01,75.37
FIRST SIGHT INTERNATIONAL PRIVATE LIMITED,567146.0,3,1,93.85,3.58,80.31
FIRST STATE INVESTMENTS (SINGAPORE),1580003.05,3,3,90.68,4.64,82.65
FIRST WAVE PTE. LTD.,10335326.3,24,13,90.53,4.34,80.28
FISCHER INSTRUMENTATION (S) PTE LTD,125000.0,1,1,91.75,4.06,65.16
FISH2GO PTE. LTD.,50.0,1,1,75.72,3.62,81.13
FISHER ASSOC. LTD,1299957.37,1,1,94.05,4.33,74.26
FISHER SCIENTIFIC PTE LTD,9599488.55,49,14,92.9,4.51,72.19
FIT TRANSPORT SYSTEMS PTE. LTD.,92400.0,1,1,79.87,4.19,78.32
FITCH RATINGS SINGAPORE PTE. LTD.,494725.05,1,1,86.05,5.0,68.38
FITNESS AND HEALTH INTERNATIONAL PRIVATE LIMITED,525.0,2,2,87.69,4.38,66.65
FITNESS CORE-NER PTE. LTD.,1350394.0,5,4,86.92,4.65,51.85
FITTERLAB ENGINEERING PTE. LTD.,1185618.0,2,2,90.67,4.18,95.47
FIVE ALUMINIUM BOAT & ENGINEERING PTE. LTD.,881320.0,2,2,99.45,4.51,83.56
FJ TECHNICAL PTE. LTD.,115000.0,1,1,96.65,3.62,76.83
FJ VANITY BUSINESS SERVICES,652234.0,2,2,77.5,3.82,71.33
"FJC Security Services, Inc.",121624.81,1,1,92.98,4.31,49.24
FLAIR ARTZ INTERNATIONAL,255000.0,1,1,98.63,4.31,70.71
FLAKTGROUP SINGAPORE PTE. LTD.,71750.0,1,1,91.09,4.4,85.16
FLAME SPRAY TECHNOLOGIES PTE. LTD.,722988.0,1,1,96.73,4.76,87.42
FLARE DYNAMICS PTE. LTD.,4077293.5,3,2,100.0,3.25,84.42
FLAT WORLD TECHNOLOGIES INTERNATIONAL PTE. LTD.,524420.88,4,3,96.19,3.52,79.58
FLAVA DESIGN LLP,172500.0,1,1,89.99,4.24,91.04
FLEISCHHACKER LLP,199077.65999999997,6,3,96.36,3.67,74.71
FLEISHMAN-HILLARD,452323.16,1,1,89.16,5.0,88.85
FLEISHMAN-HILLARD INC.,958573.8,1,1,88.19,4.41,74.15
FLEMINGS SAFETY PTE. LTD.,7624224.0,4,3,85.19,4.05,69.19
FLEXI SYSTEMS (SINGAPORE) PTE. LTD.,135065.0,1,1,100.0,3.79,67.94
FLEXIM INSTRUMENTS ASIA PTE. LTD.,90388.32,1,1,81.45,3.81,67.36
FLEXISOLVE TECHNOLOGY PTE LTD,1848213.0,5,3,100.0,4.12,84.59
FLEXMECH ENGINEERING PTE LTD,3466.0,1,1,92.0,4.17,70.57
FLEXSPEED TECHNOLOGY PTE. LTD.,116300.0,1,1,76.81,3.83,67.67
FLOERGER (S.E.A.) PTE LTD,14611400.0,3,1,90.94,3.94,85.14
FLOTECH CONTROLS PTE LTD,37372260.0,15,1,71.2,4.91,81.28
FOC SENTOSA PTE. LTD.,50.0,1,1,93.0,4.93,87.63
FOCAL INVESTIGATION & SECURITY AGENCY PTE LTD,3944781.0,4,3,95.08,4.25,83.13
FOCUS ADVENTURE PTE. LTD.,502140.5,15,9,83.26,3.3,70.47
FOCUS ON THE FAMILY SINGAPORE LIMITED,162360.0,2,2,88.99,4.42,78.76
FOCUS PUBLISHING LTD,1175960.1,8,3,100.0,5.0,79.25
FOCUS SCIENCE TECHNOLOGY SERVICES PTE. LTD.,1494600.0,5,3,83.95,4.92,68.81
FOLIAGE LANDSCAPE SERVICES SDN BHD,98631.0,1,1,79.53,4.54,66.95
FOMA ARCHITECTS LLP,90013.3,2,2,99.85,4.95,71.19
FONDA GLOBAL ENGINEERING PTE. LTD.,465934393.58,25,12,100.0,4.13,98.37
FONDACO PTE LTD,5165990.0,5,2,88.03,4.48,73.87
FONG CONSULT PTE. LTD.,87749482.00999999,52,6,96.09,3.69,90.33
FONG TECHNOLOGY ASIA PTE. LTD.,158605.0,1,1,98.73,4.28,73.31
FONG YUE DEVELOPMENT PTE. LTD.,9639000.0,5,4,82.06,4.9,86.89
FONGSOON ENGINEERING (S) PTE LTD.,2055555.0,1,1,84.12,3.75,87.02
FOO KON TAN LLP,2885972.0,22,16,97.85,3.58,87.53
FOO SIANG LUEN,368640.0,1,1,100.0,4.16,81.88
FOOD & NUTRITION SPECIALISTS PTE LTD,1400392.0,4,1,92.5,3.96,91.77
FOOD FEST F & B PTE. LTD.,1282371.08,3,2,80.96,4.49,81.78
FOOD HAVEN THE RESTAURANT PTE. LTD.,269500.0,1,1,100.0,3.83,95.14
FOODEDGE GOURMET PTE. LTD.,75947.0,3,1,83.75,5.0,61.8
FOODGLE HUB PTE. LTD.,1170468.0,1,1,85.32,3.33,81.48
FOODXERVICES INC. PTE. LTD.,912558.07,8,5,90.74,4.85,80.83
FOOLPROOF (SG) PTE. LTD.,6601.0,2,1,100.0,3.64,68.63
FOONG AH WENG CONSTRUCTION PTE LTD,4698000.0,1,1,94.83,3.02,83.8
FOOTBALL ASSOCIATION OF SINGAPORE,415440.0,1,1,91.32,4.24,63.1
FOOTBALL FIRST,22200.0,1,1,91.71,3.95,71.46
FORBES RESEARCH PTE LTD,4446913.8,14,12,88.35,3.43,58.01
FORBIS ACCOUNTING PTE. LTD.,146488.0,1,1,92.47,3.09,93.59
FORCE 21 EQUIPMENT PTE LTD,13569732.53,37,17,67.76,4.09,75.68
FORMEL ENGINEERING SDN. BHD.,212759.74,4,1,85.63,4.69,99.67
FORMS N SHAPES PTE. LTD.,84080.0,1,1,89.93,4.45,86.03
FORMWERKZ ARCHITECTS LLP,990833.51,4,4,78.79,4.13,82.48
FORRESTER RESEARCH LIMITED,381941.45999999996,3,3,91.09,4.39,72.14
FORTE EMPLOYMENT SERVICES PTE. LTD.,10660.55,4,3,86.36,4.08,67.54
FORTIS LAW CORPORATION,2500.0,1,1,100.0,3.24,83.23
FORTISWILLS PTE. LTD.,159000.0,2,1,100.0,3.25,77.28
FORTUNA SCIENTIFIC PRIVATE LTD.,208560.0,2,1,84.27,3.98,64.61
FORTUNE TRAVEL PTE LTD,7952412.109999999,25,8,86.79,4.0,62.83
FORUM ARCHITECTS PTE. LTD.,19381983.62,10,5,87.41,4.61,68.41
FOSTA PTE. LTD.,85901894.6,42,13,84.39,4.55,96.21
FOSTRE CATERING PTE. LTD.,2288069.77,7,4,89.56,4.46,100.0
FOTON MOTOR AUV (SINGAPORE) PTE. LTD.,113099.0,1,1,81.93,3.93,80.05
FOTTO-GRAFFITI PICTURES PTE. LTD.,2095.0,1,1,78.96,3.27,79.49
FOUND CORPORATE INNOVATION PTE. LTD.,1222000.0,1,1,92.98,4.35,74.64
FOUNDATION COMMUNICATIONS PTE. LTD.,685545.02,3,2,93.04,4.42,68.66
FOUR COMMUNICATIONS GROUP PLC,988466.0,1,1,81.57,2.67,91.75
"FOUR POINTS BY SHERATON SINGAPORE, RIVERVIEW",1018.8,5,2,95.16,3.6,96.74
FOUR SEASONS CATERING PTE LTD,1786319.29,3,1,82.95,3.69,69.07
FOUR SEASONS HOTEL SINGAPORE,496689.5,11,4,90.03,4.17,77.17
FOUR SQUARES LLC,646220.0,2,1,94.56,3.62,73.5
FOUR-UP (MALAYSIA) SDN BHD,26485.73,1,1,87.73,4.08,73.8
FPIX MEDIA PTE. LTD.,191830.0,2,1,91.64,3.97,89.86
FPT ASIA PACIFIC PTE. LTD.,4572806.0,15,9,83.87,4.0,64.88
FRACTURE GAMES LIMITED,400000.0,1,1,86.43,3.67,82.66
FRAME BY FRAME PICTURES PTE. LTD.,127500.0,1,1,86.35,3.72,85.28
FRANK ANTHONY WOLAK,800.0,2,1,82.03,3.45,76.58
FRANK TAN RESEARCH ASSOCIATES,8.86,2,1,86.59,4.33,86.93
FRANKLIN COVEY SINGAPORE PTE. LTD.,74790.0,1,1,75.61,4.44,79.48
FRANZWOOD ASSOCIATES,85500.0,1,1,84.07,3.64,90.17
"FRASER PLACE ROBERTSON WALK, SINGAPORE",620.0,1,1,85.72,5.0,62.78
"FRASER SUITES RIVER VALLEY, SINGAPORE",560.0,1,1,85.95,3.91,74.51
FRASERS HOSPITALITY PTE. LTD.,270.0,1,1,86.07,5.0,77.28
FREEFLOW POST PRIVATE LIMITED,168200.0,1,1,87.51,3.71,51.28
FREEMAN PTE. LTD.,6755929.84,12,7,91.84,2.88,67.14
FREIGHT LINKS EXPRESS ARCHIVERS PTE LTD,242901.05,2,2,95.0,4.34,69.86
FREIGHT LINKS LOGISTICS PTE. LTD.,694918.0,4,2,82.8,4.25,87.48
FREQUENTIS COMSOFT GMBH,4342495.99,1,1,78.37,4.12,70.93
FRESH LAUNDRY PTE. LTD.,77534.0,1,1,79.66,3.71,69.82
FRESHDIRECT PTE LTD,87097.0,3,2,84.1,4.08,86.17
FRESHENING INDUSTRIES PTE. LTD.,20705.0,2,2,85.18,3.79,61.82
FRONTBUILD ENGINEERING & CONSTRUCTION PTE LTD,154675307.0,7,4,81.84,3.92,57.29
FRONTIER E-HR PTE LTD,112974.0,1,1,77.63,4.6,74.38
FRONTIER ECONOMICS LTD,1.0,1,1,84.35,4.21,63.52
FRONTIER ECONOMICS PTE. LTD.,293230.0,1,1,89.45,4.47,63.9
FROST & SULLIVAN (SINGAPORE) PTE LTD,4339261.0,22,12,92.76,3.96,83.73
FTD SOLUTIONS PTE LTD,180286.08,1,1,83.54,3.89,86.76
FTI CONSULTING (SINGAPORE) PTE. LTD.,40066.0,3,3,84.7,3.41,85.89
FTI CONSULTING LLP,368113.0,1,1,80.59,3.88,89.09
FTI Consulting (Australia) Pty Ltd,4651.0,2,2,87.75,2.11,90.41
FU ZHONG HUA (IMP & EXP) PTE LTD,5905285.54,12,6,81.21,3.75,56.71
FUCOM CONSTRUCTION PTE. LTD.,27549524.71,4,1,92.59,4.05,82.5
FUELFOR PTE. LTD.,197000.0,1,1,73.71,4.44,72.7
FUGRO SINGAPORE LAND PTE. LTD.,11877455.0,2,2,85.12,3.94,70.53
FUJI SIGNCRAFTS INDUSTRIES PTE LTD,3939377.0,12,5,90.41,4.31,83.6
FUJI SMBE INDUSTRIES PTE. LTD.,552500.0,1,1,89.47,2.79,60.7
FUJI XEROX SINGAPORE PTE LTD,0.6,1,1,100.0,4.07,60.49
FUJIAN CHENGJIAN CONSTRUCTION CORPORATION LIMITED (SINGAPORE BRANCH),86860000.0,3,1,90.8,3.09,84.34
FUJIFILM BUSINESS INNOVATION SINGAPORE PTE. LTD.,449338.0,4,4,79.97,3.38,82.88
FUJINAMI ARCHITECTS & ASSOCIATES,234944.0,1,1,87.24,3.99,79.37
FUJITEC SINGAPORE CORPORATION LTD,61143440.0,7,6,73.79,4.87,69.2
FUJITSU ASIA PTE LTD,170227291.46,114,27,87.36,4.32,85.44
FULCRUM MANAGEMENT ASIA PTE. LTD.,4913.0,1,1,81.34,4.11,84.8
FULL CIRCLE PUBLIC RELATIONS PTE. LTD.,123000.0,1,1,95.32,4.09,78.85
FULL DOME PRO. COMPANY LIMITED,137000.0,1,1,83.6,3.67,66.23
FULL HOUSE BUILDING CONSTRUCTION PTE. LTD.,15215434.0,20,14,87.07,3.77,73.75
FULLERTON HEALTHCARE GROUP PTE. LIMITED,6429186.0,5,5,82.92,4.36,86.38
FUN ACTIVITIES PTE. LTD.,78600.0,1,1,100.0,3.27,91.27
FUNCTIONAL ENGINEERING SDN BHD,386334.93,1,1,85.43,4.46,74.73
FUNPLAY WORKSHOP,68100.0,1,1,100.0,3.87,75.5
FURAMA CITY CENTRE SINGAPORE,1327.7,7,2,94.51,4.6,76.38
FURAMA RIVERFRONT SINGAPORE,275711.14,9,4,91.86,4.68,80.75
FUSEN DEVELOPMENT PTE LTD,3423860.0,5,3,90.95,3.1,72.19
FUSION GENESIS PTE. LTD.,649900.0,3,2,91.15,3.75,49.06
FUTURA SOLUTIONS PTE. LTD.,625400.0,2,1,72.58,3.59,89.93
FUTURASIA PROFESSIONALS PTE. LTD.,7001.0,1,1,85.77,3.01,95.95
FUTURE INTERIOR ASIA PTE. LTD.,2543206.1,9,6,94.76,3.48,71.88
FUTURE SENZE PTE. LTD.,135457.5,1,1,87.61,5.0,67.33
FUTURE-MOVES GROUP PTE. LTD.,802400.0,5,4,76.76,4.47,76.63
FUTURE-PROOF SOFTWARE PTE. LTD.,415925.0,1,1,87.58,5.0,76.12
FUTUREX TECHNOLOGIES PTE. LTD.,539472.0,2,2,100.0,4.6,87.96
FXMEDIA INTERNET PTE. LTD.,2072479.0,7,5,97.98,3.65,78.55
FYH INTEGRATED PTE. LTD.,10181029.0,18,5,87.5,3.87,70.07
Fabristeel Private Limited,2869161.56,6,2,95.61,4.45,64.82
Fathurrahman Bin Said,48000.0,1,1,85.07,4.36,86.66
Filos Community Services Ltd,249000.0,3,2,74.37,3.75,84.0
Flexim International SA,1510464.92,1,1,80.6,3.19,88.61
Flexspeed Technology Pte Ltd,2288925.0,4,1,100.0,5.0,68.32
Floerger (S.E.A.) Pte. Ltd.,6930000.0,4,1,85.81,4.02,96.38
Fluke South East Asia Pte Ltd,89960.0,1,1,86.05,3.9,60.56
Fly Entertainment Pte Ltd,333333.0,1,1,85.6,4.17,85.1
Force Technology,863693.98,1,1,100.0,3.95,58.9
Formul8 Pte Ltd,5477708.03,5,3,100.0,4.17,70.1
Fortiz Power Engineering Pte Ltd,100920.0,1,1,100.0,4.87,93.61
Freeflow Productions Pte. Ltd.,178500.0,1,1,86.73,4.03,86.31
Frontier Economics Pty Ltd,2517637.0,10,4,90.36,3.4,72.54
Fugro Global Environmental and Ocean Sciences Pte Ltd,1911000.0,2,2,75.87,4.0,72.81
Fuji Xerox Singapore Pte Ltd,21212301.25,30,20,99.82,3.82,79.01
Fullerton Fund Management Company Ltd,815002.0,4,3,78.66,4.95,83.14
Furmat Construction Pte Ltd,5178378.0,7,5,89.73,4.8,90.52
G & C GENERAL CONTRACTORS PTE LTD,10861025.0,4,2,79.22,4.16,73.44
G - ENERGY GLOBAL PTE. LTD.,538500.0,5,5,83.29,3.33,61.88
G ELEMENT PTE LTD,399000.0,1,1,81.3,3.36,79.57
"G&E REAL ESTATE MANAGEMNET SERVICES, INC. DBA NEWMARK GRUBB KNIGHT FRANK",1018597.37,1,1,83.14,4.11,73.43
G-CUBE ENGINEERING PTE. LTD.,1984385.0,9,6,83.69,4.3,64.99
G-ONE PESTKARE PTE. LTD.,372653.0,1,1,83.61,3.88,80.98
G.A.C. ENTERPRISE,115200.0,1,1,94.67,3.81,75.87
G.P . WILD (INTERNATIONAL) LIMITED,115367.0,1,1,79.16,3.74,81.07
G.T.H. ENGINEERING & CONSTRUCTION PTE LTD,17405947.0,8,4,89.76,4.09,69.06
G.T.H. ENGINEERING & CONSTRUCTION PTE. LTD.,4353840.0,4,3,97.74,2.67,82.87
G2W MOBILE CLEANING LLP,1891137.6,1,1,83.89,3.44,64.83
G4S HOLDING INC,595403.31,1,1,82.26,3.72,69.72
G4S SECURE SOLUTIONS,142763.0,1,1,86.16,4.82,75.57
G4S SECURE SOLUTIONS (SINGAPORE) PTE. LTD.,43581266.0,6,5,97.44,3.61,95.42
G4S SECURE SOLUTIONS (UK) LIMITED,260370.74,1,1,89.55,4.21,85.85
GAIA SCIENCE PTE. LTD.,2858907.39,36,11,83.75,4.24,88.77
GAIN CITY BEST-ELECTRIC PTE LTD,62310.0,1,1,91.87,4.88,92.17
GAIN EMPLOYMENT SERVICES PTE. LTD.,224907.0,2,2,79.18,4.86,100.0
GALAXY RESEARCH TECHNOLOGIES,42462.0,1,1,93.45,4.07,78.42
GALEA SMS CONSORTIUM,333505.0,1,1,91.27,3.81,92.2
GALLAGHER & ASSOCIATES ASIA PTE. LTD.,518478.0,3,2,85.54,3.7,88.13
GALLAGHER & ASSOCIATES LLC.,4197600.0,1,1,81.29,3.96,87.96
GALLANT EVENTS PTE. LTD.,70200.0,1,1,80.91,3.84,95.74
GALLERY KRISSTEL MARTIN,269121.58,1,1,92.28,4.43,73.81
GALLI INTERIORS & MANUFACTURE,313665.11,1,1,97.83,4.35,73.01
GAMLITE IT (S) PTE. LTD.,1168500.0,1,1,82.9,4.46,81.2
GAMMON CONSTRUCTION LIMITED SINGAPORE BRANCH,20800000.0,1,1,91.67,4.86,76.17
GAMMON PTE. LIMITED,168144800.0,3,2,71.3,5.0,81.19
GAN HUP LEE (1999) PTE LTD,3656174.56,4,1,83.32,4.17,93.63
GARAGE DE I'ATHENEE - ANDRE CHEVALLEY SA,98222.75,1,1,87.75,4.76,73.22
GARDEN WORKS PTE. LTD.,1769616.4,6,2,80.72,3.89,74.95
GARDENS BY THE BAY,221640.0,4,2,80.51,4.81,79.74
GARTNER ADVISORY (SINGAPORE) PTE LTD,12291020.0,22,17,82.66,4.74,75.72
GATES PCM CONSTRUCTION LTD.,11991294.67,2,2,90.34,4.71,58.86
GATES PCM INTEGRATED SERVICES PTE. LTD.,22213849.46,23,11,86.5,4.16,72.2
GATEWAY LAW CORPORATION,448500.28,22,15,70.09,3.7,84.87
GAZ INFLATABLES & LOGISTICS ASIA PTE. LTD.,170710.0,1,1,71.03,3.26,92.38
GB GLOBAL PTE. LTD.,1.02,3,2,83.15,4.08,66.45
GB-PERFORMANCE PTE. LTD.,453915.0,1,1,91.66,5.0,66.41
GC ASIA DENTAL PTE LTD,132704.0,2,1,66.02,3.91,78.3
GCS MACHINERY PTE. LTD.,74000.0,1,1,84.0,4.57,57.24
GDS ENGINEERING PTE LTD,24254673.31,37,20,83.79,4.61,73.55
GE BETZ SINGAPORE PTE LTD,1023002.5,2,1,99.11,3.93,60.64
GE Energy (Singapore) Pte Ltd,3880215.0,2,1,84.92,4.89,91.69
GE HEALTHCARE PTE. LTD.,10308272.76,13,5,91.06,2.35,70.31
GEA WESTFALIA SEPARATOR (S.E.A.) PTE. LTD.,17890000.0,3,1,89.13,3.37,94.53
GEAR FITTERS PTE. LTD.,175195.0,2,1,70.96,3.55,89.14
GECO ASIA PTE. LTD.,1.0,1,1,94.15,3.61,71.54
GEE SHENG MACHINERY & ENGINEERING PTE LTD,617850.0,1,1,89.72,4.3,67.28
GEES MARKETING PTE. LTD.,1727502.05,6,3,92.07,4.27,76.06
GELMAN SINGAPORE PTE LTD,3800.0,1,1,100.0,4.34,76.95
"GEMAC ENGINEERING MACHINERY CO., LTD",11031639.0,1,1,71.33,4.46,81.46
GEMALTO PTE. LTD.,1049950.0,2,2,100.0,3.53,70.23
GENASHTIM INNOVATIVE LEARNING PTE. LTD.,128300.0,1,1,85.7,3.37,85.46
GENE-ETHICS (ASIA) PTE. LTD.,166411.2,2,2,90.3,4.34,80.65
GENERAL LEASING PTE LTD,5462016.0,3,3,87.64,3.72,74.6
GENERATION CONCEPT PTE. LTD.,134502.9,1,1,84.61,3.16,70.88
GENERIC PRINT PTE. LTD.,178689.0,2,1,83.44,4.68,76.15
GENERIC TECHNOLOGIES (S) PTE LTD,59248.0,1,1,90.64,4.94,69.83
GENESIS NETWORKS PTE LTD,1372330.4,5,5,75.86,5.0,78.58
GENESYSTEM PTE. LTD.,179600.0,1,1,94.0,4.21,78.85
GENETRON ENGINEERING CORPORATION (PRIVATE) LIMITED,252380.0,4,4,84.67,4.48,80.62
GENETRON SINGAPORE PTE. LTD.,10600.0,1,1,78.96,4.92,95.66
GENEWIZ SUZHOU,189959.08,1,1,84.4,3.72,76.68
"GENEWIZ, Inc.",122240.0,1,1,98.06,4.77,88.05
"GENEWIZ, LLC",173800.0,1,1,83.72,4.27,80.3
GENISYS INTEGRATED ENGINEERS PTE LTD,216680.0,1,1,90.87,4.65,75.62
GENISYS OFFICE SYSTEM PTE. LTD.,173172.0,1,1,82.15,4.21,76.81
GENIUM & CO. PTE. LTD.,44805.0,1,1,94.06,4.88,77.41
GENIUS X PLAY EDUCATION CENTRE,92700.0,1,1,93.48,4.23,80.8
GENNAL INDUSTRIES PTE LTD,162172673.7,13,9,100.0,3.21,68.41
GENOMAX TECHNOLOGIES PTE. LTD.,2022583.47,9,5,86.6,4.97,63.35
GENOME ARCHITECTS,158400.0,1,1,93.35,3.53,84.54
GENOME ARCHITECTS PTE. LTD.,7.88,1,1,88.78,4.85,86.98
GENPLUS PTE. LTD.,169600.0,1,1,98.37,4.05,85.46
GENSCRIPT (HONG KONG) LIMITED,327233.87,1,1,82.25,4.81,79.55
GEOALLIANCE CONSULTANTS PTE. LTD.,23528550.0,16,7,93.96,4.78,85.67
GEOAPPLICATION ENGINEERS PTE. LTD.,67044555.33,17,5,86.44,4.36,85.13
GEOAUTO PTE. LTD.,2358000.0,2,2,87.49,4.41,85.88
GEOFFREY ALLEN KAPLAN,66.0,1,1,88.73,4.35,69.4
GEOICON PTE. LTD.,404250.01,1,1,90.02,2.89,67.03
GEOK SHI FOOD SUPPLIES PTE. LTD.,15150.0,1,1,87.07,4.17,74.11
GEOLAB (M) SDN BHD,578091.76,2,1,89.72,3.43,77.83
GEOMETRA WORLDWIDE MOVERS PTE. LTD.,1.0,1,1,100.0,4.2,75.58
GEOMIL EQUIPMENT B.V.,764500.0,1,1,95.88,3.41,59.23
GEOMOTION (SINGAPORE) PTE. LTD.,43304660.85,14,6,94.95,3.39,95.22
GEONAMICS (S) PTE LTD,3204100.0,4,4,84.36,5.0,75.26
GEOPHYSICAL SERVICES SINGAPORE PTE. LTD.,155000.0,1,1,80.89,4.74,79.73
GEORGE KENT INTERNATIONAL PTE. LTD.,16888410.14,9,1,95.64,4.1,90.45
GEOSCAN PTE LTD,95500.0,1,1,95.01,4.21,54.55
GEOSMART INTERNATIONAL PTE. LTD.,43141749.0,7,3,99.78,3.95,72.88
GEOSOLV CONSULTING ENGINEERS LLP,794513.88,4,4,83.17,4.44,74.13
GERMS DIGITAL PTE. LTD.,409800.0,2,2,86.16,3.69,74.64
GERSTEL LLP,753609.0,4,2,74.88,4.7,76.27
GETINGE SINGAPORE PTE. LTD.,5947605.0,2,2,84.86,3.95,92.47
GEZE (ASIA PACIFIC) PTE. LTD.,426825.0,1,1,95.97,3.85,84.73
GF MACHINING SOLUTIONS PTE. LTD.,747300.0,3,2,84.27,4.11,87.58
GFG ASIA PACIFIC PTE. LTD.,3586182.14,1,1,93.12,3.75,78.47
GFK ASIA PTE LTD,41759351.18,4,2,86.48,4.3,64.01
GFK CUSTOM RESEARCH PTE. LTD.,1.0,1,1,90.59,3.78,57.2
GIAMSO INTERNATIONAL TOURS PTE LTD,5300.0,1,1,78.82,4.38,62.71
GIB AUTOMATION PTE LTD,4659100.0,2,2,88.68,4.83,81.6
GIESECKE & DEVRIENT ASIA PACIFIC LIMITED,2077928.18,1,1,64.07,3.67,78.32
GIESECKE+DEVRIENT MOBILE SECURITY ASIA PTE. LTD.,2489000.0,2,2,86.5,4.02,75.9
GIGATECH ENGINEERING SDN BHD,105325.92,1,1,74.96,4.38,74.31
GIM TIAN CIVIL ENGINEERING PTE LTD,124085750.0,8,1,97.65,3.84,98.12
GIM TIM PTE. LTD.,3440.0,1,1,94.22,4.38,69.77
GIMI INTERNATIONAL PTE. LTD.,3030905.0,7,6,91.73,4.43,87.28
GIMS & ASSOCIATES PTE. LTD.,0.0,1,1,100.0,4.75,78.02
GIMTRONIC ENGINEERS PTE. LTD.,7601467.65,7,4,80.41,3.74,77.39
GINGEL INTERNATIONAL (PTE.) LIMITED,89440.0,1,1,100.0,3.53,89.77
GINGER GARDEN DINING PTE. LTD.,1425090.0,3,3,95.46,3.92,92.63
GIS HEALTHCARE COURIERS PTE. LTD.,537850.0,2,2,86.11,3.52,75.6
GIS SUPPLY & ENGINEERING SDN. BHD.,32824.24,1,1,97.08,4.44,85.99
GL INTER-AGO PTE. LTD.,225408.6,6,4,79.15,3.4,81.64
GLASS@WORX PTE. LTD.,1144400.0,4,4,81.4,5.0,78.07
GLAXOSMITHKLINE PTE LTD,686565.0,1,1,83.13,4.88,80.04
GLEASON ADVERTISING PTE LTD,5586301.0,3,3,83.77,4.11,71.12
GLEN-BROMAC (S) PTE LTD,336718.0,2,2,79.55,4.62,74.94
GLENN JUDE NOSWORTHY,161000.0,1,1,97.78,3.12,72.19
GLIDEROL DOORS (S) PTE LTD,690400.0,1,1,85.93,5.0,87.01
GLINTS INTERN PTE. LTD.,124290.0,1,1,90.82,3.75,77.05
GLO PROPERTY CONSULTANTS PTE. LTD.,0.01,1,1,83.44,4.03,65.02
GLOBAL CONTROL SYSTEMS CORPORATION,683533.1,1,1,73.44,2.99,70.77
GLOBAL EDEN ENGINEERING PTE. LTD.,1850.0,1,1,90.16,4.39,46.01
GLOBAL ENGINEERING CREATORS PTE. LTD.,158100.0,2,1,72.7,3.44,73.06
GLOBAL FAIRS & ASSOCIATES PTE. LTD.,53066.0,1,1,87.45,4.16,78.38
GLOBAL INTERNATIONAL TRAVEL PTE. LTD.,276995.0,5,4,77.05,3.77,76.64
GLOBAL LINGO (S) PTE. LTD.,524372.97,5,4,100.0,3.45,97.8
GLOBAL MARINE SAFETY (SINGAPORE) PTE. LTD.,80500.0,1,1,95.29,3.62,83.75
GLOBAL MARITIME & PORT SERVICES PTE. LTD.,2222974.0,1,1,88.85,4.24,83.3
GLOBAL MASCOT PTE. LTD.,972350.0,12,3,98.11,3.33,61.57
"GLOBAL MODELING AND SIMULATION TECHNOLOGIES, INC.",166168.97,1,1,81.23,3.65,74.35
GLOBAL OCEANLINK PTE. LTD.,75947.0,3,1,92.35,4.5,73.13
GLOBAL REACH ENERGY SDN. BHD.,89609.58,2,1,89.6,5.0,70.14
GLOBAL SEARCH PARTNERS PTE. LTD.,130004.0,7,6,90.11,4.39,70.0
GLOBAL SINOTRUST PTE. LTD.,392144.0,3,2,98.18,3.55,59.92
GLOBAL SPECIALISED SERVICES PTE. LTD.,656201.14,7,2,93.86,3.88,65.24
GLOBAL TAX FREE PTE. LTD.,14489784.39,1,1,90.31,4.12,86.74
GLOBAL TRAVEL EXPERTS PTE. LTD.,579208.0,7,5,74.76,3.89,76.57
GLOBAL TRAVEL PTE LTD,7875935.9399999995,9,5,80.32,4.64,72.94
GLOBALDATA PTE. LTD.,79700.0,1,1,87.02,4.23,77.95
GLOBALSIGN.IN PTE. LTD.,11055714.32,3,3,88.75,4.64,89.67
GLOBALTIX PTE. LTD.,140186.91,1,1,78.96,3.91,78.04
GLOBALWIDE INTERNATIONAL PTE. LTD.,8344300.0,2,2,100.0,4.9,83.4
GLOBEX GREEN LLP,309225.0,1,1,100.0,4.0,69.53
GLOBIBO PTE. LTD.,2960.86,3,3,92.82,3.52,71.81
GLOBOTRON (S) PTE. LTD.,10987538.0,7,3,88.58,5.0,81.54
GLORIOUS (S) PTE. LTD.,3734850.0,6,2,86.3,3.01,96.93
GLT PTE. LTD.,42857.0,1,1,80.38,3.66,92.3
GM APPAREL PTE. LTD.,339.9,1,1,88.62,3.72,83.83
GM ENGINEERING PTE. LTD.,147984.8,2,2,90.06,5.0,79.51
GMP RECRUITMENT SERVICES (S) PTE LTD,909090.46,4,3,78.07,5.0,92.01
GMP TECHNOLOGIES (S) PTE LTD,113613.89,6,5,90.67,5.0,85.95
GNG CONSULTANTS PTE. LTD.,6888.0,1,1,86.76,3.9,55.06
GNS LEARNING HUB PTE. LTD.,2188.0,2,2,72.74,5.0,67.46
GNT BUILDERS PTE. LTD.,294545.0,1,1,81.12,4.32,81.38
GOBI LIBRARY SOLUTIONS FROM EBSCO,1.0,1,1,84.69,4.69,60.13
GODREJ (SINGAPORE) PRIVATE LIMITED,7547265.0,3,3,100.0,4.21,69.02
GOH & FOONG CONTRACTORS PTE LTD,5022661.0,11,4,92.45,4.07,71.0
"GOH BIAW PANG, CAROLINE",122203.0,2,2,77.32,3.95,75.44
GOH KOK HIONG,28400.0,2,1,91.89,3.97,75.13
GOH POH SENG,57750.0,1,1,75.62,4.47,75.11
GOH SIN GUAN HUAT PTE LTD,48700000.0,5,2,96.66,4.32,86.25
GOH TONG HENG ENGINEERING PTE LTD,738723.0,4,4,84.23,4.08,75.35
GOH-LEONG VALUERS,1.02,3,2,87.25,5.0,74.15
GOINDUSTRY DOVEBID (S) PTE. LTD,326780.0,2,2,98.61,2.32,64.51
GOLD LITE PTE LTD,191557.0,2,2,77.7,4.41,88.24
GOLD TOUCH PTE. LTD.,266031.0,1,1,76.82,4.53,71.29
GOLDBELL CAR RENTAL PTE. LTD.,337680.0,1,1,83.33,4.79,67.13
GOLDBELL ENGINEERING PTE LTD,3941644.57,6,5,96.31,4.06,80.13
GOLDBELL LEASING PTE LTD,74664.0,1,1,75.85,4.22,70.33
GOLDBELL WEIGH-SYSTEM PTE LTD,756000.0,1,1,65.34,4.69,72.74
GOLDCASTLE INTERNATIONAL PTE LTD,8238989.0,8,6,84.39,4.99,80.58
GOLDCREST INTERNATIONAL SINGAPORE PTE LTD,280.0,1,1,92.41,3.92,74.74
GOLDEN DEVELOPMENT PRIVATE LIMITED,260.0,1,1,97.6,4.26,100.0
GOLDEN LANDSCAPE & CONSTRUCTION PTE. LTD.,357680.0,2,2,84.29,5.0,77.25
"GOLDEN ROSE NURSERY & LANDSCAPE CO., LTD.",133743.3,1,1,84.71,2.83,84.18
GOLDEN SEASON PTE LTD,1152360.8,4,2,97.23,3.69,58.58
GOLDEN TRAVEL SERVICES PTE LTD,4804726.9799999995,44,11,73.04,4.98,69.39
GOLDEN VILLAGE MULTIPLEX PTE LTD,50000.0,1,1,84.89,4.76,67.13
GOLDEN VILLAGE PICTURES PTE LTD,1220780.0,4,3,89.52,4.41,68.46
GOLDEN WORLD MACHINERY (S) PTE LTD,7200.0,1,1,91.59,3.83,82.16
GOLDER ASSOCIATES (SINGAPORE) PTE. LTD.,41888.0,1,1,83.92,3.57,88.36
GOLIN/HARRIS INTERNATIONAL PTE LIMITED,753197.7,2,2,88.28,3.75,81.45
GONE ADVENTURIN' PTE. LTD.,981087.0,1,1,68.09,5.0,75.73
GOOD PATHWAYS PTE. LTD.,179300.0,1,1,82.73,3.72,71.69
GOODFELLAS CONSULTANCY PTE. LTD.,4469147.05,4,3,91.63,4.16,89.14
GOODRICH GLOBAL PTE. LTD.,585508.0,2,2,80.14,3.65,98.71
GOODSTUPH PRIVATE LIMITED,352928.0,1,1,88.47,4.61,79.35
GOODWOOD PARK HOTEL PRIVATE LIMITED,1050.5,5,1,91.57,3.78,87.39
GOSHEN CONSULTANCY SERVICES PTE. LTD.,1695000.0,2,1,85.26,4.04,81.43
GOURMET PARTNER (S) PTE. LTD.,30000.0,1,1,89.36,3.09,85.56
GOVI S/O RAMAN KRISHNAN,127800.0,1,1,80.3,3.13,66.35
GOWLING WLG (UK) LLP,2921.01,3,3,86.35,4.1,73.12
GP WANGSA ENGINEERING,145623.0,3,1,92.88,3.3,81.95
GPA Guardian Protection SA,1702777.92,1,1,89.26,5.0,90.12
GPS LANDS (SINGAPORE) PTE LTD,683002.0,7,5,83.31,2.86,69.82
GPTW INSTITUTE (SINGAPORE) PTE. LTD.,1.0,1,1,89.79,3.62,57.67
GRABCAR PTE. LTD.,264000.0,1,1,93.72,4.11,73.02
GRABTAXI PTE. LTD.,3.0,1,1,71.6,3.88,88.1
GRACE LAW LLC,4350.0,1,1,97.27,3.44,62.16
GRACE MANAGEMENT & CONSULTANCY SERVICES PTE. LTD.,199800.0,1,1,85.31,3.53,66.23
GRACE MANAGEMENT CONSULTANCY PTE. LTD.,5600.0,1,1,91.4,3.51,79.56
GRADES PTE. LTD.,9035.0,1,1,97.58,3.93,76.84
GRAIL RESEARCH LLC,187040.0,1,1,77.03,5.0,83.94
GRAM PTE. LTD.,13620.0,1,1,82.32,4.15,65.71
GRAND BUILD INTERIOR PTE. LTD.,156880.0,1,1,85.69,4.81,74.75
GRAND CENTRAL DEVELOPMENT (1978) PTE. LTD.,369.6,1,1,81.73,4.4,89.95
GRAND COPTHORNE WATERFRONT HOTEL SINGAPORE,561.0,3,2,100.0,4.77,66.07
GRAND HYATT SINGAPORE,75471.0,4,2,81.15,2.42,92.77
GRAND MERCURE ROXY HOTEL,753.0,4,2,83.56,3.92,67.33
GRAND PARK CITY HALL,15829.0,4,2,89.64,4.88,86.49
GRAND PARK OR PTE. LTD.,16016.0,1,1,78.38,3.76,74.27
GRAND PARK ORCHARD,9636.0,6,2,84.83,5.0,66.55
GRANT ASSOCIATES SINGAPORE PTE. LTD.,2989894.71,1,1,90.54,4.99,73.03
GRANT THORNTON SINGAPORE PRIVATE LIMITED,245300.0,2,2,85.34,3.82,83.45
GRAPEVINE CONSULTING PTE. LTD.,34485.0,1,1,87.25,3.8,77.93
GRAPHENE INDUSTRIES LIMITED,211317.2,1,1,83.77,3.49,89.18
GRAPHICS CORNER PTE. LTD.,14326.0,2,1,75.88,3.72,92.36
GRAPHISS PRODUCTIONS,260210.0,2,2,90.57,3.36,66.17
GRAS SAVOYE SA,264409.02,1,1,100.0,4.36,65.44
GRAVITATE PTE. LTD.,128400.0,1,1,88.15,3.23,64.95
GREAT ART DESIGN & BUILD PTE. LTD.,250767.25,3,3,89.8,4.46,69.01
GREAT CONNECTION SYSTEM PTE. LTD.,665.0,1,1,93.54,4.48,89.04
GREAT EASTERN GENERAL INSURANCE LIMITED,553714.3,4,3,77.85,3.1,83.6
GREATEARTH CORPORATION PTE. LTD.,440886000.0,3,2,100.0,5.0,72.55
GREEN ACRES INT SDN. BHD.,281725.0,2,1,89.62,4.41,77.89
GREEN AVENUE PTE. LTD.,2.0,2,1,100.0,4.55,92.04
GREEN CRESCENT PTE LTD,157440.0,1,1,82.14,3.64,97.08
GREEN FOREST LANDSCAPE PTE. LTD.,55078213.75,12,3,100.0,4.47,80.59
GREEN KONCEPTS PTE. LTD.,244850.0,2,2,94.2,4.78,51.41
GREEN PASTURES PSYCHOLOGICAL PRACTICE,474300.0,2,1,92.42,4.04,80.97
GREEN PASTURES PSYCHOLOGICAL PRACTICE FOR CHILDREN AND YOUTHS,113450.0,1,1,89.87,5.0,87.35
GREEN SPROUTZ SINGAPORE PTE. LTD.,47370.0,2,1,86.01,4.13,80.25
GREEN TROPIC PRODUCTS PTE LTD,4335560.4,13,8,97.6,4.78,85.27
GREEN-TECH EGG INDUSTRIES PTE. LTD.,5228.0,1,1,89.12,4.28,81.57
GREENCITY PEST MANAGEMENT PTE. LTD.,155180.0,2,1,72.26,4.45,65.65
GREENCORP ENGINEERING PTE. LTD.,53400.0,1,1,79.06,3.1,69.14
GREENERY ENGINEERING PTE. LTD.,1861688.0,3,3,86.51,4.32,74.79
GREENHILLI PTE. LTD.,1.0,1,1,90.48,3.66,88.65
GREENMARK CONSTRUCTION PTE. LTD.,2103525.48,3,2,87.55,3.59,70.34
GREENSAFE INTERNATIONAL PTE. LTD.,2272651.26,6,6,97.75,5.0,82.56
GREENSPAN SINGAPORE PRIVATE LIMITED,108032.2,1,1,72.39,3.97,81.04
GREENSTYLE PTE LTD,146620.0,1,1,89.15,3.5,93.86
GREENWAVE SOLUTIONS PTE. LTD.,23272000.0,7,2,73.46,3.88,77.58
GREENWICH ASSOCIATES SINGAPORE PTE. LTD.,99000.0,1,1,94.08,3.32,60.45
GRENZONE PTE. LTD.,51736.0,2,1,87.24,4.96,84.47
GREY GROUP PTE. LTD.,2696332.34,4,3,91.36,3.68,99.38
GREY MATTERZ DESIGN,10010.0,1,1,81.09,4.42,85.12
GREYFORM PTE. LTD.,12141000.0,1,1,98.24,4.91,70.12
GRID COMMUNICATIONS PTE. LTD.,1357658.6,3,2,96.33,3.8,67.18
GRID_SYNERGY PTE. LTD.,435540.0,3,3,92.67,4.42,68.47
GRINESS PTE. LTD.,5068.0,7,4,86.96,3.48,98.03
GROUND INSTRUMENTATION & ENGINEERING PTE. LTD.,25650368.0,28,11,92.64,5.0,74.73
GROUPE SEB SINGAPORE PTE. LTD.,2250632.8,1,1,82.34,4.66,71.37
GROUPM MEDIA PRODUCTS PTE. LTD.,28963201.25,2,2,94.84,3.98,76.42
GROUPM SINGAPORE PTE. LTD.,15477398.0,11,6,100.0,3.64,74.83
"GROVO LEARNING, INC.",63013.3,1,1,96.56,4.03,93.68
GROW CONSULTANCY PTE. LTD.,1.0,1,1,82.16,3.9,67.86
GROWTHLAND PTE LTD,0.0,1,1,90.89,5.0,89.81
GRPNERGY LLP,158940.0,1,1,77.65,3.36,79.22
GS ENGINEERING & CONSTRUCTION CORP.,2627924964.0,3,1,92.58,4.18,90.07
GS Engineering & Construction Corp.,428301000.0,1,1,91.6,4.09,93.83
GSA PRIVATE LIMITED,2883515.4,5,4,73.04,4.03,78.85
"GSAREH, LLC",24000.0,1,1,78.71,4.03,74.85
GSK GLOBAL PTE. LTD.,818503.02,7,4,85.73,4.03,78.66
GSMPRJCT CREATION PTE. LTD.,1532025.0,6,2,85.59,4.62,77.05
"GSN PROPERTY SERVICES CO., LTD.",2167627.8,6,1,78.32,4.47,61.43
GT INDUSTRIAL PTE LTD,150000.0,1,1,91.11,4.35,93.52
GTAR ENTERPRISE,3.0,3,1,90.01,2.28,80.46
GTAR TRAVEL SERVICES PTE. LTD.,2618.0,1,1,86.45,4.28,66.37
GTK CONSTRUCTION SDN. BHD.,1826214.0899999999,5,1,81.95,3.11,57.32
GTS TRAVEL PTE. LTD.,200000.0,1,1,96.39,4.49,54.72
GUAN CHUN DING PTE. LTD.,7.2,1,1,100.0,4.98,85.7
GUAN HO CONSTRUCTION CO (PTE) LTD,559188910.0,13,5,84.13,3.54,71.81
GUAN JOO CONSTRUCTION PTE LTD,143240488.0,10,3,83.1,3.94,73.45
GUAN LEE HENG CONTRACTOR PTE LTD,338400.0,1,1,91.93,3.74,82.88
GUARDIAN HEALTH & BEAUTY,67200.0,1,1,85.14,4.84,72.84
GUAVA AMENITIES PTE. LTD.,253800.0,2,2,86.88,4.16,83.47
GUERILLA MEDIA PRIVATE LIMITED,528000.0,2,1,93.92,5.0,78.95
GULSHAN ARA AKHTER,193599.9,1,1,72.73,4.35,77.16
GUNUNG CONSTRUCTION & ENGINEERING PTE. LTD.,14350000.0,7,2,98.55,4.25,62.27
GURUSOFT PTE. LTD.,498000.0,1,1,88.58,4.14,69.8
GUSTOS PTE. LTD.,579.0,1,1,84.71,4.59,84.03
GUTHRIE ENGINEERING (S) PTE LTD,524657158.13,12,5,87.29,3.06,71.18
GUTHRIE FMC PTE. LTD.,31358443.060000002,16,6,87.7,4.15,90.05
GWC CONSULTING PTE. LTD.,46190500.0,2,1,74.15,4.06,100.0
GWS LIVING ART PTE. LTD.,480148.0,1,1,99.96,4.54,84.56
GWTECH ENGINEERING PTE. LTD.,1255800.0,1,1,88.33,3.99,92.93
GYRO COMMUNICATIONS PTE. LTD.,938100.0,1,1,91.54,3.48,85.21
Gattie-Tan Soo Jin Management Consultants Pte Ltd,65002.0,3,3,95.61,4.1,72.66
Geetha A & Associates,4581504.0,22,12,79.83,3.45,80.0
Generic Technologies (S) Pte Ltd,15960.0,1,1,91.79,2.94,98.13
Genesis Networks Pte Ltd,2081880.15,12,8,85.86,4.54,72.76
Genisys Integrated Engineers Pte Ltd,11668000.0,1,1,94.77,4.45,67.61
Gleason Advertising Pte Ltd,10023100.0,7,6,70.98,4.38,66.66
Global Bound LLC,49680.0,1,1,87.21,4.88,75.82
Global Maritime & Port Services Pte Ltd,13343220.0,5,3,83.18,3.7,67.97
Goh Eu Joe,12100.0,1,1,91.46,3.24,94.74
Goh Seow Heong Mervyn,18360.0,1,1,91.76,4.06,80.16
Gold Lite Pte Ltd,221865.0,2,1,82.34,3.89,87.72
Golder Associates (Singapore) Pte Ltd,146600.0,2,2,82.3,3.59,75.01
Gosh Advertising Pte Ltd,1509645.84,5,4,87.11,4.05,66.6
"Grail Insights, Inc",270101.0,2,2,80.83,3.73,64.91
Gramercy Music (S) Pte Ltd,2.0,2,1,94.74,3.0,68.92
Grand Copthorne Waterfront Hotel Singapore,422759.5,8,5,85.05,3.84,81.48
Grand Hyatt Singapore,12936.0,5,2,64.74,3.42,83.2
Grandbuild Construction Pte Ltd,13448000.0,1,1,85.0,4.24,84.03
Graphic Masters & Advertising Pte Ltd,231823.0,5,5,79.69,3.71,63.11
Greatearth Construction Pte Ltd,264269129.0,2,2,74.95,4.77,78.0
Green House Design & Communications Pte. Ltd.,376057.0,5,5,78.1,5.0,67.74
Green-Tech Eggs Ind Pte Ltd,3360.0,1,1,88.88,4.51,82.01
Grid Private Limited,558900.0,1,1,98.63,3.17,82.79
Griffith University,4219.49,1,1,90.51,5.0,66.28
"Guthrie Engineering (S) Pte Ltd / LSIS Co., Ltd. Consortium",99500000.0,1,1,83.15,5.0,87.68
H C Lim Consultants,256600.0,6,1,91.65,4.11,100.0
H CONCEPT ASIA PTE. LTD.,33346.5,1,1,84.33,4.89,86.35
H FIFTY FIVE,150000.0,2,2,82.44,3.77,76.37
H Fifty Five,414750.0,5,4,78.77,2.98,74.83
H P CONSTRUCTION & ENGINEERING PTE LTD,220151199.5,9,7,73.99,3.64,75.91
H&U REAL ESTATE CONSULTANTS PTE. LTD.,0.02,2,1,84.88,5.0,70.39
H. WARTA PTE. LTD.,151045.0,5,2,89.26,3.21,80.52
H.A.M. CREATIONS PTE. LTD.,382105.0,1,1,87.23,4.1,66.62
H.R.STRATEGIES PTE. LTD.,150000.0,1,1,84.67,4.12,59.1
H.S. LIM & CO.,6990.0,1,1,80.43,3.79,80.2
H2 HUB PTE. LTD.,343530.0,1,1,92.87,3.83,78.21
H2O AM ASIA PTE. LTD.,1.0,1,1,77.46,4.14,72.29
HAI CHOO WINES & SPIRITS,29200.0,2,1,94.21,3.76,65.17
HAI LENG CONTRACT PTE LTD,1141400.0,3,3,79.98,3.25,80.9
HAI SIA SEAFOOD PTE. LTD.,13533.57,2,2,81.98,4.23,68.1
HAI-OU CO. (S) PTE. LTD.,2129038.46,23,13,76.27,4.74,76.61
HAIG CONSTRUCTION MANAGEMENT LIMITED,2802460.17,1,1,83.99,4.62,95.65
HAIX-SCHUHE PRODUKTIONS- UND VERTRIEBS GMBH,2191169.12,2,1,95.8,3.61,84.51
HAK KIAN ENTERPRISE PTE LTD,8319860.0,1,1,92.13,3.35,64.31
HAK LONG ENGINEERING PTE LTD,153950.0,1,1,95.83,3.93,65.25
HAKUHODO (SINGAPORE) PRIVATE LTD,2545078.14,2,2,92.18,5.0,79.52
HAKUHODO INC.,1467783.52,1,1,79.17,4.49,64.25
HALOGEN FOUNDATION (SINGAPORE),72000.0,1,1,85.35,4.52,57.98
HALYARD SINGAPORE PTE. LTD.,83490.0,1,1,81.76,4.63,83.32
HAMILTON & SHERWIND PTE. LTD.,215863.5,2,2,98.64,4.35,81.21
HAMZA YUKSEL,7800.0,1,1,78.43,4.17,82.51
HANCOM GMD INC.,69800.0,1,1,95.15,4.5,80.63
HANIS CAFE & BAKERY PTE. LTD.,125.0,1,1,95.14,3.77,77.35
HANNA INSTRUMENTS (SINGAPORE) PTE. LTD.,2948.4,1,1,100.0,3.25,71.38
HAO DA PTE LTD,11194960.0,3,3,84.72,4.53,83.16
HAO ZHENG SPORTS,4500.0,1,1,93.7,4.84,93.3
HAPPY MARKETER PRIVATE LTD.,561200.0,1,1,100.0,3.43,72.99
HAPPY TABLE PRODUCTIONS PTE. LTD.,133160.0,1,1,83.06,4.59,67.79
HARA HONG KONG TIM SUM PTE LTD,61274.0,1,1,75.72,5.0,66.65
HARFORD ENGINEERING PTE LTD,59634409.0,13,4,72.96,4.1,69.33
HARIJANTO VANESSA DEWI,121720.0,4,1,93.7,3.61,80.03
HARILELA HOTELS (SINGAPORE) PTE LTD,558852.3,8,4,72.93,4.17,56.6
HARRY ELIAS PARTNERSHIP LLP,141891.14,12,12,85.02,3.77,82.39
HARSCO RAIL,14990550.02,1,1,91.5,3.73,84.44
HARUNA PAINT PTE. LTD.,283412.0,1,1,89.48,4.36,60.02
HARVEST CONSULTING ENGINEERS LLP,1107834.7,12,6,91.4,3.14,68.21
HARVEST LINK INTERNATIONAL PTE LTD,13419.0,1,1,89.78,3.23,78.8
HASHIM BIN YUSOFF,11970.0,1,1,98.23,4.11,76.57
HASHMETA PTE. LTD.,84000.0,1,1,80.38,4.09,83.2
HASHTAG INTERACTIVE PTE. LTD.,1371370.0,7,4,82.58,4.31,76.59
HASKONINGDHV NEDERLAND B.V.,569000.0,1,1,81.82,5.0,90.65
HASSELHOFF OP PTE. LTD.,176.0,1,1,94.64,4.16,74.79
HATCH INTERACTIVE PTE. LTD.,125913.76,1,1,95.2,4.46,68.17
HAVAS MEDIA ASIA PACIFIC PTE. LTD.,361501.0,3,3,91.61,3.51,67.37
HAVAS WORLDWIDE SINGAPORE PTE. LTD.,5322637.4,2,2,97.47,4.56,85.35
HAWA CATERING SERVICE,2931.0,2,1,78.58,3.78,78.3
HAWKER MANAGEMENT PTE. LTD.,3335580.0,1,1,100.0,4.14,84.34
HAWKO TRADING CO. PTE. LTD.,1249422.48,1,1,100.0,4.03,84.13
HAWLEY & CO PTE LTD,7000.0,1,1,93.88,4.72,57.8
HAWORTH SINGAPORE PTE LTD,180781.0,1,1,100.0,3.31,66.6
HAYS SPECIALIST RECRUITMENT PTE. LTD.,61.0,3,2,74.75,2.73,67.79
HBA GROUP PROPERTY CONSULTANTS PTE. LTD.,2.02,4,2,83.8,3.97,69.84
HBB ENGINEERING PTE. LTD.,1182700.0,5,4,82.12,4.38,73.8
HC CLEANING SERVICES SDN BHD,276428.0,1,1,93.77,4.19,87.99
HCJ CONSTRUCTION PTE. LTD.,78573000.0,15,7,79.6,4.84,89.98
HCL INSYS PTE. LTD.,1306955.0,3,3,94.06,4.36,75.07
HCL SINGAPORE PTE. LTD.,49793192.49,26,8,98.96,3.76,75.49
HCS PRODUCTIVITY & CONSULTANCY PTE. LTD.,420.0,1,1,93.56,2.7,70.95
HCS SCIENTIFIC & CHEMICAL PTE. LTD.,1497124.3800000001,7,3,90.27,3.96,78.89
HD CONTRACTOR PTE. LTD.,8742710.0,12,7,80.1,4.72,80.03
HDA Architects,207900.0,1,1,81.23,3.86,86.06
HEALTH CAN BE FUN,56.0,6,1,98.0,4.12,85.98
HEALTHBIZ RESOURCE PTE. LTD.,138389.0,2,1,94.23,4.35,54.98
HEALTHWAY MEDICAL GROUP PTE LTD,8660730.5,6,5,87.69,3.49,76.47
HEATOLOGY LLP,741896.0,4,3,84.66,4.47,91.84
HEC ELECTRICAL & CONSTRUCTION PTE LTD,59209860.0,2,1,71.79,5.0,73.62
HEE PENG LIANG,174610.9,5,3,79.43,4.0,89.39
HEIDRICK & STRUGGLES SINGAPORE PTE LTD,416001.0,2,2,100.0,3.42,74.94
HEIGHT PROTECTION SOLUTIONS PTE. LTD.,40800.0,1,1,77.76,4.06,79.75
HEIMDALL DEFENCE PTE. LTD.,660727.6,2,1,89.52,2.77,66.63
HEINEN & HOPMAN ENGINEERING SINGAPORE PTE. LTD.,1945588.0,1,1,96.06,4.3,67.01
HEIST 7 PTE. LTD.,17300.0,1,1,77.96,4.37,85.25
HEL Limited,152900.0,1,1,89.48,5.0,86.82
HELA SPICE SINGAPORE PTE. LTD.,20250.05,2,2,95.5,3.98,78.26
HELIOS TECHNOLOGY LIMITED,1.0,1,1,88.1,4.35,65.72
HELIUS TECHNOLOGIES PTE. LTD.,1218228.6300000001,6,5,100.0,3.58,78.44
HELIX MEDIA PTE. LTD.,220200.0,1,1,74.65,3.89,90.57
HELLO STRANGER PTE. LTD.,267280.0,1,1,96.47,3.18,95.43
HELMCHEN EVENT + LOCATION,148675.66,1,1,86.62,3.98,74.83
HELMHOLTZ-ZENTRUM BERLIN FUR MATERIALIEN UND ENERGIE GMBH,162340.0,1,1,94.18,3.92,61.4
HELMI TALIB & CO,12000.0,1,1,91.53,4.28,86.4
HELU-TRANS (S) PRIVATE LIMITED,146505.85,3,3,82.13,3.73,75.24
HENDERSON SECURITY SERVICES PTE. LTD.,100800.0,1,1,89.83,4.15,87.43
HENDRICKS CORP. PTE. LTD.,50000.0,1,1,73.14,3.9,80.81
HENG SHENG CONSTRUCTION & ENGINEERING PTE. LTD.,150000.0,1,1,92.83,3.9,69.17
HENG'S FAMILY MINI MART,269.1,1,1,90.39,4.15,78.58
HENKO MACHINE TOOLS PTE. LTD.,112670.0,1,1,93.11,4.12,91.08
HEPTACON CONSTRUCTION PTE. LTD.,32760000.0,1,1,96.46,4.56,76.51
HERMITAGE QUALITY WINES PTE. LTD.,7000.0,1,1,90.94,4.03,67.65
HETECH SOLUTIONS PTE. LTD.,63210.0,2,1,89.18,3.89,62.11
HETTICH ASIA PACIFIC PTE. LTD.,272648.20999999996,7,1,80.95,3.99,70.28
HEULAB PTE. LTD.,805912.0,2,2,82.3,3.67,73.9
HEW TRANSPORTATION PTE. LTD.,83088.0,1,1,97.49,3.88,86.2
HEWLETT-PACKARD SINGAPORE (SALES) PTE. LTD.,14074701.879999999,13,8,99.49,5.0,66.79
HEXA PRO SERVICES PTE LTD,1073400.0,2,2,86.1,3.55,93.54
HEXAMINE SDN BHD (SINGAPORE BRANCH),4297205.0,1,1,88.37,3.93,64.63
HEXCEL SOLUTIONS PTE. LTD.,13276952.3,9,2,80.76,3.87,100.0
HEXOGON SOLUTION PTE. LTD.,26386028.6,13,5,97.38,3.95,95.26
HFG TECHNOLOGIES (SINGAPORE) PTE. LTD.,127255.0,1,1,93.32,3.9,79.41
HGH SYSTEMES INFRAROUGES,1099000.0,1,1,100.0,4.27,61.52
HI-POINT ENGINEERING PTE LTD,3817756.1,5,1,80.97,3.07,77.45
HI-TECH INSTRUMENTS PTE LTD,1697942.0,4,4,84.98,4.72,74.13
HI-TECH INSTRUMENTS SDN BHD,1390175.0,1,1,89.85,4.48,65.26
HI-TEK CONSTRUCTION PTE LTD,256615000.0,3,1,93.17,3.35,80.91
HI-TEK CONSTRUCTION PTE. LTD.,37747000.0,1,1,86.27,2.74,69.76
HI-V TRADING,518167.53,1,1,81.02,3.51,70.85
HIAP ENGINEERING & CONSTRUCTION PTE LTD,1195200.0,1,1,95.05,3.95,75.96
HIAP SHING CONSTRUCTION PTE. LTD.,5507800.0,2,2,93.77,5.0,72.25
HIAP TONG CRANE & TRANSPORT PTE LTD,2716506.0,1,1,80.67,4.43,98.78
HIBOT CORP.,1690000.0,1,1,98.84,3.02,72.64
HIDEN ANALYTICAL LIMITED,182692.0,1,1,97.36,3.69,82.41
HIEND SOFTWARE PTE. LTD.,935000.0,1,1,89.07,4.07,79.46
HIEWA AUTO GALLERY LARKIN SDN BHD,122341.5,2,1,88.64,4.25,81.53
HIGH ACHIEVERS OUTDOOR CONSULTANTS PTE. LTD.,495839.0,5,3,92.43,3.31,82.29
HIGH AUTOMATION AND SERVICES,308000.0,1,1,81.11,4.02,86.81
HIGH AUTOMATION AND SERVICES PTE. LTD.,432915.0,1,1,88.24,3.67,80.66
HIGH END COMMUNICATIONS PTE LTD,2111702.0,2,1,70.78,3.44,80.25
HIGHNESS ELECTRICAL ENGINEERING PTE LTD,1143145.6,1,1,95.01,4.26,78.58
HIGHNESS ELECTRICAL ENGINEERING PTE. LTD.,708460.0,2,1,75.51,4.56,76.62
HIGHNOTES,45188.0,1,1,100.0,4.6,68.88
HIGHWAY INTERNATIONAL PRIVATE LIMITED,40764506.32,3,1,85.36,4.44,77.39
HILADT ARCHITECTS LLP,1000117.3,3,2,86.31,3.8,80.41
HILL & KNOWLTON (SEA) PTE LTD,2394620.0,3,2,82.98,4.53,82.02
HILL+KNOWLTON STRATEGIES GMBH,1087412.86,1,1,85.7,4.29,79.8
HILT PTE. LTD.,17000.0,1,1,99.35,4.18,75.67
HILTON SINGAPORE,10422.5,3,2,68.1,3.73,77.43
HIN TAT AUGUSTINE & PARTNERS,950.0,1,1,98.22,3.8,72.46
HISTOINDEX PTE. LTD.,100000.0,1,1,90.7,4.14,81.13
HITACHI AQUA-TECH ENGINEERING PTE. LTD.,787640.0,2,1,78.34,5.0,75.79
HITACHI ASIA LTD.,6933480.0,4,2,79.4,4.28,79.81
HITACHI CONSULTING ASIA PACIFIC PTE. LTD.,5600000.0,1,1,100.0,3.73,88.01
HITACHI CONSULTING SINGAPORE PTE. LTD,9982010.0,3,3,80.44,3.6,70.91
HITACHI ELEVATOR ASIA PTE. LTD.,24664636.21,8,6,78.77,3.8,83.97
HITACHI HOME ELECTRONICS ASIA (S) PTE. LTD.,1425293.8,2,1,97.1,5.0,78.33
"HITACHI PLANT SERVICES CO., LTD.",325600.0,2,2,90.71,3.86,98.21
HITACHI SYSTEMS DIGITAL SERVICES (SINGAPORE) PTE. LTD.,7721100.6,4,3,80.5,4.64,75.84
HITACHI SYSTEMS NETWORK TECHNOLOGIES PTE. LTD.,1.0,1,1,89.73,3.87,84.95
HITACHI VANTARA PTE. LIMITED,3608828.92,1,1,79.79,4.26,78.15
HITECH ENGINEERING,279600.0,3,3,96.81,4.58,64.12
HIVELOCITY PTE. LTD.,1174140.0,2,2,96.49,3.76,72.79
HJGHER,352489.7,1,1,92.26,3.72,86.8
HJW BUILDERS PTE. LTD.,1590317.0,1,1,90.89,5.0,73.67
HK MANAGEMENT SERVICES LLP,15.77,2,2,100.0,4.69,55.8
HKBN JOS (SINGAPORE) PTE. LTD.,4249678.3,7,5,88.0,4.57,77.69
HKS ASIA PACIFIC DESIGN CONSULTING PTE. LTD.,60000.0,1,1,78.55,4.57,67.08
HKS SURVEYORS PTE LTD,589.0,1,1,91.6,4.38,79.32
HKS Surveyors Pte Ltd,1201.0,2,1,100.0,5.0,93.51
HL BUILDING MATERIALS PTE. LTD.,12529420.0,1,1,79.88,4.13,85.69
HL SUNTEK INSURANCE BROKERS PTE. LTD.,769601.13,6,4,85.11,4.45,93.37
HLY VALUE PTE. LTD.,280000.0,1,1,91.33,3.23,72.38
HMC GROUP PTE. LTD.,449398.0,1,1,87.57,3.61,76.57
HMI INSTITUTE OF HEALTH SCIENCES (HOLDINGS) PTE. LTD.,48400.0,1,1,80.14,3.38,67.56
HO & WEE LLP,129000.0,1,1,96.97,4.86,71.16
HO AH CHAN,276480.0,1,1,100.0,2.57,68.73
HO CHOON TRANSPORT & CONSTRUCTION PTE LTD,2955000.0,3,1,89.57,3.86,64.93
HO ENG HUAT CONSTRUCTION PTE LTD,43291638.19,8,1,80.77,2.3,91.66
HO LEE CONSTRUCTION PTE LTD,497288000.0,4,1,75.61,3.6,57.08
HO PRINTING SINGAPORE PTE LTD,50320.0,1,1,90.06,3.81,91.7
HO THI MINH THU,50.0,1,1,96.83,4.93,90.46
HOBEE PRINT PTE LTD,3661881.0,1,1,91.8,4.34,83.0
HOCK GUAN CHEONG BUILDER PTE. LTD.,71925944.0,3,1,87.98,3.6,66.85
HOCK HAI CIVIL ENGINEERING & BUILDING PTE LTD,27970000.0,4,2,83.29,4.74,62.18
HOCK HIN LEONG TIMBER TRADING (PTE) LTD,59625.0,1,1,79.26,4.11,72.52
HOCK LIAN SENG INFRASTRUCTURE PTE. LTD.,137380000.0,1,1,94.68,4.12,84.25
HOCK SOON HENG E&C PTE. LTD.,1496800.0,1,1,95.31,3.38,78.03
HOCK TONG BEE (PRIVATE) LIMITED,10000.0,1,1,75.63,3.51,67.57
HOCKEY INNOVATIVE,249600.0,1,1,100.0,3.6,89.48
HOCKLIM ENGINEERING PTE. LTD.,22136648.0,6,3,92.59,4.13,94.84
HOE ANN GRANITE INDUSTRIAL CONSTRUCTION,1337077.0,1,1,99.2,4.15,75.73
HOFEN BUILDERS PTE. LTD.,1763500.0,1,1,77.26,5.0,79.09
HOGA IYOTA COMMUNICATIONS & TECHNOLOGY (S) PTE. LTD.,151809.86,1,1,77.07,4.33,62.91
HOGARTH & OGILVY,680230.0,1,1,86.81,2.48,73.86
HOGARTH WORLDWIDE PTE. LIMITED,2541399.45,1,1,92.02,4.26,83.1
HOI HUP NOVENA PTE. LTD.,231.0,1,1,100.0,3.23,81.55
HOI HUP SUNWAY NOVENA PTE. LTD.,231.0,1,1,93.65,3.52,72.92
HOL CONTENT CURATORS LLP,379501.0,3,3,86.06,3.61,75.26
HOLBORN LAW LLC,4441.0,3,3,79.79,3.7,73.53
HOLIDAY INN EXPRESS SINGAPORE KATONG,154.0,1,1,97.84,3.27,75.22
HOLIDAY INN EXPRESS SINGAPORE ORCHARD ROAD,407.0,2,2,80.28,4.22,82.23
HOLIDAY INN RESORT BATAM,295445.0,2,1,100.0,3.25,58.32
HOLIDAY INN SINGAPORE ATRIUM,3472.0,6,2,85.72,4.31,77.26
HOLIDAY TOURS & TRAVEL (SINGAPORE) PTE. LTD.,3208.0,1,1,100.0,5.0,81.5
HOLIDAY VENTURE & SIGHTS TOUR,2368.0,1,1,93.43,3.3,72.3
HOLLAND ELECTRICAL ENGINEERING SERVICES PTE LTD,116025.0,2,2,86.9,3.93,73.21
HOLLYSYS (ASIA PACIFIC) PTE. LTD.,250000.0,1,1,83.84,2.59,73.5
HOLOGRIX PTE. LTD.,190500.0,1,1,85.27,3.92,73.21
HOME NURSING FOUNDATION,1.0,1,1,91.43,4.49,78.06
HOME OASIS LLP,80114.38,2,1,88.62,4.53,79.29
HOME-FIX D.I.Y. PTE LTD,699300.0,1,1,83.25,4.15,56.99
HOMEWOOD DESIGN & MANAGEMENT,208895.0,3,2,86.67,4.63,84.53
HON BUILDER PTE. LTD.,10153020.0,5,5,88.63,5.0,75.1
HON INDUSTRIES PTE. LTD.,233386871.8,15,9,70.97,5.0,97.33
HON NAM LEE,149388.0,1,1,91.67,3.79,66.08
HONAN BENEFITS PTE. LTD.,281000.0,1,1,80.16,3.23,69.33
HONAN INSURANCE GROUP (ASIA) PTE. LTD.,20075.55,1,1,78.77,3.86,75.97
HONAV SINGAPORE PTE. LTD.,1155660.0,2,1,74.5,3.53,82.13
HONEY-LAND INTERNATIONAL PTE. LTD.,37864.1,3,3,73.65,4.37,58.49
HONEYCOMBERS PTE. LTD.,768818.88,2,1,77.16,3.39,69.71
HONEYWELL (TIANJIN) CO LTD,71181.0,1,1,82.33,4.06,83.91
"HONEYWELL ANALYTICS ASIA PACIFIC CO., LTD.",2217540.18,2,1,100.0,4.6,68.52
HONEYWELL PTE LTD,13241245.51,7,5,83.79,4.04,91.7
HONG AN ENGINEERING PTE. LTD.,19470897.0,4,3,89.42,3.53,73.46
HONG BAO MEDIA (HOLDINGS) PTE. LTD.,20000.0,1,1,91.2,4.8,69.01
HONG DA MANUFACTURING,127000.0,1,1,89.05,2.97,84.1
HONG HENG FISHERY PTE. LTD.,3000.0,1,1,87.38,3.9,94.08
HONG HENG INDUSTRIES PRIVATE LIMITED,1210.85,7,2,78.44,4.08,82.16
HONG HILL PTE. LTD.,19.28,1,1,99.61,4.11,90.6
HONG HOCK GLOBAL PTE. LTD.,13457100.0,4,1,100.0,4.21,94.77
HONG HUP MACHINERY & CONSTRUCTION PTE. LTD.,3988000.0,1,1,74.54,4.47,68.78
HONG JUN CONSTRUCTION PTE. LTD.,1514250.0,3,1,79.81,4.08,87.38
HONG KONG TAT KEE TAILOR,1535210.0,3,3,85.76,3.88,62.77
HONG LAM ENGINEERING PTE LTD,2033473.0,2,2,80.28,3.86,82.25
HONG LAM MARINE PTE LTD,1560000.0,1,1,92.05,3.73,77.29
HONG SENG SPORTS INDUSTRIES PTE LTD,214471.0,4,3,82.17,4.57,90.43
HONG SENG SPORTS SURFACES PTE. LTD.,1277394.08,5,4,100.0,3.71,89.72
HONG SHIN BUILDERS PTE LTD,153368561.31,9,8,97.52,4.61,83.7
HONG THAI TRAVEL SERVICES (S) PTE LTD,2160.0,1,1,89.7,4.11,80.98
HONG UNION BUILDER PTE. LTD.,728617.0,1,1,96.22,3.79,83.08
HONG WEI GLOBAL PTE. LTD.,159500.0,1,1,96.85,4.47,78.62
HOODSINC PRODUCTIONS PTE LTD,72600.0,1,1,83.49,3.66,77.39
HOOK PLUMBING WORKS,200103.76,5,1,81.47,4.48,92.43
HOPE FIRST RESPONSE PTE. LTD.,723855.5,4,3,88.63,4.23,93.63
HOPE TECHNIK PTE. LTD.,43688185.0,18,7,94.89,3.74,76.58
HORIBA INSTRUMENTS (SINGAPORE) PTE LTD,200000.0,1,1,89.11,4.42,80.38
HORIZON CONTRACTS PTE. LTD.,189000.0,1,1,75.38,4.43,78.82
HORME HARDWARE PTE. LTD.,5854900.0,2,2,81.58,4.79,61.88
HORSBURGH INTEGRATED SERVICES PTE. LTD.,3214172.0,3,2,87.41,4.68,74.64
HORTI-FLORA SERVICES PTE LTD,1570500.0,2,2,87.39,4.39,94.0
HORTIAN LLP,156050.0,1,1,100.0,3.42,70.5
HORWATH ASIA PACIFIC (SINGAPORE) PTE LTD,75600.0,1,1,76.91,5.0,99.15
HOSING ENGINEERING AND DEVELOPMENT PTE. LTD.,387000.0,1,1,92.04,3.26,89.72
HOSPILITE PTE. LTD.,314356.94,4,1,99.91,4.67,82.01
HOSTECH PTE. LTD.,2011208.0,2,2,100.0,4.36,83.61
HOT Microfluidics GmbH,288595.46,1,1,84.76,3.4,68.83
HOTEL CHANCELLOR @ ORCHARD PTE. LTD.,159.5,1,1,91.93,4.03,75.35
HOTEL GRAND CENTRAL LIMITED,569.6,2,2,92.56,4.05,92.41
HOTEL GRAND PACIFIC,1062.0,6,2,89.56,4.88,71.85
HOTEL INDIGO SINGAPORE KATONG,214.5,1,1,87.21,3.67,88.61
HOTEL JEN ORCHARDGATEWAY SINGAPORE,836.0,2,2,91.49,3.94,64.23
HOTEL JEN TANGLIN SINGAPORE,9428.0,9,2,67.74,2.7,66.02
HOTEL MIRAMAR (SINGAPORE) LIMITED,627465.0,7,3,93.46,5.0,97.01
HOTEL RE! PTE. LTD.,343.0,4,1,89.01,3.46,77.88
HOTEL ROYAL @ QUEENS (SINGAPORE) PTE. LTD.,198.0,1,1,86.22,4.3,72.62
HOTEL ROYAL LIMITED,429.90999999999997,3,2,100.0,4.04,91.63
HOUSE OF MUSIC,13020.0,1,1,82.6,4.04,90.46
HOUSTON KEMP PTY LTD,1.0,1,1,84.78,4.59,87.21
HOUSZ OF COSTUMEZ PTE. LTD.,8424.0,1,1,100.0,5.0,72.3
HOW'S CATERING,5045339.61,6,4,81.34,4.25,75.13
HOWDEN INSURANCE BROKERS (S.) PTE. LIMITED,2705419.31,23,14,83.6,4.49,81.12
HOWIE PHOTOGRAPHY,1.0,1,1,86.82,4.3,84.94
HOYA MASK SINGAPORE,197409.58,2,1,94.73,4.71,72.92
HOYI SYSTEM PTE. LTD.,1956973.8599999999,9,5,89.66,3.82,79.71
HP COATING PTE. LTD.,4553150.0,2,2,77.66,4.75,80.67
HP Coating Pte Ltd,4177620.0,2,2,83.74,4.77,90.87
HP PPS SINGAPORE (SALES) PTE. LTD.,6891935.29,5,4,83.14,4.75,85.54
HPC BUILDERS PTE. LTD.,272204619.0,4,2,87.38,3.7,62.93
HPC HAMBURG PORT CONSULTING GMBH,202000.0,1,1,91.41,4.0,75.86
HPH Engineering Pte Ltd,1680000.0,1,1,91.35,4.24,68.71
HR MILLENNIUM PTE. LTD.,50.0,1,1,73.79,3.28,83.68
HRM3 ASIA PTE LTD,121.0,2,2,96.51,5.0,87.23
HS E&C PTE. LTD.,60070000.0,11,3,90.02,4.09,79.02
HS ENGINEERING CONSULTANTS,11436000.0,8,1,99.08,4.27,75.32
HS INTERNATIONAL PTE. LTD.,1315943.1,7,4,91.55,3.75,78.69
HSAUTO FURNISHING PTE. LTD.,197900.0,1,1,96.81,3.3,80.09
HSBC GLOBAL ASSET MANAGEMENT (SINGAPORE) LIMITED,323005.0,2,2,91.73,3.74,71.6
HSC INTERNATIONAL PTE. LTD.,26315.0,1,1,98.77,4.23,65.81
HSC PIPELINE ENGINEERING PTE LTD,31326400.0,4,1,92.18,4.5,57.5
HSL CONSTRUCTOR PTE LTD,4980000.0,1,1,87.22,4.2,90.67
HSL Constructor Pte Ltd,648684750.0,8,4,100.0,4.31,82.96
HSR INTERNATIONAL REALTORS PTE LTD,1.0,1,1,95.11,3.9,81.63
HT Lubricant Sdn Bhd,41659.13,1,1,92.59,4.4,90.65
HTM MEDICO PTE. LTD.,4818468.01,6,5,77.79,4.99,65.45
HTP GmbH & Co. KG,701600.0,1,1,77.69,4.52,60.64
HU JIEQIONG,11700.0,1,1,90.34,4.59,81.84
HUA CHANG CONSTRUCTION PTE. LTD.,7236400.0,4,3,89.16,4.28,80.93
HUA HNG TRADING CO PTE. LTD.,702519.7,11,1,83.09,3.2,60.69
HUA ZHAN CONSTRUCTION PTE. LTD.,498000.0,1,1,89.13,3.47,81.6
HUAKEONG INDUSTRIES PTE. LTD.,10984320.0,1,1,100.0,4.37,74.0
HUANBAO,4379.0,1,1,93.56,4.09,69.93
HUASING CONSTRUCTION & TRADING PTE LTD,553300.0,1,1,78.87,4.36,74.67
HUASON CONSTRUCTION PTE LTD,273702.0,1,1,87.11,5.0,53.58
HUATIONG CONTRACTOR PTE LTD,241440576.45,21,7,81.56,4.54,72.09
HUATIONG INDUSTRIES PTE. LTD.,3573094.0,1,1,84.9,4.86,70.96
HUDSON GLOBAL RESOURCES (SINGAPORE) PTE. LTD.,2639000.0,3,2,84.69,4.16,83.57
HUDSON RPO (SINGAPORE) PTE. LTD.,572000.0,1,1,84.18,3.62,76.42
HUMAN CAPITAL (SINGAPORE) PTE. LTD.,646330.0,3,3,77.96,4.07,84.39
HUMAN RESOURCES & MANAGEMENT SYSTEMS CONSULTING ASIA PACIFIC PTE. LTD.,1729093.0,3,3,86.98,3.62,52.5
HUME BROPHY COMMUNICATIONS (SINGAPORE) PTE. LTD.,1.0,1,1,83.52,5.0,69.61
"HUNAN FENGTIAN CONSTRUCTION GROUP CO., LTD. SINGAPORE BRANCH",67402370.45,5,2,64.56,4.57,83.56
HUNGAMA DIGITAL SERVICES PVT LTD,574664.06,1,1,100.0,4.41,74.91
HUNGLI PRIVATE LTD.,816400.0,1,1,96.71,4.84,86.45
HUP CHUNG TENTAGE SYSTEM PTE. LTD.,8750897.1,16,6,84.99,2.89,59.95
HUP HENG ENGINEERING CONSTRUCTION PTE. LTD.,247567.94999999998,3,1,88.15,4.45,85.31
HUP HENG POULTRY INDUSTRIES PTE LTD,15150.0,1,1,78.63,3.31,71.61
HUP SENG FURNISHING & CONSTRUCTION PTE. LTD.,866214.0,5,3,100.0,4.1,70.64
HUR SOLUTIONS PTE. LTD.,521324.0,2,1,100.0,3.91,87.91
HVS Engineering Pte Ltd,1.0,1,1,89.25,4.5,89.62
HWA AIK ENGINEERING PTE. LTD.,2450450.0,9,9,96.19,4.24,88.35
HWA SENG BUILDER PTE LTD,441676400.0,6,3,89.4,4.91,98.39
HWA SENG BUILDER PTE LTD / CHYE JOO CONSTRUCTION PTE LTD / HO LEE CONSTRUCTION PTE LTD JOINT VENTURE,242880000.0,1,1,77.31,3.74,90.67
HWA SENG MOTOR COMPANY,9618.0,1,1,84.71,4.53,70.05
HWEE JAN (S) PTE LTD,44453352.05,4,3,89.06,4.2,79.42
HWEE MENE BUILDING CONSTRUCTION PTE. LTD.,10194776.01835,7,1,84.36,3.12,74.4
HY-RAY PRIVATE LIMITED,131000.0,1,1,86.25,3.55,98.29
HYDAC TECHNOLOGY PTE LTD,88000.0,1,1,87.27,4.01,89.05
HYDRA TECH PTE. LTD.,626041.11,2,2,87.35,4.77,76.11
HYDRO AQUATIC PTE. LTD.,3433206.2,12,7,88.42,4.38,86.78
HYDRO ONE PTE. LTD.,1375000.0,2,1,79.52,3.4,65.68
HYDROBIOLOGY SINGAPORE PTE. LTD.,258616.0,2,2,82.26,4.02,80.5
HYDROGEN GROUP PTE. LTD.,1.0,1,1,77.72,5.0,68.62
HYDROINFORMATICS INSTITUTE PTE. LTD.,6700899.72,10,3,95.82,4.17,61.11
HYDROSPHERE SINGAPORE PTE. LTD.,1361862.8,3,3,71.15,3.9,85.85
HYGIENA SINGAPORE PTE. LTD.,1441927.0,1,1,97.23,4.4,87.09
HYLA ARCHITECTS,63168.79,1,1,99.09,4.56,82.57
HYPE RECORDS PTE LTD,899550.0,1,1,85.58,3.83,76.17
HYPERCLEAN TECHNOLOGY (S) PTE LTD,73935.44,3,2,67.17,4.4,65.34
HYRAX PTE. LTD.,813494.35,4,3,85.11,3.9,66.39
HYTECH BUILDERS PTE LTD,271829646.0,7,4,87.49,4.53,68.31
HYUNDAI ENGINEERING & CONSTRUCTION CO. LTD,1878444099.7,7,4,79.92,4.2,75.66
HYUNDAI ROTEM COMPANY,416499000.0,1,1,83.88,4.39,88.76
Hach Malaysia Sdn Bhd,81488.14,3,1,100.0,3.64,88.6
Hainei Building & Development (S) Pte Ltd,360828.0,1,1,93.32,3.61,61.51
Hanisah Maskon,60800.0,1,1,80.6,4.67,71.07
Hao Da Pte Ltd,16045713.4,17,12,75.22,4.05,70.8
Harvest Link International Pte Ltd,209411.9,2,2,85.38,4.27,52.68
Haryali,116079.96,1,1,86.29,3.92,83.66
Hazel Florist & Gifts Pte Ltd,79603.0,3,3,91.97,4.64,75.54
Hedgehog Communications,253620.0,1,1,83.72,3.74,76.87
Hesed Power Products Sdn Bhd,85346.1,1,1,92.09,4.02,91.46
Highway International Private Limited - Avenue Engineering Pte Ltd Consortium,51087666.0,1,1,100.0,4.57,78.88
Hill+Knowlton Strategies,192703.0,1,1,94.52,4.8,73.69
Hilton Singapore,113157.0,6,3,87.62,3.79,83.72
Ho Davina Shaut Yeam,45300.0,1,1,86.53,5.0,88.59
Hobee Print Pte Ltd,15577589.0,5,3,85.15,4.29,80.96
Hock Guan Cheong Builder Pte Ltd,154100168.0,4,2,97.45,3.47,84.89
Hock Hai Civil Engineering & Building Pte Ltd,32052800.0,7,3,82.98,4.32,76.54
Hock Services (Pte) Ltd,958408.51,1,1,88.36,3.87,77.18
Hock Tong Bee Pte Ltd,26315.0,1,1,88.41,4.36,79.13
Homewood Design & Management,1074791.0,7,2,83.99,4.07,70.47
Hong Sing Co. (Pte) Ltd.,6965380.8,5,1,77.02,4.14,72.32
Hospimek Pte Ltd,13840.0,1,1,90.58,3.55,91.78
Hotel Royal@Queens (Singapore) Pte Ltd,561.0,2,2,87.51,4.69,98.08
Houghton Kneale Design Limited,239040.0,1,1,92.0,3.41,93.92
How Jasen,101500.0,2,1,83.73,3.43,64.77
Howie Photography,10040.0,2,1,97.77,4.32,63.8
Hudson Hospitality DBA 20/20 Hotel Services,755439.13,1,1,80.99,5.0,66.09
Hup Hong Machinery (S) Pte Ltd,32764.0,1,1,100.0,3.89,79.34
Hwa Seng Builder Pte Ltd / JYC Consultancy Pte Ltd,13372000.0,1,1,74.02,4.52,49.91
Hyrizan Bin Jufri,120000.0,1,1,91.48,4.74,72.11
I CONCEPT INNOVATION PTE. LTD.,234000.0,1,1,91.8,4.59,92.07
I DESIGN & BUILD PTE. LTD.,1056822.5,1,1,81.64,3.91,87.82
I HOTEL PTE. LTD / THE WAREHOUSE HOTEL,297.0,1,1,91.4,3.45,72.91
I HOTEL PTE. LTD.,324.5,1,1,98.24,2.78,73.67
I SWITCH PTE. LTD.,27.8,1,1,70.27,3.94,83.67
I-ACCESS SOLUTIONS PTE. LTD.,2915863.0,2,2,92.02,4.81,87.35
I-ACTIVE PTE. LTD.,1.0,1,1,68.05,3.43,72.67
I-ANALYSIS PTE. LTD.,1.0,1,1,80.27,4.52,75.66
I-DNA BIOTECHNOLOGY PTE. LTD.,5750.0,1,1,100.0,3.53,72.34
I-LAB ENGINEERING PRIVATE LIMITED,324412.0,1,1,83.35,4.16,64.69
I-LOGIC CONCEPTS PTE. LTD.,470396.92,4,4,78.61,4.52,75.8
I-MAGINATION SOLUTION PTE. LTD.,11262102.0,3,3,86.42,3.7,75.04
I-PAL COMMUNICATIONS,4153.0,1,1,100.0,4.2,65.39
I-PROMO PTE. LTD.,6250907.5,9,4,73.35,3.85,84.46
I-SOURCE GLOBAL PTE. LTD.,18001.0,1,1,79.59,4.52,82.83
I-UNITY BUILDERS PTE. LTD.,1457800.0,3,3,99.98,4.24,84.96
I.EM ENGINEERING CONSULTANTS PTE. LTD.,420000.0,1,1,100.0,4.13,70.32
I.M COMMUNICATIONS PTE. LTD.,5798487.69,10,7,87.17,5.0,58.16
I.Z. PLASTICS & SUPPLIES PTE. LTD.,1026957.6,1,1,78.09,4.5,82.67
I2 PTE. LTD.,63000.0,1,1,100.0,3.69,71.36
I:EMEDICS PTE. LTD.,18750.0,1,1,100.0,4.05,69.09
IANZ NEW ZEALAND QUALITY COLLEGE,143341.0,2,1,93.43,4.05,65.43
IBA INTERNATIONAL (S) PTE. LTD.,121362.5,1,1,81.5,4.15,75.25
IBASE TECHNOLOGY PRIVATE LIMITED,877200.0,1,1,87.61,5.0,93.77
IBC Asia (S) Pte Ltd,335055.0,1,1,86.72,4.32,72.95
IBIS SINGAPORE ON BENCOOLEN,308.0,2,2,90.65,2.88,67.1
IBM SINGAPORE PTE LTD,15444662.65,11,7,99.61,3.77,84.52
IBMS TECHNOLOGY PTE LTD,286940.0,1,1,95.04,2.94,79.73
ICEBERG DESIGN PTE. LTD.,465490.0,1,1,79.38,3.9,56.81
ICF CONSULTING INDIA PRIVATE LIMITED,1172.0,1,1,99.01,2.91,84.62
ICF CONSULTING SERVICES HONG KONG LIMITED,599108.0,1,1,90.51,3.58,99.28
ICHI SEIKI PTE LTD,683200.0,3,3,93.5,3.19,51.99
ICLICK MEDIA PTE. LTD.,250500.0,1,1,99.73,4.33,65.64
ICON AUTOMATION SOLUTIONS PTE. LTD.,48580.0,1,1,79.11,4.1,49.51
ICON ENGINEERS LLP,254800.0,1,1,87.71,4.28,77.25
ICON RESOURCES AND TECHNOLOGIES PTE LTD,667600.0,2,2,83.75,4.04,87.9
ICS MULTIMEDIA PTY LTD,424000.0,1,1,75.46,3.26,79.06
ID ARCHITECTS PTE. LTD.,400702.84,2,2,90.77,4.41,91.92
ID.INC INTERIORS PTE LTD,7112180.0,8,7,100.0,5.0,86.31
ID21 PTE. LTD.,2832730.0,2,2,73.28,4.35,95.02
IDAS SERVICE PRIVATE LIMITED,128000.0,1,1,87.74,3.84,89.6
IDAS TECHNOLOGY PRIVATE LIMITED,1323827.0,3,3,93.12,3.24,73.97
IDC SYSTEM AG,1356748.0,1,1,88.98,3.56,78.67
IDEA KONZEPTE CONSTRUCTION PTE. LTD.,364821.2,2,2,87.09,4.37,69.31
IDEACTIO PTE. LTD.,1023041.0,5,3,77.61,4.74,75.69
IDEAGRAPH PTE. LTD.,3547387.0,2,2,89.86,4.26,78.62
IDEAL MEMORIES PTE. LTD.,52800.0,1,1,81.95,4.58,77.15
IDEAL SYSTEMS (SINGAPORE) PTE. LTD.,1670542.88,5,5,70.48,4.52,91.42
IDEAL TECHNOLOGY (S) PTE LTD,13496.0,1,1,97.56,4.4,74.7
IDEASSCOUT PROJECTS PTE. LTD.,195800.0,1,1,95.67,3.7,68.68
IDELUX ENGINEERING PTE. LTD.,163248.82,1,1,88.41,4.2,69.3
IDEMIA SINGAPORE PTE. LTD.,67885542.91,3,1,89.83,3.59,84.55
IDENTIV PTE. LTD.,1079768.73,5,2,96.59,4.11,63.97
IDERIKT FISSION PTE. LTD.,134872.0,5,3,89.79,4.3,75.99
IDEXX LABORATORIES SINGAPORE PTE. LTD.,1751765.66,3,1,95.23,5.0,91.28
IDI LASER SERVICES PTE LTD,3070100.0,8,5,85.62,3.31,80.93
IDS MEDICAL SYSTEMS (SINGAPORE) PTE. LTD.,638326.2,15,5,98.5,4.39,77.25
IEC TELECOM SINGAPORE PTE. LTD.,987091.4,2,2,90.57,4.99,77.64
IECL SG PTE. LTD.,146305.0,4,2,89.55,4.56,67.7
IESVE SINGAPORE PTE. LTD.,810000.0,1,1,77.84,4.6,69.43
IFACILITIES PTE. LTD.,4612376.0,14,8,90.3,4.45,76.05
IFOCUS PTE LTD,7698700.0,1,1,81.34,4.88,80.71
IG LOGISTICS PTE. LTD.,1154403.0,3,3,82.89,3.45,87.48
IGENE LABORATORY PRIVATE LIMITED,488275.0,1,1,81.48,3.27,78.93
IGINE PTE LTD,864158.0,1,1,79.47,4.1,91.53
IGM SERVICES PTE LTD,1804000.0,3,2,100.0,2.8,94.05
IGNESIS ENGINEERING PTE. LTD.,847003.45,2,2,98.65,4.84,85.95
IH SINGAPORE PTE. LTD.,905561.38,5,3,100.0,4.83,90.25
IHI ASIA PACIFIC PTE. LTD.,1349890.12,1,1,78.22,3.84,68.09
IHS GLOBAL PTE. LTD.,1307552.0,4,3,88.57,3.88,66.51
IIJ GLOBAL SOLUTIONS SINGAPORE PTE. LTD.,741944.0,2,2,77.65,4.06,83.18
IKANO PTE LTD,0.03,2,1,82.43,4.13,64.59
IKARI SERVICES PTE LTD,36281.0,1,1,80.65,4.18,75.1
ILA GROUP PTE. LTD.,1815688.6,9,9,97.92,4.43,85.71
ILLUMINA SINGAPORE PTE. LTD.,2120848.0,6,3,84.83,4.0,92.13
ILLUSHROOMZ,22100.0,1,1,96.55,4.67,75.46
IM SPACE PTE. LTD.,3221741.7,8,6,92.83,4.37,71.5
IMAGE CREATIVE DESIGN PTE LTD,340380.0,2,2,100.0,3.74,81.2
IMAGE PRINTERS PTE. LTD.,28110.0,1,1,76.16,4.9,67.26
IMCOMP INTERNATIONAL PTE LTD,243276.3,2,2,98.07,3.29,76.27
IMCS CONSTRUCTION PTE. LTD.,2506846.0,3,3,97.17,4.04,77.92
IMD CONTRACTORS PTE. LTD.,21450.0,1,1,80.21,4.68,77.72
IMEC TECHNOLOGY PTE LTD,226780.0,1,1,96.06,3.67,78.89
IMGVISION PTE. LTD.,402200.0,6,6,90.69,4.29,69.65
IMMEDIATE MARKETING PTE. LTD.,42960.0,1,1,86.18,4.43,70.73
IMMERSIVELY PTE. LTD.,416.0,1,1,81.41,3.58,70.53
IMOTIONS PTE. LTD.,84641.0,1,1,82.25,4.06,61.8
IMPACT! MEDIA MONITORING LLP,275400.0,2,1,100.0,4.01,81.42
IMPACTECH PTE. LTD.,333333.32,1,1,88.01,3.77,86.95
IMPERIAL COURT PTE. LTD.,1579.4,1,1,94.26,5.0,85.96
"IMPERIAL HOTEL, LTD",217880.07,3,1,81.67,3.64,75.38
IMPERIUM SOLUTIONS PTE. LTD.,1800532.5,5,3,81.76,4.7,69.89
IMPETUS MARKETING GROUP PTE. LTD.,220745.0,1,1,96.66,3.86,85.44
IMPETUZ LLP,233400.0,2,1,77.2,3.45,84.39
IMPOSSIBLE PSYCHOLOGICAL SERVICES,380825.0,1,1,84.68,4.16,80.17
IMRAN BIN AHMAD,10640.0,1,1,88.27,4.49,95.44
IMRB MILLWARD BROWN INTERNATIONAL PTE LTD,8269324.0,12,7,88.89,4.65,77.74
IMS MAHAJAK PRO AUDIO PTE. LTD.,360755.0,2,2,86.57,5.0,75.43
IMS Mahajak Pro Audio Pte. Ltd.,755779.0,5,3,91.17,5.0,74.0
IMT Scientific Resources Sdn. Bhd.,5079.67,1,1,93.54,4.25,62.39
IN THE WILD CREATIVE LLP,105186.42,2,2,93.88,3.7,84.61
IN THE WILD PTE. LTD.,8800.0,1,1,80.11,4.37,76.95
INARTS COLLECTIVE,180900.0,1,1,85.73,3.94,83.1
INCALL SYSTEMS PTE LTD,2059202.0,2,1,97.56,4.66,96.42
INCHONE PTE. LTD.,677950.0,3,3,95.16,3.32,74.09
INCISIVE LAW LLC,2850.0,2,1,77.02,5.0,54.62
INCLUS PTE. LTD.,22720.0,1,1,90.81,4.61,82.81
INCO,165000.0,1,1,72.17,3.09,79.67
INCORPORATED BUILDERS PTE LTD,86790517.0,3,1,88.38,3.67,70.68
INDAT ENGINEERING PTE. LTD.,3664180.0,6,2,100.0,4.59,81.97
INDC PTE. LTD.,158430.0,2,2,80.42,4.81,85.86
INDECO CONSORTIUM PTE LTD,4.84,1,1,81.33,3.34,68.53
INDECO ENGINEERS (PTE) LTD,369844842.3,25,10,94.11,4.53,74.99
INDEPENDENT PROJECT ANALYSIS PRIVATE LIMITED,125480.0,1,1,75.66,2.93,92.77
INDIA INTERNATIONAL INSURANCE PTE LTD,1986964.1047490002,17,6,82.94,4.05,70.78
INDOGUNA (SINGAPORE) PTE LTD,207535.32,8,4,92.77,4.77,78.67
INDOXING GROUP PTE. LTD.,17265.0,1,1,82.93,3.77,51.76
INDUSTRIAL & COMMERCIAL SECURITY PTE LTD,2724200.48,1,1,86.11,3.2,63.18
INDUSTRIAL & SAFETY EQUIPMENT (PTE) LTD,81090.0,1,1,93.95,4.19,79.58
INFICON PTE LTD,719800.0,2,2,91.37,3.74,90.28
INFIELD PROJECTS PRIVATE LIMITED,40001.8,2,2,90.13,4.48,64.38
INFINITE COMPUTER SOLUTIONS PTE LTD,399744.0,4,4,85.29,3.57,78.75
INFINITE FRAMEWORKS PTE LIMITED,108300.0,1,1,90.96,3.64,74.24
INFINITUS LAW CORPORATION,1264245.0,7,6,87.01,2.89,87.53
INFINITY DESIGN AND ENGINEERING PTE. LTD.,687252.3,3,3,91.66,4.2,65.82
INFINITY PRESS SDN. BHD.,1.0,1,1,84.02,4.0,82.3
INFLUENCE SOLUTIONS PTE. LTD.,2.0,1,1,86.54,3.39,71.46
INFO ACCESS AND DISTRIBUTION (HK) LIMITED,419296.0,1,1,80.08,4.22,80.23
INFO LAB PTE. LTD.,96000.0,1,1,87.72,4.72,78.69
INFOCEPTS PTE. LTD.,2002007.0,1,1,81.51,3.97,75.48
INFODRIVE SOLUTIONS PTE. LTD.,1.0,1,1,79.09,4.26,82.78
INFOHOST PTE LTD,1034092.6599999999,4,2,90.07,4.26,78.44
INFONET SYSTEMS AND SERVICES PTE LTD,181184.5,1,1,89.7,3.38,76.67
INFORMA SOLUTIONS PTE. LTD.,1.0,1,1,94.26,5.0,74.44
INFORMATICA S.E.A. PTE. LTD.,338806.52,3,1,84.55,3.82,78.78
INFOSTRADA B.V.,405900.0,1,1,91.26,4.49,80.22
"INGENIERIA Y ECONOMIA DEL TRANSPORTE, S.A.",174146.19,1,1,92.41,4.56,68.11
INGERSOLL-RAND SINGAPORE ENTERPRISES PTE. LTD.,845000.0,1,1,91.56,4.02,74.51
INGERSOLL-RAND SOUTH EAST ASIA (PRIVATE) LIMITED,1478178.0,3,3,81.39,4.46,67.45
INK AND PIXEL PTE. LTD.,756264.15,3,3,89.19,4.25,77.6
INK ON PAPER COMMUNICATIONS PTE. LTD.,136650.0,1,1,90.91,3.25,72.08
INK PUBLISHING PTE. LTD.,2.0,1,1,88.06,3.9,85.71
INKSPIRE GROUP LLP,111150.0,3,3,71.31,3.73,84.73
INLINGUA SCHOOL OF LANGUAGES PTE. LTD.,5495900.0,3,1,89.28,3.82,68.77
INNERSOURCE DATA PTE. LTD.,4400781.12,2,1,100.0,3.32,77.98
INNERWORKZ,153300.0,1,1,85.12,4.78,84.39
INNGOT LIMITED,160000.0,1,1,82.18,5.0,76.25
INNOCO OIL PTE LTD,147000.0,1,1,90.99,4.69,70.72
INNOCOM TECHNOLOGIES PTE LTD,1223518.4,8,7,90.5,4.86,67.08
INNOFLEX PTE. LTD.,964629.2,4,2,97.54,3.89,86.54
INNOHEART PTE. LTD.,348657.0,1,1,77.94,3.72,87.03
INNOLAS SOLUTIONS GMBH,2435000.0,1,1,93.85,3.63,75.92
INNOTEL MANAGEMENT PTE. LTD.,165.0,1,1,92.72,4.49,85.66
INNOTREK PTE. LTD.,555111.0,9,4,86.86,4.24,48.35
INNOVA MARKET INSIGHTS B.V.,198000.0,1,1,90.71,4.05,91.28
INNOVATIVE DIAGNOSTICS PRIVATE LIMITED,11099243.2,2,2,96.24,4.88,76.43
INNOVAX SYSTEMS PTE LTD,694100.0,1,1,94.98,4.34,79.42
INOVA MOTION PTE. LTD.,1500.0,1,1,78.86,3.6,74.79
INQUIRING DIALOGUE PTE. LTD.,135000.0,1,1,94.56,3.69,91.96
INRESEARCH PTE. LTD.,626975.0,5,4,87.48,4.51,67.39
INRI INTERNATIONAL PTE. LTD.,1228.74,5,2,88.58,4.73,92.74
INSCAPE LIMITED,97206.89,1,1,88.59,4.43,81.96
INSEAD,972260.0,2,2,86.8,5.0,84.23
INSERT COIN PTE. LTD.,142072.5,1,1,97.53,5.0,74.71
INSIGHT TECHNOLOGY SOLUTIONS PTE. LTD.,352834.45,2,2,87.33,4.36,64.92
INSIGHTMATRIX,4336249.96,17,13,79.04,3.6,87.31
INSPIRE JOY,928045.0,5,1,84.85,3.31,81.11
INSPIROGEN PTE. LTD.,7590.0,2,1,89.43,3.87,91.62
INSTA BIOANALYTIK PTE. LTD.,58570.0,5,4,97.83,4.55,76.06
INSTANT REPLAY PRODUCTIONS PTE LTD,96430.0,2,1,92.82,5.0,73.81
INSTITUTE OF MENTAL HEALTH,5610320.0,3,1,81.2,4.35,91.88
INSTREAM CORPORATION PTE LTD,10320.0,1,1,100.0,4.8,97.12
INSULGLAS SYSTEMS PTE LTD,503472.0,2,2,90.12,3.95,78.09
INT SUPPLY PTE. LTD.,56665.0,4,1,98.2,4.47,70.47
INTAGE SINGAPORE PTE. LTD.,381270.0,1,1,86.79,4.59,86.11
INTAIR ASIA PTE LTD,470370.0,1,1,92.27,2.91,75.46
INTEGRATED ALLIED SERVICES PVT LTD,983623.95,1,1,94.72,3.85,83.99
INTEGRATED DECISION SYSTEMS CONSULTANCY PTE LTD,26400.0,1,1,97.75,4.67,75.41
INTEGRATED DNA TECHNOLOGIES PTE. LTD.,1934408.37,10,5,96.46,4.26,93.64
INTEGRATED HEALTH PLANS PTE LTD,4201895.0,6,3,94.98,3.38,71.01
INTEGRATED PROPERTY CONSULTANTS PTE. LTD.,0.02,2,1,85.48,2.64,82.81
INTEGRATIVE LEARNING CORPORATION PTE LTD,1.0,1,1,83.43,3.88,73.11
INTEGRITY PARTNERS PTE. LTD.,1.0,1,1,90.66,4.06,75.18
INTEL TECHNOLOGY ASIA PTE LTD,869550.0,1,1,95.47,3.57,73.88
INTELLECT GROUP SOLUTIONS,223146.0,1,1,86.22,4.19,85.39
INTELLEDOX ASIA PTE. LTD.,758688.8400000001,2,2,96.52,4.4,87.18
INTENSECOMP PTE. LTD.,1500000.0,1,1,99.62,4.5,83.58
INTERCONSULTANTS PTE LTD,1733776.95,17,5,80.67,2.69,76.92
INTERCONTINENTAL SINGAPORE,328579.96,12,3,81.3,3.31,79.4
INTERCORP SOLUTIONS PTE LTD,9225812.5,3,1,86.88,3.92,86.98
INTEREST COMMUNICATION GROUP,131061.0,1,1,90.46,4.44,87.29
INTERFACE TOURISM,453465.0,1,1,83.8,4.39,51.1
INTERGLOW (S) PTE. LTD.,865813.08,2,1,98.82,4.38,75.28
INTERLINK POWER SYSTEM PTE LTD,77060.0,1,1,91.39,3.87,75.76
INTERLOCK SECURITY AND INVESTIGATION SERVICES PTE LTD,7513896.1,4,4,88.32,3.9,84.69
INTERMARINE SUPPLY COMPANY (PRIVATE) LIMITED,240000.0,1,1,76.51,3.66,77.33
INTERMASS FISCHER-ASIA PTE LTD,343020.0,2,1,77.47,4.56,85.19
INTERMAY CONSULTECH PRIVATE LIMITED,2783539.0,1,1,90.25,3.55,67.21
INTERNAL CONSULTING GROUP SINGAPORE PTE. LTD.,1.0,1,1,70.94,4.61,80.6
INTERNATIONAL BEARINGS (PTE) LTD.,174400.0,1,1,96.1,4.22,87.0
INTERNATIONAL CATERING PTE LTD,4037093.55,5,4,86.73,4.07,63.26
INTERNATIONAL DATA CORPORATION ASIA/PACIFC PTE LTD,170918.0,2,2,100.0,3.71,100.0
INTERNATIONAL DATA CORPORATION ASIA/PACIFIC PTE LTD,2879421.3,2,2,100.0,3.29,89.91
INTERNATIONAL DEFENSE ARTS ACADEMY,6000.0,1,1,86.55,3.71,78.01
INTERNATIONAL FACILITY ENGINEERING PTE. LTD.,85720.0,1,1,87.15,3.9,69.72
INTERNATIONAL INFORMATION SERVICES,12800.0,1,1,95.96,2.68,76.25
INTERNATIONAL PAINT SINGAPORE PTE. LTD.,1994215.0,1,1,100.0,3.98,78.84
INTERNATIONAL PARADISE CONNEXIONS TOURS & TRAVELS PTE LTD,1630370.0,9,5,74.9,4.65,82.41
INTERNATIONAL SCIENTIFIC (PRIVATE) LIMITED,4104556.6,8,4,73.71,4.44,93.01
INTERNATIONAL SOS PTE LTD,6128148.0,4,4,83.02,3.8,73.24
INTERNATIONAL TYPESETTERS PTE LTD,90056.0,3,1,92.66,4.13,83.63
INTERSCIENCE SDN BHD,22920.800000000003,2,1,91.97,3.77,65.08
INTERSECT PTE. LTD.,437500.0,1,1,96.56,4.19,73.86
INTERSOFTKK (SINGAPORE) PTE. LTD.,72280.0,1,1,78.4,5.0,81.77
INTERSWIFT MOVING AND STORAGE PTE. LTD.,410435.5,2,1,69.47,4.68,84.91
INTERTEK TESTING SERVICES (SINGAPORE) PTE LTD,1422868.0,3,3,94.86,4.41,70.47
INTERVISTAS CONSULTING INC.,219157.0,2,1,81.37,3.8,73.59
INTEXCO (PTE) LTD,814737.0,1,1,71.85,4.55,92.61
INTO E PTE. LTD.,99336.0,2,2,89.16,3.09,89.62
INTRADO EC SINGAPORE PRIVATE LIMITED,433608.0,1,1,94.35,3.95,80.08
INTRAIX PTE. LTD.,696000.0,2,2,87.02,4.45,55.63
INTRICON PTE. LTD.,4586001.7,4,1,84.34,4.54,100.0
INTROSPECTIVE SOLUTIONS! LLP,2800.0,1,1,86.73,4.5,77.8
INTUITIVE FILMS,232400.0,2,1,85.04,4.28,74.87
INTUNE MUSIC PTE. LTD.,140400.0,1,1,77.22,3.98,72.78
INUOSYS SOLUTIONS PTE. LTD.,66500.0,1,1,82.28,4.42,81.76
INVADE INDUSTRY PTE. LTD.,599541.11,1,1,92.17,3.53,81.87
INVENGO TECHNOLOGY PTE. LTD.,205034.0,2,1,90.57,3.59,87.51
INVENTRIK PTE. LTD.,133200.0,1,1,89.34,4.14,68.74
INVESCO ASSET MANAGEMENT SINGAPORE LTD,1.0,1,1,80.04,4.2,74.88
INVESTEC ASSET MANAGEMENT SINGAPORE PTE. LIMITED,202500.0,1,1,86.55,3.0,98.31
INVICTUS LAW CORPORATION,6950.0,1,1,70.58,4.37,80.25
INVIVOS PTE. LTD.,32677.5,1,1,89.43,4.56,76.27
INVOGUE BIZ PTE. LTD.,3629432.1,10,5,99.43,4.05,68.58
INVOKE PTE. LTD.,636099.22,1,1,76.21,5.0,83.06
INX EVENTS & PRODUCTIONS PTE. LTD.,2.0,1,1,83.31,3.69,88.31
IO-CONSULTANTS PTE. LTD.,350000.0,1,1,90.63,3.88,86.75
IONICON ANALYTIK GESELLSCHAFT M.B.H,233500.0,1,1,98.02,3.86,75.41
IOP A/ PTE. LTD.,57000.0,1,1,84.41,4.05,81.61
IOSYS SOLUTIONS PTE. LTD.,377967.0,2,2,82.46,3.9,94.72
IP Academy,1838000.0,2,1,72.25,3.26,88.71
IPA SINGAPORE PTE. LTD.,91776.0,1,1,88.83,3.77,70.16
IPAV Limited,1239602.02,1,1,100.0,4.04,52.54
IPC INFORMATION SYSTEMS (SINGAPORE) PTE LTD,584322.27,1,1,90.22,4.84,80.97
IPG MEDIABRANDS (SINGAPORE) PTE. LTD.,5736990.03,13,10,87.82,5.0,85.99
IPOS INTERNATIONAL PTE. LTD.,996760.0,1,1,90.58,4.9,67.11
IPS SECUREX PTE. LTD.,652943.01,3,3,87.91,3.63,77.91
IPSOS PTE. LTD.,12217822.25,21,9,81.5,3.68,75.36
IPTEC PTE. LTD.,89900.0,1,1,94.59,4.0,79.04
IQ DYNAMICS PTE LTD,177950.0,1,1,89.81,5.0,72.55
IQ TENNIS,64000.0,1,1,88.14,4.0,90.91
IQVIA SOLUTIONS ASIA PTE. LTD.,330000.0,1,1,80.2,3.3,79.48
IRADAR SDN. BHD.,98508.72,2,1,98.43,3.8,69.21
IRON MOUNTAIN SINGAPORE PTE. LIMITED,305380.37,2,2,93.32,4.55,87.17
IRON MOUNTAIN SINGAPORE PTE. LTD.,3477586.37,6,6,83.58,4.51,65.36
IRTISH CONSULTING PTE. LTD.,69664.0,3,3,96.01,3.98,90.84
ISA TECHNOLOGY PTE LTD,97200.0,1,1,84.02,4.51,87.91
ISAGE COMMUNICATIONS PTE. LTD.,103870.0,1,1,81.74,2.74,91.9
ISCOTTSBERG SOLUTIONS PTE. LTD.,53400.0,1,1,81.92,4.16,76.42
ISE TRAVEL PTE. LTD.,247113.0,4,3,73.83,4.62,73.04
ISENTIA BRANDTOLOGY PTE. LTD.,1166352.0,10,8,91.77,3.6,78.84
ISENTIA PTE. LTD.,162000.0,1,1,73.35,3.6,77.16
ISLAND RECOVERY SERVICES,41865550.45,5,3,78.17,2.98,71.47
ISO-TEAM CORPORATION PTE LTD,26642820.0,10,5,71.4,5.0,72.46
ISOCOM TECHNOLOGY PTE LTD,82500.0,1,1,87.31,3.67,74.34
ISOLAB (S) PTE LTD,996318.0,2,1,86.8,4.24,66.3
ISOLECTRA FAR EAST PTE. LTD.,6352986.0,1,1,85.39,4.46,84.78
ISOTEAM C&P PTE. LTD.,519701.0,3,2,79.66,5.0,77.48
ISOTEAM GREEN SOLUTIONS PTE. LTD.,1885758.95,1,1,78.62,4.01,74.92
ISPL PTE LTD,1480000.0,1,1,91.71,3.78,66.9
ISPL PTE. LTD.,81750.09,1,1,83.6,4.2,66.4
ISS FACILITY SERVICE SDN BHD,67034.28,1,1,90.53,4.87,97.36
ISS FACILITY SERVICES PRIVATE LIMITED,43577009.5,10,9,80.92,4.0,71.73
ISS HYDROCULTURE PTE. LTD.,15528.9,3,2,89.45,3.53,84.11
ISS Security Guarding Co. Ltd.,223102.46,1,1,98.43,3.18,79.63
IT CONSULTANCY & SERVICES PTE LTD,1.0,1,1,92.69,3.37,50.25
IT MENG LANDSCAPE & CONSTRUCTION PTE LTD,344236.63,2,2,84.7,4.62,95.92
IT MENG LANDSCAPE & CONSTRUCTION PTE. LTD.,534347.51,2,1,90.06,3.91,84.84
IT TECH RESEARCH (M) SDN.BHD.,36020.41,3,1,86.07,3.74,70.32
IT TECHNOLOGIES PTE LTD,1530683.85,10,5,88.06,3.67,77.72
IT-BIO PTE. LTD.,1017824.0,1,1,85.4,4.15,66.51
IT-DNS PTE. LTD.,304400.0,1,1,86.69,3.96,96.26
ITAC SOLUTION SDN BHD,137891.46,2,1,89.7,3.94,68.92
ITALMATIC TYRE & RETREADING EQUIPMENT (ASIA) PTE LTD,897740.28,1,1,80.05,4.91,72.77
ITCAN PTE. LIMITED,1997247.0,14,6,79.87,5.0,70.7
ITECH VISION PTE LTD,55438.8,3,1,76.89,3.13,78.8
ITHACA PTE. LTD.,449410.0,3,1,75.2,4.3,91.7
ITHERA MEDICAL GMBH,81215.0,1,1,78.26,3.63,95.89
ITLINK BUSINESS SOLUTIONS (S) PTE LTD,178072.74,2,1,89.28,3.95,74.01
ITO SECURITY PTE. LTD.,84741.8,1,1,80.86,4.29,81.78
ITRON METERING SYSTEMS SINGAPORE PTE. LTD.,3347900.0,4,1,92.11,3.97,78.82
ITS SCIENCE & MEDICAL PTE LTD,3790616.8,15,8,88.28,4.24,68.18
ITS Science & Medical Pte Ltd,18282313.27,49,13,72.25,4.5,100.0
ITT GLOBAL LEARNING PTE. LTD.,272523.8,5,2,93.24,4.28,91.63
ITW PTE. LTD.,1704560.0,6,5,94.49,3.71,79.89
ITW Playworx Media and Entertainment Pvt Ltd,155492.92,1,1,80.05,3.72,93.82
IWATANI CORPORATION (SINGAPORE) PTE. LTD.,671080.0,1,1,91.36,3.24,90.12
IWOW TECHNOLOGY PTE LTD,231092.0,2,2,81.15,3.59,78.82
IX TECHNOLOGY PTE. LTD.,1756556.0,7,6,88.78,5.0,81.26
IZEN BIOSCIENCES PRIVATE LIMITED,935200.0,1,1,77.88,3.62,93.12
IZENO PRIVATE LIMITED,3121604.09,7,4,73.66,3.38,68.54
IZHAN ENTERPRISE,2.0,2,1,84.94,4.29,94.74
I_POSSIBLE PTE. LTD.,4537932.0,2,2,87.01,4.03,75.75
Image Creative Design Pte Ltd,2008903.0,6,3,84.82,3.98,93.25
Imperium Solutions Pte Ltd,1298918.3,4,3,78.53,4.95,77.95
Inashco B.V.,172500.0,1,1,84.8,4.43,81.38
Industrial Electronics Pte Ltd,285400.0,2,1,90.15,3.78,77.66
Ingrid Design Pte Ltd,828738.0,4,3,87.64,3.85,72.68
Innocom Technologies Pte Ltd,3211271.63,16,9,89.46,3.8,75.3
Innomed Pte Ltd,123500.0,1,1,82.64,4.62,91.79
Innoplan Technology Pte Ltd,2040312.0,2,2,97.37,3.92,54.86
Innovative Management Partner,485625.0,1,1,78.59,3.02,65.61
Inspireworkz pte ltd,1939.4,1,1,91.9,4.07,70.75
"Institution of Engineers Singapore, The",184400.0,2,1,97.46,3.18,67.22
Instructure Global Limited,593194.75,2,2,91.85,5.0,93.1
Intec Precision Equipment Pte Ltd,4118063.24,4,4,86.38,3.52,90.58
Integrated Learning Systems Pte Ltd,19600.0,1,1,83.77,4.0,83.92
Integrative Learning Corporation Pte Ltd,199494.75,6,5,96.29,4.25,71.62
Interhorizon Corporation Pte Ltd,1275166.0,3,2,76.62,3.93,91.35
Interlink Power System Pte Ltd,1229884.0,3,3,80.24,3.93,62.12
Intermay Consultech Pte Ltd,8257477.84,2,2,84.82,4.35,99.42
International SOS Pte Ltd,1389860.0,5,5,97.9,5.0,71.15
Into E Projects,113922.0,3,2,91.04,4.56,75.38
Intrinsec Security Inc,49000.0,1,1,80.26,4.99,73.71
Isa Halim,397200.0,1,1,85.52,3.47,67.27
Iterate Pte Ltd,346000.0,1,1,83.09,4.29,97.25
J K Foo Consortium Pte Ltd,0.0,1,1,82.32,4.19,85.89
J KEART ALLIANCES PTE. LTD.,2511535.5,7,4,95.83,4.31,90.15
J&CO ENGINEERING PTE. LTD.,893950.0,1,1,77.03,4.93,65.76
J'KIDS AMUSEMENT PTE. LTD.,1512874.7,7,4,100.0,3.97,79.81
J. KEART ALLIANCES PTE. LTD.,3421004.0,4,3,94.63,3.86,83.21
J. M. PANG & SEAH (PTE) LTD,2158740.0,5,3,96.73,4.42,80.71
J. WALTER THOMPSON (SINGAPORE) PTE. LTD.,19510734.05,6,5,84.3,3.03,66.4
J.M ART TAILORING AND DRESSMAKING,31955.0,1,1,86.8,3.96,88.76
J.P. ELECTRONICS PTE LTD,231000.0,1,1,76.53,4.02,79.22
JA ENGINEERING AND TRADING PTE. LTD.,172000.0,1,1,83.8,3.55,68.45
"JACK ROUSE ASSOCIATES, INC.",151000.0,1,1,91.95,4.73,59.45
JACKIE'S ENTERPRISES (S) PTE LTD,188760.0,1,1,98.37,3.46,84.07
JACKS BS SINGAPORE PTE. LTD.,432.0,1,1,79.14,4.02,100.0
JACOBS INTERNATIONAL CONSULTANTS PTE. LTD.,3520285.0,13,10,85.08,4.28,67.85
JADIA LOGISTICS PTE. LTD.,4491509.0,14,7,86.79,4.91,79.7
JAGA-ME PTE. LTD.,12584.0,1,1,76.83,4.09,89.1
JAGUAR GAS & ENGINEERING SDN. BHD.,43797.57,3,1,92.73,4.66,65.3
JAIE GROUP PTE. LTD.,76320.0,1,1,82.21,4.52,73.2
JAKE ENTERPRISE PTE LTD,157450.0,2,1,86.44,4.17,69.4
JAMES ALUMINIUM DESIGN & CONTRACT PTE LTD,202641.0,1,1,84.38,3.45,87.85
"JANGHO GROUP CO., LTD. SINGAPORE BRANCH",37803429.730000004,2,2,81.69,3.24,91.26
"JANI-KING OF WASHINGTON D.C., INC.",483161.76,1,1,87.94,4.16,79.59
JANISON SOLUTIONS PTY LTD,508000.0,1,1,86.28,3.77,69.58
JANUS HENDERSON INVESTORS (SINGAPORE) LIMITED,340001.0,2,2,85.03,4.65,73.57
JAPAN QUALITY ASSURANCE ORGANISATION,13536.6,1,1,82.17,4.55,71.7
JARDIFLORE SPRL,411619.03,2,1,90.56,3.99,68.23
JARDIN ENCHANTE PTE. LTD.,1080000.0,1,1,100.0,3.41,76.98
JARDINE LLOYD THOMPSON PRIVATE LIMITED,169000.0,2,2,89.12,4.41,83.75
JARDINE ONESOLUTION (2001) PTE LTD,52974014.08,47,18,95.97,3.49,82.9
JAS FORWARDING (SINGAPORE) PTE. LTD.,34500.0,1,1,76.88,3.64,77.92
JASA INVESTIGATION & SECURITY SERVICES PTE LTD,8093010.0,3,3,89.26,3.51,78.57
JASON LIONG ARCHITECTS,100000.0,1,1,79.22,4.02,77.18
JAVINI PTE. LTD.,1906180.0,1,1,76.18,4.8,65.03
JAVY GROUP PTE. LTD.,20794.0,1,1,82.09,4.1,79.6
JAVY SPORTS PTE. LTD.,93784.0,1,1,97.54,3.83,72.16
JB PARADE SDN.BHD.,301214.0,2,2,95.6,3.18,64.53
JB TECHNICAL SERVICES,69600.0,1,1,89.94,4.43,81.71
"JC & ASSOCIATES COMMUNICATIONS, INC.",336177.0,1,1,75.74,3.63,71.88
JC DECAUX SINGAPORE PTE LTD,135000.0,1,1,86.43,4.17,80.28
JCP CONSULTANCY INTERNATIONAL LIMITED,75950.0,2,2,90.41,3.89,86.48
JCQ SOLUTIONS PTE. LTD.,115000.2,1,1,89.4,4.6,68.5
JD ACOUSTIC PTE. LTD.,680626.8300000001,4,3,73.25,4.01,78.92
JD TALENTS MANAGEMENT & CONSULTANCY PTE. LTD.,173300.0,1,1,80.88,4.06,59.9
JD UNION PTE. LTD.,188046.0,1,1,87.49,4.39,93.33
JD WATERS PTE. LTD.,3728500.0,2,1,92.29,5.0,64.41
JE NE SAIS QUOI RESEARCH SOLUTIONS,238629.0,1,1,70.43,4.63,72.85
JEAN LUC CHARLES LEBRUN,29023.0,1,1,86.7,4.05,91.38
JEBSEN & JESSEN COMMUNICATIONS (S) PTE LTD,488928.0,1,1,89.14,4.1,75.65
JEBSEN & JESSEN TECHNOLOGY (M) SDN. BHD.,71672.56,1,1,94.8,3.79,66.03
JEBSEN & JESSEN TECHNOLOGY (S) PTE. LTD.,3402590.88,2,1,93.54,3.53,85.13
JEEVASTANA ENTERTAINMENT PTE. LTD.,253500.0,2,1,92.66,3.77,84.91
JEI FONG ENGINEERING PTE. LTD.,7687600.0,6,4,81.6,3.64,71.67
JEL MAINTENANCE PTE LTD,66199138.0,11,2,72.74,4.49,72.75
JEN SINGAPORE TANGLIN BY SHANGRI-LA,12581.8,1,1,84.86,3.46,73.65
JEOL ASIA PTE. LTD.,18655607.0,14,5,96.01,4.9,75.93
JESC REALTY LLP,0.02,2,1,99.15,4.55,59.07
JESTAC PTE. LTD.,97956.8,2,2,93.68,4.11,76.19
JGP ARCHITECTURE (S) PTE LTD,2826806.9,7,4,91.43,4.1,95.84
JGP Architecture (S) Pte Ltd,4.4,2,2,91.04,3.77,69.04
JI-HON DEVELOPMENT PTE LTD,1442000.0,4,4,83.55,4.26,72.17
JIA QUANTITY SURVEYORS & PROJECT MANAGERS PTE LTD,0.0,2,1,86.96,4.75,66.16
JIA YI CONSTRUCTION PTE. LTD.,246060000.0,2,1,100.0,3.68,84.12
JIAM CONSTRUCTION,79610.5,2,1,80.46,3.18,90.03
JIB SPECIALIST CONSULTANTS PTE. LTD.,46352076.0,20,9,100.0,4.52,89.8
JIE XUAN ENGINEERING PTE. LTD.,1671312.0,6,4,85.42,4.29,65.52
JIGZAW PRODUCTIONS PTE. LTD.,284500.0,2,1,98.6,3.43,83.0
JIM & HALL'S PTE. LTD.,87446.0,1,1,76.75,3.66,92.34
JIM COLEMAN CADILLAC,90614.43,1,1,92.69,3.58,83.1
JIMLI FROZEN FOODS,189715.65,6,3,82.11,3.67,82.78
JIN CHOON CIVIL ENGINEERING PTE. LTD.,152589100.0,11,4,76.68,3.91,73.28
JIN CUISINE PTE. LTD.,881628.2,1,1,89.75,3.94,80.2
JIN DING TRADING COMPANY,29774.0,1,1,96.08,3.71,90.36
JIN FUNG ENTERPRISE PTE. LTD.,12245.85,1,1,81.24,3.65,81.28
JINGKE TECHNOLOGY PRIVATE LIMITED,16480.0,1,1,76.01,3.96,65.52
JINMAC PTE LTD,2167085.0,1,1,87.27,4.2,73.44
JINSON ENGINEERING & TRADING PTE LTD,196000.0,1,1,87.3,3.91,90.09
JIT SHENG PROVISION TRADING PTE. LTD.,90863.8,4,3,92.39,4.8,81.25
JJ CONSTRUCTION PTE. LTD.,458000.0,1,1,95.6,4.4,79.19
JJ EXPRESS SERVICES,1.0,1,1,87.52,3.15,72.46
JK TECHNOLOGY PTE LTD,6245647.0,9,7,100.0,4.41,89.89
JK TRUDATA SOLUTIONS PTE. LTD.,2344664.86,5,5,89.79,4.46,94.62
JK Technology Pte Ltd,22583534.91,23,14,85.23,3.84,90.63
JK59 TRANSPORT PTE. LTD.,707616.0,1,1,75.11,3.2,92.43
JKK TECHNOLOGIES PTE. LTD.,498550.0,1,1,85.9,4.1,74.41
JLC ADVISORS LLP,1500.0,1,1,85.31,4.1,73.0
JMD PACIFIC PTE. LTD.,2537284.63,3,2,95.68,3.43,76.44
JME ENGINEERING PTE. LTD.,3759360.0,3,1,91.7,3.23,78.39
JME GLOBAL PTE. LTD.,1416478.75,1,1,78.57,4.05,92.31
JMJ DISTRIBUTION SERVICES PTE LTD,270480.0,2,1,89.38,3.96,89.66
JMS SINGAPORE PTE LTD,1943115.25,3,1,93.37,3.85,83.38
JMZ SPORTS MANAGEMENT,44100.0,1,1,100.0,4.05,63.69
JN ENGINEERING (PRIVATE) LIMITED,5276332.0,9,6,95.1,3.44,61.12
JNR ENTERTAINMENT PRIVATE LIMITED,528512.41,6,2,94.09,3.84,80.4
JNR EVENT PRIVATE LIMITED,765450.0,1,1,88.48,4.42,86.8
JOAN WALKER PTE. LTD.,228000.0,1,1,91.11,3.89,77.2
JOBSTER PRIVATE LTD.,4270.129999999999,9,7,98.0,3.1,97.15
JOBSTUDIO PTE. LTD.,551113.3200000001,2,2,77.34,3.82,67.18
JOEVENT INTERNATIONAL,244190.0,2,2,85.2,3.46,65.92
JOHN HOLLAND ELECTRICAL & SERVICE PTE LTD,2505832.0,2,1,81.82,4.26,71.36
JOHN HOLLAND ENGINEERING PTE LTD,243000.0,1,1,91.03,4.29,70.98
JOHN SHORB LANDSCAPING,130582.75,1,1,97.84,3.1,83.26
JOHNSON CONTROLS (S) PTE. LTD.,80478671.0,21,16,83.22,4.56,73.78
JOHNSON SCIENTIFIC EQUIPMENT COMPANY,46900.0,2,1,68.88,3.43,62.52
JOHSEN EQUIPMENT CO PTE LTD,54375.0,1,1,84.7,5.0,86.92
JOINT & Y ENTERPRISE PTE. LTD.,8664676.98,11,4,95.31,4.07,60.4
JOINT ANALYTICAL SYSTEMS (SINGAPORE) PTE. LTD.,661714.0,4,2,92.3,3.35,67.29
JONDAVIDSON PTE. LTD.,54.0,2,2,91.43,3.41,61.77
JONES DAY,3385.0,1,1,85.76,4.31,80.07
JONES LANG LASALLE PROPERTY CONSULTANTS PTE LTD,26098693.0,6,5,77.77,3.87,79.86
JONKERS RESOURCES,330000.0,1,1,92.12,4.04,97.16
JOS APPLICATIONS (S) PTE. LTD.,297411.92,2,2,81.33,5.0,87.14
JOSEPH & ANG ENGINEERS,117500.0,1,1,100.0,3.68,92.42
JOSEPH TAN JUDE BENNY LLP,1860.0,2,1,92.56,4.14,80.89
JOSHUA RESEARCH CONSULTANTS PTE. LTD.,618196.0,2,1,83.35,4.95,68.23
JOURNEYFUL PTE. LTD.,229673.5,1,1,83.11,4.26,79.28
JOYOUS SE ENGINEERING,52740.0,1,1,87.26,3.14,83.92
JOYSON PTE. LTD.,1447758.0,3,1,86.08,4.4,85.04
JP KNIGHTS PTE LTD,2102.0,1,1,96.93,3.4,73.28
JPKINSTRUMENTS AKTIENGESELLSCHAFT (SINGAPORE BRANCH),361950.0,1,1,89.49,4.94,82.89
JPL CONSULTANTS PTE. LTD.,450960.5,5,3,82.15,3.61,68.67
JPL WONG & CO,583500.0,4,4,100.0,5.0,67.57
JPLW FINANCIAL PAC,39202.0,3,1,88.39,4.98,66.84
JPMORGAN ASSET MANAGEMENT (SINGAPORE) LIMITED,0.55,1,1,94.15,3.62,78.25
JPN INDUSTRIAL TRADING PTE LTD,279980.0,1,1,83.13,4.11,66.22
JPP FAR EAST (S) PTE LTD,6745000.0,1,1,90.9,4.55,73.75
JPP Far East (S) Pte Ltd,6878000.0,1,1,90.49,4.57,87.03
JPT ELECTRONICS PTE. LTD.,140000.0,1,1,72.88,4.37,67.71
JR ENGINEERING & CONSTRUCTION PTE. LTD.,55530.0,1,1,100.0,4.85,72.96
JR FOODS PTE. LTD.,139480.2,1,1,98.33,4.03,78.72
JS METAL PTE. LTD.,65994200.8,10,9,84.82,3.88,80.47
JS SPORTS MARKETING,63000.0,1,1,79.18,3.89,73.01
JSM CONSTRUCTION GROUP PTE. LTD.,79917820.0,4,3,90.78,4.62,85.87
JTB PTE LTD,302437.2,3,3,88.69,4.32,83.9
JUNE CHEW CHAI HOON,345.0,2,1,90.85,4.27,89.4
JUNE GU CONSULTANCY,23700.0,2,1,89.53,4.58,77.18
JUNNIMED SERVICES PTE. LTD.,417685.0,6,2,92.05,2.87,72.87
JUPITER BUILDER PTE. LTD.,45667102.0,15,5,99.58,4.29,71.17
JURONG CONSULTANTS PTE LTD/ ATKINS DESIGN ENGINEERING CONSULTANS PTE. LTD./ SURBANA INTERNATIONAL CONSULTANTS PTE. LTD.,8955579.98,1,1,92.54,4.23,81.07
JURONG DISTRICENTRE PTE LTD,101016.0,1,1,79.6,5.0,74.23
JURONG PORT PTE LTD,1.0,1,1,98.9,3.18,72.31
JURUTERA OMC,91580.0,1,1,100.0,5.0,73.52
JURUTERA UJI TATAH SDN. BHD.,29402.52,1,1,100.0,4.15,71.16
JUSFEEDBACK PTE. LTD.,2703960.0,5,5,79.01,4.39,79.99
JUST LAW LLC,690.0,1,1,89.94,5.0,63.87
JUST SIMPLY GIFTS PTE. LTD.,458260.0,2,2,71.34,4.44,81.03
JUST VALUES LLP,0.02,2,1,92.43,4.34,84.77
JUSTLOGIN PTE LTD,127500.0,1,1,83.61,4.25,72.19
JUZZ WEB PTE. LTD.,238640.0,2,1,100.0,3.81,97.22
JVL ENGINEERING PTE LTD,7138727.0,2,2,81.8,4.08,78.18
JW MARRIOTT HOTEL SINGAPORE SOUTH BEACH,126071.5,9,3,74.49,3.67,62.39
JY REALTY PTE. LTD.,0.01,1,1,84.23,4.07,75.19
JYC CONSULTANCY PTE. LTD.,388800.0,1,1,72.2,2.7,78.63
"Jackpot Janitorial & Commercial Services, LLC",442173.62,1,1,94.01,4.36,82.49
Jardine Lloyd Thompson Private Limited,2253059.84,13,7,71.48,4.03,75.43
Jason Electronics (Pte) Ltd,1087290.0,3,3,88.23,3.9,67.88
Jensen Asia Pte Ltd,185690.0,1,1,71.38,4.23,67.05
Jin Ding Trading Company,23000.0,1,1,85.44,3.24,71.46
Jin Shiyi,41580.0,2,2,100.0,5.0,72.42
"Jinjiang Branch of Chengdu Yanlord Property Management Co.,Ltd",105655.68,1,1,90.89,4.04,66.65
Jobline Resources Pte Ltd,49.0,2,2,81.09,4.01,70.67
John Holland Pty Ltd - Zhen Hua (Singapore) Engineering Pte. Ltd. Joint Venture,175741589.0,1,1,87.75,3.52,84.59
John Holland Pty Ltd / McConnell Dowell S.E.A. Pte Ltd Joint Venture,265424634.0,1,1,88.14,4.11,94.48
Jones Lang LaSalle Property Consultants Pte Ltd,10397887.0,8,6,91.78,4.93,85.55
Journeys Pte Ltd,2530606.0,3,3,77.07,4.72,91.06
Joyous SE Engineering,307050.0,3,3,92.74,4.61,87.74
Jurong Districentre Pte Ltd,101376.0,1,1,66.36,4.43,86.33
K C LIM LOCATION PHOTOGRAPHY SERVICES,1567.8,1,1,82.96,3.88,74.62
K G CATERING PTE. LTD.,1562939.64,5,3,84.09,3.23,79.41
K H Lee Engineering & Construction Pte Ltd,8168000.0,2,1,93.07,3.98,73.79
K K ART & DECOR,8394.0,1,1,88.18,3.96,75.81
K L INDUSTRIES PTE LTD,189475.2,1,1,76.76,4.73,78.68
K RATNA SPORTS PTE. LTD.,50082.0,1,1,80.12,4.29,85.14
K&C PROTECTIVE TECHNOLOGIES PTE. LTD.,898000.0,1,1,89.59,5.0,82.23
K&H AVIATION PTE. LTD.,2239700.0,8,5,87.37,4.82,76.38
K&L GATES STRAITS LAW LLC,14657.0,6,6,83.37,3.83,78.56
K. A. FABRIC SHUTTERS PTE. LTD.,620390.0,1,1,84.15,3.02,82.33
K. N. Nursery (B) Sdn Bhd,340734.95999999996,2,1,93.57,4.93,84.67
K. S. SERVICES PTE. LTD.,1141300.0,2,1,83.86,4.92,62.81
K.B.C. ENGINEERING (PTE. LTD.),670000.0,1,1,87.3,3.28,67.23
K.C. DAT (SINGAPORE) PRIVATE LIMITED,774810.0,3,3,100.0,5.0,89.07
K.K. LOGISTICS,601092.1799999999,2,1,76.61,4.33,77.39
K11 SECURITY ENGINEERING PTE. LTD.,163200.0,1,1,73.19,4.2,73.76
K2 PARTNERING SOLUTIONS PTE. LTD.,1.0,1,1,94.27,5.0,75.37
KA-TECH ASIA PTE. LTD.,250850.0,1,1,82.57,4.91,75.36
KADENCE INTERNATIONAL PTE. LTD.,2118328.0,4,3,85.45,4.49,83.58
KAER PTE. LTD.,17052400.0,3,3,81.75,4.38,66.92
KAFFA KALDI PTE LTD,2005.0,1,1,85.92,4.47,78.25
KAFFE ESPLANADE,1351940.0,2,1,100.0,3.86,80.46
KAFFEE KULTUR,360360.0,2,1,94.42,4.07,81.96
KAH ENGINEERING (1986) PTE. LTD.,87066560.0,3,2,94.9,3.56,80.23
KAH MOTOR COMPANY SDN. BERHAD.,83250.0,1,1,76.67,3.9,83.16
KAIA ARCHITECTS,484000.0,2,2,78.79,3.88,72.27
KAIA ARCHITECTS PTE. LTD.,301500.0,1,1,65.29,3.72,68.58
KAIMAY TRADING PTE. LTD.,8018506.7,4,3,81.52,4.18,100.0
KAIROS SINGAPORE HOLDINGS PTE. LTD.,73165.2,1,1,95.65,3.91,74.99
KAIROS STRATEGIC PTE. LTD.,202700.0,1,1,92.14,4.4,76.16
KAISER FOUNDATION HEALTH PLAN OF THE MID ATLANTIC STATES,522541.24,3,1,86.23,3.13,84.78
KAISER-SGI (ASIA) PTE. LTD.,901829.96,1,1,87.82,4.03,93.96
KAJIMA OVERSEAS ASIA PTE LTD,893965469.0,3,2,82.49,4.18,72.55
KALEIDOSKOPE PTE. LTD.,2.0,1,1,89.64,3.91,68.01
KALIDASS LAW CORPORATION,5200.0,1,1,94.13,4.0,65.58
"KALTURA, INC.",171800.0,1,1,75.07,3.15,93.93
KAMPUNG COLLECTION,162550.0,5,1,90.4,4.31,67.62
KANDENKO CO LTD,1256888.0,3,3,95.46,4.49,77.72
KANG SWEE ANN,388200.0,1,1,84.68,4.4,68.23
KANTAR MEDIA SINGAPORE PTE. LTD.,447520.0,1,1,93.61,4.72,63.52
KANTO KAGAKU SINGAPORE PTE LTD,913.8,1,1,100.0,4.22,75.08
KAPLAN PROFESSIONAL,242953.0,1,1,87.17,4.39,68.62
"KAPTEYN-MURNANE LABORATORIES, INC.",963518.5,1,1,91.15,4.19,71.08
KARL STORZ ENDOSCOPY SINGAPORE SALES PTE. LTD.,29180.0,1,1,82.1,4.51,98.06
KARSS MANAGEMENT SERVICES PTE. LTD.,137243.4,5,1,89.45,3.15,82.25
KASEN NOZZLE INC.,12844.03,1,1,91.68,3.56,87.31
KATE'S CATERING PTE. LTD.,1282123.71,2,2,89.56,5.0,86.25
KATONG FLOWERSHOP (PTE.) LTD.,198000.0,1,1,79.84,2.62,76.99
KAVEMAN PTE. LTD.,108000.0,2,1,89.65,4.02,73.6
KAVO DENTAL SUPPLY,30000.0,1,1,99.7,4.8,80.49
KAY LIM CONSTRUCTION & TRADING PTE LTD,758218000.0,7,1,91.59,4.04,79.68
KAYAKASIA PADDLESPORTS PTE. LTD.,13000.0,1,1,95.7,3.86,72.31
KB ASSOCIATES PTE. LTD.,1481317.0,3,1,86.1,4.18,79.3
KBS ENGINEERING SERVICES,19150.0,4,1,94.0,3.89,70.94
KBS INTERNATIONAL PTE LTD,196950.0,1,1,90.23,4.12,76.29
KC & WATSON (FAR EAST) PTE LTD,403078.45999999996,3,3,80.39,3.69,74.65
KC LAU REGISTERED INSPECTOR,41920.0,5,2,90.55,4.77,65.31
KC SECURITY & INVESTIGATION SERVICES PTE. LTD.,209000.0,1,1,80.07,4.95,54.49
KCG CORPORATION LIMITED,3.0,2,1,82.94,4.02,68.61
KCI MEDICAL ASIA PTE. LTD.,21000.0,1,1,89.51,3.27,96.04
KCL CONSULTANTS PTE. LTD.,3227657.75,2,2,90.38,3.79,74.9
KDY HOLDINGS PTE. LTD.,31700.0,1,1,78.49,3.99,85.76
KEAT MECHANICALS & ENGINEERING WORKS,34597.44,1,1,96.43,4.4,56.76
KEAT SENG PILING PTE. LTD.,12993828.0,1,1,92.58,3.5,67.92
KECK SENG HOTEL PTE LTD,331.5,2,1,82.36,3.64,64.46
KEIFER CONSTRUCTION PRIVATE LIMITED,1935450.0,1,1,75.7,4.41,75.98
KEL LLC,4700.0,1,1,86.84,4.66,100.0
KELINGTON ENGINEERING (S) PTE. LTD.,7770691.17,3,1,84.43,3.73,82.6
KELLOGG BROWN & ROOT ASIA PACIFIC PTE. LTD.,2237000.0,2,2,88.91,3.3,94.96
KELLY SERVICES (SINGAPORE) PTE. LTD.,15762300.129999999,16,11,85.1,5.0,75.46
KELVIN CHIA PARTNERSHIP,2222.0,4,3,71.94,4.57,91.65
KELVIN WONG & CO,286600.0,4,1,84.89,3.94,98.73
KEMET FAR EAST PTE LTD,220540.0,1,1,85.56,4.62,76.91
KENETICS INNOVATIONS PTE LTD,99288.0,1,1,93.07,4.03,72.61
KENSCI ASIA PACIFIC PTE. LTD.,1.0,1,1,82.41,4.62,64.82
KENT RIDGE HEALTHCARE SINGAPORE PRIVATE LIMITED,140000.0,1,1,100.0,4.2,74.91
KENTUCKY FRIED CHICKEN MANAGEMENT PTE LTD,715321.6,1,1,72.71,4.15,78.82
KEONG HONG CONSTRUCTION PTE LTD,152183229.0,1,1,98.49,4.03,98.31
KEONG INDUSTRIES PTE. LTD.,80750.0,1,1,86.21,3.23,65.05
KEPNER-TREGOE SOUTHEAST ASIA LIMITED,108000.0,1,1,94.88,5.0,78.6
KEPPEL ELECTRIC PTE LTD,46.239999999999995,3,1,88.64,3.54,59.86
KEPPEL ENTERPRISE SERVICES PTE. LTD.,231000.0,1,1,97.12,3.28,73.73
KEPPEL FELS LIMITED,1500000.0,1,1,84.9,3.97,81.11
KEPPEL INFRASTRUCTURE HOLDINGS PTE. LTD.,1.08,1,1,79.21,3.52,83.13
KEPPEL LOGISTICS PTE LTD,2268462.0,3,2,99.36,4.07,83.89
KEPPEL LOGISTICS PTE. LTD.,202209.0,2,2,87.09,4.51,81.97
KEPPEL SEGHERS ENGINEERING SINGAPORE PTE. LTD.,1493179167.0,1,1,89.77,4.7,83.8
KERRY CONSULTING PTE. LTD.,1.0,1,1,97.88,4.59,78.46
KESTREL INVESTIGATION & SECURITY PTE. LTD.,1144800.0,1,1,79.74,3.92,67.52
KEY EDITIONS PTE LTD,1111060.0,2,1,92.76,4.13,59.48
KEYDENCE SYSTEMS PTE. LTD.,252550.0,2,2,83.28,4.34,72.53
KEYENCE SINGAPORE PTE LTD,265700.0,2,2,86.94,3.05,76.65
KEYSIGHT TECHNOLOGIES SINGAPORE (SALES) PTE. LTD.,4091648.15,10,3,88.58,4.44,90.54
KG FOOD PTE LTD,58.6,1,1,76.0,3.23,76.99
KG INFORMATION SYSTEMS PTE. LTD.,262589.0,3,3,81.77,5.0,76.03
KH & HONG PTE LTD,1549304.0,1,1,98.81,3.86,81.86
KH FOGES PTE. LTD.,71870000.0,3,3,95.09,3.99,75.3
KH SECURITY AGENCY PTE. LTD.,289200.0,1,1,87.5,3.64,86.11
KHATTARWONG LLP,71348.28,17,15,89.94,3.72,97.79
KHIAN HENG CONSTRUCTION (PRIVATE) LIMITED,38190000.0,2,2,85.65,5.0,99.91
KHIENG BENG TRADING,417356.30000000005,2,1,98.85,4.66,78.97
KHIM SEAH ENTERPRISE PTE. LTD.,197682.0,3,3,86.4,3.17,81.37
KHL PRINTING CO. PTE LTD,589994.8,3,2,89.85,5.0,93.79
KHO WEE KAR,0.6,1,1,97.17,4.82,76.5
KHOO SUN PRINTING PTE LTD,1295.0,1,1,81.78,3.93,84.79
KHOO TENG HUI MARVIN,81075.0,1,1,100.0,4.28,66.65
KHOON YAN PTE. LTD.,445000.0,1,1,75.76,4.09,74.89
KHURSHIDA YESMIN,37500.0,1,1,100.0,5.0,89.56
KIAN HIAP CONSTRUCTION PTE LTD,147179334.0,4,2,85.02,3.62,70.82
KIAN HUAT RESTAURANT PTE. LTD.,1180.0,1,1,86.06,4.19,76.72
KIAT LEE LANDSCAPE & BUILDING PTE LTD,20799010.0,6,3,72.88,3.84,62.26
KIB INSURANCE BROKERS (S) PTE LTD,1199432.95,6,4,84.36,3.24,98.06
KIENTA ENGINEERING CONSTRUCTION PTE. LTD.,292488000.0,7,3,79.68,5.0,90.63
KILLEM PEST PTE LTD,19728117.27,7,2,83.14,3.39,79.88
KILOWATTS ENGINEERING AND CONSTRUCTION PTE LTD,190079982.0,5,3,86.9,4.23,83.08
KIM BOCK CONTRACTOR PRIVATE LIMITED,139806186.37,46,10,95.66,3.06,81.96
KIM HENG MARINE & OILFIELD PTE LTD,103200.0,2,2,89.66,3.86,91.84
KIM HUAT REFRIGERATION AND ELECTRICAL PTE LTD,2017588.0,8,6,90.46,4.35,72.81
KIM SENG HENG ENGINEERING CONSTRUCTION (PTE) LTD,40660350.0,1,1,79.24,3.61,85.32
KIM SUM FISH AGENT,905.0,1,1,80.95,4.45,88.77
KIM TECHNOLOGY & SYSTEMS ENGINEERING PTE LTD,667710.0,2,2,100.0,3.94,90.15
KIM TIAM BUILDING CONTRACTOR PTE LTD,806800.0,2,2,82.12,4.8,55.41
KIM TIONG HUAT CONTRACTOR PTE LTD,15298590.0,10,2,100.0,4.92,72.01
KIM TRAVEL SERVICE PTE LTD,680.0,1,1,86.06,3.75,67.81
KIM TUCK HUAT BOATBUILDER,177840.0,2,2,88.02,4.15,79.5
KIM YEW INTEGRATED PTE. LTD.,2681650.0,2,2,96.56,4.21,57.84
KIMARO GEOTECHNICAL ENGINEERING PTE. LTD.,8187952.0,17,8,98.18,4.47,57.54
KIMLY CONSTRUCTION PRIVATE LIMITED,475546591.0,3,3,87.11,4.11,99.7
KIMS MARKETING PTE. LTD.,122053.0,1,1,84.89,4.21,84.18
KIN PRODUCTIONS PTE. LTD.,1120859.39,3,2,87.55,3.95,79.21
KIN XIN ENGINEERING PTE LTD,11990000.0,3,2,90.7,4.17,81.64
KINDLY CONSTRUCTION & SERVICES PTE. LTD.,6059784.54,2,2,95.13,4.88,79.46
KING & SPALDING (SINGAPORE) LLP,6425.96,1,1,88.03,4.49,87.97
KING AUTO TECHNOLOGIES & ENGINEERING PTE. LTD.,636975.0,2,2,92.95,4.52,71.68
KING CONTENT (SG) PTE. LTD.,226609.5,2,2,100.0,4.53,79.87
KING WAN CONSTRUCTION PTE. LTD.,32811000.0,3,2,91.05,4.01,80.27
KING'S BUILD INDUSTRIAL PTE LTD,195000.0,1,1,90.49,4.29,67.53
KING'S SHOE MANUFACTURING PTE LTD.,290500.0,1,1,75.85,3.45,90.77
KINGMAKER CONSULTANCY PTE. LTD.,90000.0,1,1,66.95,4.86,73.54
KINGSMEN EXHIBITS PTE LTD,18057692.5,19,14,91.11,2.43,88.17
KINGSMEN OOH-MEDIA PTE. LTD.,2127873.86,4,4,87.24,4.05,79.15
KINGSMEN PROJECTS PTE LTD,780000.0,1,1,83.88,4.78,94.34
KINGSVILLE PACIFIC (SINCE 1978) PRIVATE LIMITED,6399203.0,15,5,89.95,3.28,67.59
"KINGYOUP OPTRONICS CO., LTD.",1746672.56,1,1,87.52,4.34,67.15
KINLAB PTE. LTD.,306598.0,3,1,97.02,3.69,68.94
KINOKUNIYA BOOK STORES OF SINGAPORE PTE LTD,1079178.85,5,4,88.69,3.88,79.33
KIONG CHAI WOON & COMPANY PRIVATE LIMITED,0.02,2,1,82.02,4.67,93.41
KIPP & ZONEN ASIA PACIFIC PTE. LTD.,459500.0,1,1,95.92,4.22,93.93
"KISO-JIBAN CONSULTANTS CO., LTD SINGAPORE BRANCH",18702610.0,4,2,86.26,2.88,54.9
KISO-JIBAN SINGAPORE PTE LTD,42480.0,4,2,92.21,3.51,80.5
KISTLER INSTRUMENTS (PTE) LTD,274487.0,2,2,84.18,4.69,45.87
KIZEN,365656.0,1,1,82.8,4.37,85.95
KJS CONSTRUCTION PTE LTD,85799835.99000001,16,6,88.67,5.0,89.18
KK LIM & ASSOCIATES PTE. LTD.,5059786.0,3,2,88.1,5.0,77.6
KK OFFICEPOINT PTE. LTD.,294000.0,1,1,91.84,3.89,78.84
KK WOMEN'S AND CHILDREN'S HOSPITAL PTE. LTD.,31200.0,1,1,85.85,5.0,78.74
KKT TECHNOLOGY PTE. LTD.,1287000.0,2,1,73.31,4.11,70.16
KLA-TENCOR (SINGAPORE) PTE LTD,554878.52,1,1,84.54,3.52,82.32
KLARECO COMMUNICATIONS PTE. LTD.,2241882.76,2,2,94.35,3.72,75.69
KLAUD9 PTE. LTD.,1.0,1,1,85.62,2.75,87.3
KLC INTERNATIONAL INSTITUTE PTE. LTD.,20400.0,1,1,86.03,5.0,76.86
KLEEN WASH LAUNDRY,2215130.0,3,3,95.89,5.0,69.39
KLEENRITE (WELLINGTON) LTD,176124.2,1,1,82.3,3.49,62.64
KLENCO (SINGAPORE) PRIVATE LIMITED,27325.65,2,2,75.66,3.96,59.36
KLIQUE DESIGN PTE. LTD.,503500.0,1,1,86.71,4.16,91.13
KLOE SA,528738.31,1,1,84.13,3.52,73.42
KLOOK TRAVEL TECHNOLOGY PTE. LTD.,70093.45,1,1,80.27,3.05,81.39
KLOVER ASIA PRIVATE LIMITED,166750.0,2,2,86.6,3.97,95.83
KLP LLP,976021.0,9,7,91.93,3.91,72.37
KNIGHT FRANK PROPERTY ASSET MANAGEMENT PTE. LTD.,58140273.4,4,3,87.93,3.87,71.73
KNIGHT FRANK PTE LTD,165112.2,14,8,90.46,4.23,76.68
KNIGHT GRIFFIN PTE. LTD.,151600.0,1,1,100.0,4.96,78.29
KNK DESIGN & BUILDER'S PTE. LTD.,682442.19,3,3,85.26,3.92,96.88
KNOLSKAPE SOLUTIONS PTE. LTD.,66600.0,2,1,90.23,4.2,93.66
KNOWLEDGE MANAGEMENT SOLUTIONS PTE. LTD.,1500037.0,1,1,83.93,4.54,84.21
KNOWLEDGEHUT SOLUTIONS PTE. LTD.,106000.0,2,2,81.23,4.43,92.49
KNOWLEDGEMOTION LTD,61134.0,1,1,83.32,3.73,76.22
KNOXX PTE. LTD.,5776244.5,3,2,84.17,4.16,80.99
KNT ENGINEERING & TRADING PTE LTD,4102436.93,1,1,90.88,4.43,74.98
KO'ACH CONSULTANTS PTE. LTD.,1171420.0,7,4,100.0,3.42,65.1
KO'ACH DEVELOPMENT PTE. LTD.,2549400.0,2,1,82.27,4.86,90.04
KOBA ELECTRONICS (SINGAPORE) PTE. LTD.,160742.35,4,3,84.67,4.96,83.32
KODAK (SINGAPORE) PTE. LIMITED,4913311.89,2,2,87.5,3.67,78.18
KODAK ALARIS SINGAPORE PTE. LTD.,162771.0,1,1,91.17,4.22,77.98
KOH BROTHERS BUILDING & CIVIL ENGINEERING CONTRACTOR (PTE.) LTD.,1011168000.0,4,2,90.11,4.49,62.94
KOH BUS TRANSPORT SERVICE,395140.0,2,2,98.27,3.77,68.23
KOH CHONG HO CO. PTE. LTD.,850000.0,1,1,68.59,4.39,81.36
KOH CONTRACTS & SERVICES PTE. LTD.,856720.0,2,2,68.9,4.2,72.71
KOH ECO ENGINEERING PTE. LTD.,9916000.0,3,1,84.03,3.22,75.82
KOH KOCK LEONG ENTERPRISE PTE LTD,1838900.0,1,1,96.78,4.38,76.95
KOHLER SINGAPORE PTE. LTD.,214620.0,2,1,75.47,3.44,71.18
KOHUP SPORTS PTE LTD,1912351.65,4,4,63.94,4.66,68.32
KOIZUMI LIGHTING SINGAPORE PTE. LTD.,24511471.67,3,3,92.57,3.7,61.88
KOK TONG CONSTRUCTION PTE LTD,16608000.7,6,3,89.95,4.0,76.53
KOKANDO (SINGAPORE) PTE. LTD.,276930.0,4,2,79.28,4.92,84.19
KOLEE CORPORATION PTE LTD,238000.0,1,1,80.12,4.4,61.56
KOLON GLOBAL CORPORATION,16945158.0,1,1,80.24,3.45,77.76
KOMA INDUSTRIAL GLOVES PRIVATE LIMITED,486235.60000000003,4,4,88.88,3.49,80.81
KOMCO ENGINEERING PTE LTD,843392.0,3,2,82.99,3.74,68.1
KOMOCO MOTORS PTE LTD,298800.0,3,2,91.95,4.34,92.22
KONE PTE LTD,154175919.61,12,9,65.16,4.31,74.14
KONG HUI CANVAS MANUFACTURER PTE LTD,1.0,1,1,81.15,3.59,76.99
KONG SHIANG ENGINEERING,94800.0,1,1,78.99,3.4,76.39
"KONG, LIM & PARTNERS LLP",1168575.5,17,12,85.95,4.27,60.29
KONGSBERG MARITIME PTE. LTD.,26432300.0,4,3,83.7,3.99,88.09
KONGSBERG NORCONTROL PTE. LTD.,372438.0,1,1,94.38,5.0,68.44
KONICA MINOLTA BUSINESS SOLUTIONS ASIA PTE. LTD.,76294242.4,16,15,73.13,4.12,75.63
KONTOURZ PTE. LTD.,1.0,1,1,88.36,5.0,83.98
KOON CONSTRUCTION & TRANSPORT CO. PTE. LTD.,162578600.0,4,4,92.47,3.4,92.61
KOON SENG CONSTRUCTION PTE LTD,2983795.0,2,2,100.0,3.16,67.2
KORAKER CONSTRUCTION PTE. LTD.,49800.0,1,1,84.15,3.43,73.54
KORDAMENTHA PTE. LTD.,4143023.6,4,4,90.6,4.81,91.82
KOREA TECH. SERVICE(S) PTE. LTD.,43740.0,1,1,73.57,5.0,82.64
KORN FERRY (SG) PTE. LTD.,97201.0,3,3,68.86,3.63,84.71
KORN FERRY HAY GROUP PTE. LTD.,8883526.0,31,23,94.76,3.82,67.49
KORN/FERRY INTERNATIONAL PTE. LTD.,653751.0,4,3,87.96,3.4,74.21
KORVIS AUTOMATION ASIA PTE. LTD.,300000.0,1,1,97.43,3.01,76.32
KOSH CONSULTING GROUP (ASIA) PTE. LTD.,1479845.0,8,7,77.01,4.53,69.42
KOSIN STRUCTURE PTE. LTD.,153420.5,2,1,92.16,4.23,61.25
KOTA TINGGI SHELL PETROL STATION,26697.85,1,1,100.0,4.11,72.9
KOWA LAB ENGINEERING PTE. LTD.,166734.0,1,1,91.36,3.26,91.54
KOYO ENGINEERING (S.E. ASIA) PTE. LTD.,153503840.0,13,7,90.21,5.0,78.59
KPH Technical Services Pte Ltd,58980.0,1,1,88.07,3.8,91.74
KPJ BANDAR DATO' ONN SPECIALIST HOSPITAL,382674.6,1,1,75.43,4.42,79.79
KPMG ADVISORY SERVICES PTE. LTD.,679300.0,3,3,98.84,3.23,70.35
KPMG LLP,8328414.25,24,19,83.11,3.99,90.78
KPMG SERVICES PTE. LTD.,78953000.84,137,54,92.04,4.27,80.12
KRAM ELECTRICAL INDUSTRIES LTD,193037.64,1,1,75.5,4.3,87.62
KRANECARE SERVICES PRIVATE LIMITED,1374300.0,1,1,78.56,4.19,67.32
KRAUTHAMMER PARTNERS SINGAPORE PTE. LTD.,2.0,1,1,99.48,4.4,88.39
KRAV MAGA GLOBAL SINGAPORE PTE. LTD.,120900.0,1,1,85.22,3.42,88.69
KRDS DIGITAL PTE. LTD.,798601.0,3,3,99.63,4.22,80.9
KRISHCO SINGAPORE CONSTRUCTION PTE LTD,18993200.0,4,1,87.37,4.17,69.93
KRISLITE PTE LTD,2858057.0,1,1,73.26,4.24,77.54
KROLL ASSOCIATES (S) PTE LTD,56712.0,1,1,95.14,4.14,84.11
KRUTHWONG & SPRENGER PTE. LTD.,144052.0,1,1,83.28,3.34,80.35
KRYSALLIS ASIA PTE. LTD.,5500.0,1,1,93.59,3.31,84.01
KS CIVIL ENGINEERING PTE. LTD.,365750.0,1,1,88.2,2.77,88.12
KS FURNITURE (S) PTE. LTD.,228992.0,1,1,75.66,4.59,71.52
KS PARTNERS ENGINEERING ENTERPRISE,122400.0,1,1,89.31,4.6,66.45
KSA CONSULTANTS,405000.0,1,1,100.0,4.61,77.62
KSB DISTRIBUTION PTE LTD,41465.0,2,1,91.94,4.28,74.7
KSCGP JURIS LLP,850.0,1,1,87.54,2.82,85.86
KT BUSINESS (R) PTE. LTD.,6543179.0,6,3,96.6,3.48,67.26
KT ENGINEERING & CONSTRUCTION PTE. LTD.,261992.5,1,1,89.69,4.2,88.2
KTB ARCHITECTS,4960.0,1,1,89.68,4.18,91.54
KTB Architects,18250.0,4,1,79.27,3.97,78.0
KTC CIVIL ENGINEERING & CONSTRUCTION PTE LTD,1740787708.0,19,7,89.87,4.32,78.61
KTP CONSULTANTS PTE LTD,2586536.0,9,4,96.28,4.11,70.32
KUA HARN WEI,43163.0,1,1,81.31,4.17,72.57
KUAN AIK HONG CONSTRUCTION PTE LTD,212844587.6,5,4,99.4,3.72,73.92
KUKAYA MEDIA SUPPLIES PTE. LTD.,273545.0,1,1,87.27,4.69,92.43
KULICKE & SOFFA PTE. LTD.,390934.5,1,1,80.9,3.84,77.28
KUMARESH ENTERPRISES,1200.0,1,1,95.98,3.3,64.78
KUMPULAN DEVELOPMENT (S) PTE LTD,10412903.280000001,5,3,85.71,3.64,80.55
KUMPULAN PROTECTION SDN BHD,19440.0,1,1,94.08,3.89,86.26
KUMUDRA LANDSCAPE SERVICES PTE. LTD.,69600.0,1,1,85.67,4.7,77.75
KUNDA CONSULTING ENGINEERS,185000.0,1,1,87.52,4.07,92.69
KUNYI (SINGAPORE) PTE LTD,778992.0,2,1,91.95,3.99,85.78
"KURBO HEALTH, INC.",2752883.0,1,1,90.33,3.35,67.51
KURIHARA KOGYO CO. LTD.,91817044.0,6,6,72.04,4.57,72.49
KURITA (SINGAPORE) PTE. LTD.,368802.2,2,1,79.03,3.71,80.26
"KVC HEALTH SYSTEMS, INC.",262175.03,2,1,95.44,4.04,61.34
KWAN YONG CONSTRUCTION PTE LTD,532311860.0,15,4,86.94,4.99,81.36
KWANG SING ENGINEERING PTE. LTD.,23350882.0,15,7,83.81,4.41,60.38
KWOH YAP CHUANG,84000.0,1,1,77.13,3.12,88.23
KWOK PRINTERS PTE LTD,451683.0,2,2,79.36,3.04,87.07
KWONG WAI SHIU HOSPITAL,2.0,2,1,71.83,4.06,83.05
KYDON LEARNING SYSTEMS INSTITUTE PTE. LTD.,4762932.0,4,3,87.19,3.37,71.24
KYO EI DENKO PTE. LTD.,60.0,2,2,83.21,4.49,79.7
KYOCERA DOCUMENT SOLUTIONS SINGAPORE PTE. LTD.,15036414.07,1,1,80.27,4.13,72.87
KYOOB - ID PTE. LTD.,463851.0,1,1,87.46,4.2,67.69
KYOOB ARCHITECTS PTE. LTD.,1647580.0,9,3,90.91,3.68,74.61
KaVo Dental Supply,5000.0,1,1,100.0,5.0,84.98
Kaba Security Pte Ltd,1170699.06,1,1,75.9,5.0,78.44
Kaiser Permanente Mid-Atlantic States,179712.28,1,1,97.28,3.93,92.51
Kali Selvan S/O A Rajoo,6000.0,1,1,95.78,4.31,85.66
Kanoe Sports,189547.2,1,1,81.77,4.16,84.59
"Kawasaki Heavy Industries, Ltd. / CSR Qingdao Sifang Co., Ltd. / Kawasaki Heavy Industries (S) Pte Ltd Consortium",136800000.0,1,1,89.63,3.94,61.91
Kay Ngee Tan Architects,787422.6,3,2,84.34,3.6,75.15
Kazuko Kobayashi,50.0,1,1,89.49,3.45,67.36
Keepthinking,268097.0,1,1,100.0,3.42,76.17
Kemsa (Far East) Pte Ltd,118800.0,1,1,92.84,4.34,71.07
Ken-Pal (S) Pte Ltd,361677756.0,6,2,92.07,3.79,74.22
Kenda (S) Pte Ltd,108028.2,2,2,84.56,2.55,88.61
Kenetics Innovations Pte Ltd,338886.0,1,1,76.13,4.37,82.75
Kerberos Co.Ltd,9261.78,1,1,86.33,4.08,88.07
Kestrel Investigation & Security Pte Ltd,5390280.0,3,2,97.65,4.91,61.99
KiTEC,1018.65,1,1,75.78,4.32,78.58
Kim Seng Heng Engineering Construction (Pte) Ltd,142392880.0,6,4,79.56,3.21,87.67
"Kimsey-House Enterprises, Inc., dba, The Co-Active Training Institute",9410.85,1,1,89.01,2.76,93.06
Kin Yiap Press Pte Ltd,65576.0,1,1,80.12,3.67,62.52
Kingsmen Exhibits Pte Ltd,50929956.56,41,22,81.66,3.72,74.49
Klareco Communications Pte Ltd,758875.5,1,1,84.61,4.67,88.34
Knowledge Management Solutions Pte Ltd,6592887.24,8,7,77.08,4.09,76.08
Koh Ai Lin Avelina,88870.0,1,1,80.21,4.78,68.9
Komoco Motors Pte Ltd,8892000.0,8,4,93.63,3.31,62.5
Konica Minolta Sensing Singapore Pte Ltd,27395.0,1,1,77.54,4.68,68.51
Koon Lee Nursery Pte Ltd,69390.0,2,1,75.22,4.53,61.11
Kow Yuen Ting,88870.0,1,1,82.96,2.89,78.58
Kurita (Singapore) Pte. Ltd.,1738002.05,2,2,93.86,4.89,86.96
Kyo Ei denko Pte Ltd,100000.0,1,1,86.42,4.16,65.39
"L & K ENGINEERING CO., LTD (SINGAPORE BRANCH)",17568000.0,2,2,84.28,4.34,80.58
L C ENGINEERING SERVICES SDN BHD,12902.9,1,1,88.35,3.58,86.45
L C ENGINEERING SERVICES SDN. BHD.,63382.86,1,1,74.03,4.87,77.97
L&RUI CONCEPT GROUP PTE. LTD.,5414877.8,3,3,91.96,3.39,61.89
L-META ENGINEERING PTE LTD,712500.0,1,1,91.07,4.6,81.86
L-PINE DESIGN PTE LTD,118095.0,1,1,84.73,4.59,77.45
L-Pine Design Pte LTd,1684655.0,3,3,96.05,3.52,76.43
L. H. MGMT PTE. LTD.,372550.0,3,3,78.98,5.0,72.53
L.C.H. CONSTRUCTION & TRADING PTE LTD,977700.0,2,1,97.02,4.24,78.87
LA BONNIE PASTRIES PTE. LTD.,1785714.28,1,1,89.24,4.49,83.1
LAB SCIENCE SOLUTION PTE. LTD.,3154675.0,13,6,85.31,3.18,100.0
LAB TECHNIQUES PTE. LTD.,10396.0,1,1,87.84,5.0,79.12
LABIVF ASIA PTE. LTD.,157460.0,2,1,87.14,3.37,93.11
LABMAN AUTOMATION LIMITED,996516.0,1,1,97.76,4.71,81.58
LABOTECH PTE LTD,198404.07,2,1,79.39,3.5,77.0
LABQUIP (S) PTE LTD,2324188.0,4,4,81.9,3.73,79.49
LAC CONSTRUCTION PTE. LTD.,0.0,2,1,96.29,4.57,65.78
LAERDAL SINGAPORE PTE LTD,125970.9,1,1,83.24,4.72,81.06
LAGARDERE SPORTS ASIA PTE. LTD.,398500.01,2,2,95.2,3.34,58.08
LAGOON EVENTS & ENTERTAINMENT PTE LTD,711833.02,5,1,100.0,4.75,69.37
LAGUNA HOTEL HOLDINGS PTE. LTD.,390.5,2,1,84.79,4.73,79.1
LAI METALS PTE. LTD.,45360.0,1,1,93.45,3.54,89.94
LAI PUI SAN,9600.0,1,1,78.77,5.0,92.31
LAI SOON FRESH FRUITS,26315.0,1,1,94.04,3.23,75.63
LAI YEW SENG PTE LTD,6377600.0,10,9,89.6,3.73,79.56
LAI-BROS AIR-COND. & ELECTRICAL SDN. BHD.,62887.049999999996,2,1,91.78,4.39,87.84
LAILA WHITE PTE. LTD.,86988.7,1,1,82.84,3.59,64.71
LAKEPHARMA INC,221826.0,1,1,74.71,4.26,82.05
LAKESIDE FAMILY CENTRE,8898748.0,3,1,92.03,4.24,69.72
LAM CHUAN CONSTRUCTION PTE LTD,22060235.0,3,2,71.49,3.99,76.28
LAM SOON SINGAPORE PTE LTD,15150.0,1,1,85.46,4.6,73.41
LAMINAAR AVIATION INFOTECH PTE. LTD.,3862010.0,1,1,95.53,3.96,82.35
LANCER DESIGN PTE LTD,337410.0,1,1,89.54,4.24,83.5
LANDMARK ARCHITECTS ASSOCIATE,18610.0,4,1,100.0,4.79,86.91
LANDSCAPE ENGINEERING PTE LTD,119855357.94,18,2,96.2,4.57,81.48
LANDSFIELD VALUATION CONSULTANTS PTE. LTD.,0.02,2,1,82.77,4.57,79.72
LANGUAGE PARTNER PTE. LTD.,0.75,1,1,88.22,3.41,96.54
LANGUAGE WORKS PTE. LTD.,26600.0,1,1,87.62,4.41,62.76
LANGZAUNER GMBH,269950.05,1,1,75.34,3.57,94.96
LANSPOWER SERVICES SDN. BHD.,29896.91,1,1,80.48,3.33,75.1
LANTONE SYSTEMS PTE. LTD.,65050.0,1,1,83.51,4.06,83.71
LANTRO (S) PTE. LTD.,52112.0,1,1,71.71,3.56,74.74
LASALLE COLLEGE OF THE ARTS LIMITED,297750.0,2,1,88.38,4.57,70.97
LASER 21 PTE LTD,5972483.67,21,3,86.01,4.59,82.85
LASERSAN PTE. LTD.,164490.0,1,1,74.62,2.96,88.42
LATITUDE EXPERIENCE PTE. LIMITED,1434431.68,25,10,91.23,3.6,82.73
LAU CHOY SENG PTE. LTD.,294392.83,1,1,93.73,3.22,72.58
LAU YAU SHIONG & CO. PTE. LTD.,79810.4,7,2,89.82,3.82,100.0
LAUD ARCHITECTS PTE LTD,2465006.5,5,3,85.41,4.37,89.99
LAUTAN LUAS SINGAPORE PTE LTD,6672359.0,3,1,92.73,3.95,87.33
LAVISH DINE CATERING PTE LTD,1786707.79,3,3,93.44,3.75,74.47
LAVISION BIOTEC GMBH,500000.0,1,1,90.46,4.88,71.75
LAW BROTHERS CONSTRUCTION PTE. LTD.,2979710.0,2,2,81.4,2.72,75.2
LAZARD ASSET MANAGEMENT (SINGAPORE) PTE. LTD.,0.28,1,1,90.21,4.84,88.81
LBD ENGINEERING PTE. LTD.,218045255.0,7,4,97.56,3.77,68.09
LBE ENGINEERING PTE. LTD.,1224702.9100000001,4,3,83.23,4.05,67.32
LBS ENGINEERING CONSULTANTS,23210.0,5,1,100.0,3.78,83.4
LC&T BUILDER (1971) PTE. LTD.,793516160.0,7,2,83.79,5.0,81.19
LCA PRIVATE LIMITED,4960.0,1,1,88.26,3.36,70.3
LCA PTE. LTD.,4600.0,1,1,82.62,4.11,67.09
LCE ENGINEERING PTE LTD,1440646.0,4,3,89.79,4.42,92.38
LDR PTE. LTD.,1232313.0,7,7,74.06,3.13,81.57
"LE MERIDIEN SINGAPORE, SENTOSA",180.0,1,1,83.63,3.55,64.36
LE RAINBOW CATERING PTE. LTD.,1786892.79,4,2,79.26,4.01,65.06
LE TACH PTE. LTD.,700200.0,1,1,89.08,3.57,74.38
LE TACH VENDING PTE. LTD.,313920.0,1,1,95.96,3.61,85.33
LE TONG RESOURCES PTE. LTD.,17.28,1,1,93.17,3.89,83.95
LEACON ENGINEERING PTE. LTD.,570440.0,2,2,69.03,4.49,89.32
LEAD CONSTRUCTIONS SA,110075.52,1,1,100.0,3.89,63.1
LEAD INTERIORS PTE. LTD.,792.0,1,1,90.36,4.75,80.24
LEADS ENGINEERING (S) PTE LTD,2332000.0,3,3,81.79,3.5,92.26
LEAP INTEGRATED PTE. LTD.,6752400.0,6,5,89.26,3.35,91.33
LEAPTRON ENGINEERING PTE. LTD.,296086.0,1,1,89.41,5.0,81.59
LEARLAB S.R.L,144617.56,1,1,82.67,3.71,100.0
LEARN GROW LEAD,86200.0,2,1,89.58,3.31,84.09
LEARN WELL INTERNATIONAL,7252.5,2,1,83.14,3.05,88.43
LEARNING NEEDS CENTRE PTE LTD,354532.27,2,1,84.77,4.75,78.44
LEARNING STUDIO EDUCARE PTE. LTD.,110136.0,1,1,82.51,3.9,70.19
LECIP (SINGAPORE) PTE. LTD.,286625.0,1,1,76.54,3.95,69.25
LECTRIX ENGINEERING PTE. LTD.,8393500.4,4,3,89.17,4.0,79.82
LED SIGNS PTE. LTD.,509695.2,2,2,92.68,4.71,75.88
LEE & LEE,3122969.42,51,35,92.12,3.99,60.31
LEE & LEE CONSULTANTS PTE LTD,1115000.0,3,2,94.56,5.0,67.74
LEE & LIM INTERNATIONAL,153720.0,2,2,90.59,4.18,74.82
LEE AH MOOI OLD AGE HOME,3100002.0,3,1,83.74,4.74,85.27
LEE CHEN JUI @CINDY LEE,18360.0,1,1,94.72,4.58,77.84
LEE EE CHING,1.0,1,1,77.14,4.08,77.28
LEE EE TAT,170400.0,1,1,80.79,3.75,68.13
LEE HECHT HARRISON PTE. LTD.,17100.0,1,1,80.29,4.3,78.23
LEE HONG CONSTRUCTION CO. (PTE ). LTD,16874000.0,3,1,96.64,4.41,91.19
LEE HUNG SCIENTIFIC SDN. BHD.,1390.0,1,1,95.54,3.76,79.56
LEE SIN PTE. LTD.,130000.0,1,1,91.9,4.2,62.93
LEE SPRING PTE. LTD.,88600.0,1,1,96.58,4.84,65.48
LEE TUCK ONN REGISTERED SURVEYOR,62500.0,1,1,80.97,5.0,83.89
LEEDEN FIRE SAFETY PTE. LTD.,624280.8,3,2,90.79,4.61,75.76
LEEDEN NATIONAL OXYGEN LTD.,10696618.27,21,8,87.0,5.0,77.25
LEGAL SOLUTIONS LLC,230000.0,1,1,94.78,3.72,71.87
LEGION PEST CONTROL PTE LTD,2458560.0,1,1,87.08,4.52,83.03
LEGO HOUSE PTE. LTD.,315300.0,2,1,84.92,4.9,74.99
LEICA GEOSYSTEMS PTE. LTD.,544440.0,2,1,92.33,3.56,76.13
LEICA MICROSYSTEMS (SEA) PTE LTD,2869822.75,15,7,95.01,3.81,69.49
LEIGHTON CONTRACTORS (ASIA) LIMITED (SINGAPORE BRANCH),494581448.0,1,1,82.65,5.0,87.22
LEISTRITZ SEA PTE. LTD.,760000.0,1,1,87.51,3.51,75.79
LEISURE FRONTIER (S) PTE. LTD.,4738337.0,6,5,79.53,3.3,84.08
LEK CONSULTING PTE LIMITED,990000.0,1,1,68.02,5.0,66.06
LEK HUNG MOULDING PTE LTD,185000.0,1,1,89.6,4.82,95.34
LEK SAN CONSTRUCTION PTE LTD,20577897.009999998,2,2,92.87,4.36,90.77
LEKKER ARCHITECTS PTE. LTD.,60000.0,1,1,90.1,4.07,58.9
LELAB SDN.BHD.,133223.86,6,1,72.4,3.84,69.98
LENG HIANG CATERING,963184.5,3,2,85.19,4.27,82.78
LENNARTZ ELECTRONIC GMBH,117754.78,1,1,70.25,5.0,64.8
LENTOR AMBULANCE PTE. LTD.,863990.0,2,2,98.96,4.24,76.68
LEO ANN LOCK,165060.0,3,2,79.31,5.0,82.27
LEO BURNETT,1.0,1,1,98.04,3.56,76.15
LEO INFOCOMM PTE. LTD.,542860.0,1,1,95.57,4.09,83.39
LEONG GUAN FOOD MANUFACTURER PTE. LTD.,1493998.35,1,1,80.8,3.88,71.07
LEONG GUAN FOOD TRADING PTE. LTD.,2691195.0,1,1,78.94,3.45,55.56
LEONG HIN SENG CIVIL ENGINEERING PTE LTD,4567533.0,13,9,90.8,4.01,87.82
LEONG OI MUN JASON,43930.43,1,1,81.25,4.35,87.76
LEONG POON & ASSOC. PTE. LTD.,159000.0,1,1,88.82,4.41,100.0
LEPS LOADLINK OFFSHORE PTE. LTD.,118848.0,1,1,84.14,5.0,55.93
LET'S GO TOUR SINGAPORE PTE. LTD.,30.0,1,1,73.75,4.38,85.51
LEVENDER GOURMET PTE. LTD.,1785714.28,1,1,70.16,4.79,58.31
LEW REGISTERED SURVEYOR,65600.0,2,2,89.81,4.14,95.56
LEWIS PUBLIC RELATIONS PTE. LTD.,658213.78,2,2,83.51,5.0,82.88
LEXBUILD INTERNATIONAL PTE. LTD.,1356100.0,2,2,83.58,5.0,68.48
LEXICAL TECHNOLOGY PTE LTD,3575408.0,4,1,93.57,4.42,85.8
LEXON FURNITURE & CONSTRUCTION PTE LTD,396500.0,1,1,97.39,3.5,72.47
LEY CHOON CONSTRUCTIONS AND ENGINEERING PTE LTD,78696394.0,4,2,85.82,3.77,81.0
LEYBOLD SINGAPORE PTE. LTD.,469000.0,1,1,85.28,4.27,80.06
LGA TELECOM PTE LTD,5906904.0,5,4,92.0,4.37,95.44
LHN PARKING PTE. LTD.,578810.83,3,3,77.14,4.52,96.15
LHOIST SG PTE. LTD.,45949930.0,4,2,89.79,4.38,72.03
LHOIST SINGAPORE PRIVATE LIMITED,17280000.0,1,1,92.42,4.1,88.58
LHR TRADING CO. PTE. LTD.,0.0,1,1,93.44,3.72,81.55
LHW CONSTRUCTION PTE. LTD.,1238800.0,2,1,72.51,4.34,63.87
LHW ENGINEERING SDN BHD,35520.42,1,1,81.91,5.0,71.04
LI AN FOODSTUFF PTE LTD,120000.0,1,1,80.97,4.71,100.0
LI CHUAN FOOD PRODUCTS PTE LTD,2182170.4,3,2,88.8,4.42,81.58
LI JIE CONSTRUCTION PTE. LTD.,16798313.0,2,2,91.85,4.72,88.0
LI-JIA PROPERTY PTE LTD,132.0,1,1,99.97,3.88,75.88
LIAISON NETWORK,12310.0,2,1,84.04,3.8,72.6
LIAN BENG CONSTRUCTION (1988) PTE LTD,434780000.0,1,1,84.02,3.65,78.27
LIAN CHENG CONTRACTING PTE LTD,26662345.0,7,4,97.2,4.02,75.34
LIAN HO LEE CONSTRUCTION (PRIV ATE) LIMITED,210118650.0,3,3,90.37,3.85,63.07
LIAN HOE DECOR PTE. LTD.,651775.15,3,2,98.14,4.82,67.97
LIAN HUAH ENGINEERING PTE LTD,2683700.0,3,3,90.31,3.81,85.08
LIAN HUP SENG FURNITURE CONTRACTOR COMPANY,1276840.0,3,2,78.74,3.62,74.19
LIAN MONG INTERNATIONAL SDN. BHD.,94535.0,2,1,77.33,5.0,78.26
LIAN NAM HENG MARKETING PTE LTD,1.0,1,1,75.59,3.83,80.35
LIAN SENG HARDWARE & ENGINEERING PTE. LTD.,114352.0,1,1,93.3,4.19,81.13
LIAN SENG HUAT WORKSHOP,94125.56999999999,3,1,97.51,4.37,89.47
LIAN SHING CONSTRUCTION CO PTE LTD,49713403.95,23,4,100.0,3.42,67.01
LIAN SOON CONSTRUCTION PTE LTD,123004110.0,7,3,94.74,4.84,83.7
LIAN SOON M & E PTE LTD,18690270.0,2,2,97.3,4.48,85.55
LIAN TECK CONSTRUCTION PTE LTD,1680000.0,1,1,83.36,5.0,87.86
LIANG SENG SPORTS EQUIPMENT PTE LTD,594709.0,3,2,78.75,3.69,63.87
"LIBBY, PERSZYK, KATHMAN PTE. LTD.",172700.0,1,1,94.8,4.16,80.55
LIBERTY INSURANCE PTE LTD,600065.0,3,3,91.34,4.12,95.16
LIBERTY INTERNATIONAL UNDERWRITERS PTE. LTD.,750273.47,3,3,88.86,4.26,77.01
LIBERTY LAW PRACTICE LLP,19200.0,2,1,91.1,3.23,82.83
LIBERTY MUTUAL INSURANCE EUROPE LIMITED,1.0,1,1,90.59,4.17,85.8
LIBERTY SPECIALTY MARKETS SINGAPORE PTE. LIMITED,444001.0,3,3,98.27,3.24,67.75
LIBRARYFORCE LIMITED,895159.9,2,2,98.36,4.32,96.34
LIE MENG FISH MERCHANT,1500.0,1,1,92.35,2.82,83.0
LIFE SUPPORT EQUIPMENT PTE LTD,128000.0,1,1,94.77,2.99,83.2
LIFE TECHNOLOGIES HOLDINGS PTE. LTD.,37472712.2,45,13,92.11,4.59,61.38
LIFEFORCE MAINTENANCE & SERVICES,950700.0,6,4,84.31,3.77,85.95
LIFEMAGIC WORKS LLP,118400.0,1,1,94.05,3.51,83.06
LIFESKILLS ENRICHMENT PTE LTD,412683.8,5,3,76.84,4.86,94.24
LIFT HUB ENGINEERING PTE. LTD.,1820052.3,7,6,96.43,4.3,74.89
LIGHT10 INDUSTRIES PTE. LTD.,429444.5,1,1,78.44,4.62,68.12
LIGHTCRAFT PTE LTD,35559.0,1,1,90.29,4.0,71.18
LIGHTING & SOUND DISTRIBUTION,4791.0,1,1,81.24,5.0,72.95
LIGHTSPEED GMI SINGAPORE PTE. LTD.,220423.6,2,1,92.43,3.74,66.81
LIGHTSTREAM ANALYTICS PTE. LTD.,1689683.81,2,2,87.73,5.0,90.9
LIGNAR ENGINEERING PTE LTD,23420.0,1,1,75.24,4.06,91.28
LIJING HOLIDAYS PTE. LTD.,17049.0,1,1,91.37,3.11,76.04
LIKE BUILDING MATERIALS (S) PRIVATE LTD.,400179.0,1,1,83.38,4.39,74.07
LILIAN FLORENCE ELIZABETH ING,153200.0,1,1,95.05,4.29,59.85
LIM CHYE HENG SAND & GRANITE PTE LTD,2052.94,4,1,88.01,3.47,84.96
LIM JIA MIN,523200.0,2,1,91.16,3.55,94.53
LIM KIM CHEONG,350000.0,2,1,80.34,4.09,71.63
LIM LENG TECK JIMMY,10725.0,1,1,83.29,4.31,76.83
LIM PENG ANN ADRIAN,12900.0,1,1,84.33,2.62,82.34
LIM SIANG HUAT PTE LTD,34482.0,1,1,94.85,4.73,95.24
LIM TAN MOTOR PTE LTD,227365.95,3,2,100.0,3.8,80.0
LIM TRADERS PTE. LTD.,182417.2,8,4,81.56,3.3,79.95
LIM WEI HENG,20000.0,1,1,96.61,4.66,79.79
LIM WEN HENG CONSTRUCTION PTE LTD,34819613.0,2,2,70.64,4.09,63.75
LIM WOAN FEI,8.48,3,1,78.45,4.83,63.53
LIM YAK KOON & SONS SDN.BHD.,2395439.49,9,1,80.33,4.36,69.92
LIM'S TIMBER TRADING CO,360968.0,1,1,77.18,4.1,88.13
LIME AGENCY PTE. LTD.,11800.0,1,1,75.33,4.01,74.65
LIME LIFESTYLE ASIA PTE. LTD.,2.0,1,1,91.3,4.39,72.7
LIMITLESS (LTD.),407000.0,1,1,86.29,3.85,72.53
LIMO Z PTE. LTD.,357000.0,2,1,91.04,3.59,76.62
LIMRA ENGINEERING PTE. LTD.,703000.0,1,1,93.52,4.47,95.02
LIN KEONG PROJECTS PTE LTD,1785119.0,2,1,90.12,4.01,76.49
LIN TZER LIANG BENEDICT CHRISTOPHER,44500.0,1,1,93.26,4.12,70.14
LINDE GAS SINGAPORE PTE. LTD.,679400.0,2,1,87.44,4.75,78.25
LINDE MATERIAL HANDLING ASIA PACIFIC PTE LTD,31500.0,1,1,78.5,4.03,95.55
LINEAR DOTS PRODUCTION PTE. LTD.,371853.63,4,4,96.46,4.11,72.97
LING PROPERTY CONSULTANTS PTE. LTD.,0.01,1,1,83.29,3.74,66.19
LINGENIUS,1389186.74,5,2,80.52,4.36,72.99
LINGUA TECHNOLOGIES INTERNATIONAL PTE. LTD.,3.05,1,1,86.58,4.31,79.29
LINK ELECTRICAL PTE. LTD.,1106784.0,1,1,80.7,4.64,84.88
LINK FAB TECHNOLOGIES PTE LTD,1515282.28,4,3,84.66,3.75,88.07
LINK HOTELS INTERNATIONAL PTE. LTD.,154.0,1,1,90.75,3.83,67.54
LINKEDIN SINGAPORE PTE. LTD.,467414.62,2,2,90.79,4.58,68.49
LINKLATERS SINGAPORE PTE. LTD.,3375.0,1,1,80.82,4.25,74.77
LINKUP INTERNATIONAL (SINGAPORE) PTE LTD,1746.2,1,1,84.1,3.56,84.84
LINS ADVERTISING & MARKETING PTE LTD,2036260.52,10,8,96.59,4.88,65.4
LION CITY SHOW SUPPLY PTE. LTD.,262220.0,1,1,91.97,3.08,71.93
LION GLOBAL INVESTORS LIMITED,42083.6,4,3,100.0,4.57,72.07
LIONFISH STUDIOS PTE. LTD.,159297.0,1,1,97.44,3.34,87.42
LIONG CONSTRUCTION PTE LTD,4043960.2,8,3,97.15,5.0,83.28
LIONG CONSTRUCTION PTE. LTD.,7362838.6,5,3,76.9,3.17,87.04
LIONG KIT YENG,100000.0,2,1,94.11,4.79,91.39
LIONHEARTLANDERS PTE. LTD.,1310801.0,3,3,87.58,4.05,74.94
LIQUID SPACE PTE. LTD.,134560.0,1,1,83.59,3.88,66.13
LIQUIDLAB COMMUNICATIONS PTE. LTD.,78550.0,1,1,89.34,4.21,66.19
LISBERG ASIA PTE. LTD.,1.0,1,1,95.56,4.48,59.62
LISTEN TO SERVE PTE. LTD.,389760.0,1,1,92.01,3.56,73.41
LIT STRATEGY PTE. LTD.,180000.0,1,1,80.97,3.61,74.16
LITA OCEAN PTE. LTD.,74780550.0,3,2,93.94,4.49,85.88
LITEWELL ENGINEERING PTE LTD,1206600.0,2,1,82.9,3.08,78.17
LITHAN ACADEMY PTE. LTD.,1.0,1,1,89.73,3.75,73.1
LITHOZ GMBH,499400.0,1,1,85.57,5.0,76.84
LITTLE RED ANTS CREATIVE STUDIO PTE. LTD.,414020.0,3,2,86.25,3.52,67.61
LITTLE RED DOT ENTERPRISE,46200.0,1,1,94.13,4.79,88.25
LITTLE SWAN AIR-CONDITIONING & ENGINEERING PTE. LTD.,13405110.0,16,13,79.68,3.75,70.14
LITTLELIVES INC PTE. LTD.,143440.0,1,1,100.0,4.41,66.6
LIU & WO ARCHITECTS PTE LTD,17898000.4,5,5,73.43,4.49,86.18
LIU BIN CULTURAL ARTS,83196.0,1,1,83.22,4.78,83.74
LIUSS ENGINEERING & TRADING,52914.3,1,1,90.96,3.98,60.76
LIVING CALENDARS PTE. LTD.,409394.49,8,7,92.67,5.0,86.55
LIVING PRINT & MAIL HUB,117278.0,1,1,87.2,3.75,70.58
LIVING THEORIES PRIVATE LTD.,50000.0,1,1,87.54,4.24,74.26
LJ ENERGY PTE. LTD.,1549000.0,4,3,91.28,4.25,79.87
LJW RESOURCES PTE. LTD,538968.1,3,2,86.15,3.43,83.87
LKH PRECICON PTE. LTD.,437272.0,3,2,99.15,3.93,82.45
LKK AUTO CONSULTANTS PTE LTD,319000.0,1,1,94.71,4.2,77.5
"LLC ""Kaskad-Holding""",101440.0,1,1,94.98,3.84,73.75
LLOYD & ANDREW BUILDERS PTE LTD,2121500.0,4,2,80.27,5.0,82.12
LLOYD'S REGISTER ASIA,148000.0,1,1,87.36,3.6,76.82
LLOYD'S REGISTER SINGAPORE PTE. LTD.,79996.0,1,1,85.6,4.81,96.05
LMS MARKETING PTE LTD,41850.0,1,1,79.96,4.61,83.86
LMS TECHNOLOGIES PTE LTD,3458153.0,17,9,90.88,4.09,68.77
LN MARKETING (S) PTE LTD,204020.0,2,1,83.7,3.58,73.22
LOCKER & LOCK PTE. LTD.,449989.0,3,3,93.24,3.64,78.48
LOCO TECHNOLOGIES,54110.16,1,1,79.44,3.79,90.99
LOD Consulting (Singapore) Pte Ltd,1.0,1,1,100.0,3.03,92.11
LOGICALIS SINGAPORE PTE. LTD.,7486751.21,11,9,80.83,3.5,74.04
LOGICOM INSTRUMENTS PTE LTD,218950.0,1,1,89.75,3.21,68.66
LOGISTICS CONSTRUCTION PTE LTD,178393136.0,23,14,94.33,4.91,67.39
LOGOS LEARNING PTE. LTD.,54000.0,1,1,83.43,4.47,80.52
LOH LIM,63720.0,1,1,94.82,4.57,100.0
LOH SIEW NGIAP,88870.0,1,1,78.17,4.45,83.39
"LOI TERWAY, JESHER",47580.0,1,1,99.62,4.2,62.06
LOK RESOURCES PTE LTD,300000.0,1,1,88.11,4.98,70.74
LONDONBOB DESIGN,93700.0,1,1,83.23,3.73,71.76
LONGLIFE STATIONERY PTE. LTD.,6334637.28,1,1,85.61,4.16,69.78
LONPAC INSURANCE BHD,34.0,1,1,94.47,4.55,74.12
LOOK ARCHITECTS PTE. LTD.,6.5,3,2,83.32,3.31,81.69
LOTAN GROUP INTERNATIONAL LTD,1.0,1,1,82.01,5.0,84.82
LOTEK WIRELESS INC.,88643.53,1,1,86.23,4.12,88.92
LOUD TECHNOLOGIES ASIA PTE. LTD.,202314.79,2,1,78.58,4.19,83.24
LOVE ME KNOT,187605.0,1,1,100.0,4.85,58.46
LOVELY LANDSCAPE AND CONSTRUCTION PTE. LTD.,1109400.0,6,5,83.47,4.65,67.43
LOWE REFRIGERATION PTE. LTD.,96168.66,1,1,94.65,4.12,76.42
LOYANG MARINE PTE. LTD.,1455070.0,2,1,89.68,4.18,79.47
LOZON (S) PTE. LTD.,693058.7,8,5,80.12,3.2,86.61
LPH CATERING,4968474.79,6,3,87.95,3.77,78.43
LS 2 SERVICES PTE LTD,15110908.0,4,4,94.27,4.41,78.51
LS 2 Services Pte Ltd,97381836.91,6,6,86.49,4.37,80.38
LS TELCOM AKTIENGESELLSCHAFT,396882.0,3,1,97.54,4.83,75.45
LSH Industrial Solutions Pte Ltd,324294.3,2,2,96.17,4.03,78.87
LSW CONSULTING ENGINEERS PTE. LTD.,313606.44,4,3,95.35,3.27,89.26
LT&T AVID ARCHITECTS PTE. LTD.,14345.5,5,2,84.32,4.73,77.16
LT&T Architects,4090.0,1,1,79.36,4.96,77.7
LTS GROUP PTE. LTD.,28068.69,7,3,83.09,4.64,77.66
LTY + LCH ( JV ),0.5,1,1,89.57,4.0,90.98
LUAN CHIN HOW,372000.0,1,1,92.37,4.73,66.92
LUCAS & BUILDERS PTE LTD,79000.0,1,1,70.63,5.0,95.76
LUCKY GARDEN FLORICULTURE PTE. LTD.,438768.0,1,1,87.94,4.17,66.24
LUCKY JOINT CONSTRUCTION PTE. LTD.,338192.0,1,1,89.26,3.31,71.46
LUCKY STORE,6210444.66,2,1,85.78,3.75,85.45
LUEN HUP HENG SALES AND SERVICES,4000.0,1,1,98.33,4.48,88.3
LUFT ENV TECHNOLOGIES PTE. LTD.,6956990.0,9,3,91.37,3.14,63.97
LUIRE IMAGE,113279.6,5,3,98.48,4.2,67.07
LUM CHANG BUILDING CONTRACTORS PTE LTD.,1426979976.2,4,3,86.27,4.33,80.78
LUM SAU KIM,400000.0,1,1,95.5,5.0,100.0
LUMIERE PHOTOGRAPHY PTE. LTD.,60316.0,3,3,100.0,4.89,90.46
LUMIERE32 PTE. LTD.,315644.0,4,2,98.49,4.62,75.52
LUMINARIES HOLDING PTE. LTD.,16850.0,1,1,79.26,2.8,53.81
LUMINARIES HOLDINGS PTE. LTD.,676510.0,1,1,85.97,4.65,78.82
LUMITRON PTE. LIMITED,5181346.0,2,2,85.24,4.52,81.62
LUNA CONCEPT PTE. LTD.,1785803.29,2,2,91.91,4.25,74.17
"LUNG-TEH SHIPBUILDING CO., LTD.",183390298.0,1,1,93.49,3.06,69.49
LUOVA ENGINEERING PTE. LTD.,2662620.0,8,6,81.29,3.63,79.59
LUTHERAN COMMUNITY CARE SERVICES LIMITED,189000.0,1,1,88.54,3.4,68.58
LUX RESEARCH - ASIA PACIFIC PTE. LTD.,245000.0,1,1,71.84,2.89,96.72
LUXLIGHT PTE. LTD.,590949.0,1,1,99.54,4.1,93.17
LVM LAW CHAMBERS LLC,4652.0,3,2,83.9,3.62,84.58
LVND HOTELS PTE. LTD.,132.0,1,1,88.45,5.0,78.9
LYE HENG FOOD SUPPLIES PTE. LTD.,1787389.28,2,1,85.52,4.0,71.4
LYL CONSULTANTS PTE. LTD.,54561666.0,2,1,97.17,4.88,77.79
LYRECO (SINGAPORE) PTE. LTD.,24000.0,1,1,65.3,3.16,94.39
LYSAGHT CORRUGATED PIPE (S) PTE. LTD.,162000.0,2,1,87.87,3.78,86.69
LYSTECH PTE. LTD.,210500.0,1,1,87.15,4.16,80.04
LYV CONNECTIONS PTE. LTD.,199203.0,1,1,84.37,3.56,87.24
Laerdal Singapore Pte Ltd,927429.58,8,3,100.0,3.85,83.46
Lam Hwa Engineering & Trading Pte Ltd,4562052.3,3,1,80.9,3.97,81.96
Lancer Design Pte Ltd,408500.0,4,2,94.17,3.96,87.81
Landmark Architects Associate,4600.0,1,1,90.85,5.0,83.17
"Lao Cleaning Service Co., Ltd",102314.88,1,1,98.09,4.33,86.59
Lauren Jana,135000.0,2,2,82.66,4.39,79.61
Leaptron Engineering Pte Ltd,712510.0,5,3,82.14,4.42,75.46
Lee Hou Koon,33270.0,3,2,96.77,4.47,72.52
Lee Hung Scientific Pte Ltd,215598.0,7,4,91.4,4.05,71.33
Lee Su Ping,12000.0,1,1,75.64,3.91,61.95
Leedon Technology Pte Ltd,136500.0,1,1,83.69,4.2,68.88
Leighton Contractors (Asia) Limited (Singapore Branch) / Yongnam Engineering & Construction (Private) Limited Joint Venture,553810451.0,1,1,91.09,4.79,68.59
Leong Sok Fong,150.0,1,1,94.7,4.78,72.93
Lew Registered Surveyor,260000.0,2,2,82.57,3.96,93.62
Lexon Furniture & Construction Pte Ltd,1638000.0,2,1,64.69,4.56,76.42
Life Community Services Society,1090200.0,1,1,92.19,3.98,80.42
Life Skills Centre,203829.0,1,1,78.24,4.12,80.73
Life Support Force Pte Ltd,5096.0,1,1,71.86,3.82,93.88
Lim Kian Eng,40.0,1,1,65.34,3.99,72.24
Lim Kim Cheong Consultants,1.0,1,1,94.51,4.9,75.77
Lim Rui Jia Alanna,408000.0,1,1,89.03,4.16,76.94
Lim Yak Koon & Sons Sdn Bhd,1283367.2,3,1,86.19,4.18,89.37
Limelite Productions Pte Ltd,199320.0,1,1,99.11,3.23,91.44
Lin Ho (Private) Limited,446850.0,1,1,93.1,3.91,82.75
Lin Ying Fong,12000.0,1,1,100.0,3.96,90.33
Ling Property Consultants Pte Ltd,0.01,1,1,76.86,3.6,79.78
Lita Ocean Pte. Ltd.,6913400.0,5,5,87.72,4.11,76.27
Liu Yan,41580.0,2,2,75.07,3.84,89.79
Logicode Pte Ltd,73580.0,1,1,86.16,4.15,82.88
M & C SAATCHI (S) PTE LTD,4935146.0,1,1,86.01,4.17,70.64
M & M MECHANICAL ENGINEERING PTE LTD,1041000.0,1,1,93.01,3.53,87.97
M HOTEL SINGAPORE,12876.1,10,2,88.36,3.86,75.92
M S R ENGINEERING PTE. LTD.,636811.0,4,3,92.99,4.15,74.69
M Webb Limited,1.0,1,1,93.63,4.81,86.93
M-FUSION PTE LTD,2448603.0,3,3,100.0,4.25,77.11
M-SQUARED LASERS LIMITED,423948.25,2,2,85.48,3.7,81.89
M-STARS ENGINEERING & CONSTRUCTION PTE. LTD.,13044259.0,15,5,80.47,4.34,84.62
M-TECH AIR-CON & SECURITY ENGINEERING PTE LTD,1421400.0,1,1,89.97,5.0,70.17
"M-Vac Systems, Inc.",72299.58,1,1,81.58,4.65,81.85
M.A.N ARCHITECTS LLP,99000.0,2,2,99.86,4.43,91.49
M/s Carrier Midea India Pvt Ltd,1367646.62,1,1,85.73,4.54,68.44
M1 LIMITED,16448675.01,28,17,83.48,4.96,82.5
M1 NET LTD.,92343924.47,19,14,84.23,4.75,69.71
M8M PTE. LTD.,349000.0,1,1,93.75,4.44,88.21
MA BUILDERS PTE LTD,7366823.0,2,1,86.74,4.74,88.12
MAC TRANSPORT SERVICE,855444.0,3,2,82.87,3.45,74.46
MACBUILD CONSTRUCTION PTE. LTD.,330000.0,1,1,100.0,3.2,100.0
MACDONALD AND COMPANY PTE. LTD.,6.0,6,4,81.15,4.19,89.07
MACK PARKING (SINGAPORE) PTE. LTD.,66000.0,1,1,88.28,4.14,85.07
MACO TECHNICAL PTE LTD,1240078.99,6,5,93.22,3.77,84.51
MACO TECHNICAL PTE. LTD.,2056465.35,3,3,74.95,4.6,87.84
MACRO EVENTS PTE LTD,9825735.5,21,11,91.84,2.98,68.04
MACROGEN ASIA PACIFIC PTE. LTD.,2145000.0,2,1,79.56,3.78,79.95
MACROGEN INC.,434700.0,1,1,94.58,3.81,81.83
MACROVIC ENTERPRISE PTE LTD,4000126.5,18,5,80.3,3.12,74.0
MACROVISTA PTE. LTD.,233280.0,1,1,93.54,5.0,82.65
MACTECH ENGINEERING & TRADING PTE. LIMITED,3075500.0,9,7,96.85,3.28,90.32
MAD HOUSE PTE. LTD.,223620.0,2,1,94.89,3.75,73.78
MAD LEARNING PTE LTD,1.0,1,1,90.01,4.64,77.46
MADSTON BLACK SINGAPORE PTE. LTD.,82200.0,1,1,86.15,4.49,69.79
MAEK CONSULTING PTE. LTD.,1567000.0,3,3,83.39,3.44,60.13
MAGMA BUILDERS PTE LTD,1283114.0,2,2,99.77,4.51,85.79
MAGMARVEL,3287250.0,2,1,82.4,4.27,77.74
MAGNUM SPIRITS & WINE PTE LTD,60797.0,2,1,79.7,5.0,78.48
MAHA YU YI PTE. LTD.,11285.64,2,2,93.32,4.34,68.13
MAHRINAS (M) SDN. BHD.,601560.0,1,1,81.63,4.02,76.14
MAINGUARD SECURITY SERVICES (S) PTE LTD,11362495.0,6,4,80.4,3.59,88.97
MAINLAND ENGINEERING PTE. LTD.,42499.0,1,1,76.45,3.65,78.01
MAINT-KLEEN PTE. LTD.,7754088.2,2,1,84.14,3.6,78.29
MAJESTIC MARITIME SERVICES PTE. LTD.,14400.0,1,1,87.34,4.92,80.08
MAJESTIC RESEARCH SERVICES ASIA PTE. LIMITED,261443.32,2,2,89.94,4.11,65.64
MAJIC COMMUNICATIONS PTE. LTD.,288000.0,1,1,95.61,4.44,84.25
MAJOR'S PEST MANAGEMENT SERVICES PTE. LTD.,9879700.0,3,1,92.22,5.0,65.45
MAKE DESIGN,118131.0,3,3,86.47,2.68,68.6
MAKINO ASIA PTE LTD,747453.0,2,1,86.41,4.87,67.51
MALAYAN DACHING CO PTE LTD,578500.0,1,1,92.08,4.13,76.25
MALAYSIA DAIRY INDUSTRIES PRIVATE LIMITED,90000.0,1,1,98.18,4.36,74.48
MALKIN & MAXWELL LLP,8450.0,4,4,89.01,3.6,77.99
MALTEM ASIA PTE. LTD.,252000.0,1,1,84.25,3.65,68.95
MANAGEMENT CENTRE OF ASIA PTE. LTD.,385800.0,4,4,80.06,4.39,88.05
MANDARIN OPTO-MEDIC CO PTE LTD,211639.0,4,2,76.44,5.0,86.34
MANDARIN ORCHARD SINGAPORE,832687.6,16,4,93.33,4.7,76.26
MANDATE COMMUNICATIONS (S) PTE. LTD.,12362045.049999999,16,11,92.62,4.86,73.22
MANITOU ASIA PTE LTD,437600.0,2,1,92.62,3.98,72.21
MANNA POT CATERING PTE. LTD.,101.5,1,1,86.97,3.74,74.9
MANNING SELVAGE & LEE SINGAPORE,392400.0,2,1,99.26,3.63,64.0
MANPOWER STAFFING SERVICES (SINGAPORE) PTE LTD,765124.53,12,9,84.13,3.81,68.4
MANTA EQUIPMENT (S) PTE LTD,519097.0,1,1,95.64,2.87,86.6
MANTHRA SOFTWARE SERVICES PTE. LTD.,552000.0,1,1,87.69,3.67,81.02
MANULIFE ASSET MANAGEMENT (SINGAPORE) PTE. LTD.,625000.0,1,1,83.13,3.76,94.34
MANULIFE INVESTMENT MANAGEMENT (SINGAPORE) PTE. LTD.,3.0,1,1,92.74,3.99,75.01
MAO SHENG QUANJI CONSTRUCTION PTE LTD,109775076.38,27,9,91.28,4.18,74.38
MARBLEARCH INVESTMENT HOLDINGS PTE. LTD.,90000.0,1,1,90.86,4.32,73.92
MARCHWOOD LABORATORY SERVICES PTE. LTD.,15881776.75,20,5,88.65,4.09,74.81
MARCORP INTEGRATED PTE. LTD.,1000000.0,1,1,87.7,3.75,71.4
MARGARET LAW CORPORATION,501.0,2,2,100.0,2.92,80.71
MARINA BAY HOTEL PRIVATE LIMITED,70368.3,5,2,97.47,3.75,78.29
MARINA BAY SANDS PTE. LTD.,4325075.7,20,12,93.78,3.52,72.9
MARINA MANDARIN,217261.0,6,3,88.89,4.38,90.51
MARINA OFFSHORE PTE LTD,119000.0,1,1,96.06,4.65,96.97
MARINA TECHNOLOGY AND CONSTRUCTION PTE LTD,21134599.5,5,5,92.14,4.66,89.67
MARITEC PTE. LTD.,10800.0,1,1,88.21,4.55,83.58
MARKIEWICZ GRZEGORZ,22800.0,2,1,85.57,4.02,85.62
MARKS & CLERK SINGAPORE LLP,1662614.65,5,3,87.35,3.79,96.56
MARSH (SINGAPORE) PTE. LTD.,3.0,2,2,62.64,3.65,85.6
MARSHALL CAVENDISH EDUCATION PTE. LTD.,2177448.35,2,1,89.68,3.2,72.15
MARSHALL CAVENDISH INTERNATIONAL (ASIA) PRIVATE LIMITED,343000.01,3,3,84.09,4.7,81.92
MARUNDA UTAMA ENGINEERING PTE LTD,13205740.0,5,1,100.0,4.0,84.26
MARVELE GROUP PTE. LTD.,556388.0,1,1,88.15,3.35,68.05
MARVID INTERNATIONAL PTE LTD,1280918.0,3,1,78.49,3.6,75.15
MARY MARTIN BOOKSELLERS PTE. LTD.,870.0,2,1,87.6,3.58,89.0
MARYLAND NURSERY,317000.0,2,1,79.63,4.13,59.77
MASER PTE. LTD.,8443300.0,2,1,91.79,4.74,65.5
MASSIMO MORINI,20000.0,1,1,90.33,3.89,76.24
MASTER CONTRACT SERVICES PTE LTD,59620000.0,1,1,95.66,2.75,81.54
MASTER MARINE (PRIVATE) LIMITE D,182262.0,2,1,81.67,3.99,64.42
MASTERCARD ASIA/PACIFIC PTE. LTD.,663000.0,1,1,88.27,4.01,76.73
MASTERCONSULT SERVICES PTE. LTD.,28.0,1,1,77.08,3.97,89.54
MASTERCRAFT SYSTEMS PRIVATE LIMITED,1568888.0,2,1,93.61,3.72,78.69
MASTEREIGN LEARNING JOURNEYS PTE. LTD.,5547611.0,11,5,92.15,4.23,87.39
MASTEREIGN PROFESSIONALS PTE. LTD.,53760.0,1,1,91.97,4.14,72.08
MASTERMARK PTE LTD,1000000.0,1,1,88.01,4.09,69.9
MASTERPRO INDUSTRIAL PTE. LTD.,681337.2,2,2,91.32,4.35,86.49
MATCOR EQUIPMENT & SERVICES PTE. LTD.,223500.0,1,1,100.0,3.84,81.69
MATCOR TECHNOLOGY & SERVICES PTE LTD,2500000.0,1,1,85.72,3.81,66.14
MATERIAL HUB & TRADING (S) PTE. LTD.,261.11,1,1,89.11,4.93,69.99
MATERION ADVANCED MATERIALS TECHNOLOGIES AND SERVICES FAR EAST PTE. LTD.,307431.16,1,1,79.31,4.44,93.65
MATRIX OPTICS (M) SDN. BHD.,432.5,3,1,81.05,4.6,68.75
MATRIX RESOURCE,250265.0,1,1,88.78,4.84,87.34
MATSUSHITA GREATWALL CORPORATION PRIVATE LIMITED,126980.0,1,1,96.83,4.42,73.22
MATTRESS INTERNATIONAL PTE. LTD.,560748.0,3,2,85.95,4.66,77.97
MAVEN LAB PRIVATE LIMITED,1481476.0,4,4,86.11,3.15,80.95
MAVEN POTTER LLP,727100.0,2,1,84.74,4.22,56.99
MAVENTREE TECHNOLOGY PTE. LTD.,853401.0,2,2,83.72,3.99,63.37
MAX PHOTO PTE LTD,1593954.46,2,1,90.36,5.0,78.86
MAXCON CONSTRUCTION & ENGINEERING PTE LTD,6785409.0,14,6,76.02,4.66,70.76
MAXFORM,42000.0,1,1,98.25,3.72,87.97
MAXI TECHNOLOGIES PTE. LTD.,491237.04,1,1,82.68,4.32,61.94
MAXIMA ENGINEERING SERVICES,89800.0,1,1,93.78,4.2,83.65
MAXIMUM EMPLOYMENT MARKETING GROUP SINGAPORE PTE. LTD.,153805.7,1,1,77.84,4.37,64.24
MAXIMUS ASIA PTE. LTD.,2420635.0,2,2,93.35,3.49,74.48
MAXWELL GEOSYSTEMS PTE. LTD.,8324000.0,1,1,93.38,4.32,67.36
MAXXMEDIA INTERNATIONAL PTE. LTD.,107840.0,1,1,91.07,3.96,97.02
MAYTRONICS AUSTRALIA PTY LTD SINGAPORE BRANCH,2428732.0,2,1,80.04,4.27,64.61
MAZARS LLP,494700.0,3,3,90.0,3.67,76.78
MBW CALIBRATION AG,191000.0,1,1,78.54,3.75,60.73
MCBEL BUILDERS PTE. LTD.,299000.0,1,1,85.98,4.8,94.0
MCCANN WORLDGROUP (SINGAPORE) PTE. LTD.,8577044.1,5,4,96.24,3.47,82.01
MCCONNELL DOWELL SOUTH EAST ASIA PRIVATE LIMITED,215911753.0,1,1,94.37,3.51,79.37
MCI CAREER SERVICES PTE. LTD.,5599550.5,11,6,88.12,4.07,92.74
MCI EVENTS & PRODUCTIONS PTE. LTD.,1.0,1,1,80.2,3.64,79.47
MCI GROUP ASIA PACIFIC PTE. LTD.,6106338.6,1,1,93.16,3.57,80.2
"MCKINSEY & COMPANY SINGAPORE, PTE LTD",6385787.0,6,4,88.16,4.16,79.32
MCLINK ASIA PTE. LTD.,1.0,1,1,69.44,3.2,83.64
"MCMURDO, INC.",6183366.0,1,1,94.26,3.5,73.08
MD SIRAJUL ISLAM,20000.0,1,1,87.81,5.0,75.86
MDIS Corporation Pte Ltd,1.0,1,1,97.62,4.38,86.1
MEASUREMENT & VERIFICATION PTE. LTD.,10867170.0,3,3,79.24,3.65,80.77
MECH-POWER GENERATOR PTE. LTD.,572000.0,1,1,62.59,4.35,76.86
MECHANTRONIC ENGINEERING PTE LTD,973053.0,9,1,90.23,4.44,63.99
MECO EQUIPMENT ENGINEERS B.V.,1400975.0,1,1,90.33,4.7,92.98
MECOMB SINGAPORE LIMITED,456820.0,3,2,74.47,4.02,71.39
MECTRADE FABRICATORS PTE LTD,146400.0,1,1,80.17,4.69,87.87
MECTRON ENGINEERING PTE LTD,842220.0,1,1,100.0,2.88,79.76
MEDGENOME LABS LIMITED,630000.0,1,1,85.56,3.47,65.07
MEDI - LIFE SAVING TRAINING CENTRE,180000.0,1,1,93.85,4.2,90.52
MEDIA ARCHITECTS PTE. LTD.,771050.65,6,6,82.79,4.3,80.55
MEDIA CONSTRUCTION GROUP (SINGAPORE) PTE. LTD.,94870.0,1,1,71.28,3.55,91.35
MEDIA LABS INNOVATION PTE. LTD.,1.0,1,1,86.64,4.26,76.18
MEDIA RESEARCH CONSULTANTS PTE LTD,15891049.0,27,17,85.88,3.73,85.04
MEDIACOM SINGAPORE,534366.4,1,1,84.8,3.93,60.37
MEDIACORP PTE. LTD.,11429582.65,35,11,87.08,4.71,73.0
MEDIACORP TV SINGAPORE PTE LTD,278010.0,2,2,90.11,4.65,65.27
MEDIACORP VIZPRO INTERNATIONAL PTE. LTD.,13000.0,1,1,86.8,3.5,74.25
MEDIAMAC PTE LTD,1026794.0,4,2,77.89,3.47,82.72
MEDIASHOCK PRODUCTIONS PTE. LTD.,216660.0,1,1,91.89,3.85,71.95
MEDIASOFT INTEGRATION PTE. LTD.,72000.0,1,1,72.41,4.08,86.64
MEDIATECH MARKETING PTE LTD,1498.0,1,1,71.6,3.71,69.43
MEDIATECHNIC SOLUTIONS PTE. LTD.,3545200.58,9,5,93.91,4.72,86.85
MEDICAL DEVICES BIOMEDICAL PTE. LTD.,141130.0,2,2,92.06,4.31,91.1
MEDICAL IMAGING SYSTEMS PTE. LTD.,140508.0,1,1,87.54,4.34,88.14
MEDIOS ASSOCIATE PTE. LTD.,582218.0,4,3,76.84,3.34,74.56
MEDIWELL ENTERPRISE PTE LTD,379020.0,4,2,82.34,4.8,56.75
MEDLINK SERVICES PTE. LTD.,189400.0,1,1,85.9,2.41,83.82
MEDS TECHNOLOGIES PTE LTD,906158.93,1,1,75.23,4.6,76.75
MEGA EXHIBITION EVENTS PRIVATE LIMITED,1155420.0,3,1,82.09,4.66,68.22
MEGA GAS ENTERPRISE PTE. LTD.,246610.0,1,1,93.22,3.84,72.44
MEGA INTERNATIONAL,5179164.4,1,1,99.42,4.86,92.34
MEGA LASER SUPPORT PRIVATE LIMITED,231918.0,2,1,84.64,4.06,66.63
MEGA MOUNT INDUSTRIAL GASES SDN. BHD.,6340.9,1,1,94.05,4.14,82.68
MEGABUILDERS & DEVELOPMENT PTE. LTD.,31071044.4,16,8,72.69,4.3,80.18
MEGACHEM LIMITED,502315.28,2,2,93.28,5.0,74.43
MEGAGOAL PTE LTD,3480.0,1,1,81.57,4.91,84.45
MEGASTONE HOLDINGS PTE LTD,290273156.0,18,5,90.46,4.52,94.32
MEGATEX MARKETING,31200.0,1,1,86.02,3.55,75.04
MEGU CATERING CONCEPTS PTE. LTD.,242120.0,3,2,98.56,4.19,75.57
MEIDA CONSTRUCTION PTE. LTD.,14405000.0,3,2,81.0,3.61,84.22
MEIDEN SINGAPORE PTE. LTD.,508318868.0,2,1,93.02,4.59,87.18
"MEIKI CO., LTD.",528059.4,1,1,85.76,4.18,76.72
MEINHARDT (SINGAPORE) PTE LTD,13524000.0,7,3,86.73,3.43,74.95
MEINHARDT FACADE TECHNOLOGY (S) PTE LTD,264300.0,2,2,86.53,4.15,55.82
MEINHARDT INFRASTRUCTURE PTE. LTD.,1621000.0,3,2,81.23,3.59,70.22
MEIZHUAN BUILDERS PTE LTD,49486613.6,11,3,87.89,4.19,66.61
MELCHERS AVIATION TECHNICAL SERVICES PTE. LTD.,750.0,1,1,87.5,3.58,84.85
MELIORIS PRIVATE LIMITED,44980.0,1,1,89.93,4.12,75.56
MELTWATER SINGAPORE PTE. LIMITED,4503280.0,4,4,88.68,4.55,75.17
MEMIONTEC PTE LTD,118135415.0,21,3,94.38,4.07,77.91
MEMORY VISION PTE. LTD.,58951.0,2,1,95.39,3.87,69.3
MEMS SOLUTIONS PTE. LTD.,90800.0,1,1,79.6,4.22,93.53
MEN'SPOOL ENGINEERING PTE. LTD.,115200.0,1,1,94.95,4.52,90.98
MENDAKI SOCIAL ENTERPRISE NETWORK SINGAPORE PTE. LTD.,562710.0,1,1,78.51,3.44,94.18
MENDEL VERLAG GMBH & CO.KG,748656.0,2,2,92.7,4.26,84.83
MENG JIE,32370.0,3,2,92.96,4.89,77.71
MEPS GMBH,119664.27,1,1,72.71,4.44,94.15
MER MEC S.P.A.,25310276.95,2,1,88.74,4.13,71.19
MERCEDES-BENZ TAIWAN LTD.,100817.2,1,1,84.25,4.48,69.29
MERCER (SINGAPORE) PTE. LTD.,14744676.0,40,23,81.93,4.37,71.98
MERCER INVESTMENT SOLUTIONS (SINGAPORE) PTE. LTD.,7297023.0,11,7,98.81,4.55,83.23
MERCHANT COURT PTE. LTD.,346.5,2,1,82.77,2.89,70.38
MERCK PTE. LTD.,1347203.4,16,7,81.55,3.17,76.45
MERCURE SINGAPORE BUGIS,513.0,3,2,88.61,4.7,61.98
MERCURE SINGAPORE ON STEVENS,621.5,4,2,93.48,3.2,82.81
MERRY HORTICULTURAL DEVELOPMENT SDN. BHD.,261100.05,7,1,86.87,4.34,62.83
MESSER EUTECTIC CASTOLIN (S) PTE. LTD.,228000.0,1,1,97.33,3.89,68.68
METALWORLD PTE LTD,568940.0,3,2,92.25,3.5,90.17
METAPHOR CREATIONS PTE. LTD.,1175880.0,4,1,70.57,4.31,89.8
METAPHOR DESIGN + ARCHITECTURE PTE. LTD.,1998431.9100000001,7,6,83.76,4.22,81.74
METCORE INTERNATIONAL PTE. LTD.,19700.0,2,1,83.51,5.0,80.76
METHODIST WELFARE SERVICES,25775902.0,5,3,91.83,3.73,72.69
METIA PTE. LTD.,1638390.0,6,5,67.0,4.96,70.27
METRACO REFRIGERATION ENGINEERING PTE. LTD.,794850.0,2,2,100.0,4.31,74.38
METRO PARKING (S) PTE LTD,185040.0,1,1,92.25,3.7,62.86
METROHM SINGAPORE PTE LTD,955515.5599999999,8,6,89.19,4.58,80.52
"METRON AVIATION, INC.",21755828.0,1,1,97.45,4.44,78.49
METROPOLITAN FISHERY GROUP PTE. LTD.,365650.0,2,1,100.0,4.12,68.67
METTLER-TOLEDO (S) PTE LTD,590429.31,5,5,94.97,4.26,93.69
MEXPLAY (SINGAPORE) PTE. LTD.,418400.0,1,1,95.59,3.74,84.07
MEYER BURGER (NETHERLANDS) B.V.,714340.0,1,1,89.05,3.6,84.92
MEYVAERT GLASS ENGINEERING,2.0,2,1,86.87,4.56,73.13
MF TECH,685083.75,1,1,84.19,3.97,77.99
MFT-SG PTE. LTD.,812353.0,1,1,81.39,4.05,84.27
MGG SOFTWARE PTE. LTD.,2.0,1,1,82.5,4.27,79.53
MHC MEDICAL NETWORK PTE. LTD.,3484570.0,4,4,77.2,4.26,94.02
MHC PARTNERSHIP LLP,122000.0,2,1,87.39,3.24,75.96
MHE-DEMAG (S) PTE LTD,261327.0,2,2,74.52,4.87,72.95
MHE-DEMAG MALAYSIA SDN. BHD.,124395.28,2,1,89.53,4.17,84.34
MHI TRAINING MASTER,105000.0,1,1,87.71,3.98,65.35
MICA TECHNOLOGY PTE. LTD.,1.0,1,1,89.18,4.36,87.24
MICE NEUROL PTE. LTD.,895055.9,2,1,83.82,4.24,64.99
MICE RANKING PTE. LTD.,863900.0,3,1,100.0,4.56,84.39
MICHAEL PAGE INTERNATIONAL PTE LTD,60.0,1,1,98.88,4.42,71.52
MICRO AIRE-CARE PTE. LTD.,1310592.9,2,1,78.04,4.53,82.77
MICRO PHOTO ACOUSTICS INC.,515736.0,1,1,89.86,4.91,87.07
MICROGRAPHICS DATA PTE LTD,112363.0,1,1,83.14,4.63,79.53
MICROIMAGE SYSTEMS PTE. LTD.,156376.0,3,3,79.88,4.0,66.0
MICROLAMBDA PTE LTD,2228500.0,6,3,77.28,3.43,69.03
MICROLIGHT3D,346700.0,1,1,91.46,5.0,70.71
MICROSOFT REGIONAL SALES CORPORATION,428819.0,2,2,82.55,3.96,59.05
"MICROXACT, INC.",188193.25,1,1,95.74,3.82,89.27
MIDAS ENGINEERING & SERVICES PRIVATE LIMITED,1755143.12,5,4,95.95,3.06,79.1
MIDWEST FREIGHT & TRANSPORTATION PTE LTD,1.0,1,1,98.99,4.3,66.64
MIDWEST WORLDWIDE MOVERS PTE. LTD.,283069.0,3,2,81.18,4.19,92.56
MIE-TECH ENGINEERING & CONSTRUCTION PTE LTD,6793287.02,6,2,91.8,3.19,70.99
MIJEMIRA INTERNATIONAL PTE. LTD.,43360.0,1,1,93.06,4.37,80.51
MILABS B.V.,1099951.0,1,1,84.21,3.8,69.75
MILIEU INSIGHT PTE. LTD.,136036.0,1,1,81.83,5.0,57.82
"MILITARY FREEFALL SOLUTIONS, INC.",340921.16,1,1,100.0,3.76,64.36
MILITECH INTERNATIONAL PTE. LTD.,5289708.0,3,1,89.82,3.84,73.52
MILLENIA MOTION PICTURES PTE. LTD.,136235.0,2,1,93.09,3.58,86.98
MILLENIUM PARTNERS PTE. LTD.,9346864.0,3,2,81.42,4.87,81.47
MILLENNIUM LAW LLC,750.0,1,1,78.25,3.88,79.4
MILLENNIUMS CONSULTANTS PTE. LTD.,124200.0,1,1,83.44,3.67,57.9
MILLION BUS TRANSPORT SERVICES,86400.0,1,1,87.01,4.52,90.7
MILLION CENTURY TRADING PTE. LTD.,1040.1,1,1,79.49,3.27,80.24
MILTENYI BIOTEC ASIA PACIFIC PTE. LTD.,1820531.03,8,3,87.92,4.48,76.81
MILTON EXHIBITS (SINGAPORE) PTE. LTD.,8834682.82,20,9,74.49,5.0,89.32
MIMS PTE. LTD.,3643800.0,1,1,79.04,4.44,90.47
MIN HWA ENVELOPE MANUFACTURERS PTE. LTD.,1024163.61,8,6,93.37,4.48,89.55
MIND LENS WORLDWIDE PTE. LTD.,3631873.76,4,3,92.83,4.62,75.53
MINDPOWER INNOVATIONS PTE. LTD.,565612.0,4,2,84.86,5.0,67.97
MINDWAVE SOLUTIONS PTE. LTD.,1500000.0,1,1,79.86,4.83,87.89
MINERVA INDUSTRIAL & TRADING PTE. LTD.,18092139.4,6,2,79.78,4.36,64.35
MING KEE UMBRELLAS FACTORY PRIVATE LIMITED,287233.88,9,4,85.01,4.64,97.47
MING LABS PTE. LTD.,111000.0,1,1,93.16,3.57,78.28
MINI ENVIRONMENT SERVICE PTE LTD,3075380.0,2,1,95.43,4.57,67.39
MINISTRY OF DJS PTE. LTD.,10300.0,1,1,84.03,3.5,65.68
MINISTRY OF MOVEMENT PTE. LTD.,389782.5,1,1,78.77,3.88,65.22
MINITHEORY PTE. LTD.,25001.0,2,2,90.14,2.25,79.4
MINMED GROUP PTE. LTD.,2551200.0,2,2,81.41,4.34,77.94
MINTEL (CONSULTING) SINGAPORE PTE. LTD,322200.0,2,1,83.85,3.71,65.64
MINTONETTE SPORTS MANAGEMENT,837942.0,4,2,98.6,4.77,74.44
MIRAGE SUPPLIES PTE. LTD.,225.0,1,1,94.62,4.33,64.32
MIRAI ELECTRONICS PTE. LTD.,221900.0,2,2,89.26,4.77,83.89
MIRXES PTE. LTD.,2387302.77,4,1,77.82,3.45,77.45
MITRA ENGINEERING SERVICES PTE LTD,114026.0,1,1,89.69,4.72,74.22
MITSUBISHI ELECTRIC ASIA PTE LTD,1718380.0,3,2,96.5,5.0,65.12
MITSUBISHI ELEVATOR (SINGAPORE) PTE. LTD.,6034203.9,2,2,84.99,4.56,75.0
"MITSUBOSHI DIAMOND INDUSTRIAL CO., LTD.",350000.0,1,1,98.81,4.57,73.85
MITSUI-SOKO (SINGAPORE) PTE LTD,903296.0,1,1,98.34,4.2,81.18
MITUTOYO ASIA PACIFIC PTE. LTD.,154600.0,1,1,100.0,3.79,79.67
MIUVO LIFESTYLE PTE. LTD.,85875.0,1,1,90.44,4.56,85.92
MK EVENTS AND PRINTS (PTE. LTD.),179328.0,1,1,92.7,3.2,73.15
MKPL ARCHITECTS PTE. LTD.,4947764.23,8,4,99.31,3.85,59.4
MKS GLOBAL PTE. LTD.,681155.0,2,2,91.58,3.04,87.91
MKS INSTRUMENTS (SINGAPORE) PTE. LTD.,268639.04000000004,2,2,83.99,3.68,68.64
MKV ENGINEERING AND TRADING SERVICES PTE. LTD.,57085235.0,11,6,84.41,4.49,66.93
ML CONSULTING PTE LTD,4783049.8,7,6,89.91,4.4,77.57
ML Consulting Pte Ltd,8943020.85,13,7,77.68,4.13,81.02
ML INTERNATIONAL TRADING PTE. LTD.,16826812.0,11,8,86.85,4.2,72.69
ML RESEARCH CONSULTANTS PTE. LTD.,1.0,1,1,96.77,2.97,72.61
ML Research Consultants Pte Ltd,4301119.0,13,9,70.47,3.88,74.09
MLJ DENTAL TRADING PTE. LTD.,90025.7,8,2,100.0,3.69,92.17
MLS (OVERSEAS) LIMITED,1098449.4,4,1,96.98,3.7,77.97
MM2 ENTERTAINMENT PTE. LTD.,204390.0,1,1,84.32,4.46,68.32
MO & RYAN CONSULTANTS PTE LTD,16556.0,1,1,92.35,3.58,68.42
MO DESIGN,856231.54,1,1,88.03,3.74,75.49
MOBILE 333 PTE LTD,1321122.0,2,2,97.84,2.85,80.38
MOBILE MARKET MONITOR SINGAPORE PTE. LTD.,1867300.0,1,1,95.86,3.92,82.84
MOBILE WORKFORCE SOLUTION PTE. LTD.,6090058.0,2,1,76.8,3.45,79.24
MOBIQUEST SOLUTIONS PTE. LTD.,1492476.0,3,3,92.7,4.15,69.58
MODE ARCHITECTS PRIVATE LIMITED,386000.0,1,1,86.35,3.53,73.76
MODELLSCAPE (S) PTE. LTD.,2870645.0,4,1,88.66,4.16,85.34
MODERN (SINGAPORE) ACCESS & EQUIPMENT PTE. LTD.,266930.0,1,1,82.17,4.01,66.54
MODERN ASIA ENVIRONMENTAL HOLDINGS PTE. LTD.,1181390.0,4,3,100.0,5.0,73.34
MODERN LINK PTE. LTD.,494566.8,1,1,96.32,4.4,83.97
MODERN POOLS PTE. LTD.,2553703.48,7,6,82.08,3.0,86.75
MODERN TEACHING AIDS PTY LTD,169262.29,2,1,77.32,3.34,76.07
MODUS CONSULTING PTE. LTD.,323900.0,3,3,84.91,4.13,73.89
MODUTEK CORP.,458038.0,1,1,91.48,3.54,64.78
MOEPHOSIS CONCEPTS PTE. LTD.,619273.0,6,2,89.92,2.32,83.26
MOHAMAD HAIRIL BIN AMIN,84000.0,1,1,98.03,4.91,91.19
MOHAMED FAIZAL BIN OSMAN,122203.0,2,2,94.32,4.53,100.0
MOHAMMAD ASLAM BIN JAFFAR,160.0,1,1,95.76,4.41,81.86
MOHAMMAD HERMAN B ZAILANI,381312.0,1,1,90.61,3.74,77.49
MOHINDER SINGH S/O SADU SINGH,88870.0,1,1,76.89,4.36,68.8
MOI LAW CORPORATION,1900.0,2,1,86.43,3.68,59.21
MOJITO VENTURES PTE. LTD.,534000.0,1,1,96.48,4.22,79.77
MOJO STUDIO PTE. LTD.,24510.0,2,1,87.59,3.55,100.0
MOMENTA GROUP PTE. LTD.,266084.75,3,2,92.02,5.0,90.71
MONA Computer Systems (S) Pte Ltd,42785.11,7,1,85.45,3.16,89.17
MONASH UNIVERSITY,1881.62,1,1,79.76,4.84,80.46
MONEYOWL PRIVATE LIMITED,220000.0,1,1,87.01,4.12,81.6
MONEYTREE SINGAPORE PTE. LTD.,96470.0,3,2,90.47,3.81,53.76
MONGOOSE PUBLISHING PTE. LTD.,677094.0,4,2,82.75,4.2,85.63
MONOCHROMATIC PICTURES LLP,166935.0,2,1,86.11,4.54,72.21
MONONOS PRIVATE LIMITED,3380.0,1,1,80.48,4.92,70.98
MONOPOLE PTE. LTD.,10000.0,1,1,96.95,4.29,74.77
MONSTER AV PTE. LTD.,483430.0,1,1,85.64,3.57,74.43
MONZONE AIR-CONDITIONING PTE LTD,778735.0,1,1,99.62,4.13,70.82
MOO CHOO ENTERPRISES PTE. LTD.,216180.43,2,1,100.0,5.0,78.14
MOORE STEPHENS CONSULTANTS PTE LTD,68640.0,1,1,87.35,4.91,72.42
MOORE STEPHENS EGYPT,4500.0,1,1,79.93,4.65,79.0
MOORE STEPHENS LLP,935032.0,8,7,71.31,4.58,63.13
MOOVE MEDIA PTE. LTD.,1.0,1,1,76.22,4.52,75.86
MOOVITA PTE. LTD.,338250.0,1,1,77.01,4.8,67.04
MORGAN LEWIS STAMFORD LLC,4150.0,1,1,99.03,3.83,71.59
MORGANS GROUP PTY LTD,408424.5,1,1,88.93,3.29,79.43
MORNING STAR COMMUNITY SERVICES LTD.,518800.0,2,1,91.12,4.14,61.96
MORNINGSTAR RESEARCH PTE. LIMITED,192000.0,2,2,70.24,3.61,69.78
MOS GROUP PTE. LTD.,148000.0,1,1,78.42,3.47,83.69
"MOSCHIP TECHNOLOGIES, USA",509256.9,1,1,95.1,3.67,63.87
MOSEN LIMITED,174000.0,1,1,90.29,5.0,95.78
MOTHERS AND SONS,89984.0,1,1,86.82,4.18,90.04
MOTHERSHIP.SG LTD.,400000.0,1,1,92.52,4.32,73.05
MOTOR IMAGE ENTERPRISES PTE LTD,702750.0,2,2,100.0,3.37,70.13
MOTORWAY SSANGYONG PTE. LTD.,1405338.0,3,3,86.23,2.99,80.02
MOTT MACDONALD SINGAPORE PTE LIMITED,2328281.1,6,4,88.55,3.61,63.53
MOUNT ALVERNIA HOSPITAL,1.0,1,1,89.54,4.96,57.98
MOUNT FABER LEISURE GROUP PTE. LTD.,413.5,2,2,100.0,4.3,73.41
MOXIE DESIGN PTE. LTD.,662600.0,1,1,71.21,4.46,76.66
MP BIOMEDICALS ASIA PACIFIC PTE. LTD.,60000.0,1,1,93.47,4.54,78.94
MP SINGAPORE PTE. LTD.,7859007.3,6,6,87.08,3.75,71.85
MPDV ASIA PTE. LTD.,22320.0,1,1,92.53,4.93,90.74
MPH LIBRARY SERVICES (S) PTE LTD,546.0,2,1,82.74,3.72,63.05
MPN TECH PTE. LTD.,24345.1,1,1,87.61,4.94,66.62
MQ SPECTRUM PTE. LTD.,10678072.8,9,8,93.69,4.37,82.87
MRS NAYEEMA ISLAM,13900.0,1,1,100.0,3.03,66.38
MRS TAN SONG KIANG @ ANNA LIEM HONG HOA,36000.0,1,1,94.46,3.65,66.0
MS FIRST CAPITAL INSURANCE LIMITED,38515287.66,45,14,81.22,3.03,79.23
MS11 ENGINEERING PTE. LTD.,107474.0,1,1,84.61,4.8,67.46
MS11 PTE. LTD.,13203451.0,18,7,84.37,4.09,76.67
MSAB PTE. LTD.,36012.6,1,1,73.63,2.76,71.0
MSIG INSURANCE (SINGAPORE) PTE. LTD.,3953834.0,4,4,85.36,4.33,69.38
MSS Security Pty Limited,3646712.91,1,1,93.86,3.78,56.98
MSTS ASIA (S'PORE) PTE. LTD.,673894.0,1,1,77.81,3.21,79.4
MU INTERIOR PTE LTD,3194595.0,7,2,96.39,5.0,65.53
MUHAMMAD AZHAR BIN HAMIDON,7980.0,1,1,91.9,4.16,76.32
MUHAMMAD HAMDAN BIN BAILI,7980.0,1,1,82.13,3.92,72.88
MUHAMMAD ISA S/O ABDUL HALEEM,357480.0,1,1,86.87,3.86,75.93
MUHAMMADIYAH HEALTH & DAY CARE CENTER,2.0,1,1,100.0,3.19,76.5
MULAN GALLERY PTE. LTD.,147250.0,1,1,93.87,3.32,79.94
MULLENLOWE SINGAPORE PTE LTD,3879154.81,1,1,88.07,4.87,70.72
MULTI INDUSTRIAL HARDWARE SDN. BHD.,32883.63,1,1,86.1,3.82,90.43
MULTI-FLOW ENGINEERING SERVICES PTE LTD,3207.9,1,1,88.61,4.11,59.53
MULTI-ZONES MARKETING PTE LTD,5.42,3,1,83.91,2.87,75.73
MULTIMEDIA PEOPLE PTE LTD,1600000.0,1,1,71.16,3.31,86.36
MULTININE CORPORATION PTE. LTD.,481920.0,2,1,100.0,4.47,82.77
MULTIPLY ARCHITECTS LLP,424800.0,1,1,89.24,4.33,68.25
MULTITASK DEVELOPMENT PTE. LTD.,1658958.0,2,2,91.19,5.0,69.92
MULTITOUCH ASIA PTE. LTD.,118800.0,1,1,87.54,4.91,67.93
MULTIVAC PTE. LTD.,95900.0,1,1,82.12,3.96,83.99
MULTRON SYSTEMS PTE LTD,2596668.98,8,7,86.51,4.38,70.6
MUNSEH ENGINEERING SDN.BHD.,24284270.22,9,1,75.2,3.91,80.55
MUNSHI AHMED PHOTOGRAPHY,1125.0,1,1,100.0,5.0,80.64
MUSIC & MOVEMENT (S) PTE. LTD.,374500.0,1,1,78.12,4.79,100.0
MUSIC ELEMENTS (ASIA) PTE. LTD.,2.0,2,1,79.74,4.2,81.13
MUSIC RENAISSANCE PRODUCTION,30420.0,3,2,84.48,4.22,69.89
MUSIC360 PTE. LTD.,2.0,2,1,98.3,4.97,63.4
MUSICAL ARTS,3.0,3,1,88.12,4.45,75.24
MUSICGEAR PTE. LTD.,2.0,2,1,78.11,5.0,76.81
MUSTIKA TERATAI SDN. BHD.,8349774.51,1,1,98.03,2.78,55.89
MUTECH PTE LTD,84600.0,1,1,93.85,4.38,70.86
MUTIARA (FE) PTE. LTD.,2009840.0,4,3,92.31,3.79,80.97
MWR INFOSECURITY PTE. LTD.,5000.0,1,1,93.73,5.0,72.68
MY EAR SINGAPORE PTE. LTD.,45000.0,1,1,100.0,5.0,87.69
MY ELECTRONIC ENTERPRISE,11536.71,1,1,100.0,4.12,62.42
MY PRIVATE CHEF PTE. LTD.,256752.0,2,1,82.51,5.0,84.77
MY SPECIAL CORNER,46250.0,1,1,100.0,5.0,87.14
MY UNIFORM SHOP (ASIA) PTE. LTD.,54.1,1,1,91.07,4.14,87.56
MYASSET PTE. LTD.,1170390.44,2,2,91.99,5.0,62.34
MYKE TECHNOLOGIES PTE. LTD.,1755.0,1,1,74.46,4.08,81.15
MYPX PTE. LTD.,1159280.0,1,1,86.64,3.97,71.31
Macmarine Services Pte Ltd,549400.0,1,1,81.5,4.62,63.94
Magritek Limited,155900.0,1,1,94.62,3.89,73.86
Mah Poh Ann Andrew,11970.0,1,1,96.57,4.15,68.95
Mah Teng Hoong,150.0,1,1,71.4,4.95,87.21
Maha Arul Sithi Construction & Engineering Pte Ltd,168800.0,1,1,87.82,4.11,83.13
Mainland Press Pte Ltd,143290.06,2,1,96.97,3.08,66.48
Maintech Engineering & Supplies Pte. Ltd.,17702977.65,5,2,86.51,4.32,70.76
Manteena Security (Aust) Pty Ltd,445620.77,1,1,93.83,3.68,74.19
Marina Bay Hotel Private Limited,4965.42,3,2,90.81,4.62,77.28
Marina Mandarin,2343285.71,20,5,90.73,4.52,88.06
Marina Technology and Construction Pte Ltd,15593485.0,8,7,85.83,4.98,84.91
MarketLine,386143.24,1,1,78.27,4.64,78.51
Marketech Integrated Pte Ltd,3764712.0,2,2,79.03,4.75,75.39
Markit Group Limited,3874.85,1,1,93.67,3.7,60.27
Markono Print Media Pte Ltd,349680.47,3,1,88.16,4.58,90.92
Marsh (Singapore) Pte Ltd,1329524.73,6,6,86.89,5.0,73.53
Martine S J Janssens,50.0,1,1,84.61,3.69,93.55
Marubishi Co Ltd,153550.54,1,1,85.56,5.0,79.96
Master Contract Services Pte Ltd,163000000.0,1,1,96.38,3.77,98.25
Mastermark Pte Ltd,287745.0,1,1,85.32,3.59,84.06
"Matrix Medical Consulting, Inc.",49680.0,1,1,77.27,4.28,63.68
Maurice Design & Contracts,72250.0,1,1,93.95,4.53,71.86
Maventree Technology Pte Ltd,707471.0,3,3,86.36,4.65,76.31
Maxima Engineering Services,206930.0,2,1,88.25,3.52,69.26
Maxtrans Technology Pte Ltd,104837.5,1,1,100.0,4.36,74.23
McConnell Dowell S.E.A. Pte Ltd,103053188.0,2,2,87.84,3.69,64.33
Measurement & Metrology (S) Pte Ltd,285344.0,3,3,90.31,3.21,78.06
Mecomb S'pore Ltd,5189339.0,13,7,78.57,3.54,80.37
Medialink Printing Services Pte Ltd,1475500.0,1,1,86.24,3.65,67.96
Medical Plus Pte Ltd,28683.0,1,1,92.88,4.41,97.4
Medicell Pharmaceutical (S) Pte Ltd,708000.0,1,1,75.56,4.79,78.64
Mega Marketing & Services Pte Ltd,28140.0,1,1,89.61,3.22,69.83
Megachem Limited,645110.9,3,2,88.81,4.31,61.7
Megaforce Marketing Pte Ltd,783400.0,1,1,88.33,3.39,78.6
Mei De Engineering Pte Ltd,869600.0,2,2,96.3,4.48,75.4
Meinhardt (Singapore) Pte Ltd,12282716.620000001,10,6,90.68,3.73,85.83
Meinhardt Infrastructure Pte Ltd,138350.0,1,1,99.82,3.47,76.57
Menlon Agency Pte Ltd,223119.75,1,1,80.05,4.58,66.06
Mercedes Benz of Arlington,118107.71,1,1,89.09,3.75,94.71
Mercury Marine Singapore Pte Ltd,20844392.0,2,2,88.68,3.91,82.36
Meta Fusion Pte Ltd,221600.0,2,1,79.45,2.77,75.46
Metabo-Profile Biotechnology (Shanghai) Co. Ltd.,124800.0,1,1,95.65,4.67,79.65
Metro Parking (S) Pte Ltd,925826.0,3,3,100.0,4.59,82.74
Mettler-Toledo (S) Pte Ltd,2306604.71,13,8,87.86,4.1,63.71
Michael Page International,200000.0,1,1,92.04,3.18,79.58
Micrographics Data Pte Ltd,525495.6,4,2,88.68,4.83,73.5
Million Lighting Co Pte Ltd,0.41,1,1,82.29,3.7,83.07
Milton Press Co Pte Ltd,0.06,1,1,73.43,3.83,70.6
Mind Map Training Centre Pte Ltd,8120.0,2,2,82.35,5.0,71.95
Minmed Health PTE.LTD.,9376207.07,12,3,76.86,3.68,94.63
Mitsubishi Corporation,28000000.0,1,1,100.0,4.55,90.31
Mitsui & Co. (Asia Pacific) Pte. Ltd.,1460659.0399999998,2,1,87.08,4.44,45.04
Mitutoyo Asia Pacific Pte. Ltd.,1045000.0,3,3,85.23,4.33,89.57
Mohamad Saleh Bin Augustar,90.0,1,1,95.11,4.27,77.26
Mohamad Tahar Bin Ahmad,160.0,1,1,79.03,4.33,70.92
Mohammed Shah Bin Johari,16800.0,1,1,81.87,4.26,67.93
Mohammed Zahurul Hasan,40000.0,1,1,88.54,4.07,68.51
Monzone Air-Conditioning Pte Ltd,4200000.0,1,1,96.23,5.0,71.2
Morning Star Community Services,1355300.0,6,2,92.01,3.31,66.73
Motion Smith,108437.1,1,1,89.99,4.71,64.45
Motion Weld Engineering Sdn Bhd,118000.0,1,1,88.62,4.59,67.6
Mr Tan Kim Leng,2400.0,1,1,91.2,4.52,81.23
Muhamad Hosni Bin Muhamad,12000.0,1,1,89.61,4.77,78.5
Muhamad Yusri Bin Mohamed Ali,36000.0,1,1,79.76,4.04,83.56
Muhibbah Travel-Tours & Trading Pte Ltd,1352.0,1,1,88.37,2.98,77.34
Multimedia People Pte Ltd,2804119.0,2,2,79.41,4.06,64.93
Multistor Storage Solution Providers Pte Ltd,1004925.0,1,1,88.65,3.51,82.94
Munters Pte Ltd,393600.0,1,1,84.15,3.66,67.95
Music Solutions,145200.0,1,1,100.0,3.35,84.47
Myanmar Jardine Schindler Ltd,95739.57,1,1,87.68,3.81,66.34
N & T ENGINEERING ENTERPRISE (PTE) LTD,17754259.36,13,7,76.77,3.74,71.13
N&N AGRICULTURE PTE LTD,15150.0,1,1,86.93,2.67,74.39
N.K. LUCK (S) PTE LTD,191665.0,4,2,92.15,4.52,84.74
NADI SINGAPURA LTD.,29800.0,1,1,100.0,5.0,79.76
NADIZ ENGINEERING & SERVICES SDN. BHD.,84011.95,2,1,83.28,4.46,78.2
NAFA SYSTEM SERVICES PTE LTD,15205545.0,7,7,75.34,3.98,96.86
NAGAPRINT & PACKAGING PTE. LTD.,68441.0,1,1,94.53,4.07,59.63
NAGASE SINGAPORE (PTE) LTD.,1037209.0,3,1,76.96,3.85,67.62
NAIISE PTE. LTD.,7024263.14,1,1,84.51,4.15,67.19
NAIT CONSULTING SERVICES PTE. LTD.,349737.0,1,1,85.94,4.08,60.29
NAM LEE PRESSED METAL PTE. LTD.,32048282.38,1,1,87.44,3.6,70.8
NAM PLUMBING ENGINEERING PTE LTD,977601.1,1,1,93.51,5.0,84.88
NAM SOON TIMBER PTE LTD,734000.0,2,1,82.53,3.21,72.08
NANEUM LIMITED,71240.0,1,1,85.81,4.53,74.67
"NANJING DADI CONSTRUCTION (GROUP) CO., LTD. SINGAPORE BRANCH",318406600.0,3,1,87.89,4.04,60.77
NANO EQUIPMENT PTE. LTD.,3134609.6,8,6,89.2,5.0,70.03
NANOFLUX PTE. LTD.,737100.0,6,3,88.78,4.3,73.38
NANOMETRICS INC.,54387.69,1,1,91.49,3.88,84.42
NANOSERV PTE. LTD.,112000.0,1,1,94.75,3.95,61.25
"NANOSTRING TECHNOLOGIES, INC.",1251308.65,4,2,91.14,4.12,73.45
NANTAH CAPITAL ONE PTE. LTD.,1538959.2,5,3,91.63,3.41,88.87
NANYANG ACADEMY OF FINE ARTS,203600.0,2,2,75.34,3.64,73.55
NANYANG CEMENT PTE. LTD.,262.99,3,1,88.4,3.03,56.84
NANYANG EQUIPMENT PTE LTD,1385820.0,1,1,91.84,3.55,90.79
NANYANG INC PTE. LTD.,2070179.02,4,3,93.83,4.16,85.35
NANYANG LAW LLC,299220.0,6,5,82.46,4.28,86.69
NANYANG TECHNOLOGICAL UNIVERSITY,932169.1,3,3,82.73,2.91,60.56
NAPIER HEALTHCARE SOLUTIONS PTE. LTD.,1932000.0,1,1,83.41,4.02,93.12
NARAYANAN S/O VELAYUTHAM,1.5,1,1,92.29,4.44,70.27
NAT AIRE BUILDER & DISTRIBUTION PTE. LTD.,7298800.17,3,3,96.27,4.0,72.91
NATHAN YONG DESIGN PTE. LTD.,125000.0,1,1,84.74,3.72,70.97
NATIONAL CAR RENTALS (PRIVATE) LIMITED,2438090.0,2,2,95.26,3.85,87.47
NATIONAL DOPE TESTING LABORATORY,698315.0,1,1,88.99,3.78,76.2
NATIONAL GALLERY SINGAPORE,14080.0,2,2,87.01,3.72,82.82
NATIONAL HEART CENTRE OF SINGAPORE PTE LTD,571401.6,3,1,86.31,4.2,78.76
NATIONAL INSTITUTE OF EDUCATION,1983000.0,1,1,93.97,5.0,77.05
NATIONAL INSTRUMENTS SINGAPORE (PTE) LTD,604356.5,3,3,90.6,3.65,68.53
NATIONAL SERVICE RESORT & COUNTRY CLUB,130872.0,2,1,100.0,3.91,96.12
NATIONAL UNIVERSITY HOSPITAL (SINGAPORE) PTE LTD,4054490.0,6,2,81.18,4.07,63.37
NATIONAL UNIVERSITY OF SINGAPORE,20111506.75,19,12,92.14,3.69,82.12
NATS (SERVICES) LIMITED,3864954.0,2,1,83.77,4.76,81.77
NATURAL COOL AIRCONDITIONING & ENGINEERING PTE LTD,675000.0,1,1,81.05,2.68,89.54
NATURE JAPAN KK,1611002.0,2,1,87.91,3.78,91.88
NATURE LANDSCAPES PTE LTD,3444881.4,5,4,89.1,4.59,76.63
NAUMI HOTELS PTE. LTD.,264.0,1,1,100.0,3.92,83.3
NAVAL GROUP FAR EAST PTE. LTD.,841177.62,1,1,86.53,3.61,95.65
NAVBLUE LIMITED,350040.0,1,1,78.96,4.36,77.35
NAVBLUE WALES LIMITED,330000.0,1,1,90.18,4.64,67.34
NAVITECH PTE. LTD.,504000.0,1,1,71.4,4.23,74.16
NAXOS DIGITAL SERVICES LIMITED,2980760.5,2,1,87.26,3.62,64.95
NCODE CONSULTANT PTE LTD,1196001.0,3,2,88.13,4.37,81.72
NCS COMMUNICATIONS ENGINEERING PTE. LTD.,123464982.91,26,8,94.36,3.86,88.64
NCS PTE. LTD.,2673829697.83,284,67,95.79,4.55,76.79
NCSI SOLUTIONS PTE. LTD.,1.0,1,1,83.97,4.99,61.79
NDS LINGSOFT SOLUTIONS PRIVATE LIMITED,214180.0,1,1,86.8,2.54,88.22
NDT INSTRUMENTS PTE LTD,1565910.0,6,3,81.87,4.17,60.24
NEASPEC GMBH,213889.41,1,1,78.98,3.06,62.54
NEC ASIA PACIFIC PTE. LTD.,427390954.15,61,30,90.48,5.0,76.22
NEC Information Systems (Shanghai) Limited,114140.96,1,1,77.81,3.82,80.52
NEEL'S PTE. LTD.,50000.0,1,1,84.68,4.55,82.22
NEEW PTE. LTD.,107318.5,2,1,80.04,4.08,77.34
NEO BOON SIONG,563880.0,1,1,92.4,3.62,95.6
NEO CHENG SOON FARM,14100.0,2,1,100.0,3.55,78.65
NEO GROUP LIMITED,15000.0,1,1,77.59,5.0,88.35
NEO LIAN POH CONSTRUCTION PTE LTD,6785078.4,6,3,73.18,4.67,85.87
"NEOCERA, LLC",1349874.5,2,1,87.0,5.0,65.07
NEOLASER SOLUTIONS PTE. LTD.,443480.0,3,3,88.13,4.13,76.3
NEOTECH AMT GMBH,466240.59,1,1,89.75,4.27,99.23
NEPTUNE WORK WEAR PTE. LTD.,564911.2,1,1,84.43,3.94,72.96
NEPTUNE WORK WEAR PTE.LTD.,423.0,1,1,86.39,3.93,71.25
NERA AUSTRALIA PTY LTD,3.0,3,1,90.94,3.47,79.71
NERA TELECOMMUNICATIONS LTD,5064922.74,4,4,96.32,4.15,73.31
NERA UK LIMITED,1.0,1,1,72.36,3.63,70.06
NET ONE ASIA PTE. LTD.,104830.0,1,1,85.05,4.37,73.17
NETABILITY (SINGAPORE) PTE. LTD.,185000.0,1,1,89.71,4.2,92.32
NETASSIST SERVICES PTE LTD,100800.0,1,1,80.66,4.27,76.63
NETATECH ENGINEERING PTE. LTD.,98200.0,1,1,100.0,5.0,64.72
NETE2 ASIA PTE LTD,53360666.61000001,10,8,82.92,4.08,62.88
NETIQUETTE SOFTWARE PTE. LTD.,1.0,1,1,87.67,4.55,100.0
NETRIKA PTE. LTD.,1.0,1,1,92.45,5.0,75.77
NETRUST PTE LTD,800691.4,4,4,83.27,4.88,82.35
NETS SOLUTIONS PTE. LTD.,1425000.0,1,1,73.23,4.79,70.29
NETWEB PTE. LTD.,496912.0,3,2,84.57,3.92,81.21
NETWORK ARCHITECTS PTE. LTD.,3051007.57,17,10,96.24,4.24,92.59
NETWORK FOR ELECTRONIC TRANSFERS (SINGAPORE) PTE LTD,2675516.7,7,6,85.3,3.31,71.48
NETWORK STRATEGIES LIMITED,2.0,2,1,81.23,4.4,82.59
NETZSCH ASIA PACIFIC PTE. LTD.,1284150.0,1,1,95.41,4.26,63.94
NEUEDUCATION,31200.0,1,1,85.35,4.11,98.23
NEUMED PTE. LTD.,31526.4,4,2,83.92,4.72,80.69
NEUMIND INTERNATIONAL PTE. LTD.,1.0,1,1,89.2,3.38,73.87
NEUROLEADERSHIP GROUP PTE. LTD.,33000.0,1,1,94.17,5.0,75.02
NEUROMED (S.E.A.) PTE LTD,20000.0,1,1,100.0,4.64,72.9
NEW ART INTERIOR PTE LTD,27918067.0,4,3,94.62,4.06,73.41
NEW CASTLE ENGINEERING PTE. LTD.,447780.5,1,1,97.28,4.01,53.53
"NEW CHARIS MISSION, THE",1087080.0,1,1,83.95,4.39,77.02
NEW CINE PTE. LTD.,16310.0,1,1,79.79,5.0,76.6
NEW CINE SERVICES,154304.0,1,1,88.5,4.16,82.89
NEW ENGLAND BIOLABS PTE. LTD.,1.0,1,1,88.86,4.19,72.77
NEW HORIZON DEVELOPMENT PTE LTD,681402.0174,4,1,79.37,4.11,70.29
NEW LIFE COMMUNITY SERVICES,7865520.0,1,1,86.6,5.0,77.92
NEW SHAN TRAVEL SERVICE PTE. LTD.,263850.0,2,1,91.19,3.88,61.88
NEW SOLUTION HOLDINGS PTY LTD,145000.0,1,1,90.88,4.08,79.43
NEW UNIVERSAL SOLUTION,42680.0,6,2,92.03,4.98,59.38
NEW WORLD INTERNATIONAL PTE. LTD.,127400.0,2,1,90.33,4.19,89.21
NEWAY TABLE TENNIS PTE. LTD.,91500.0,1,1,83.94,4.78,84.84
NEWBASE CONTENT PTE. LTD.,1584071.1,10,6,83.89,3.55,68.74
NEWCON BUILDERS PTE. LTD.,646892700.0,12,4,78.41,3.98,84.61
NEWDVR (S) PTE. LTD.,89609.02,1,1,100.0,4.99,79.12
NEWLINE ASIA SERVICES PTE. LTD.,64400.0,2,2,88.11,3.69,67.91
NEWMAN & GOH PROPERTY CONSULTANTS PTE LTD,1.02,3,2,86.2,4.01,57.77
NEWMAN ENTERTAINMENT INTERNATIONAL PTE. LTD.,1970000.0,1,1,80.57,4.25,81.16
NEWMARK GRUBB KNIGHT FRANK,992923.46,1,1,100.0,3.51,70.06
NEWOOD DESIGN PTE. LTD.,317410.0,1,1,79.41,3.85,88.95
NEWPORT OPTO-ELECTRONICS TECHNOLOGIES (SINGAPORE) PTE. LTD.,1327437.75,6,2,84.57,4.17,78.14
NEWROCARE TECHNOLOGY PTE. LTD.,472937.0,2,1,91.33,4.13,71.0
NEWS SEARCH (SINGAPORE) PTE. LTD.,1965280.0,14,10,92.8,4.87,95.98
NEWSTEAD TECHNOLOGIES PTE LTD,18458336.17,17,12,95.66,5.0,83.76
NEWTECH ENGRG CONSTRUCTION PTE LTD,217450.0,1,1,100.0,3.59,41.45
NEWTEX ASIA PACIFIC PTE LTD,82800.0,1,1,92.05,4.17,73.14
NEWTON 101 PTE. LTD.,1214329.6,1,1,79.55,4.5,64.16
NEXIA TS RISK ADVISORY PTE. LTD.,497401.0,3,3,85.94,5.0,70.0
NEXIA TS TECHNOLOGY PTE. LTD.,1625.0,3,2,90.46,4.53,76.55
NEXTOFKIN CREATIVES PTE. LTD.,130607.5,3,2,100.0,4.27,81.54
NEXUS ANALYTICS PTE. LTD.,658389.0,4,4,76.82,4.5,80.61
NEXUS ANALYTICS SDN. BHD.,50954.2,1,1,97.62,4.5,88.78
NEXUS CONSULTANCY SERVICES PTE LTD,262800.0,4,3,89.44,3.54,84.37
NEXUS CREATIVE PTE. LTD.,84000.0,1,1,94.7,4.22,83.75
NEXUS LINK PTE. LTD.,9203002.07,20,15,87.18,4.98,80.01
NEXWAVE TECHNOLOGIES PTE LTD,1.0,1,1,81.26,3.98,90.87
NEXWAVE TELECOMS PTE. LTD.,4961083.0,4,3,94.01,4.18,74.84
NEZAVISIMOST PREMIER AUTO,63798.97,1,1,93.24,3.95,75.1
NG BOON TIANG,4294.0,1,1,95.78,2.71,58.94
NG ENG LEE BUS SERVICE AND EXCURSION BUS,4513.0,1,1,87.89,4.11,88.56
NG HSIEN HAN,46760.0,2,1,83.2,4.28,77.23
NG LIEW PENG & CO.,146000.0,2,1,75.53,3.79,100.0
NG SUEY LI,360000.0,1,1,94.55,3.41,73.94
NGAI CHIN CONSTRUCTION PTE LTD,8456151.0,1,1,91.39,3.57,78.89
NGEE CHENG ELECTRIC COMPANY (PRIVATE) LIMITED,147923000.0,5,4,80.27,4.56,83.47
NGO CHEW HONG EDIBLE OIL PTE. LTD.,2565923.19,8,2,83.69,5.0,66.98
NGO LIK TZE,30420.0,3,2,84.27,4.93,81.59
NGOH KHENG SENG,63600.0,2,1,76.14,3.29,78.35
NHG DIAGNOSTICS,7612500.0,1,1,81.46,4.61,74.96
NHS NATIONWIDE SECURITY SYSTEM SDN BHD (932880-H),242180.15,1,1,78.93,3.7,89.73
NICE THOT PTE. LTD.,189518.4,1,1,84.7,3.75,68.96
NIE INTERNATIONAL PRIVATE LIMITED,261375.0,1,1,82.09,3.82,80.75
NIGHT OWL CINEMATICS,3346440.04,2,1,74.98,4.52,92.55
NIIT TECHNOLOGIES PTE. LTD.,3562497.6,4,4,100.0,4.68,70.93
NIKKO ASSET MANAGEMENT ASIA LIMITED,766000.3200000001,3,2,98.02,4.04,75.03
NIKO ENTERPRISE PTE. LTD.,0.0,1,1,81.77,4.05,100.0
NIKON SINGAPORE PTE. LTD.,104023.0,2,2,90.18,4.38,82.74
NIMROD ENGINEERING PTE LTD,858169.0,3,2,91.34,4.44,72.94
NINE-V ENTERTAINMENT PTE. LTD.,1612740.0,6,4,97.53,4.81,86.03
NINEMER COMMUNICATIONS PTE. LTD.,603200.0,3,2,81.45,3.33,72.32
NINEMER PUBLIC RELATIONS PTE. LTD.,3291035.0,7,5,96.74,4.11,62.35
NING KWONG OPTICAL COMPANY (PRIVATE) LIMITED,117820.0,2,1,83.62,3.46,91.72
"NINGBO CONSTRUCTION GROUP CO., LTD. (SINGAPORE BRANCH)",215895000.0,5,1,77.31,4.07,66.97
NIPPON BUILDERS PTE. LTD.,11119000.0,2,2,93.79,3.96,100.0
NIPRO ASIA PTE LTD,433100.0,1,1,98.33,4.07,73.11
NISHIMATSU CONSTRUCTION CO LTD,340118000.0,1,1,100.0,3.62,99.33
NISSEI PLASTIC SINGAPORE PTE LTD,153600.0,1,1,78.4,3.21,64.31
NISSI TOURS AND TRAVELS PTE. LTD.,130.0,1,1,93.59,2.84,88.25
NITTO DENKO (SINGAPORE) PTE LTD,146358.9,1,1,84.72,4.02,83.0
NITYO 3P SOLUTIONS PTE. LTD.,6589581.15,9,5,94.27,3.84,86.38
NITYO INFOTECH SERVICES PTE. LTD.,324081.0,3,3,76.24,3.69,87.68
NK INTERNATIONAL SERVICES,1692000.0,2,1,77.9,4.89,73.02
NKH BUILDING SERVICES PTE. LTD.,10993355.0,12,5,81.79,3.58,64.91
NMC MANAGEMENT CENTRE PTE. LTD.,187200.0,1,1,88.63,4.95,77.49
NOAH AGENCIES 'N' MARINE SERVICES PTE LTD,163400.0,2,1,82.87,5.0,80.23
NOBELTECH PTE. LTD.,332600.0,1,1,93.27,2.93,73.28
NOBILITY PLACEMENT SERVICES PTE. LTD.,37.0,1,1,96.22,4.16,80.78
NODEFLAIR PTE. LTD.,1.0,1,1,92.8,3.86,81.3
NOEL GIFTS INTERNATIONAL LTD.,3536508.5,2,2,100.0,2.35,68.9
NOISE & VIBRATION CONTROL ENGINEERING PTE LTD,1105439.0,3,2,91.33,3.23,81.95
NOKIA SOLUTIONS AND NETWORKS SINGAPORE PTE. LTD.,1.0,1,1,78.26,4.56,75.33
NOMURA ASSET MANAGEMENT SINGAPORE LIMITED,650002.0,2,2,98.91,5.0,71.0
NOONTALK MEDIA PTE. LTD.,1424600.0,2,1,83.16,4.64,85.87
NORDEA INVESTMENT FUNDS S.A. SINGAPORE BRANCH,1030000.0,1,1,95.28,4.29,70.23
NORDIC FLOW CONTROL PTE. LTD.,774192.0,1,1,100.0,4.09,73.43
NOROCOS PTE. LTD.,34482.0,1,1,91.65,5.0,78.72
NORSKER TRADING HOUSE PTE LTD,38460.0,1,1,76.03,5.0,91.74
"NORTH AMERICAN SCIENCE ASSOCIATES, INC.",114514.45,1,1,80.65,3.75,79.93
NORTHPOINT TRAINING PTE. LTD.,2.0,2,1,98.58,2.9,83.28
NORTHSEA CONSULTANT PTE. LTD.,225800.0,2,1,86.65,2.84,75.02
NORTHSEA SINGAPORE PTE. LTD.,60797.0,2,1,88.64,4.89,77.22
NORTON ROSE FULBRIGHT (ASIA) LLP,5355.0,1,1,94.07,4.07,77.51
NORYANISMAYUS ENTERPRISE,97840.26,1,1,93.57,4.21,80.93
NORYOUS BIRDS & WILDLIFE SERVICES,106507.35999999999,2,1,90.23,3.03,75.04
NOSE WHO KNOWS PTE. LTD.,190500.0,1,1,86.33,3.65,91.4
NOTCH PRODUCTIONS PTE. LTD.,1103630.0,3,2,85.5,3.92,74.27
NOTE PRINTING AUSTRALIA LIMITED,32751323.16,3,1,94.86,4.22,60.93
NOTTINGHAMSHIRE HEALTHCARE NHS FOUNDATION TRUST,523593.0,1,1,92.43,3.86,100.0
NOVA SYSTEMS (SINGAPORE) PTE. LTD.,1536173.0,2,1,85.94,3.48,74.73
NOVAARS INTERNATIONAL PTE. LTD.,27000.0,1,1,96.66,3.63,91.13
NOVACITYNETS PTE LTD,43376056.0,8,4,86.97,4.82,92.05
NOVAGLOBAL PTE LTD,151250.0,1,1,81.19,4.25,87.45
NOVARTIS (SINGAPORE) PTE LTD,19367000.0,2,1,81.93,4.47,76.02
NOVATIQ PTE. LTD.,387820.0,1,1,80.17,3.56,80.87
NOVATTE PTE. LTD.,165980.0,1,1,85.82,2.33,65.25
NOVEL DEVELOPMENTS PTE. LTD.,176.0,1,1,97.87,3.79,97.9
NOVEM HEALTHCARE PTE LTD,1147500.7,1,1,81.56,3.58,69.48
NOVOGENEAIT GENOMICS SINGAPORE PTE. LTD.,2235900.0,4,1,89.51,4.31,75.46
NOVOTEL SINGAPORE CLARKE QUAY,341.0,2,1,82.75,5.0,78.99
NOVOTEL SINGAPORE ON STEVENS,775.5,4,2,85.92,4.52,76.93
NOVUM ORGANUM BOOK HOUSE,150.0,1,1,75.92,5.0,71.43
NOVUS DIGITAL SOLUTIONS PTE. LTD.,664664.0,1,1,86.24,4.44,91.94
NOVUS MEDIA SOLUTIONS PTE. LTD.,487137.0,4,3,86.45,3.72,87.5
NOWPLAYING,132400.0,1,1,92.32,4.31,81.22
NPE PRINT COMMUNICATIONS PTE. LTD.,753853.9,6,3,89.79,5.0,74.0
NSCC SERVICES PTE. LTD.,9240.0,1,1,78.41,5.0,88.64
NSEARCH GLOBAL PTE. LTD.,3831007.12,40,19,96.67,3.75,73.36
NSHC (SINGAPORE) PTE. LTD.,272370.0,1,1,89.68,4.25,93.7
NSK HEAT EXCHANGERS PTE. LTD.,1397848.4,1,1,89.59,3.24,79.11
NSL Chemicals Ltd,3113000.0,3,3,87.93,4.59,90.3
NSL OILCHEM WASTE MANAGEMENT PTE. LTD.,70725.0,2,2,83.86,5.0,76.86
NTEGRATOR PTE LTD,160000.0,1,1,89.74,4.12,78.72
NTT DATA BUSINESS SOLUTIONS SINGAPORE PTE. LTD.,5225259.27,7,7,91.8,3.7,90.25
NTT DATA SINGAPORE PTE. LTD,8962880.0,5,5,74.02,4.32,99.94
NTT DATA SINGAPORE PTE. LTD.,19581434.75,10,7,83.69,4.35,93.6
NTT SINGAPORE DIGITAL BUSINESS SOLUTIONS PTE. LTD.,1749734.0,4,4,85.96,4.15,86.77
NTT SINGAPORE PTE. LTD.,1921828.53,1,1,90.05,4.21,83.89
NTT SINGAPORE SOLUTIONS PTE. LTD.,12211130.04,8,7,97.55,4.0,72.93
NTUC CLUB,63.0,1,1,81.83,4.7,80.95
NTUC FOODFARE CO-OPERATIVE LIMITED,12.0,1,1,84.02,4.54,68.87
NTUC Fairprice Co-operative Ltd,9514875.95,27,4,83.9,3.51,81.76
NTUC HEALTH CO-OPERATIVE LTD,569.0,8,1,81.59,3.49,82.4
NTUC Income Insurance Co-operative Ltd,8001715.069999999,14,9,85.22,3.95,58.39
NTUC LEARNINGHUB PTE. LTD.,17163303.16,19,11,94.17,4.54,78.39
NTUC LINK PRIVATE LIMITED,4.0,1,1,79.57,4.19,82.15
NU SYSTEMS PTE. LTD.,14810638.0,22,9,91.42,3.71,77.16
NU-HUP TECK PTE. LTD.,79607.0,6,2,74.38,4.26,81.58
NUCLEUS EVENTS PRODUCTION PTE. LTD.,373424.0,2,2,83.51,3.9,64.58
NUCTECH SINGAPORE PRIVATE LIMITED,7248971.0,4,2,85.36,4.63,70.24
NUH REFERRAL LABORATORIES PTE LTD,1292465.0,2,1,100.0,4.3,88.35
NULLSPACE,3.0,2,2,85.8,3.91,78.01
NULLSPACE ROBOTICS PTE. LTD.,4.0,2,1,70.39,4.24,81.4
NURHAFIZAH BINTE SYED HUSSAIN SHAH,63200.0,1,1,72.01,4.89,72.53
NURULAIN BTE MUSTAFA,179600.0,2,1,88.27,3.76,78.19
NUS Multi-purpose Co-operative Society Ltd,6733584.0,1,1,92.91,4.34,54.98
NUTRITION NETWORK SERVICES,1.0,1,1,91.0,4.06,86.46
NUVISTA TECHNOLOGIES PTE. LTD.,9424080.0,4,3,89.34,4.36,96.08
NUVOLA MEDIA PTE. LTD.,99548.0,1,1,97.3,3.71,67.35
NXGEN COMMUNICATIONS PTE LTD,5576051.1,3,2,83.68,4.17,68.6
Nair Geesha Shankaran,30000.0,1,1,95.16,4.76,82.41
Nam Ho Travel Service (S) Pte Ltd,35106.0,2,2,74.94,3.54,92.74
Nano Mems Monster Inc.,1.0,1,1,80.76,3.3,77.98
Nanyang Polytechnic,2534400.0,1,1,73.54,3.33,65.71
Nanyang Technological University,5218741.0,4,4,85.8,3.4,75.91
Naseem Huseni Tayabali,40.0,1,1,87.63,4.46,67.7
National University of Singapore Society,198.0,2,1,88.91,3.26,71.31
Navigate Pte Ltd,373538.0,2,1,88.5,3.92,74.96
Nera Telecommunications Ltd,6463143.2,11,6,80.58,4.47,68.71
Netball Singapore,144228.0,2,1,86.48,4.35,70.22
Netrika Consulting India Private Limited,1.0,1,1,76.02,3.87,78.75
Netrust Pte Ltd,1679333.39,5,5,98.91,4.21,80.15
Neville-Clarke (Singapore) Pte Limited,1.0,1,1,85.57,4.16,63.76
New Hope Community Services,427200.0,1,1,84.09,3.97,81.96
New-E Security Pte Ltd,4930800.0,2,1,100.0,3.97,74.18
NewGens Pte Ltd,82690.0,1,1,78.06,5.0,85.2
NewsWhip Media LTD,212263.26,1,1,79.0,4.59,85.8
Nextan Pte Ltd,113217.0,2,2,79.23,5.0,72.55
Ng Choon Hong,63000.0,1,1,87.46,3.8,84.14
Ng Lee Ming,11970.0,1,1,91.45,4.05,69.63
Ng Nam Bee Marketing Pte Ltd,15150.0,1,1,93.92,3.3,91.24
Nguyen Thu Hien,15500.0,1,1,100.0,3.61,70.01
Nikon Singapore Pte Ltd,2659746.0,3,2,70.0,5.0,81.53
Northcroft Lim Consultants Pte Ltd,0.0,1,1,92.87,3.79,76.12
Note Design Co. Ltd,554400.0,1,1,83.54,5.0,67.83
NovaGlobal Pte Ltd,166020.0,1,1,83.31,3.35,87.01
Novaars International Pte Ltd,7772680.0,5,1,83.04,3.47,71.86
Novotel Singapore Clarke Quay,390.5,2,1,80.73,3.9,61.0
Ntegrator Pte Ltd,655285.0,2,2,100.0,4.06,49.18
Numerical Offshore Tank,110400.0,1,1,94.74,4.65,69.25
"Nylect Engineering (Shanghai) Co., Ltd",180578.4,1,1,88.19,4.37,91.76
O BUILDERS PTE. LTD.,504000.0,2,2,98.81,3.85,90.58
O K G CONSTRUCTION & TRADING PTE LTD,4045721.0,3,1,75.9,4.02,70.81
O LINER TECHNOLOGY PTE LTD,16149608.0,5,1,77.35,3.91,74.26
O Liner Technology Pte Ltd,43026340.0,10,2,70.58,3.55,73.35
O&M HALYARD SINGAPORE PTE. LTD.,310500.0,1,1,82.4,3.57,64.67
O'CONNOR'S SINGAPORE PTE LTD,87117.0,2,2,89.29,4.72,68.51
O'Connor's Singapore Pte Ltd,83447164.4,10,5,88.82,3.0,87.81
O'METEOR CREATIVE ARTEL PTE. LTD.,72100.0,1,1,89.19,5.0,83.04
OAK CONSULTING PTE. LTD.,3414152.0,11,8,76.71,3.89,80.73
OAKWOOD PREMIER OUE SINGAPORE,250.0,1,1,94.43,3.64,64.65
OASIA HOTEL,984.5,4,2,89.92,4.54,79.01
"OASIA HOTEL DOWNTOWN, SINGAPORE",1457.5,6,2,93.86,4.99,54.96
"OASIA HOTEL NOVENA, SINGAPORE",434.5,2,2,72.86,4.77,86.43
OASIS SOLUTIONS PTE. LTD.,778553.4,2,2,90.49,4.4,80.59
OBERTHUR FIDUCIAIRE SAS,9812886.81,3,1,78.5,4.75,64.55
OBJECTIFS PTE. LTD.,102500.0,1,1,84.82,3.07,94.16
OBJECTIVE EYE TRACKING PTE. LTD.,6250.0,1,1,92.27,3.79,60.04
OCCASIONS CATERING PTE. LTD.,717011.8300000001,8,8,88.73,3.55,83.3
OCEAN ASIA LOGISTICS & TRADING,53474.5,1,1,81.19,4.83,83.55
OCEAN BUTTERFLIES MUSIC PTE. LTD.,91484.0,1,1,88.05,3.87,65.6
OCEAN LUBRICANTS PTE. LTD.,25785.0,1,1,75.75,4.61,77.62
OCEAN MELODY TRAVEL SERVICES PRIVATE LIMITED,3140.0,1,1,97.2,4.42,61.63
OCEAN NEWLINE INDUSTRIES PTE LTD,585.0,1,1,86.36,3.58,49.54
OCTOPUS DESIGN & CONSULTANT PTE. LTD.,629151.0,3,3,96.95,3.75,67.32
OCTOPUSINC LLP,250156.0,3,2,83.79,4.88,71.83
OCULUS DESIGN PTE. LTD.,187750.0,1,1,83.81,3.63,84.44
ODE CONSULTING PTE. LTD.,30134.75,2,1,81.89,4.17,78.67
ODYSSEY CONCEPTS PTE. LTD.,7545686.2,12,9,95.01,3.63,78.94
ODYSSEY MARINE PTE. LTD.,5867300.0,3,2,82.32,3.91,67.86
OES TECHNOLOGY PTE. LTD.,267860.0,1,1,93.16,4.07,72.7
OFFICE PLANNER PTE LTD,461241.0,3,3,84.94,3.63,68.7
OFFICE VENDORS PTE. LTD.,650000.0,1,1,72.19,3.52,65.75
OGILVY PUBLIC RELATIONS WORLDWIDE INC.,769209.2,1,1,83.44,4.27,72.06
OGILVY SINGAPORE PTE. LTD.,41854961.03,22,14,78.57,3.59,78.75
OGP KONSULT PTE. LTD.,1434250.0,8,6,88.27,3.61,72.27
OH CHIN HUAT HYDROPONIC FARMS PTE LTD,34000.01,1,1,78.48,3.54,74.76
OH LAY SZE JOSEPHINE,90.0,1,1,95.41,4.05,84.95
OH SWEE GEOK JESSIE,361000.0,2,1,87.27,4.67,72.99
OH YOUNG JU,50.0,1,1,86.58,5.0,64.66
OH'S FARM CATERING (F&B) PTE. LTD.,195847.0,4,1,93.25,3.66,83.63
OHB REAL ESTATE CONSULTANTS & SERVICES PTE LTD,0.01,1,1,95.71,5.0,80.66
OHB Real Estate Consultants & Services Pte Ltd,0.01,1,1,87.84,3.5,81.29
OHBOY! PICTURES PTE. LTD.,96460.0,1,1,81.83,4.75,84.26
OHIN CONSTRUCTION CO. PTE. LTD.,116919280.0,9,3,73.81,3.67,82.57
OHMYEVENT PTE. LTD.,83150.0,1,1,82.51,3.58,78.29
OIA PTE LTD,142800.0,1,1,83.06,3.65,100.0
OIKOS. COMMUNITY @ SENGKANG LTD.,41400.0,2,1,88.86,4.07,65.15
OISHI INTERNATIONAL PTE. LTD.,3600.0,1,1,85.24,4.45,72.14
OKAMOTO (SINGAPORE) PRIVATE LIMITED,343750.0,1,1,93.5,4.5,87.67
OLIVER HO & ASSOCIATES,88003.0,2,2,83.1,3.53,79.43
OLIVER WYMAN PTE. LTD.,4500000.0,4,4,87.54,3.51,85.58
OLIVIA LEE ASSOCIATES,54308.8,1,1,97.47,3.55,79.7
OLYMPIA DIARY (S'PORE) PTE LTD,5940.0,1,1,90.73,4.03,91.74
OLYMPIA PRINTING PTE LTD,135720.0,1,1,87.52,3.97,67.92
OLYMPUS SINGAPORE PTE LTD,2971626.5,18,9,83.18,3.53,91.42
OLYMPUS SINGAPORE PTE. LTD.,400837.7,7,5,82.93,4.26,89.71
OMARK WORLDWIDE (S) PTE LTD,125986.4,1,1,81.2,5.0,65.9
OMC INTERNATIONAL PTY. LTD.,98000.0,1,1,83.67,3.8,84.31
OMD SINGAPORE PTE. LTD.,2670033.0,6,4,94.05,3.84,77.57
OME TECH PTE. LTD.,100000.0,1,1,86.22,4.44,71.93
OMEGA SCIENTIFIC PTE LTD,1470620.4,5,3,77.2,3.76,59.11
OMEGA SCIENTIFIC TAIWAN LIMITED,614643.5,1,1,100.0,4.5,67.89
OMEGA SOLAR PTE. LTD.,1.0,1,1,90.56,3.67,85.08
OMEN PTE. LTD.,335426.0,1,1,76.74,5.0,86.14
OMNI INTEGER PTE. LTD.,11640933.0,2,1,84.47,4.31,75.89
OMNICELL PTE. LTD.,77444.8,1,1,88.89,3.73,86.17
OMNIRECS UG,93725.5,1,1,100.0,3.75,87.45
OMNISENSE SYSTEMS PRIVATE LIMITED,1262902.32,3,3,79.14,3.79,79.55
OMNITEC PTE. LTD.,308244.0,1,1,95.81,4.92,70.78
OMPHALOS PEST SERVICES SDN BHD,15083.71,1,1,99.2,3.34,82.41
OMRON ELECTRONICS PTE LTD,5841284.0,3,2,82.97,3.7,82.87
ON & ON DINERS PTE. LTD.,3496025.9299999997,4,3,85.78,3.76,84.74
ON & ON HOLDINGS PTE. LTD.,563.5,1,1,79.71,4.09,86.65
ON DEMAND SYSTEMS PTE. LTD.,1479721.0,2,2,86.37,3.94,64.38
ON ENGINEERS PTE. LTD.,609000.0,2,2,87.71,3.21,72.9
ONE CHAMPION PTE. LTD.,8805.0,1,1,93.28,3.86,59.01
ONE CREATION (PTE. LTD.),106925.0,1,1,96.72,4.04,85.47
ONE DASH 22 PTE LTD,151170.0,2,1,82.02,3.72,75.88
ONE EIGHTY CONCEPTS PTE. LTD.,55271.2,1,1,72.26,4.51,82.31
ONE FARRER PTE. LTD.,22149.5,7,2,87.83,4.65,63.24
ONE IXCHANGE LLP,111046.8,1,1,90.35,4.05,92.01
ONE MARINA PROPERTY SERVICES PTE. LTD.,8420864.809999999,10,9,90.0,4.24,66.06
ONE NINE SEVEN SIX PTE. LTD.,255238.8,8,5,85.39,2.8,85.75
ONE TEAM CONSULTING PTE. LTD.,28500.0,1,1,89.0,3.85,79.18
ONE THE FOOD PTE. LTD.,1604.0,1,1,100.0,4.7,76.11
ONE9NINETY PTE. LTD.,1231208.0,7,6,91.05,3.85,75.3
ONEBERRY TECHNOLOGIES PTE. LTD.,94242357.0,12,9,85.01,3.66,71.62
ONEMAKER GROUP PTE. LTD.,1408476.0,4,3,84.0,5.0,90.95
ONEQ PTE. LTD.,860493.0,1,1,86.64,5.0,78.13
ONET SOLUTIONS PTE. LTD.,1759204.4,1,1,100.0,4.38,65.31
ONETOONE INTERACTIVE PTE. LTD.,1432231.0,3,3,86.53,4.78,74.16
ONG & ONG PTE. LTD.,6330475.53,18,7,87.84,2.76,79.28
ONG CHEE BENG,360000.0,1,1,84.14,3.63,86.98
"ONG MAY RONG, NANCY",27820.0,2,2,96.79,3.82,71.95
ONG PANG KAY,88870.0,1,1,100.0,3.96,72.62
ONG TENG CHONG BUILDING CONTRACTOR PTE LTD,4211000.0,2,2,91.6,3.81,78.23
ONG YAO KWANG,590400.0,2,1,88.66,2.57,86.73
ONTHESTREETS PHOTOGRAPHY,374750.0,6,4,88.29,4.33,64.31
ONWARDS MEDIA GROUP PTE. LTD.,3283750.0,1,1,68.93,4.43,83.05
OP3 INTERNATIONAL PTE. LTD.,427140.0,1,1,93.96,5.0,73.36
OPC VALUERS PTE. LTD.,0.02,2,1,89.07,3.63,74.76
OPCON PTE. LTD.,336235.8,2,1,91.43,3.58,98.02
OPEN TEXT (ASIA) PTE. LTD.,3155872.87,4,3,82.31,2.49,76.04
OPENFEEL PTE. LTD.,5769322.78,6,5,84.92,3.92,85.55
OPERON PTE. LTD.,41250.0,1,1,84.71,4.64,85.19
OPH RIVERSIDE PTE LTD,230.0,1,1,96.17,3.73,66.2
OPHTHALMIC INSTRUMENTS (PTE. LTD.),51943.0,2,1,84.97,5.0,59.55
OPRA-ASIA PTE. LTD.,2720.0,2,1,100.0,3.95,86.21
OPSTRON PTE. LTD.,543515.96,2,2,91.45,4.19,67.16
OPTIMUM SOLUTIONS (SINGAPORE) PTE LTD,1503898.27,7,4,77.79,3.28,61.36
OPTIMUS CHAMBERS LLC,30000.0,1,1,86.97,4.27,88.26
OPTION GIFT PTE. LTD.,3634036.95,11,7,82.79,2.91,67.81
OPTVIO PTE. LTD.,943269.72,2,1,70.44,4.52,70.27
OPUS 2 INTERNATIONAL SINGAPORE PTE. LTD.,12665.02,2,1,100.0,4.53,97.74
OPUS SPORTS SINGAPORE,200.0,1,1,93.63,4.92,61.4
OR KIM PEOW CONTRACTORS (PRIVATE) LIMITED,143927000.0,2,1,92.27,3.49,65.44
OR KIM PEOW CONTRACTORS (PRIVATE) LIMITED / CPG CONSULTANTS PTE LTD,97002940.0,1,1,89.32,4.2,73.4
ORAL KARE LLP,258850.0,1,1,76.94,4.44,75.6
ORANGE BUSINESS SERVICES SINGAPORE PTE. LTD.,1955625.48,1,1,84.13,4.37,69.06
ORANGE CLOVE CATERING PTE. LTD.,2214123.11,5,3,94.73,3.58,66.41
ORANGE ROOM PTE. LTD.,320715.0,2,2,79.59,2.66,93.1
ORANGE VALLEY NURSING HOMES PTE. LTD.,29400002.0,3,1,67.75,4.31,80.63
ORANGETEE & TIE PTE. LTD.,2.86,2,1,86.18,4.01,83.85
ORANGETEE ADVISORY PTE. LTD.,0.02,2,1,86.87,3.76,76.63
ORCADESIGN CONSULTANTS PTE. LTD.,8002.0,3,1,89.08,4.56,80.89
ORCHARD PARKSUITES PTE LTD,250.0,1,1,93.83,4.07,87.33
"ORCHARD RENDEZVOUS HOTEL, SINGAPORE",77534.94,8,3,93.1,3.31,68.04
ORCHID COUNTRY CLUB,1216558.0,6,4,90.07,2.94,80.65
ORGANISATION RESILIENCE MANAGEMENT PTE. LTD.,135480.0,2,1,97.56,3.42,84.96
ORGANISATION SOLUTIONS PTE LTD,116000.0,1,1,75.85,5.0,93.45
ORGNIX CREATIVES PTE. LTD.,30596.5,1,1,92.04,4.53,97.48
ORIENT CO. PTE. LTD.,20000.0,1,1,93.01,4.21,78.7
ORIENT NATURAL RESOURCES PTE. LTD.,11372912.76,10,1,78.08,3.99,89.39
ORIENTAL SOLUTIONS PTE. LTD.,19999.98,1,1,75.98,3.95,51.3
ORIENTAL TRAVEL AND TOURS LLP,80.0,1,1,82.03,4.8,93.52
ORIENTAL VEGE PTE. LTD.,960.1,1,1,82.71,3.81,70.74
ORIGIN ENVIRONMENT TECHNOLOGY PTE LTD,66375.0,1,1,94.03,4.45,75.59
ORIGINAL MEDIA PRIVATE LIMITED,710792.9,5,4,83.08,3.89,82.41
ORION INTEGRATED SERVICES PTE. LTD.,1523579.6,5,3,81.15,5.0,76.47
ORISSA INTERNATIONAL PTE. LTD.,92000.0,1,1,83.11,4.55,79.96
ORISTEL SYSTEMS PTE. LTD.,1405944.1,1,1,96.95,4.85,93.88
ORTHODONTIC & DENTAL SUPPLIES PTE LTD,15000.0,1,1,88.1,3.75,74.16
OSACAR CITY AUDIO VISUAL PTE. LTD.,396750.0,4,4,86.57,4.73,67.13
OSG CONTAINERS AND MODULAR PTE. LTD.,604100.0,2,2,87.12,3.91,96.13
OTIS ELEVATOR COMPANY,36070.32,1,1,98.34,4.17,83.27
OTIS ELEVATOR COMPANY (S) PTE LTD,14506662.3,8,8,82.01,5.0,97.22
OTMH PTE. LTD.,7200.0,1,1,98.52,3.47,86.64
OTN BUILDING COST CONSULTANTS PTE. LTD.,2.2,3,1,89.68,4.22,64.76
OTOGENETICS CORPORATION,127449.0,1,1,86.72,4.36,84.45
OTOLITH ENVIRONMENTAL ENGINEERING PTE. LTD.,1804248.0,1,1,100.0,4.41,68.16
OTTO WASTE SYSTEMS SINGAPORE PTE LTD,2272322.0,2,2,79.55,3.83,78.07
OUNG CONSTRUCTION (S) PTE LTD,104187901.5,13,5,85.17,5.0,77.24
OUR FRIENDS ELECTRIC PTY LTD,731650.21,1,1,78.14,3.32,61.82
OUR GRANDFATHER STORY PTE. LTD.,422700.7,1,1,95.62,4.98,69.87
OUTBOARD MOTOR SERVICE PTE. LTD.,125856.0,1,1,100.0,4.83,100.0
OUTDOOR SPECIALIST PTE. LTD.,79500.0,1,1,100.0,5.0,80.38
OUTEREDIT PRIVATE LIMITED,402567.0,3,1,97.79,3.15,76.24
OUTSIDE IN (NZ) LTD T/A INSCAPE,175286.23,1,1,86.42,3.58,96.13
OUTSYSTEMS SINGAPORE PTE. LTD.,213851.0,2,2,85.08,5.0,74.04
"OVERDRIVE, INC.",14792672.14,5,4,74.63,2.97,77.09
OVERSEA-CHINESE BANKING CORPORATION LIMITED,637622.0,3,3,100.0,3.14,87.91
OVERSEAS CHINESE TRADING PTE. LTD.,982000.0,1,1,91.75,3.81,73.99
OVERSEAS PLASTIC INDUSTRIES PTE LTD,16400.0,1,1,84.06,4.22,70.53
OVUM PTY LTD,325300.0,2,1,98.62,5.0,55.46
OW CHIEN KOON,1.0,1,1,80.22,3.99,68.64
OWNWAY PTE. LTD.,8120.0,2,1,91.25,3.74,68.54
OXFORD GRAPHIC PRINTERS PTE LTD,5256782.76,5,5,86.62,4.29,79.59
OXFORD HOTEL PTE LTD,567.96,4,2,93.11,4.38,71.9
OXFORD INSTRUMENTS NANOTECHNOLOGY TOOLS LIMITED,1420000.0,1,1,87.49,4.36,99.58
OXLEY HILL PROPERTIES PTE LTD,240.0,1,1,76.39,3.99,67.42
OXYGEN STUDIO DESIGNS PTE. LTD.,1180353.15,14,12,88.6,2.93,92.01
OYEZ COMMUNICATIONS PTE. LTD.,4823292.0,9,4,96.39,3.55,80.2
Octagon Precision India Pvt Ltd,168000.0,1,1,87.77,4.95,86.07
Office Planner Pte Ltd,6833475.0,4,4,94.2,4.21,85.46
Okada-MCS Pte Ltd,9823000.0,2,2,79.64,3.91,55.82
Omron Electronics Pte Ltd,360419.0,3,3,87.79,4.77,77.88
One Gasmaster Sdn. Bhd,2876.14,1,1,83.0,3.42,75.38
Optimal Medical Products Pte Ltd,5167.5,1,1,93.98,3.96,66.67
Oracle Corporation Singapore Pte Ltd,2766726.3200000003,9,2,88.25,4.18,82.6
Orchard Florist Pte Ltd,1.0,1,1,93.52,3.84,95.17
Ordnance Developments Ltd,784875.0,1,1,96.7,4.16,51.27
Orell Fussli Ltd,22443100.0,1,1,93.53,3.99,72.66
Orthodontic Master (S) Pte Ltd,68719.79,1,1,90.18,3.26,65.54
Osman Bin Abdul Hamid,82400.0,1,1,80.01,4.21,78.72
Our Lady of Lourdes Nursing Home Pte Ltd,835000.0,1,1,87.98,3.3,74.74
Outback Initiatives,2742163.5999999996,3,1,83.74,4.2,71.94
Oxford Graphic Printers Pte Ltd,181855.0,8,5,85.25,4.92,84.9
P & A LINK PTE LTD,16895199.43,19,12,85.0,3.93,94.36
P & E Technical Services Pte Ltd,596000.0,1,1,80.16,3.4,100.0
P & T CONSULTANTS PTE. LTD.,2372000.0,12,2,72.34,4.02,70.6
P M C SERVICES PTE LTD,2.02,4,2,82.65,3.6,59.79
P S P MAINTENANCE SERVICES,65670.0,1,1,89.55,4.46,83.59
P S RESOURCES (S) PTE LTD,349360.0,1,1,77.21,4.01,94.1
P&B ENV PTE. LTD.,8394000.0,2,1,88.13,5.0,86.14
P'ART 1 DESIGN PTE LTD,4051322.0,19,3,100.0,4.8,94.06
P-ONE (S) PTE. LTD.,36685764.0,3,1,96.18,4.01,75.75
P-PARKING INTERNATIONAL PTE LTD,2411750.0,2,1,100.0,4.53,71.9
P-SERV PTE LTD,8998660.0,1,1,91.13,3.86,79.15
P-WAY CONSTRUCTION & ENGINEERING PTE. LTD.,20298504.0,1,1,97.34,4.12,74.69
P. NARAYAN ASSOCIATES,21090.0,1,1,82.21,3.88,84.63
P.WORKS,46525.7,1,1,82.85,4.56,87.7
P2D SOLUTIONS PTE. LTD.,600.0,1,1,66.09,4.96,88.48
P2M CONCEPTS PTE. LTD.,1286829.5,7,1,97.49,4.58,83.11
PA Consulting Group Inc.,198837.52,1,1,100.0,4.65,80.46
PAC INSTRUMENTS ASIA PTE. LTD.,229109.5,1,1,83.57,4.65,85.94
PAC Testing & Consulting Sdn. Bhd.,872.19,1,1,85.97,4.43,58.37
PAC-WEST TRAVEL (S) PTE LTD,351504.48,5,4,81.97,3.42,80.11
PACE O.D. CONSULTING PTE. LTD.,1.0,1,1,91.06,5.0,78.52
PACER PROPERTY CONSULTANTS PTE. LTD.,0.02,2,1,97.0,5.0,80.13
PACIFIC ABACUS VALUERS PTE LTD,0.02,2,1,74.06,3.96,77.12
PACIFIC ARENA PTE. LTD.,4565266.63,20,6,91.28,3.88,82.32
PACIFIC BOOKSTORES PTE. LTD.,2121745.17,4,3,85.79,4.47,72.25
PACIFIC CENTRAL TEKNIK PTE LTD,53100.0,1,1,88.91,4.43,89.3
PACIFIC CENTURY CONSULTING PTE LTD,91660.0,1,1,91.67,3.98,82.74
PACIFIC COOL AIR-CON SERVICES PTE. LTD.,3246876.24,6,3,86.49,3.35,79.51
PACIFIC ELDERCARE AND NURSING PTE. LTD.,6700002.0,3,1,87.17,4.28,71.02
PACIFIC ELECTRONICS (S) PTE. LTD.,314987.5,2,2,86.29,4.43,86.15
PACIFIC HEALTHCARE NURSING HOME PTE. LTD.,5100002.0,3,1,95.76,4.54,80.07
PACIFIC RELIANCE PTE LTD,441781.0,2,2,91.35,4.31,70.45
PACIFIC SYNERGY PTE LTD,2169344.59,9,7,89.76,3.94,77.43
PACIFIC WORLD MEETINGS & EVENTS SINGAPORE PTE. LTD.,3066146.5,3,1,77.83,4.7,84.29
PACIFIC-AIRLIFT (SINGAPORE) PTE LTD,18799243.65,2,1,84.97,4.14,83.52
PACIFIC-TEC SCIENTIFIC PTE. LTD.,169545.0,2,1,95.19,3.82,82.87
PACIFICLIGHT ENERGY PTE. LTD.,8042456.42,5,4,88.3,3.99,78.93
PACKET GREENS PTE. LTD.,26315.0,1,1,93.28,3.05,88.26
PACT BUILDERS PTE. LTD.,7539490.0,5,3,100.0,3.99,90.38
PADANG & CO PTE. LTD.,1410114.8900000001,8,5,96.31,4.51,85.37
PAE DESIGN AND FACILITY MANAGEMENT,1289967.91,1,1,88.75,4.3,72.13
PAIA CONSULTING PTE. LTD.,938600.0,2,2,83.91,5.0,67.42
PAL CONSULTANCY PTE. LTD.,827.0,1,1,67.57,3.94,72.56
PAL-LINK CONSTRUCTION PTE. LTD.,140330770.0,6,5,86.65,4.39,97.54
PALFINGER ASIA PACIFIC PTE. LTD.,103593.0,1,1,85.39,4.58,80.82
PALICO BIOTECH PTE LTD,402871.0,3,1,91.12,5.0,99.26
PALL FILTRATION PTE LTD,1956603.0,11,5,86.77,4.19,76.8
PALO IT SINGAPORE PTE. LTD.,76458.0,4,2,85.44,3.47,75.41
PAMARINE PRIVATE LIMITED,23928266.58,5,2,73.76,4.61,77.26
PAN ALLIANCE TECHNOLOGY INTERNATIONAL PTE. LTD.,16045925.0,7,1,80.48,5.0,77.08
PAN ASIAN FLOW TECHNOLOGY PTE. LTD.,323794.0,2,1,91.81,3.91,70.26
PAN ASIAN HOLDINGS LIMITED,437387.89,3,1,100.0,4.6,66.51
PAN MASTER CRAFT CONSTRUCTION PTE. LTD.,940673.0,3,3,87.22,4.84,83.01
PAN PACIFIC HOTELS GROUP LIMITED,126225.0,7,3,90.62,4.71,88.55
PAN PACIFIC SERVICED SUITES BEACH ROAD,300.0,1,1,95.62,4.18,100.0
PAN SEAS ENTERPRISES PRIVATE LIMITED,1785714.28,1,1,81.51,3.68,73.66
PAN-MALAYAN PHARMACEUTICALS PTE LTD,246004.0,4,3,90.93,4.05,74.47
PAN-UNITED CONCRETE PTE LTD,19.18,1,1,82.08,4.38,70.29
PANASONIC ASIA PACIFIC PTE. LTD.,13275642.17,5,3,94.92,4.64,89.26
PANASONIC SINGAPORE,31115.0,2,2,89.21,4.3,86.15
PANCARE MEDICAL CLINIC PTE. LTD.,2260800.0,1,1,90.39,3.87,69.23
PANG CATERING,2564443.47,3,3,81.74,4.43,68.98
PANTAI MEDICAL CENTRE SDN. BHD.,2547.55,1,1,93.66,4.62,87.53
PANTECH CONSTRUCTION PTE. LTD.,257400.0,2,2,100.0,4.33,81.83
PANTHU GEOLOGICAL SERVICES CO-OPERATIVE LTD,251511.3,1,1,79.94,3.6,85.58
PAPENDORF SOFTWARE ENGINEERING GMBH,659230.0,1,1,85.28,3.99,69.17
PAPER PLANE ARCHITECTS,2357214.0,4,3,89.85,4.67,59.22
PAPRIKA GLOBAL PTE. LTD.,607185.26,1,1,94.29,3.27,69.25
PAR CORPORATION (S) PTE. LTD.,34880.0,2,2,83.52,2.84,84.88
PARAFOIL DESIGN & ENGINEERING PTE. LTD.,248000.0,1,1,65.34,5.0,99.11
PARASOLS UNLIMITED PTE. LTD.,486000.0,1,1,98.87,4.41,73.71
PARCEL PERFORM PTE. LTD.,339460.0,1,1,94.08,4.46,100.0
PARIS CHIA YONG KIANG,1.0,1,1,74.06,3.45,86.3
PARISILK ELECTRONICS & COMPUTERS PTE LTD,6210444.65,2,1,83.14,4.54,64.07
PARK + ASSOCIATES PTE. LTD.,327950.0,1,1,100.0,4.27,80.14
PARK AVENUE CHANGI,631.5,4,1,99.58,3.15,86.64
PARK AVENUE ROCHESTER,742.5,4,2,95.51,4.95,53.75
PARK HOTEL ALEXANDRA,1430.0,7,2,86.59,4.2,84.44
PARK HOTEL CLARKE QUAY,1074.7,4,2,88.66,3.86,89.73
PARK HOTEL CQ PTE. LTD.,220.0,1,1,86.95,3.87,81.99
PARK HOTEL FARRER PARK,990.0,4,2,97.03,2.89,77.38
PARK REGIS INVESTMENTS PTE. LTD.,220.0,1,1,80.99,4.46,76.27
PARK REGIS SINGAPORE,506.0,3,1,81.55,4.26,75.69
PARK SYSTEMS CORP.,137500.0,1,1,96.08,3.98,66.24
PARKLANE ART FRAMER AND TRADING,11556.0,1,1,87.65,4.87,71.12
PARKLINK PTE. LTD.,6818433.0,5,2,99.03,3.27,73.83
"PARKROYAL COLLECTION MARINA BAY, SINGAPORE",23958.0,1,1,82.63,3.74,79.13
PARKROYAL KITCHENER HOTEL PTE. LTD.,1115.4,6,2,87.56,3.59,72.43
PARKROYAL PICKERING HOTEL PTE. LTD.,14316.5,7,2,80.62,3.93,69.31
PARKROYAL SERVICED RESIDENCES PTE. LTD.,270.0,1,1,88.06,4.14,85.6
PARKWAY COLLEGE OF NURSING & ALLIED HEALTH PTE. LTD.,692000.0,2,2,76.17,4.36,81.71
PARKWAY LABORATORY SERVICES LTD.,8489710.0,4,1,84.1,3.89,72.61
PARKWAY SHENTON PTE LTD,9241845.58,17,11,76.51,3.57,83.06
PASSION COVE,208350.0,2,1,93.55,5.0,73.47
PASSIONATE IMAGES,530.0,1,1,93.73,5.0,78.63
PASTRY MART PTE LTD,97320.5,6,3,74.16,4.19,87.75
PATHWAY EXPERT,158514.0,1,1,98.67,3.65,71.96
PATIENCE CONSTRUCTION PTE LTD,1205395.0,1,1,100.0,4.99,66.28
PATROIDS CREATIVE WORKS PTE LTD,68383.8,2,2,88.37,3.23,76.55
PATSNAP PTE. LTD.,128250.0,1,1,82.87,3.9,64.37
PATTAYA GARDEN CATERING SERVICES,1786031.69,2,1,100.0,3.68,75.23
PAUL HOOI & COMPANY,120002.0,2,2,77.45,3.4,75.19
PAVE SYSTEM PTE LTD,1324100.0,8,6,88.16,3.93,53.36
PAVE System Pte Ltd,8048757.0,13,8,89.44,3.58,83.31
PAYPAL PTE. LTD.,1.0,1,1,98.76,4.11,76.17
PB&M PTE. LTD.,1333627.0,6,4,90.88,4.12,89.82
PBA (S) PTE LTD,72300.0,1,1,84.01,3.73,80.16
PBA SYSTEMS PTE LTD,267250.0,3,3,80.39,3.88,85.36
PBT ENGINEERING PTE LTD,84114377.0,4,2,85.27,3.96,89.9
PC HUB TECHNOLOGIES,6975.0,1,1,79.94,4.59,76.68
PCB INFORMATICS PTE. LTD.,69660.0,1,1,88.38,4.01,77.99
PCCW SOLUTIONS SINGAPORE PTE. LTD.,13252019.690000001,2,2,83.49,4.59,62.26
PCI PRIVATE LIMITED,1.0,1,1,76.05,4.45,90.4
PCMI INSURANCE BROKERS PTE. LTD.,23156.25,1,1,98.04,4.44,76.54
PCS SECURITY PRIVATE LIMITED,78747662.0,21,10,84.02,4.93,67.94
PDC GROUP PTE. LTD.,350000.0,1,1,77.85,3.43,85.4
PDS International Pte Ltd,6300.0,1,1,86.65,3.82,56.2
PDSEN PTE. LTD.,1306000.0,3,1,88.55,5.0,73.71
PDX INTERCOMPANY EXCHANGE PTE LTD,172800.0,1,1,74.03,3.95,87.08
PE CONSULTANTS PTE. LTD.,12000.0,1,1,90.65,2.41,73.62
PEARSON EDUCATION SOUTH ASIA PTE. LTD.,366601.0,3,3,79.62,3.98,70.82
PEBBLEROAD PTE. LTD.,1808556.0,7,6,100.0,4.18,73.84
PEC LTD.,8742226.0,2,1,92.19,2.53,57.9
PECK TIONG CHOON TRANSPORT PTE. LTD.,1960940.0,3,2,84.8,4.9,85.15
PECTEN ACCOUNTING & SERVICES PTE. LTD.,1120.0,1,1,82.04,3.67,76.77
PEDRO INVESTIGATIONS & SECURITY SERVICES PTE LTD,4016570.0,4,3,87.16,4.3,75.28
PENCIL GROUP PTE. LTD.,844301.0,4,4,92.9,3.96,75.31
PENG CHUAN ENGINEERING CONSTRUCTION PTE. LTD.,4058000.0,6,5,87.8,3.33,78.14
PENG YAP M&E SYSTEMS PTE LTD,1749000.0,1,1,86.26,3.46,84.53
PENGUIN INTERNATIONAL LIMITED,12835366.87,4,4,88.47,3.54,77.48
PENINSULA.EXCELSIOR HOTEL,913.27,5,2,83.17,4.75,64.38
PENTA LIGHTING PTE LTD,126000.0,1,1,85.25,4.01,83.76
PENTA-KOHDEN MARKETING PTE LTD,17452874.0,10,2,71.31,3.79,82.99
PENTA-OCEAN CONSTRUCTION CO LTD,4104424348.0,7,6,95.79,3.54,80.06
PENTAGON VALUERS,0.01,1,1,90.39,4.82,88.75
PEOPLE ADVANTAGE PTE. LTD.,191789371.89,30,17,81.81,4.98,78.3
PEOPLE POTENTIAL ASIA PTE. LTD.,17800.0,1,1,100.0,4.81,89.11
PEOPLEBANK SINGAPORE PTE. LTD.,825634.61,1,1,88.7,4.4,92.07
PEOPLESEARCH PTE. LTD.,68.0,2,2,79.71,4.27,83.82
PEP ID-CONSTRUCTION PTE. LTD.,225437.0,1,1,94.85,3.37,70.52
PEREGRINE SECURITY PTE. LIMITED,5873600.0,2,2,91.18,3.95,76.69
PERFECT GIFTS & PRINT PTE. LTD.,57518.4,2,1,91.16,3.69,90.39
PERFECT PAGE,4331.5,1,1,84.59,3.0,63.02
PERFORM INDUSTRIES PTE. LTD.,24913410.0,11,5,91.6,4.73,74.08
PERFORMANCE MOTORS LTD,3621962.96,3,2,85.91,3.68,74.57
PERICOM IMAGING (SINGAPORE) PTE LTD,119000.0,1,1,92.45,4.82,69.35
PERICOMP SOLUTIONS PTE. LTD.,1250000.0,2,1,72.76,4.63,86.73
PERKINELMER SINGAPORE PTE. LTD.,3287700.0,8,5,84.53,4.43,81.77
PERMACARE ASSOCIATE,308100.0,1,1,100.0,4.47,70.89
PERMASTEELISA PACIFIC HOLDINGS LTD.,538895.0,1,1,81.86,3.73,84.06
PERNIAGAAN SOON HUAT,10926.47,1,1,83.17,5.0,76.42
PERNIAGAAN TUNAS HARAPAN,614360.0,6,1,84.42,4.13,69.1
PERRETT LAVER LIMITED,1018764.0,7,4,78.28,4.28,70.87
"PERRIS VALLEY AVIATION SERVICES, INC.",286901.22,1,1,70.33,3.71,82.36
PERSOLKELLY SINGAPORE PTE. LTD.,1368968.8,2,2,86.16,3.54,87.39
PERSONAL MASTERY RESOURCES,35100.0,1,1,89.09,4.39,73.13
PERSONAL TIMES BUSINESS GIFT,1.0,1,1,87.58,4.23,83.44
PEST-PRO MANAGEMENT PTE. LTD.,21804195.825,24,11,86.84,3.63,93.82
PESTICIDE PEST CONTROL PTE LTD,91224.0,1,1,88.34,3.24,65.41
PESTKARE PTE. LTD.,659520.0,1,1,96.18,3.34,81.56
PETER KLARE CONSULTING PTE. LTD.,906576.0,4,2,86.48,4.82,86.31
PETER'S ENVIRONMENTAL PRODUCTS & SERVICES PTE LTD,575900.0,1,1,83.41,3.73,77.05
PETROSEIS SDN. BHD.,56107.6,1,1,85.75,3.9,90.38
PETSPLAY,31404.0,1,1,92.63,4.97,99.99
PF FAREAST PTE. LTD.,6240.25,2,2,99.3,3.43,81.43
PGK MEDIA GROUP PTE. LTD.,2547200.0,1,1,82.97,3.66,75.66
PH CONSULTING PTE. LTD.,2721755.0,39,7,88.79,3.64,87.77
PHAEDRUS AQUATECH PTE. LTD.,258645.0,1,1,90.71,5.0,86.42
PHAN THANH TUYEN CINDY,50.0,1,1,80.06,5.0,52.81
PHANG THEAN SIONG,23400.0,1,1,88.16,4.55,77.97
PHARAOH ENTERTAINMENT LLP,56500.0,1,1,76.27,4.57,74.05
PHARMAFORTE SINGAPORE PTE LTD,68910.0,1,1,73.85,3.75,81.97
PHARMLINE MARKETING PTE. LTD.,527252.0,1,1,90.93,5.0,76.06
PHD SINGAPORE PTE. LTD.,6000001.0,2,2,84.93,4.26,77.15
PHG OILFIELD SERVICES PTE. LTD.,53300.0,1,1,89.62,4.61,69.37
PHI LIFE CENTER PTE. LTD.,245640.0,1,1,87.86,4.04,85.35
PHILIP LIEW & CO,391700.0,2,2,80.19,3.94,94.55
PHOENIX DESIGN PTE. LTD.,2.0,1,1,87.64,5.0,69.52
"PHOENIX SECURITY SYSTEM CO., LTD",213901.0,2,1,78.14,4.42,64.03
PHOENIX SOLAR PTE. LTD.,3670992.0,1,1,99.13,4.97,78.2
PHOON HUAT AND COMPANY (PRIVATE) LIMITED,53610.0,2,1,77.15,4.25,77.71
PHOON HUAT PTE. LTD.,258218.62,9,6,86.43,3.59,89.71
PHOTO VILLAGE CREATION'S,3271.55,3,2,79.66,3.75,65.71
PHOTOCRAFT PHOTOGRAPHY,2100.0,2,1,92.56,4.16,72.62
PHOTOINC LLP,6784.5,3,2,85.35,3.72,56.52
PHOTONITECH (ASIA) PTE. LTD.,280550.0,2,2,83.85,3.44,91.75
PHOTOPLAY,342751.1,7,5,94.83,4.82,80.51
PHOTOVOLTAIC ENGINEERING PTE. LTD.,251160.5,2,1,88.24,3.77,73.37
PHUA AI LIAN,40.0,1,1,92.13,4.18,64.78
PHUTURE INTERNATIONAL PTE. LTD.,460835.64,9,4,80.15,4.28,65.7
PHYSIO TECHNICS,280.0,2,1,76.76,3.75,82.14
PICASSO PRODUCTIONS PTE. LTD.,2037000.0,4,1,88.86,4.97,66.93
PICH EVENT MANAGEMENT PTE. LTD.,446140.2,1,1,85.45,3.43,79.04
PICO ART INTERNATIONAL PTE. LTD.,33879811.6,20,13,93.01,4.26,98.43
PICO GUARDS PTE LTD,7648570.0,3,3,87.36,4.25,74.52
PICO INTERNATIONAL LLC,49100.0,1,1,89.64,4.07,68.39
PICTURE ME DIGITAL TECHNOLOGY PTE. LTD.,54000.0,1,1,75.01,3.32,81.82
PICTURE PEOPLE PLAN PTE. LTD.,4450.0,1,1,100.0,4.62,65.74
PIKASA BUILDERS PTE. LTD.,1287688.0,3,3,86.69,4.55,95.2
PIL3 PTE. LTD.,16500.0,1,1,93.58,3.69,92.04
PIMCO ASIA PTE LTD,1.0,1,1,81.31,4.52,76.36
PIN SI KITCHEN PTE. LTD.,1773030.41,7,2,90.46,4.32,69.03
PINEBRIDGE INVESTMENTS SINGAPORE LIMITED,430005.72,6,6,77.58,3.33,73.74
PINES FOOD DELIGHT PTE. LTD.,488674.0,5,4,91.62,3.59,75.04
PING ENGINEERING (S) PTE. LTD.,4304100.0,2,2,85.15,4.78,81.84
PING HEALTHCARE PTE. LTD.,380.0,1,1,88.23,4.29,88.4
PINK APPLE PTE. LTD.,659753.0,4,2,93.58,3.76,67.63
PINTAS PTE LTD,0.01,1,1,78.14,3.58,88.11
PIONEER PROPERTY CONSULTANTS LLP,0.02,2,1,82.52,3.79,84.18
PIPELINE PROCESS & SYSTEMS PTE. LTD.,17431.0,1,1,91.66,3.83,72.92
PIPELINE SERVICES PTE. LTD.,993600.0,2,1,100.0,3.59,67.13
PIPENET PTE. LTD.,92865525.21000001,2,1,86.9,3.05,79.16
PIRAMAL ENTERPRISES LIMITED,1078541.48,4,1,92.73,4.78,67.4
PIRTEK ASIA PTE LTD,195000.0,1,1,87.14,4.68,88.24
PIVOTAL LEARNING PRIVATE LIMITED,2500.0,1,1,100.0,3.34,66.76
PIVOTAL YOUTH PTE. LTD.,1477231.35,8,2,74.02,4.18,83.48
PIXEL TECH PTE LTD,169730.0,1,1,88.76,3.56,77.19
PIXELCARE CONSULTING PTE. LTD.,157750.0,1,1,75.0,3.94,72.39
PIXO EVENTS ASIA PRIVATE LIMITED,159110.0,1,1,67.95,3.89,76.97
PIZZA HUT SINGAPORE PTE LTD,10.5,1,1,90.38,3.84,88.8
PJE GROUP PTE. LTD.,1325077.0,16,6,89.12,5.0,66.08
PK WONG & ASSOCIATES LLC,300.0,1,1,85.72,3.84,73.88
PKF-CAP LLP,6700.0,1,1,87.15,3.62,70.48
PLANAR ONE & ASSOCIATES PTE LTD,102709711.0,2,2,100.0,3.64,77.61
PLANARTECH UK LIMITED,564425.0,2,1,85.93,4.73,71.15
PLANET EVENTS,456607.5,4,1,92.08,3.11,60.32
PLANISWARE SAS,895618.0,1,1,82.81,3.64,67.45
PLANTWERKZ PTE. LTD.,5517858.84,4,3,90.36,4.97,94.38
PLAY NOW STUDIOS PTE. LTD.,300.0,1,1,86.09,4.25,80.47
PLAYERS WORKSHOP,121230.0,1,1,84.72,4.22,80.12
PLAYGROUND THIRTEEN TWENTY TWO,0.95,1,1,100.0,5.0,75.17
PLAYINC PTE. LTD.,2009850.0,12,7,97.42,4.25,77.48
PLAYPOINT (SINGAPORE) PTE LTD,122985.0,1,1,89.09,3.68,73.7
PLAYTIVATE PTE. LTD.,628250.0,2,2,69.57,3.93,83.27
PLAYWARE STUDIOS PTE. LTD.,784364.0,1,1,85.11,3.42,79.01
PLEODATA PTE. LTD.,862085.0,3,3,100.0,4.85,66.29
PLUG + PLAY PRODUCTIONS PTE. LTD.,78620.0,1,1,86.15,4.44,80.54
PLUM CONSULTING LONDON LLP,241023.0,4,2,96.83,4.77,53.41
PLUS COLLABORATIVES LIMITED LIABILITY PARTNERSHIP,2671795.76,8,2,99.54,4.83,82.14
PLUSPAC INDUSTRIES PTE. LTD.,3600.0,1,1,89.75,3.85,63.91
PM ASSOCIATES PTE LTD,3398.1000000000004,2,1,81.27,3.53,77.04
PM LINK PTE LTD,416191.69,6,2,68.52,4.07,66.05
PMPS LINER TECHNOLOGY (SINGAPORE) PTE. LTD.,30232516.0,8,4,93.47,3.58,78.03
PMS Builder,65730.5,1,1,81.48,4.2,83.78
PMS PUBLISHERS SERVICES PTE LTD,824535.8099999999,5,3,89.41,4.78,93.03
POH HUA INDUSTRIAL PTE LTD,64746.8,2,1,78.0,4.0,62.59
POH KEE PRINTING,99000.0,1,1,85.88,4.19,87.75
POH KEONG CONSTRUCTION PTE. LTD.,1342000.0,4,2,88.27,4.04,79.31
POH MENG ENGINEERING PTE. LTD.,5629678.0,10,5,90.15,4.58,73.49
POH SIEN PTE. LTD.,68165.0,2,1,79.08,3.7,85.6
POHSIANG.COM,4160.0,1,1,97.58,2.78,75.64
POINT DESIGN CITY DEVELOPMENT PTE. LTD.,171000.0,1,1,83.22,4.38,85.18
POISE IMAGE INTERNATIONAL,148350.0,1,1,74.6,4.69,68.08
POKKA INTERNATIONAL PTE. LTD.,197200.73,2,2,87.13,4.37,71.67
POLAR ELECTRO SINGAPORE PTE LTD,330140.0,1,1,88.28,3.72,87.44
POLARIS CONSULTING & SERVICES PTE. LTD.,1477625.0,3,1,89.28,3.42,92.85
POLARIS SCIENCE PTE. LTD.,336850.0,3,1,98.9,4.4,77.65
POLE STAR SPACE APPLICATIONS LIMITED,2542810.0,1,1,86.11,4.18,50.13
POLKADOT CONTRACTORS,150000.0,1,1,87.04,4.02,76.01
POLWEL Co-operative Society Limited,27180759.52,16,10,79.17,5.0,78.32
POLY-LINE PTE LTD,75700.0,1,1,94.56,3.53,75.67
POLY-M PTE. LTD.,987100.0,2,2,89.47,5.0,81.36
POLYMER APPLICATIONS SINGAPORE PTE. LTD.,160100.0,1,1,84.64,4.12,73.23
POLYMER TECHNOLOGIES PTE LTD,240000.0,1,1,72.76,3.0,86.39
POLYTEK ENGINEERING,43655.0,1,1,99.56,3.99,66.33
POLYTRUST TECHNOLOGIES (S) PTE LTD,7378985.25,1,1,78.18,4.68,90.37
POMEROY STUDIO PTE. LTD.,295000.0,1,1,83.27,3.88,93.5
POMEX PTE. LTD.,167020.0,1,1,90.87,3.22,68.87
POP-CORNS POP COMMUNICATIONS PTE. LTD.,3240.0,1,1,78.43,4.0,68.86
POPULAR BOOK COMPANY (PTE.) LIMITED,35.0,1,1,76.05,3.59,82.11
PORTA PUMPER PTE LTD,834200.0,1,1,71.01,4.4,66.13
PORTALBCI PTE. LTD.,17600.0,1,1,93.77,4.56,73.07
PORTLAND PR LIMITED SINGAPORE BRANCH,1009870.0,2,2,83.64,3.47,89.03
PORTSDOWN SCIENTIFIC PTE. LTD.,1909662.99,6,3,100.0,3.68,85.38
POSITIVE EDUCATION,25500.0,2,1,80.05,4.55,97.8
POSITIVE ENGINEERING PTE LTD,7278591.0,1,1,80.63,3.58,79.71
POSITIVE INTENTIONS PTE. LTD.,500000.0,1,1,83.48,3.45,71.89
POSSIBLE WORLDWIDE PTE. LTD.,2244835.0,5,2,89.95,3.39,78.51
POTENTIAL HITECH INDUSTRIES (S) PTE. LTD.,656796.95,1,1,84.24,4.31,76.49
POTENTIAL INSPECTION SERVICES PTE. LTD.,4440.0,1,1,92.9,4.29,76.63
POWEN ENGINEERING PTE. LTD.,87625000.0,3,3,80.17,3.69,77.76
POWER AUTOMATION PTE LTD,544648.0,2,1,76.95,4.1,68.68
POWER FORCE TECHNOLOGIES PTE LTD,6152186.77,4,3,73.61,5.0,80.82
POWER-VAC INDUSTRIAL SERVICES PTE. LTD.,64995.0,1,1,70.21,3.52,63.91
POWEREDGE PTE. LTD.,27007.4,1,1,83.86,2.93,70.83
POWERSOFT ENGINEERING PTE. LTD.,1421695.0,3,2,85.59,4.37,76.81
POWERTOOLS SINGAPORE PTE. LTD.,615399.6,1,1,82.95,4.03,55.4
PP CONSULTING,605200.0,1,1,97.95,3.67,85.69
PPE DISTRIBUTION (S) PTE LTD,175000.0,2,2,97.82,4.49,57.47
PPM MEDICAL PTE. LTD.,34154.0,1,1,85.32,4.6,84.7
PQ BUILDERS PTE LTD,3501607.0,1,1,73.65,2.78,65.07
PQS CONSULTANTS PTE. LTD.,173000.0,2,1,83.47,3.71,73.95
PR & GO UP COMMUNICATIONS PARTNERS S.R.L.,331839.59,1,1,83.2,5.0,83.19
PR NEWSWIRE ASIA LIMITED,3104.38,1,1,82.74,4.45,99.98
PRACTICAL MEDISCIENCE PTE LTD,2020542.8099999998,20,8,82.42,4.51,79.16
PRACTICE THEORY PTE. LTD.,225700.0,3,2,82.77,4.8,58.17
PRAXIUM (PTE. LTD.),43800.0,1,1,84.91,4.11,87.54
PRECAST CONCRETE PTE. LTD.,10774900.0,1,1,82.92,4.58,75.68
PRECIOUS QUAY PTE. LTD.,7645.0,4,2,89.67,4.53,78.7
PRECIOUS TREASURE PTE LTD,204393.22,11,3,90.88,4.42,83.58
PRECISE DEVELOPMENT PTE. LTD.,744567326.3,15,4,80.71,3.91,55.75
PRECISE QUEST ENGINEERING (M) SDN. BHD.,28309.79,1,1,98.17,4.2,78.07
PRECISION FABRICATORS (S) PTE LTD,18075866.0,6,1,80.16,3.75,73.9
PRECISION HYDRAULIC TECHNOLOGY PTE LTD,402000.0,1,1,75.06,4.11,90.22
PRECISION LASER SOLUTIONS PTE. LTD.,69980.0,1,1,91.05,3.4,85.27
PRECISION TECHNOLOGIES PTE LTD,49285780.83,48,13,81.46,3.63,61.73
PREFAB TECHNOLOGY 3 PTE LTD,2957400.0,1,1,90.57,3.93,90.63
PREMAS VALUERS & PROPERTY CONSULTANTS PTE. LTD.,75000.01,2,2,68.77,3.53,82.5
PREMAS Valuers & Property Consultants Pte Ltd,165000.01,2,2,99.14,3.8,62.53
PREMICO MARKETING ASSOCIATES PTE LTD,74495.0,1,1,93.38,4.0,78.56
PREMIER DIAGNOSTICS PTE. LTD.,6000.0,1,1,76.0,4.34,88.35
PREMIER ENGINEERING & TRADING PTE. LTD.,238130.93,6,6,76.17,4.67,65.86
PREMIER SECURITY CO-OPERATIVE LTD,2334582.0,3,3,100.0,3.82,91.78
PREMIER SOLUTIONS PTE. LTD.,441511.0,2,2,82.1,4.9,62.87
PREMIERE TRAINING SERVICES,25600.0,1,1,81.33,4.66,70.09
PREPRESS PROJECTS LIMITED,0.81,1,1,69.87,4.4,68.57
PRESICO ENGINEERING PTE. LTD.,20892000.0,2,1,85.19,4.19,91.77
PRESSCRETE ENGINEERING PTE LTD,11228000.0,2,2,86.18,4.29,73.09
PRESTECH INDUSTRIAL AUTOMATION PTE. LTD.,7956.0,1,1,93.72,4.81,66.37
PRESTIGE BIORESEARCH PTE. LTD.,1351276.0,2,2,76.81,4.83,82.45
PRESTIGE ENVIRO-CARE PTE. LTD.,308976.0,2,2,75.84,4.9,84.61
PRESTIGE LABEL PTE LTD,147642.06,2,1,91.61,4.12,84.68
PRESTIGE LAUNDRY AND CLEANING PTE. LTD.,26071.2,1,1,96.05,4.43,75.29
PRESTIGE OCEAN PTE. LTD.,2513140.0,3,3,75.43,4.91,80.55
PRESTIGE PREMIUMS PTE. LTD.,24080.0,1,1,96.65,3.73,71.5
"PRESTIGE PUBLIC RELATIONS INTERNATIONAL CO., LTD",596332.8,1,1,88.3,3.91,94.75
PRESTIGE SOLUTIONS PTE. LTD.,32000.0,1,1,96.73,4.11,89.44
PREVAC SPOLKA Z ORGRANICZONA ODPOWIEDZIALNOSCIA,3088155.36,2,2,87.44,4.64,88.83
PRICEWATERHOUSECOOPERS ADVISORY SERVICES PTE. LTD.,2811780.0,8,7,67.82,4.65,85.94
PRICEWATERHOUSECOOPERS CONSULTING (SINGAPORE) PTE. LTD.,4701462.4,16,14,86.78,3.96,83.2
PRICEWATERHOUSECOOPERS LLP,16587221.53,42,27,96.48,3.19,65.56
PRICEWATERHOUSECOOPERS MANAGEMENT SERVICES PTE LTD,1536001.0,5,5,80.85,4.25,84.33
PRICEWATERHOUSECOOPERS RISK SERVICES PTE. LTD.,9753853.75,30,18,84.9,3.55,79.14
PRICEWATERHOUSECOOPERS SINGAPORE PTE. LTD.,343700.0,2,2,86.59,3.21,90.63
PRIDE-CHEM INDUSTRIES PTELTD,515700.0,1,1,64.8,3.34,86.07
PRIMA LIMITED,3945452.6,4,1,100.0,4.3,83.5
PRIME GYMNASTICS CLUB,307920.0,1,1,80.79,4.92,61.16
PRIME POWER (S) PTE LTD,668400.0,1,1,92.05,4.12,77.11
PRIME STRUCTURES ENGINEERING PTE LTD,2296220.0,1,1,87.31,4.23,72.42
PRIME-TEAM PTE. LTD.,2116800.0,1,1,98.06,4.81,80.52
PRIMECH SERVICES & ENGRG PTE LTD,57125631.83,11,6,91.25,3.17,73.84
PRIMO GUARDS PRIVATE LIMITED,3883040.0,5,5,86.12,4.41,75.24
PRIMUSTECH PTE. LTD.,81888258.0,13,5,80.85,4.09,82.59
PRINCE' S LANDSCAPE PTE. LTD.,1717454.0,4,4,94.38,4.44,73.68
PRINCE'S LANDSCAPE AND CONSTRUCTION PTE LTD,33649010.34,23,16,73.01,3.81,79.22
PRINCE'S LANDSCAPE PTE. LTD.,812768.0,2,2,93.17,3.61,62.81
PRINCIPAL GLOBAL INVESTORS (SINGAPORE) LIMITED,0.52,1,1,79.21,4.18,69.68
PRINT LAB PTE. LTD.,273218.0,1,1,98.02,5.0,84.56
PRINT-IQ SINGAPORE PTE. LTD.,106858.56,1,1,89.29,4.62,65.7
PRINTEC PRIVATE LIMITED,121500.0,1,1,93.15,3.8,90.46
PRIYA MOVIEBUZZ PTE. LTD.,87420.0,1,1,88.66,3.3,87.74
PRO INTERACTIVE SERVICES INDIA PVT LTD,366289.94,1,1,73.98,3.09,75.32
PRO*3 INSTITUTIONAL CATERING PTE. LTD.,94.0,1,1,81.11,4.89,100.0
PRO-ACE POWER & CONTROL PTE LTD,37613102.0,26,2,93.38,3.53,90.43
PRO-DATECH SYSTEMS PTE. LTD.,1388585.44,5,4,89.33,3.9,68.51
PRO-INTERACTIVE SERVICES (INDIA) PVT. LTD.,1177341.23,2,1,97.45,4.89,85.46
PRO-MATRIX PTE LTD,390512.0,1,1,91.23,3.13,78.66
PROAGE PTE. LTD.,2.0,1,1,80.27,5.0,70.23
PROCOLOR SEPARATION & PRINT PTE. LTD.,176958.0,1,1,81.63,3.95,67.3
PRODIGIOUS SINGAPORE,3.0,1,1,88.82,3.41,87.95
PRODUCT DEVELOPMENT SOLUTIONS PTE. LTD.,499634.0,1,1,69.49,3.95,72.02
"PROFESSIONAL TESTING, INC.",41657.0,2,1,100.0,3.67,76.98
PROFILE SEARCH & SELECTION (SINGAPORE) PTE. LTD.,1.0,1,1,91.53,4.36,68.79
PROGEN PTE LTD,138032.0,2,2,97.82,3.71,70.52
PROGRESS STEP ENGINEERING PTE. LTD.,548800.0,1,1,75.36,2.95,76.73
PROGRESSIVE BUILDERS PRIVATE LIMITED,428954900.0,7,3,97.96,3.97,81.88
PROGRESSIVE INDUSTRIAL EQUIPMENT CO. PTE. LTD.,264810.0,1,1,100.0,3.29,52.12
PROJECT DIGNITY PTE. LTD.,304.0,1,1,77.43,4.22,78.17
PROJECT INNOVATIONS PTE. LTD.,510400.0,1,1,94.17,3.39,70.54
PROJECT OMNI PTE. LTD.,1124.0,1,1,88.01,3.81,92.02
PROJECT PEANUT PTE. LTD.,174000.0,1,1,75.64,4.21,100.0
PROLIGHT ENGINEERING PTE. LTD.,1803900.0,1,1,91.94,3.97,74.41
PROMEGA PTE. LTD.,3157058.0,7,3,94.67,4.25,60.78
PROOF-TECH WATERPROOFING & MAINTENANCE PTE. LTD.,1264845.0,4,4,83.19,4.51,79.17
PROPELL INTEGRATED PTE LTD,96281942.0,25,8,97.33,3.41,75.95
PROPERTY CARE SERVICES (CAMBODIA) CO. LTD.,137463.93,1,1,74.67,4.06,97.71
PROPERTY CONTEXT PTE. LTD.,0.02,2,1,76.04,2.1,94.67
PROPERTY FACILITY SERVICES PTE. LTD.,2746342.81,5,1,89.09,4.25,86.65
PROPERTY MAINTENANCE & GARDENS INCORPORATED,228615.0,2,1,88.2,3.92,72.13
PROPNEX REALTY PTE. LTD.,4.07,3,2,82.27,3.51,84.78
PROQUEST INFORMATION AND LEARNING LIMITED,2333679.8,1,1,94.48,4.29,80.65
PROQUEST LLC,1827132.32,5,5,92.25,4.8,80.41
PROSEGUR SINGAPORE PTE. LTD.,65851512.0,14,10,94.87,3.81,62.42
PROSPAQ GROUP PTE. LTD.,4076.66,6,1,87.01,3.53,88.62
PROSPERCO INTERNATIONAL PROPERTY CONSULTANTS PTE LTD,0.01,1,1,92.82,4.2,79.08
PROSTRUCT CONSULTING PTE. LTD.,378000.0,1,1,84.43,3.3,76.99
PROTEK CHEMICALS & ENGINEERING PTE LTD,142737.0,1,1,100.0,3.7,72.0
PROTIVITI PTE. LTD.,373200.0,2,1,81.5,4.83,70.06
"PROTOCHIPS,INC.",205822.0,1,1,100.0,4.14,81.17
PROTOCOL PTE. LTD.,351000.0,2,2,88.28,2.97,60.51
PROVAC INTERNATIONAL PTE LTD,359301.0,1,1,77.0,3.02,85.89
PROVENANCE ASIA PTE. LTD.,3100.0,1,1,98.94,4.2,67.46
PROWIZ ASIA PTE. LTD.,14800.0,1,1,89.01,4.62,57.41
PROWLER INTERNATIONAL PTE. LTD.,253680.0,1,1,94.81,3.13,96.22
PRUDENTIAL ASSURANCE COMPANY SINGAPORE (PTE) LIMITED,905859.62,1,1,97.79,4.37,69.42
PS ONE PTE LTD,11162.4,1,1,90.7,4.9,70.78
PS1 EDU SERVICES,1053703.0,4,2,83.26,5.0,89.35
PSA MARINE (PTE) LTD,124000.0,1,1,95.81,4.3,96.54
PSA Marine (Pte) Ltd,15300.0,1,1,88.01,4.4,62.67
PSC Nortel Security LLC,384489.0,1,1,93.49,2.82,68.44
PSYTECH LIMITED,1623145.0,2,2,70.77,5.0,69.17
PT Bewe Kharisma Komunika (BW COMMS),728013.83,1,1,91.58,3.75,87.35
PT DESIGN STUDIO PTE. LTD.,774633.56,2,1,82.89,3.54,94.39
PT ENVIRONMENTAL INDOKARYA,2137504.32,1,1,100.0,3.95,67.2
PT GITACIPTA SELARAS,1053449.39,1,1,92.98,5.0,92.15
PT TOYOTA ASTRA MOTOR,92317.32,1,1,89.92,5.0,70.91
PT. BESTINDO CAR UTAMA,56663.55,1,1,91.89,4.18,81.36
PT. CHROMA INTERNATIONAL,275000.0,1,1,80.01,4.7,65.29
PT. TOYOTA-ASTRA MOTOR,97104.0,1,1,100.0,4.13,76.78
PTC SYSTEM (S) PTE LTD,8934333.4,18,10,100.0,3.48,76.89
PTL GLOBAL PRIVATE LIMITED,434639.5,2,1,91.14,4.99,74.85
PTP ENGINEERS PTE. LTD.,225000.0,1,1,100.0,3.73,81.85
PU XING CONCEPT BUILDERS PTE. LTD.,449000.0,1,1,83.45,5.0,67.93
PUBLIC AIR TECHNOLOGY PTE LTD,186840.0,1,1,81.62,4.88,69.16
PUBLICIS SINGAPORE,16374615.92,5,2,88.33,4.47,82.38
PULLMAN MORRISON PTE. LTD.,1.0,1,1,91.48,5.0,91.42
PULSESECURE PTE. LTD.,50401.0,2,2,84.85,5.0,77.77
PUMPKIN INTERACTIVE LTD,8400.0,1,1,92.3,3.99,83.04
PURENVIRO INTERNATIONAL PTE. LTD.,8164496.0,2,2,90.45,3.61,85.58
PURETECH ENGINEERING PTE LTD,96306277.09,4,1,80.01,2.98,86.31
PURITEC TECHNOLOGIES (S) PTE. LTD.,4119837.26,4,1,92.15,5.0,68.46
PURO COFFEE SINGAPORE PTE. LTD.,75947.0,3,1,94.91,3.84,70.23
PURPLE SAGE GROUP PTE. LTD.,205.0,1,1,89.37,4.78,71.1
PURPLECLICK MEDIA PTE. LTD.,526276.0,3,3,97.22,3.66,97.29
PURPLEFOREST EVENTS PTE. LTD.,5561960.0,4,4,78.26,5.0,83.08
PUTRA WATER TREATMENT PTE. LTD.,3104914.0,5,3,91.74,3.68,82.63
PV VACUUM ENGINEERING PTE LTD,19478910.0,4,1,78.64,3.38,81.66
PV Vacuum Engineering Pte Ltd,36254259.0,4,1,79.09,3.97,64.79
PVCG PTE. LTD.,330000.0,1,1,82.95,3.78,97.38
PYPUN-KD & ASSOCIATES LIMITED,12064499.6,3,1,80.46,4.46,82.79
PZO PRINTING (S) PTE. LTD.,13827.4,2,1,83.62,4.07,85.23
Pacific Century Consulting Pte Ltd,458565.0,6,6,86.29,4.48,60.34
Palico Biotech Pte Ltd,852910.45,10,6,94.7,3.93,85.8
Paperclip Communications Pte Ltd,349860.0,1,1,85.43,3.7,74.44
Patroids Creative Works Pte Ltd,242880.0,1,1,75.31,3.75,64.77
Pavilion Health,510634.0,1,1,97.12,5.0,68.46
Peapes Footwear Pte Ltd,50160.0,1,1,81.3,4.24,65.35
Penta-Ocean Construction Co Ltd - Bachy Soletanche Singapore Pte Ltd Joint Venture,795000000.0,1,1,87.53,2.91,65.18
Peregrine Security Pte Ltd,11190700.0,10,9,91.57,3.79,78.61
PerkinElmer Singapore Pte Ltd,12116201.4,35,11,89.6,4.16,74.13
Persatuan Persuratan Pemuda Pemudi Melayu (Malay Youth Literary Association),41952.0,1,1,96.75,5.0,81.34
Petal Productions Pte Ltd,184390.0,2,1,91.83,4.72,94.76
Pham Van Anh,20000.0,1,1,81.11,3.55,76.7
Pharmaceutical Society of Singapore,296000.0,2,1,100.0,5.0,55.55
Pharmaforte Singapore Pte Ltd,171785.2,3,2,89.55,4.08,75.58
Pico Art International Pte Ltd,103595263.12,112,36,86.82,4.85,89.93
Picture Communication,7282.0,2,1,95.71,3.41,77.14
Pipeline Services Pte Ltd,580000.0,1,1,90.0,2.66,93.29
Polytrust Technologies (S) Pte Ltd,15232706.0,3,1,91.19,3.25,82.53
Popular Book Company Pte Ltd,6497733.0,7,1,100.0,2.15,59.62
Porr Bau GmbH / Gates PCM Construction Ltd. JV,59183071.87,1,1,85.8,5.0,79.1
Porta Pumper Pte Ltd,741852.0,2,2,85.46,4.23,80.97
Power Automation Pte Ltd,1308659.0,3,3,88.93,3.55,88.8
Powerpack Industries Pte Ltd,147345.0,1,1,96.57,4.37,96.2
Precision Procurement Pte Ltd,49760.0,1,1,75.95,4.21,87.08
Prelim Construction Pte Ltd,123300000.0,2,2,72.28,4.47,82.4
Premiere Training Services,2903350.0,3,2,83.3,4.83,84.76
Premium Automobiles Pte Ltd,532964.0,2,2,74.93,3.93,76.32
PricewaterhouseCoopers Management Services Pte Ltd,199000.0,1,1,84.6,3.57,63.37
Prime Arts,78470.0,2,1,92.02,4.6,78.41
PrimeStaff Management Services Pte Ltd,77227.41,1,1,80.87,4.58,81.65
Priora FM SA,2071051.54,1,1,76.59,4.16,65.96
Pro-Datech Systems Pte Ltd,560642.0,3,2,88.55,5.0,91.27
Pro-Matrix Pte Ltd,11094894.0,10,7,94.9,3.84,88.05
Procems Asia-Pacific Pte Ltd,647020.0,1,1,74.44,3.56,64.28
Proof Perfect Pte Ltd,115170.0,1,1,94.56,4.35,91.66
Protectas SA,2072420.36,1,1,94.54,3.7,74.92
Protocol Academy Pte Ltd,28050.0,1,1,95.63,4.4,70.22
Purple Circle Design Pte Ltd,743749.8,5,4,97.75,3.6,88.79
Pustaka Nasional Pte Ltd,305.0,1,1,100.0,3.86,77.49
Puvanesvary D/O Alahakone,12000.0,1,1,85.15,5.0,96.99
Q RESEARCH CONSULTING LLP,286250.0,2,2,88.88,3.86,69.47
Q'S ADVERTISING PTE. LTD.,14987277.67,19,4,84.67,3.62,60.68
Q'SON KITCHEN EQUIPMENT PTE LTD,300226.0,2,2,88.02,4.8,75.2
Q'ZIN FOOD AND MANAGEMENT PTE LTD,2565126.33,2,2,100.0,3.47,85.89
Q-AUTO L.L.C,221600.0,1,1,77.24,3.68,68.73
Q.B. FOOD TRADING PTE. LTD.,60798.0,3,2,81.11,4.45,64.7
QAI SINGAPORE PTE. LTD.,1900.0,1,1,99.02,4.66,80.29
QAIS CONSULTING PTE. LTD.,6394331.85,4,4,96.16,4.83,63.36
QASSURE TECHNOLOGIES PTE. LIMITED,2495000.0,1,1,85.09,3.65,81.07
QBE INSURANCE (INTERNATIONAL) LIMITED,55001.0,2,2,94.84,4.46,74.59
QBE INSURANCE (SINGAPORE) PTE. LTD.,469603.0,6,4,90.73,3.82,82.94
QBH PTE. LTD.,3010000.0,1,1,100.0,3.74,64.16
QCI LAB ENGINEERING PTE. LTD.,158970.0,1,1,88.6,4.82,90.98
QCS MARKETING & TRADING (S) PTE LTD,23423429.27,1,1,96.21,3.77,76.17
QCUBE PTE. LTD.,38870.0,1,1,100.0,4.27,85.64
QE ELEMECH ENGINEERING PTE. LTD.,786240.0,1,1,92.78,4.19,87.6
QES (SINGAPORE) PTE LTD,145200.0,2,2,88.39,3.46,66.43
QIAGEN SINGAPORE PTE. LTD.,2520863.89,18,10,93.78,4.68,86.82
QIAN HU TAT LENG PLASTIC PTE. LTD.,464400.0,1,1,85.08,4.44,63.75
QING FENG CONSTRUCTION PTE LTD,44850450.0,3,3,100.0,2.91,64.3
"QINGJIAN INTERNATIONAL (SOUTH PACIFIC) GROUP DEVELOPMENT CO., PTE. LTD.",337727000.0,3,1,89.44,4.27,97.64
QL SPORTS,10000.0,1,1,85.82,3.64,89.12
QOOL ENVIRO PTE. LTD.,2459906.0,7,4,81.31,4.76,98.74
QRIOUS LAB PTE LTD.,135060.0,1,1,96.78,3.23,74.3
QRT SERVICES PTE. LTD.,149100.0,1,1,94.94,3.89,79.02
QS CONSULTANTS PTE. LTD.,833601.75,4,3,84.02,4.32,83.27
QS-FIRST PTE LTD,5989052.0,9,6,92.61,4.13,77.88
QSERV PTE. LTD.,1326000.0,1,1,75.93,4.56,70.54
QSS SAFETY PRODUCTS (S) PTE LTD,137479.8,2,2,89.48,3.19,69.04
QST DENTAL PTE. LTD.,136000.0,1,1,91.62,5.0,80.14
QT INSTRUMENTS (S) PTE LTD,308000.0,2,2,100.0,4.42,67.33
QT Instruments (S) Pte Ltd,1251704.18,7,5,81.83,4.92,67.05
QUADUNION BUILDERS PTE. LTD.,34859340.0,3,2,77.77,4.62,81.94
QUAHE WOO & PALMER LLC,26924.0,7,4,80.84,4.09,77.05
QUALITY SYSTEMS & SOLUTIONS PTE. LTD.,49680.0,1,1,77.31,3.33,87.37
QUAN XIANG YUAN (JING JI) SEAFOOD RESTAURANT,5878.5,3,1,98.69,3.76,73.75
QUANTEL PTE LTD,530650.0,1,1,100.0,5.0,72.19
QUANTERIX CORPORATION,243500.0,1,1,90.56,4.93,82.24
QUANTS ASSOCIATES,795000.0,1,1,97.77,3.73,69.88
QUANTUM AUTOMATION PTE LTD,7097399.0,16,14,89.07,2.41,71.42
QUANTUM CONSUMER SOLUTIONS PTE. LTD.,384000.0,1,1,87.24,3.97,71.82
"QUANTUM DESIGN (BEIJING) CO., LTD.",233850.0,1,1,85.34,3.93,75.9
"QUANTUM DESIGN INTERNATIONAL, INC.",1771435.74,3,2,85.52,3.95,95.72
"QUANTUM DESIGN INTERNATIONAL,INC. SOUTHEAST ASIA BRANCH",487941.84,2,1,75.62,4.42,64.23
QUANTUM DESIGN SINGAPORE PRIVATE LIMITED,163553.12,1,1,90.11,4.63,90.96
QUANTUM INVENTIONS PRIVATE LIMITED,622925.0,2,2,87.68,4.69,85.38
QUANTUM TECHNOLOGIES GLOBAL PTE. LTD.,1174416.88,7,6,93.96,4.37,93.67
QUANTUMSYS TECHNOLOGIES PTE. LTD.,4318.12,1,1,88.75,3.02,100.0
QUASI-S PTE. LTD.,393677.7,2,2,86.7,3.9,92.31
QUAYSIDE QUALITY FOOD PTE. LTD.,15150.0,1,1,81.03,5.0,87.26
QUE MARITIME PTE. LTD.,329759.0,1,1,88.58,4.32,64.88
QUEK & QUEK CIVIL ENGINEERING PTE LTD,208827796.0,11,6,93.91,4.32,66.14
QUEK AND TAN BUILDING CONTRACTORS PTE LTD,10869759.5,6,5,78.85,4.32,81.6
QUEK HOCK SENG CONSTRUCTION (PTE) LTD,86993385.0,6,5,88.7,4.35,61.02
QUELL PRIVATE LIMITED,1666.0,1,1,89.86,2.67,84.15
QUEST GLOBAL SERVICES PTE. LTD.,1.0,1,1,82.26,3.96,56.65
QUEST LABORATORIES PTE LTD,27810214.2,1,1,83.3,4.08,89.52
QUEST TECHNOLOGY (S) PTE LTD,6038048.2,10,5,89.84,4.87,74.78
QUICKFLO LOGISTICS PTE. LTD.,1.0,1,1,78.93,4.13,79.27
QUICKSTART TECHNOLOGY PTE. LTD.,4743192.0,9,7,90.8,3.11,70.52
QUIN RIGHT ENTERPRISES (PTE) LTD,7854460.53,22,6,80.84,4.36,59.01
QUINNOX SOLUTIONS PTE. LTD.,2.0,2,1,96.5,3.62,90.35
QUINTECH LIFE SCIENCES PTE. LTD.,40535.0,1,1,100.0,3.37,91.36
QUINTILES EAST ASIA PTE LTD,414000.0,2,1,81.11,3.6,74.49
QVISTA PTE. LTD.,614025.0,2,1,92.27,4.43,84.62
QXY RESOURCES PTE. LTD.,102497903.05,20,6,82.19,4.86,74.09
Quebec Leisure International Pte Ltd,276290.0,1,1,96.33,4.39,80.88
Quek Boon Hui,324800.0,3,2,77.88,4.48,85.59
Quek Ling Kiong,147000.0,2,1,91.84,4.38,83.55
Quest Laboratories Pte Ltd,9400.0,1,1,81.02,4.16,91.41
R & R EXPRESS SERVICES PTE LTD,2790000.0,1,1,86.34,4.52,83.19
R A INTERNATIONAL MARKETING,593519.86,4,2,79.75,2.65,78.28
R SYSTEMS (SINGAPORE) PTE LIMITED,1.0,1,1,94.58,4.17,70.39
R.A.K. MATERIALS CONSULTANTS PTE LTD,1050.0,1,1,81.3,3.47,73.21
R.J. CROCKER CONSULTANTS PTE. LTD.,73016711.0,10,4,92.42,4.8,86.1
"R/GA MEDIA GROUP, SINGAPORE",2.0,2,2,85.25,4.01,62.98
R2C PTE. LTD.,433557.0,1,1,87.08,4.12,89.06
R3 ASIA PACIFIC PTE. LTD.,2916363.0,2,2,89.18,3.2,75.19
R3 ENGINEERING PTE. LTD.,610670.0,2,2,81.91,4.71,69.81
RADIANCE COMMUNICATIONS PTE LTD,176500.0,1,1,89.68,4.48,67.01
RADIANT INTERNATIONAL PTE. LTD.,3023988.0,1,1,100.0,4.43,84.74
RADIANT OPTRONICS PTE. LTD.,168820.0,1,1,81.78,3.61,77.85
RADIOLA LIMITED,265372.0,1,1,97.37,3.64,93.89
RADIUS EXPERIENTIAL INTERNATIONAL PTE. LTD.,40613380.21,38,16,99.98,4.23,65.37
RAFFLES DIGITAL LABS PTE LTD,249875.0,1,1,81.47,3.68,72.22
RAFFLES HEALTH INSURANCE PTE. LTD.,4039561.7,3,2,76.36,4.36,77.08
RAFFLES MEDICAL GROUP LTD,17603474.3,32,22,90.42,2.8,70.48
RAFFLES TOWN CLUB PTE LTD,106.54,1,1,83.62,3.81,78.06
RAHAA CONSULTANCY & PARTNERS PTE. LTD.,328750.0,1,1,100.0,5.0,81.2
RAIL PERSONNEL LIMITED,1.0,1,1,88.28,4.36,82.84
RAINBOW COMPANY,276540.0,1,1,81.58,4.2,93.06
RAINBOW HUES PTE. LTD.,2.0,2,1,78.82,5.0,64.97
RAINCUBE ELECTRONICS PTE. LTD.,320000.0,1,1,96.72,2.7,81.38
RAINTREE MEDICAL PTE. LTD.,231972.8,3,3,83.43,3.61,71.53
RAINTREE PARTNERSHIP PRIVATE LIMITED,1.0,1,1,88.35,3.86,82.3
"RAISE, INC.",110123.0,1,1,95.65,4.62,82.31
RAJAH & TANN SINGAPORE LLP,1461174.78,43,24,84.13,4.63,68.13
RAJAH & TANN TECHNOLOGIES PTE. LTD.,1.0,1,1,87.63,3.58,68.99
RAM E PTE. LTD.,2247086.5,1,1,87.87,4.7,83.12
RAM I PTE. LTD.,1944586.25,2,1,93.47,3.86,78.23
RAMADA SINGAPORE AT ZHONGSHAN PARK,918.5,5,2,92.73,4.83,75.8
RAMBOLL CONSULTING PTE. LTD.,1800000.0,1,1,86.24,3.48,84.58
RAMBOLL ENVIRON SINGAPORE PTE. LTD.,560819.0,2,2,88.51,4.03,85.32
RAMBOLL STUDIO DREISEITL PTE. LTD.,1219000.0,1,1,85.03,3.81,72.7
RAMDAS & WONG,6800.0,1,1,76.18,4.73,69.48
RAMESHPAL SINGH,12000.0,1,1,90.06,3.79,65.38
RAMKY CLEANTECH SERVICES PTE. LTD.,52079007.230000004,9,5,100.0,4.07,78.33
RAMKY SOLUTIONS PTE. LTD.,829000.0,1,1,80.93,4.4,63.77
RAMO INDUSTRIES PTE. LTD.,32261171.16,9,5,81.82,4.43,78.99
RANDSTAD PTE. LIMITED,255004.0,5,3,81.03,4.63,90.17
RANK TECHNOLOGIES PTE. LTD.,45590.0,1,1,93.8,4.23,74.47
RANKINE & HILL (SINGAPORE) PTE. LTD.,3215664.1199999996,8,2,91.59,3.85,72.64
RAPID BIOMEDIZINISCHE GERATE RAPID BIOMEDICAL GMBH,382233.04,1,1,86.73,3.89,97.98
RAPID EFFECT PTE LTD,240000.0,1,1,80.66,4.12,93.1
RAPID PROTO & DESIGN PTE. LTD.,76560.0,1,1,88.74,4.25,70.35
RAPTECH PTE. LTD.,2364205.0,10,8,75.48,4.01,79.39
RAS PHARMA & BIOCHEM PTE. LTD.,112218.0,3,3,89.15,4.11,81.29
RASA RASA GROUP CATERING SERVICES LLP,200.0,1,1,94.97,3.19,80.04
RASEL CATERING SINGAPORE PTE. LTD.,2137366.44,3,2,77.99,4.5,96.15
RASHAKI VENTURE SDN. BHD.,83250.66,2,1,75.74,4.21,78.87
RAVE GROUP INT'L PTE. LTD.,6082.0,2,2,100.0,4.7,80.37
RAVEL INNOVATION PTE. LTD.,728333.3200000001,2,2,83.11,4.1,84.89
RAY PHOTOGRAPHY,3657.0,2,1,97.09,3.06,89.9
RAYDENT SUPPLIES (S) PTE LTD,141528.4,3,2,86.77,3.88,87.37
RAYDENT SUPPLIES PTE. LTD.,106000.0,1,1,86.7,3.98,83.38
RAYMOND CONSTRUCTION PTE LTD,51649110.0,8,4,91.51,4.55,62.41
RAYTEC MACHINERY PTE. LTD.,179000.0,2,2,80.93,2.86,73.12
RB CAPITAL HOTELS PTE. LTD.,205.0,1,1,89.06,4.12,86.19
RB CORP PTE. LTD.,13684.0,2,2,84.95,4.41,80.5
RC HOTELS (PTE) LTD,597248.8,11,9,77.44,3.7,86.26
RC HOTELS (PTE.) LTD.,61919.0,5,2,90.7,4.14,96.87
RC M&E PTE. LTD.,1237163.0,3,2,85.89,3.72,66.23
RCY PTE. LTD.,41242899.5,17,4,86.74,3.66,89.38
RDC Architects Pte Ltd,2676000.0,1,1,78.32,3.85,74.7
RDE CONSTRUCTION PTE LTD.,2939000.0,2,2,100.0,3.67,87.35
REACH THERAPY SERVICES,30000.0,1,1,95.01,4.51,77.59
REACHFIELD IT SOLUTIONS PTE. LTD.,201775.24,1,1,95.71,3.66,99.27
REACHFIELD SECURITY & SAFETY MANAGEMENT PTE. LTD.,114645418.0,13,6,85.56,3.56,79.3
READING PROPERTY CONSULTANTS PTE. LTD.,1.02,3,2,74.17,5.0,71.59
"REAL-TIME INNOVATIONS, INC.",393880.2,1,1,100.0,4.68,82.2
REALTIMME IT CONSULTANCY PTE. LTD.,1.0,1,1,87.51,2.98,81.24
REALTY INTERNATIONAL ASSOCIATES PTE LTD,0.02,2,1,82.01,3.64,89.38
REBL PTE. LTD.,444590.51,2,2,91.33,4.25,82.48
RECALL TOTAL INFORMATION MANAGEMENT PTE. LTD.,16125164.34,17,15,97.34,4.29,100.0
RECON SECURITY LIMITED,2007034.19,2,1,87.82,3.21,76.89
RECRUIT EXPRESS PTE LTD,1731387.34,4,4,98.23,4.8,77.0
RECRUIT HAUS PTE. LTD.,1.0,1,1,96.66,4.6,71.96
RECRUIT INC PRIVATE LIMITED,13.0,2,2,79.39,4.39,78.86
RECRUITFIRST PTE. LTD.,2350204.0,3,3,82.61,4.91,80.31
RECTITUDE PTE LTD,465502.0,5,4,95.66,4.37,80.81
RED BEAN ARCHITECTS,1326109.9,4,4,66.3,4.37,78.67
RED DOOR PRODUCTIONS PTE. LTD.,1.0,1,1,86.8,5.0,71.9
RED DOT POWER PTE. LTD.,7.07,1,1,76.55,4.76,69.18
RED ELEMENT HEALTH INTERNATIONAL PTE. LTD.,58605.0,4,1,84.19,3.6,74.25
RED INK COMMUNICATIONS LLP,1.0,1,1,85.61,4.48,89.42
RED LION EMERGENCY AMBULANCE AND MEDICAL SERVICES PTE. LTD.,736855.0,1,1,85.13,3.7,91.57
RED SENTRY PTE LTD,275368.0,2,2,83.58,4.4,77.23
RED SPADE VENTURES PTE. LTD.,685986.0,1,1,79.22,4.39,68.58
RED TIN BOT PTE. LTD.,8950.0,1,1,100.0,3.27,77.19
RED-POWER ELECTRICAL ENGINEERING PTE LTD,34800.0,1,1,100.0,4.03,98.92
REDA INSTRUMENTE (ASIA PACIFIC) PTE LTD,69450.0,2,1,78.7,4.26,87.99
REDBEAN DE PTE. LTD.,1266860.0,8,4,100.0,3.84,83.51
REDDOT PUBLISHING INC. PTE LTD,0.01,1,1,84.8,4.29,87.63
REDINOX PTE. LTD.,1750.0,1,1,89.03,4.58,93.41
REDSTACK (S) PTE. LTD,878175.0,2,2,87.49,4.08,66.47
REED BUSINESS INFORMATION PTE. LTD.,866140.0,1,1,82.72,4.23,74.08
REED PERSONNEL SERVICES PTE. LTD.,1.0,1,1,95.87,4.93,72.71
REED SMITH PTE. LTD.,1.0,1,1,89.01,4.38,83.87
REFLEX-O RECREATIONS PTE LTD,685532.5800000001,4,4,84.19,4.22,79.6
REFRESH WATER TRADING PTE LTD,915330.0,1,1,77.56,3.53,85.56
REGENCY SPECIALIST HOSPITAL SDN. BHD.,226456.65999999997,5,1,80.85,4.5,72.93
REGION PROPERTY CONSULTANCY & MANAGEMENT SERVICES PTE. LTD.,39.25,2,2,74.87,4.3,91.72
REGIONAL BUSINESS NETWORK PTE LTD,1985802.6400000001,3,2,88.1,4.87,77.31
REGIONAL QS-COMP PTE LTD,63040.0,1,1,78.43,4.13,84.95
REGIUS CONSTRUCTION & CIVIL ENGINEERING PTE. LTD.,130305.0,1,1,85.88,3.01,89.95
REHANA BEGUM BTE S NADER ELLEY,88870.0,1,1,98.96,3.08,89.15
REI VALUERS PTE LTD,0.02,2,1,97.59,4.54,81.61
REIN BIOTECH SERVICES PTE LTD,39585.0,1,1,87.74,3.76,86.19
REJOICE CONSTRUCTION & DECOR CO PTE. LTD.,256000.0,1,1,87.3,4.36,95.42
REL SYSTEMS PTE. LTD.,1842713.0,2,2,100.0,4.17,83.14
RELIANCE TRAVEL AGENCIES (S) PTE LTD,263852.8,3,1,92.17,4.0,70.7
RELISKY PTE. LTD.,193.5,1,1,85.38,4.04,83.83
REM EVENT MANAGEMENT PTE. LTD.,899391.2,2,2,76.59,3.58,77.63
REMEX MINERALS SINGAPORE PTE. LTD.,120001.0,2,1,91.15,4.09,54.52
REN CI HOSPITAL,1.0,1,1,94.63,3.75,82.62
RENAISSANCE INFOSYSTEMS PTE. LTD.,968437.0,1,1,82.95,3.88,79.17
RENDEZVOUS HOTEL SINGAPORE,1558.0,7,2,90.33,3.91,89.56
RENTOKIL INITIAL SINGAPORE PRIVATE LIMITED,6208488.54,5,5,85.09,3.96,70.5
REPASSA SINGAPORE PTE LTD,700400.0,2,1,86.53,4.65,62.94
REPRODUCER PTE. LTD.,165.35,1,1,68.1,4.02,79.69
REPUBLIC ADVERTISING CONSULTANTS,221878.57,3,3,86.23,4.71,81.8
REPUBLIC EXPRESS PTE. LTD.,2011820.0,3,3,95.75,5.0,78.94
REPUBLIC ICONIC HOTEL PTE. LTD.,885.0,4,2,82.95,4.61,78.21
RESEARCH BIOLABS PTE LTD,765933.18,4,2,88.42,4.42,67.31
RESEARCH INSTRUMENTS PTE LTD,1329437.31,6,2,81.95,4.3,76.61
RESEARCH PLUS PTE LTD,1520355.0,6,4,90.88,4.62,74.52
RESEM TECHNOLOGIES PTE LTD,1085800.0,3,1,86.27,4.15,88.73
"RESILIENCE, INC",224750.0,1,1,80.49,4.69,81.79
RESO ENGINEERING SDN BHD,1706139.29,2,1,98.66,4.47,75.22
RESOLUTE LABS PTE. LTD.,432500.0,1,1,95.43,3.88,95.24
RESOLVE SALVAGE & FIRE (ASIA) PTE. LTD.,199342.0,1,1,83.16,4.64,75.31
RESON8 CREATIVE PTE. LTD.,417500.0,2,2,91.98,4.15,83.58
RESORTS WORLD AT SENTOSA PTE. LTD.,4030448.36,32,16,92.3,4.04,76.33
RESOURCE PILING PTE LTD,32228000.0,1,1,93.14,3.81,94.31
RESOURCE TRAVEL PTE. LTD.,1301742.0,6,1,74.45,4.2,78.87
RESULTS-BASED LEADERSHIP ASIA PTE. LTD.,30134.75,2,1,96.05,4.7,79.16
RETROFIT PTE. LTD.,158760.0,1,1,83.44,4.63,76.6
REVERSE LOGISTICS GMBH,198680.0,1,1,85.14,4.31,79.97
REVEZ MOTION PTE. LTD.,5851349.5,16,12,100.0,4.46,90.0
REVO PTE. LTD.,191100.0,1,1,90.41,4.86,86.46
REVSOLUTION SDN. BHD.,92573.25,1,1,84.91,4.01,78.28
REX CINEMAS PTE. LTD.,144800.0,1,1,70.36,3.43,95.01
RFNET TECHNOLOGIES PTE LTD,101704.0,3,2,99.12,4.88,86.73
RGF TALENT SOLUTIONS SINGAPORE PTE. LTD.,8.0,3,3,77.24,3.78,73.62
"RH SYSTEMS, LLC",295000.0,1,1,79.97,3.69,64.2
RHEMA EVENTS & ARTS SERVICES PTE LTD,24830.0,1,1,85.35,3.02,73.85
RHINO DESIGN GMBH,290109.02,2,1,99.33,4.44,82.13
RHT COMPLIANCE SOLUTIONS PTE. LTD.,392000.0,1,1,94.19,3.13,83.97
RHT VALUATION PTE. LTD.,0.01,1,1,86.74,3.65,91.59
RHTLAW ASIA LLP,137390.47,5,5,90.47,4.45,67.05
RHTLAW TAYLOR WESSING LLP,719441.75,16,15,83.2,4.53,73.61
RHYTHME TECHNOLOGY PTE LTD,6836840.0,5,2,89.12,3.71,66.22
RI DONG CORPORATION PTE LTD,31990910.0,1,1,88.59,4.02,64.61
RIC-TAT TRANSPORT SERVICE,621230.0,3,1,95.75,3.58,71.72
RICH CONSTRUCTION COMPANY PTE. LTD.,1433163800.8,7,3,95.74,3.77,81.67
RICH-ART ENTERPRISES PTE LTD,2708085.0,6,2,91.95,4.26,85.71
RICH-LINK CONSTRUCTION PTE. LTD.,143743803.0,1,1,85.1,3.8,68.52
RICHARD THOMAS BENNETT,1.0,1,1,93.93,3.95,69.91
RICHZ TECHNOLOGY (S) PTE. LTD.,352800.0,1,1,87.26,3.22,60.2
RICK CLEMENTS & ASSOCIATES PTE. LTD.,232500.0,1,1,79.34,4.78,80.14
RICOH (SINGAPORE) PTE LTD,30398561.36,10,9,84.77,4.41,70.68
RICTED KENNELS PTE. LTD.,5676.0,1,1,88.68,4.58,94.63
RIDER LEVETT BUCKNALL LLP,8691611.0,10,4,95.28,4.87,82.1
RIDEWELL TRAVEL PTE. LTD.,1210317.0,4,3,86.53,3.6,76.29
RIE'S LAUNDRY,5950.0,2,2,78.33,3.88,71.59
RIEDEL COMMUNICATIONS GMBH & CO. KG,1819663.35,4,1,88.45,2.96,63.05
RIELLO UPS SINGAPORE PTE. LTD.,1291500.0,1,1,88.91,5.0,64.32
RIGEL TECHNOLOGY (S) PTE LTD,1352682.0,2,2,89.49,4.01,71.78
RIGHT CONSTRUCTION PTE LTD,352500000.0,3,1,95.36,4.72,71.01
RIGHT DIMENSION PRIVATE LIMITED,84000.0,1,1,96.15,3.36,68.01
RIGHT ENGINEERING PTE. LTD.,1137210.0,3,3,83.25,4.7,81.77
RIGHT IMPACT PTE. LTD.,176473.5,3,3,83.07,5.0,83.14
RIGHT MANAGEMENT SINGAPORE PTE. LTD.,575737.0,9,4,79.68,4.06,73.41
RIGHT PROJECTS PTE. LTD.,282500.0,1,1,93.59,3.49,97.35
RIGHT SERVICE PTE. LTD.,404253.8,1,1,99.59,4.02,60.53
RIGHT-SPACE PTE LTD,1123800.0,1,1,85.48,2.76,78.58
RIGHTMEN SECURITY SERVICES PTE. LTD.,182454.0,1,1,86.07,4.08,75.81
RINTING SCIENTIFIC (M) SDN. BHD.,21872.219999999998,2,1,99.73,4.59,72.49
RIPPLE GROUP HOLDINGS PTE. LTD.,401162.0,4,2,92.04,4.08,71.02
"RIPPLE, LLC",201772.09,1,1,91.49,3.93,77.93
RISORSA UMANA SOLUTIONS PTE. LTD.,346525.0,1,1,78.47,4.42,75.74
"RITEC, INC.",95345.51,1,1,93.43,4.46,74.08
RITMA PRESTASI SDN. BHD.,50250.0,1,1,80.57,3.1,65.01
RIVERIA MARKETING PTE LTD,22348125.0,13,2,78.93,4.15,61.82
RIVERLAND PTE LTD,240.0,1,1,85.23,5.0,75.11
RJ CONSULTANTS PTE LTD,107380.0,1,1,83.31,3.3,73.98
RJ EDUCATION GROUP (S) PTE. LTD.,57236.0,1,1,86.23,4.05,76.03
RJCAT CONSULTANCY,33500.0,1,1,76.47,5.0,76.91
RLB CONSULTANCY PTE. LTD.,0.82,1,1,95.67,4.76,72.77
RM EDUCATION LTD,2871827.0,1,1,97.02,3.79,75.88
RMA CONSULTANTS PTE LTD,1570494.9,23,14,72.42,4.22,69.46
RMA CONTRACTS PTE. LTD.,45863900.85,50,28,95.83,4.1,93.24
RMIT TRAINING PTY LTD,43350.31,2,1,81.52,3.65,70.0
RMT CO. LTD,73593.5,1,1,94.86,4.06,74.29
RN & ASSOCIATES PTE LTD,248410.0,2,2,87.45,3.93,70.76
RNC ENGINEERING PTE LTD,122930.0,1,1,88.23,4.17,70.59
ROBE LIGHTING ASIA PACIFIC PTE. LTD.,105005.0,1,1,86.52,3.65,78.25
ROBERT BOSCH (SOUTH EAST ASIA) PTE. LTD.,885365.0,1,1,97.7,3.33,76.98
ROBERT BOSCH SECURITY SOLUTIONS PTE. LTD.,15305873.0,17,12,78.08,4.08,73.41
ROBERT HALF INTERNATIONAL PTE. LTD.,2.0,2,2,92.86,5.0,75.17
ROBERT KHAN & CO PTE LTD,0.01,1,1,96.81,4.15,70.8
ROBERT WALTERS (SINGAPORE) PTE LTD,131.0,2,2,93.73,3.9,82.02
ROBERT YAM & CO PAC,9000.0,1,1,100.0,4.55,98.55
ROBIN PRADHAN CHITRAKAR,120000.0,1,1,83.77,4.01,69.25
ROBIN VILLAGE DEVELOPMENT PTE. LTD.,29071460.009999998,3,1,95.66,5.0,81.94
ROBINSON & COMPANY (SINGAPORE) PRIVATE LIMITED,126959.1,2,2,87.15,4.1,78.45
ROBINSON BOWMAKER PAUL LIMITED,1050.0,1,1,97.87,4.52,84.69
ROBOTO LLP,6.0,4,1,87.94,3.65,84.97
ROCHE DIAGNOSTICS ASIA PACIFIC PTE LTD,646127.8,4,4,84.9,4.4,80.05
ROCKCOMMS PTE. LTD.,95725.0,1,1,98.45,4.27,77.6
ROCKMOON PTE. LTD.,69000.0,1,1,84.07,4.07,73.66
ROFFEY PARK ASIA PACIFIC PTE. LTD.,582677.0,5,5,76.7,3.8,70.35
ROFFEY PARK INSTITUTE LIMITED,905043.7,2,2,83.87,3.72,77.03
ROGER CHUA PHOTOGRAPHY,4570.0,1,1,92.95,4.27,65.15
ROGER JENKINS PTE. LTD.,26335.0,1,1,99.14,4.48,72.06
ROGUE RESOLUTIONS LIMITED,771531.88,1,1,88.89,4.02,89.07
ROHDE & SCHWARZ ASIA PTE. LTD.,3210400.0,1,1,98.55,4.27,78.99
ROHDE & SCHWARZ REGIONAL HEADQUARTERS SINGAPORE PTE. LTD.,6847785.25,9,7,77.13,4.08,86.93
ROHEI CORPORATION PTE. LTD.,1764180.5,11,8,84.45,4.16,92.7
ROKSHANA EASMIN,187200.0,1,1,85.69,3.98,76.23
ROLAND BERGER PTE LTD,915000.0,2,1,87.08,4.11,80.07
ROLAND BERGER PTE. LTD.,550000.0,1,1,88.67,5.0,74.98
ROM ENGINEERING PTE LTD,6365540.0,2,2,93.53,4.29,69.87
ROMER LABS SINGAPORE PTE. LTD.,16040.0,1,1,84.44,4.49,68.47
RONBUILDZ PTE. LTD.,2525620.0,12,1,89.11,4.36,86.43
RONG DU BUILDING CONSTRUCTION PTE. LTD.,1805485.0,3,3,87.64,3.94,80.09
RONGDA PACIFIC PTE. LTD.,79000.0,1,1,80.59,4.88,96.47
RONNIE & KOH CONSULTANTS PTE. LTD.,55752700.0,4,1,87.09,3.93,87.72
ROOKS VAC PTE. LTD.,513000.0,2,2,86.85,4.73,70.69
ROOTS COMMUNICATIONS PTE LTD,2747304.0,2,2,86.68,3.9,86.4
ROSEN INTERNATIONAL (S) PTE. LTD.,15150.0,1,1,88.25,3.52,74.95
ROSHA DYNAMIC SDN BHD,146776.63,1,1,88.61,4.32,90.17
ROXWELL ADVERTISING & MAGNETIC SOLUTIONS PTE. LTD.,72371.6,1,1,84.54,3.44,73.14
ROXWELL PTE. LTD.,445999.0,3,3,98.18,4.42,67.48
ROYAL 88 INTERIOR DESIGN PTE LTD,4510417.0,9,5,78.64,3.38,70.04
ROYAL CATERING SERVICES PTE LTD,1785714.28,1,1,82.23,3.91,70.55
ROYAL GROUP HOLDINGS PTE. LTD.,363.0,2,1,100.0,3.24,69.6
ROYAL INSIGNIA PTE LTD,718378.5,3,2,79.7,5.0,72.27
ROYAL MARINE SERVICES PTE. LTD.,9900.0,1,1,77.17,3.11,86.57
ROYAL PLAZA,23232.0,10,2,93.88,4.11,95.96
RP DIGITAL SECURITY PTE. LTD.,78332.6,2,2,71.38,4.79,64.7
RPS AUSTRALIA WEST PTY LTD,546000.0,1,1,86.12,4.72,90.64
RS COMPONENTS PTE LTD,212500.0,1,1,100.0,4.61,73.22
RS Components Pte Ltd,572999.46,3,2,75.64,3.91,81.48
RS FACILITIES SERVICES PRIVATE LIMITED,16120810.719999999,4,3,72.14,4.91,61.46
RS PHOTOGRAPHY,2959.4,2,1,76.01,4.65,83.24
RS-SYSTEMS AS,1164658.59,1,1,95.19,4.23,57.95
RSM CHIO LIM LLP,1382237.5,5,5,97.0,4.24,81.14
RSM CORPORATE ADVISORY PTE. LTD.,156000.0,1,1,83.9,3.92,80.57
RSM RISK ADVISORY PTE. LTD.,1341666.0,12,11,93.47,3.55,79.91
RSM TECHNOLOGY RISK GROUP PTE. LTD.,1.0,1,1,99.12,4.84,70.65
RSP ARCHITECTS PLANNERS & ENGINEERS (PTE) LTD,2.11,2,1,100.0,4.89,83.5
RSP Architects Planners & Engineers (Pte) Ltd,8856512.41,10,7,86.03,3.57,81.91
RSTN CONSULTING PTE LTD,305340.0,1,1,69.59,4.01,75.9
RTMT MOTOR PTE LTD,5305100.0,2,1,81.43,4.01,84.72
RUBICON MEDICAL PTE. LTD.,1014000.0,1,1,84.59,4.08,77.04
RUDER FINN ASIA PTE LTD,1028900.0,3,3,85.93,4.14,83.29
"RUDER FINN PUBLIC RELATIONS CONSULTING (BEIJING) CO., LIMITED",2435988.08,1,1,86.5,4.67,76.74
RUI FENG CHARTERED PTE. LTD.,6315850.0,7,5,96.95,3.65,80.17
RUIXIN EDUTECH PTE. LTD.,740.0,1,1,98.2,3.59,83.75
RUSSELL REYNOLDS ASSOCIATES SINGAPORE PTE. LTD.,1.0,1,1,86.63,4.84,74.02
RYCA PTE. LTD.,1445325.2,6,2,96.79,3.82,65.66
RYCON OPHTHALMIC PTE. LTD.,107520.0,1,1,90.86,3.34,80.76
RYNAMO BUILDING SERVICES PTE LTD,208800.0,2,2,88.52,3.81,89.89
RYOBI GEOTECHNIQUE INTERNATIONAL PTE. LTD.,117493632.1,66,16,95.25,3.9,80.99
RYOBI KISO (S) PTE. LTD.,28295751.0,4,3,88.58,5.0,81.18
RYOSEI ENGINEERING PTE LTD,446420.0,2,1,100.0,4.65,77.58
RYVERTON ENTERPRISE,182250.0,1,1,76.49,4.79,85.39
Radius (Shanghai) Exhibition Design & Services Co.LTD,393389.0,1,1,83.88,4.59,76.14
Raffles Studio Pte Ltd,1755.0,1,1,86.99,4.67,73.46
Raising Pty Ltd t/s Available Indigenous Service,131829.4,1,1,91.52,3.69,89.05
Rajeswari Sreenivasan,10000.0,1,1,98.14,3.98,72.69
Raymond International Pte Ltd,59991.4,1,1,87.8,3.51,86.89
Reach Community Services Society,717972.5,3,2,76.62,3.97,89.06
Recruit Express Pte Ltd,9895191.459999999,11,8,94.74,4.51,83.67
Redworks (S) Pte Ltd,1402613.5,2,2,94.04,4.18,65.51
Rental Hygiene Services Pte Ltd,299840.0,2,1,72.47,4.89,78.27
Research Instruments Pte Ltd,4257702.35,28,10,87.97,3.42,75.98
Resolving Limited,721217.68,1,1,75.28,4.4,73.04
Rita Metal & Wooden Furniture Construction Pte Ltd,1698495.25,6,4,82.68,3.35,79.43
Riverlife Community Services Limited,80100.0,1,1,80.78,4.16,85.69
Robert Khan & Co Pte Ltd,0.01,1,1,94.47,4.54,73.41
Roche Diagnostics Asia Pacific Pte Ltd,763547.8,6,5,88.93,3.97,76.29
Rodin Print,1.0,1,1,77.72,4.43,75.59
Rotary Engineering Limited,302473.0,1,1,95.04,3.52,89.64
Royal Australasian College of Surgeons (RACS),3243.93,1,1,76.53,3.1,75.43
Royal Catering Services Pte Ltd,337.5,1,1,90.64,4.43,65.66
Royal Selangor (S) Pte Ltd,214310.0,1,1,81.49,5.0,62.27
Rubicon Int'l Talent Exchange Pte Ltd,50000.0,1,1,85.07,3.5,81.63
"Ruder Finn (Shanghai) Marketing & Communications Co., Ltd",2780887.96,1,1,92.03,4.83,70.39
S & I SYSTEMS PTE LTD,11901065.92,14,11,92.17,4.13,84.69
S & I Systems Pte Ltd,21752214.44,18,12,98.7,3.3,64.69
S & L INNOVATIONS AND TECHNOLOGY PTE. LTD.,316910.24,2,1,87.34,3.42,72.61
S A CHUA ARCHITECTS PTE. LTD.,1972614.33,5,4,90.45,4.11,64.69
S B TAN & CO,97185.0,1,1,84.5,3.86,82.35
S E A T H SOCIETE DETUDE ET DAPPLICATION THERMIQUE (SEATH),918696.65,2,1,89.46,3.31,84.49
S K E ENGINEERING (S) PTE LTD,876082.0,3,3,91.52,3.08,81.39
S&P SYSTEM SERVICES PTE. LTD.,3116650.0,7,5,87.21,3.59,67.14
S-ENTERPRISE PTE. LTD.,193782.0,1,1,73.57,4.22,70.54
S-LITE EVENT SUPPORT PTE. LTD.,6827074.0,16,9,90.65,4.1,80.34
S-RM Asia Pacific Limited,1.0,1,1,90.92,3.8,61.12
S. K. ROSENBAUER PTE. LTD.,34614782.45,9,2,82.56,4.22,75.59
S.A.C. (PTE) LTD,431900.0,2,1,77.72,4.72,93.17
S.A.M CREATIVE,5382.4,1,1,99.81,4.34,76.2
S.C. JOHNSON & SON PRIVATE LIM ITED,512000.0,1,1,91.93,4.03,63.11
S.N. INDUSTRIAL CONSULTANTS,58186.8,1,1,86.17,4.66,71.93
S11 GRANUITY MANAGEMENT PTE. LTD.,1700000.0,1,1,78.9,3.52,71.69
SA DENTAL SUPPLY PTE LTD,292644.0,5,1,81.43,3.97,99.4
SAA Architects Pte Ltd,3965707.02,2,2,98.42,3.98,94.66
SAAB TECHNOLOGIES B.V.,22910888.2,2,1,89.1,3.36,85.31
SAATCHI & SAATCHI,168220.0,1,1,83.6,3.85,74.57
SAC ENERGY (S) PRIVATE LIMITED,15270450.0,3,3,92.08,2.86,90.01
SACAC COUNSELLING PTE. LTD.,1.0,1,1,81.48,5.0,66.67
SAF Yacht Club,279850.0,1,1,100.0,3.54,88.77
SAFE2TRAVEL PTE LTD,187526.29,1,1,98.82,5.0,87.28
SAFETY INNOVATORS (INTERNATIONAL) PTE. LTD.,478299.6,1,1,84.27,4.12,76.49
SAFETYSIGNS.SG PTE. LTD.,4836.0,1,1,82.97,4.44,89.39
SAGA INSTRUMENTS PTE LTD,126400.0,1,1,67.05,3.81,73.53
SAGANA INTERNATIONAL PTE LTD,349409.20999999996,5,2,76.15,4.22,65.35
SAGANA INTERNATIONAL PTE. LTD.,2282.0,2,1,77.28,4.49,87.78
SAGE HEALTHCARE PTE. LTD.,220000.0,1,1,89.08,4.5,77.15
SAGE PUBLICATIONS ASIA-PACIFIC PTE. LTD.,148272.0,1,1,85.39,4.56,84.02
SAKSOFT PTE LIMITED,264001.0,2,2,77.24,3.88,96.21
SALARY BOARD PTE. LTD.,355000.0,1,1,85.75,3.81,70.78
SALIENT STRINGS LLP,1.0,1,1,92.04,3.14,76.57
SALT CREATIVES PTE. LTD.,74120.0,1,1,92.22,4.41,93.7
SALT SEARCH PTE. LTD.,1.0,1,1,72.8,4.75,84.69
SALZMAN CAPITAL VENTURES LTD,117112.0,1,1,86.97,5.0,71.0
SAM LAIN EQUIPMENT SERVICES PTE LTD,53197291.0,14,4,76.93,4.28,68.45
SAMBO E&C CO. LTD (SINGAPORE BRANCH),304000000.0,1,1,95.21,3.64,72.72
SAMCO CIVIL ENGINEERING PTE. LTD.,6985153.0,7,3,94.27,3.08,70.62
SAMCO ENTERPRISE PTE LTD,700000.0,1,1,80.82,4.73,80.37
SAMCO INC. SINGAPORE BRANCH,197157.13,1,1,81.87,3.02,78.78
SAMKNOWS LIMITED,1825400.0,1,1,84.31,3.9,80.79
SAMPLEARCHIVE SERVICES PTE. LTD.,4094024.0,4,2,69.98,3.97,69.59
SAMSUI SUPPLIES & SERVICES PTE. LTD.,1.0,1,1,90.69,4.06,77.29
SAMSUNG C&T CORPORATION,3855342067.0,6,2,85.82,4.12,57.44
SAMUEL SEOW LAW CORPORATION,3200.0,1,1,95.76,4.18,79.45
SAMWOH CORPORATION PTE. LTD.,244440000.0,9,4,79.21,2.65,89.75
SAMWOH INNOVATION CENTRE PTE. LTD.,1290000.0,1,1,83.05,4.11,63.75
SAMWOH RESOURCES PTE LTD,8022473.38,10,1,75.95,2.76,82.83
SAN SYSTEM PRODUCTIONS,401258.0,1,1,79.97,4.54,71.89
SANCHOON BUILDERS PTE LTD,31689070.0,1,1,78.54,3.77,86.03
SAND HILL CONTRUCTION TRANSPORTATION & CLEANING CO WILL,236160.0,1,1,95.97,2.81,79.59
SANLI M&E ENGINEERING PTE. LTD.,300053839.7,69,6,82.41,3.61,82.05
SANSYS COLLECTIVE PTE. LTD.,2349368.0,8,2,88.99,3.76,78.65
SANTARLI CONSTRUCTION PTE. LTD.,1380920000.0,3,3,84.95,4.81,91.28
SANTINO COFFEE SPECIALISTS PTE LTD,10000.0,1,1,77.84,4.22,81.47
SANYO ENGINEERING & CONSTRUCTION INC.,15220300.0,6,3,86.65,4.31,70.95
SAP ASIA PTE LTD,256300.0,1,1,92.79,4.81,78.99
SAPERE RESEARCH GROUP LIMITED,1786.0,1,1,78.34,4.04,74.31
SAPURA SYNERGY SINGAPORE PTE. LTD.,23578983.36,13,8,94.47,4.55,79.62
SARAD GMBH,239485.65,1,1,81.2,4.51,73.8
SARAH AND SCHOOLING PTE. LTD.,1800.0,1,1,84.14,3.33,71.23
SARATHI ELECTRONICS PTE. LTD.,158669.0,1,1,92.25,4.98,79.99
SARTORIUS SINGAPORE PTE. LTD.,953410.0,18,9,82.69,3.25,78.56
SARTORIUS STEDIM MALAYSIA SDN. BHD.,3259.9,1,1,88.3,4.65,88.64
SARTORIUS STEDIM SINGAPORE PTE. LTD.,2687625.43,6,1,85.48,3.19,73.85
SAS Institute Pte Ltd,549495.0,1,1,89.03,4.46,58.19
SATA COMMHEALTH,1943982.5,5,3,68.95,5.0,74.36
SATIRE SINGAPORE PTE. LTD.,406972.0,3,2,73.36,3.97,61.74
SATO ASIA PACIFIC PTE. LTD.,823400.0,4,2,92.93,3.95,82.16
SATS AIRPORT SERVICES PTE LTD,3894240.0,1,1,96.3,4.47,61.26
SATS FOOD SERVICES PTE. LTD.,7532411.7,3,3,80.72,3.9,68.12
SATS SECURITY SERVICES PRIVATE LIMITED,1037463.0,1,1,86.05,5.0,74.38
SATURDAY PEOPLE PTE. LTD.,1.0,1,1,90.36,4.22,93.44
SAUTER SINGAPORE PTE LTD,38000.0,1,1,93.55,3.91,67.27
SAVANT INFOTECH SOLUTIONS PTE. LTD.,899702.0,5,4,71.78,3.78,78.12
SAVE THE CHILDREN AUSTRALIA,6898236.96,2,2,80.91,3.54,83.8
SAVILLS PROPERTY MANAGEMENT PTE. LTD.,13556384.0,5,4,85.34,3.72,92.84
SAVILLS VALUATION AND PROFESSIONAL SERVICES (S) PTE. LTD.,243752.02000000002,6,3,93.63,3.89,85.78
SAVOIR ASIA CONSULTING PTE. LTD.,61600.0,1,1,100.0,3.81,88.94
SAY GUAN TRANSPORT SERVICES,105600.0,1,1,86.18,3.71,86.64
SAY JIA HUEY,1.0,1,1,76.74,5.0,65.91
SAZNOR (SOUTHERN) SDN BHD,132024.63,4,1,91.22,3.48,81.6
SBF ENTREPRENEURSHIP DEVELOPMENT CENTRE PTE. LTD.,560.5,1,1,98.57,4.19,86.49
SBR SERVICES ASIA PTE. LTD.,134151.0,1,1,88.86,4.46,68.43
SBS Transit Ltd,952297580.0,2,1,80.75,4.48,72.2
SBT CONSULTANTS + accredited checkers,61900.0,8,1,95.66,4.06,69.97
SC CONSULTANTS & ASSOCIATES,146000.0,1,1,93.31,3.96,85.73
SC ENGINEERING PRIVATE LIMITED,1979838.0,4,3,79.79,4.37,77.31
SCA DESIGN PTE. LTD.,6598181.0,4,4,91.05,4.26,74.79
SCAL ACADEMY PTE. LTD.,900.0,1,1,95.98,3.94,65.18
SCANDIA MARINE PTE. LTD.,289688.0,1,1,97.46,3.16,77.33
SCANIA SINGAPORE PTE LTD,610000.0,1,1,87.47,3.82,72.32
SCANMASTER SYSTMENS (I.R.T) LTD.,258048.96,1,1,85.14,3.41,80.43
SCANMED TECHNOLOGY (S) PTE LTD,29960.0,1,1,97.82,3.7,66.57
SCANSYS PTE. LTD.,505300.0,2,2,78.32,4.12,79.78
SCATECH ENGINEERING PTE. LTD.,284000.0,2,1,91.51,4.32,73.61
SCB BUILDING CONSTRUCTION PTE. LTD.,80450000.0,4,2,77.04,5.0,65.51
SCB BUILDING CONSTRUCTION PTE. LTD. / SMITECH ENGINEERING PTE LTD JOINT VENTURE,19220000.0,1,1,96.52,3.78,64.73
SCDA Architects Pte Ltd,10.32,1,1,85.94,4.56,66.23
SCHENKER SINGAPORE (PTE) LTD,1.0,1,1,98.15,4.28,75.94
SCHINDLER LIFTS (SINGAPORE) PTE. LTD.,39956968.11,16,12,91.93,4.88,79.21
"SCHMID THERMAL SYSTEMS, INC.",999031.94,1,1,78.21,4.45,80.7
SCHNEIDER ELECTRIC IT SINGAPORE PTE. LTD.,1983425.0,1,1,99.4,3.49,81.08
SCHNEIDER ELECTRIC SINGAPORE PTE. LTD.,59400.0,1,1,100.0,3.07,70.41
SCHOLASTIC EDUCATION INTERNATIONAL (SINGAPORE) PRIVATE LTD.,11484.0,1,1,95.06,4.29,88.58
SCHOOL OF COFFEE,34482.0,1,1,81.91,3.78,73.58
SCHOOL OF PET GROOMING,5676.0,1,1,85.55,3.51,82.5
SCHOOL OF THOUGHT LEARNING CENTRE PTE. LTD.,0.35,1,1,89.16,3.34,76.36
SCHRODER INVESTMENT MANAGEMENT (SINGAPORE) LTD.,1.0,1,1,82.37,4.2,81.76
SCHULKE & MAYR (ASIA) PTE LTD,96294.0,1,1,100.0,5.0,75.86
SCIENCESCAN CONSULTANCY & SERVICES PTE LTD,269598.0,2,2,89.15,3.85,81.94
SCIENCESCOPE LIMITED,199400.0,1,1,66.37,4.45,77.93
SCIENCEWERKE PTE LTD,1516711.5,5,2,90.71,4.04,86.14
SCIENCEWERKE PTE. LTD.,611532.8,3,2,85.21,3.33,69.81
SCIENTA OMICRON GMBH,1330256.93,1,1,87.4,4.54,60.3
SCIENTE CONSULTING PTE. LTD.,609803.0,2,2,85.05,3.44,68.27
SCIENTE INTERNATIONAL PTE. LTD.,185.0,8,4,94.46,4.11,88.69
SCIENTEC CONSULTING PTE. LTD.,14598744.2,16,12,96.96,3.9,76.45
SCIENTIFIC REACH,132989.0,2,1,90.26,4.64,78.92
SCIENTIFIC RESOURCES PTE LTD,279623.85,2,2,85.29,3.47,67.46
SCIENTIFIC TRENDS (M) SDN. BHD.,4678.1,1,1,87.67,4.33,78.66
SCIGATE AUTOMATION (S) PTE LTD,254449.71,1,1,88.16,3.6,67.77
SCIMED (ASIA) PTE LTD,1873826.5,11,6,81.58,3.79,69.24
SCOTIA UK PLC,1211906.65,1,1,92.63,1.92,73.98
SCREAME PTE. LTD.,2254465.0,1,1,91.68,5.0,82.45
SCRIBERS INTERNATIONAL PTE. LTD.,2.22,1,1,100.0,4.43,83.52
SCT CONSTRUCTION PTE. LTD.,33975000.0,1,1,98.04,3.64,83.79
SCUD INDUSTRIES PTE LTD,188950.2,1,1,82.51,3.43,62.12
SD ARCHITECTS & ASSOCIATES PTE. LTD.,4063346.3,6,4,94.56,3.8,77.93
SD ARCHITECTS LLP,4090.0,1,1,80.39,4.53,76.03
SD TECHNICAL SERVICES PTE. LTD.,68200.0,1,1,93.57,2.96,62.68
SDB SOLUTIONS & SERVICES PTE. LTD.,373000.0,1,1,83.87,4.02,78.16
SDDA PTE. LTD.,173636.0,1,1,79.81,5.0,75.5
SE7EN FRIDAY PTE. LTD.,113540.0,1,1,90.24,3.42,83.12
SEA AND LAND TECHNOLOGIES PTE LTD,1433386.9,6,4,66.6,4.15,78.81
SEABURY CARGO ADVISORY B.V.,260000.0,1,1,73.99,5.0,72.51
SEACARE MANPOWER SERVICES PTE LTD,4020857.5,14,7,86.58,4.48,87.26
SEAMEO REGIONAL LANGUAGE CENTRE,4910830.0,6,3,88.66,4.18,55.79
SEAMLESS LINK PTE. LTD.,247931.3,3,3,85.05,4.4,77.36
SEARCHASIA CONSULTING PTE. LTD.,6.0,6,5,75.36,3.86,60.37
SEAT OF WISDOM CONSULTANCY SERVICES PTE. LTD.,8120.0,1,1,81.46,4.88,68.88
SEATEC PTE. LTD.,22330.0,1,1,91.13,3.86,83.25
SEC CONSULT SINGAPORE PTE. LTD.,3188.5,2,2,92.65,2.92,65.26
SEC(S) PTE. LTD.,17060627.0,4,1,87.87,3.87,63.76
SECOM (SINGAPORE) PTE LTD,6057418.33,13,7,97.25,3.52,100.0
"SECTEK, INC",874642.1799999999,2,1,91.18,3.93,64.41
SECUR SOLUTIONS GROUP PTE. LTD.,11951759.0,4,4,82.02,3.94,94.51
SECURA SINGAPORE PTE. LTD.,1149374.3199999998,9,6,85.76,4.82,76.28
SECURE PARKING SINGAPORE PTE. LTD.,3128285.0,2,2,76.78,4.52,72.75
SECUREDGE PTE. LTD.,202605.0,2,2,87.13,4.26,83.67
SECUREX GS PTE. LTD.,20501.0,1,1,96.9,4.1,91.37
SECURITAS,1290085.42,1,1,93.48,3.46,66.54
SECURITAS ELECTRONIC SECURITY SINGAPORE PTE. LTD.,15452880.0,3,2,99.22,2.79,72.9
SECURITAS GUARDING SERVICES (SINGAPORE) PTE. LTD.,9894206.0,3,2,85.58,4.17,86.47
SECURITAS NV,1836047.89,1,1,98.77,4.58,80.88
SECURITY & RISK SOLUTIONS PTE. LTD.,380680.0,2,2,86.45,4.03,89.02
SECURITY USA INC,423664.82,1,1,99.77,3.78,83.15
SECURUS PTE. LTD.,8695066.67,5,3,87.83,4.38,96.08
SEE SENG PTE. LTD.,10346006.68,13,2,93.66,4.05,79.79
SEE-OUT PTY LTD,1241000.0,1,1,99.8,5.0,80.22
SEED INSTITUTE PTE. LTD.,452000.0,1,1,86.45,4.84,81.22
SEED SYSTEM PTE. LTD.,8119890.0,7,4,89.75,4.68,76.58
SEEM KOK BENG,126000.0,2,2,98.31,4.55,86.48
SEEMECV PTE. LTD.,589045.0,2,2,86.94,3.33,80.37
SEF CONSTRUCTION PTE LTD,77900000.0,1,1,77.43,4.5,85.88
SEFAR FABRICATION (M) SDN. BHD.,25857.75,1,1,100.0,4.33,87.44
SEIHO SIGN ENGINEERING PTE. LTD.,180875.0,1,1,84.24,4.46,82.28
SEISMO WAVE,168588.17,1,1,89.27,4.4,83.02
SELECT CATERING SERVICES PTE. LTD.,8887.5,3,1,97.25,4.37,67.9
SELECT GROUP PTE. LTD.,415522.4,9,5,83.13,5.0,72.5
SELVAM LLC,2650.0,1,1,79.94,4.05,86.43
SEMBAWANG EATING HOUSE (SEAFOOD RESTAURANT),4777484.62,2,2,90.03,4.66,92.24
SEMBAWANG FAMILY SERVICE CENTRE,107740.0,1,1,73.66,3.82,58.6
SEMBCORP ARCHITECTS & ENGINEERS PTE. LTD.,248400.0,3,2,85.7,4.57,72.32
SEMBCORP COGEN PTE LTD,3040000.0,3,1,89.96,4.66,78.24
SEMBCORP DESIGN AND CONSTRUCTION PTE. LTD.,85306000.0,2,2,85.84,4.32,69.21
SEMBCORP ENVIRO SERVICES PTE. LTD.,2423180.0,2,2,75.65,5.0,69.77
SEMBCORP ENVIRONMENT PTE. LTD.,433840.0,2,2,100.0,3.57,82.75
SEMBCORP MARINE REPAIRS & UPGRADES PTE. LTD.,282490.0,1,1,88.83,3.81,93.81
SEMBCORP POWER PTE LTD,612411.74,2,2,99.45,4.23,57.68
SEMBCORP SOLAR SINGAPORE PTE. LTD.,121.53,3,2,85.92,4.63,76.3
SEMBWASTE PTE. LTD.,568990628.06,8,6,80.96,4.21,82.63
SEMCO DESIGN COMMUNICATIONS PTE LTD,210000.0,1,1,90.15,4.87,85.8
SEMCO ENGINEERING PTE. LTD.,318520.0,1,1,86.27,3.7,81.19
SEMEC ENTERPRISE PTE LTD,8072960.0,2,1,78.58,3.42,95.61
SEMGAS SUPPLY PTE. LTD.,397513.6,1,1,99.76,4.28,78.29
SEMICAPS Pte Ltd,1028700.0,1,1,83.02,4.05,91.12
SEMNET PTE. LTD.,1725925.0,1,1,73.28,4.43,71.54
SENG & KENG CONSTRUCTION PTE. LTD.,3671001.0,3,3,98.63,4.08,78.58
SENG BENG SIANG FOOD,2140.0,1,1,83.97,3.9,65.87
SENG CHAI MUSICAL INSTRUMENT CENTRE,288000.0,1,1,83.14,4.06,87.01
SENG FOO BUILDING CONSTRUCTION PTE LTD,45471115.75,14,9,73.88,4.12,76.8
SENG HENG TABLES & CHAIRS RENTAL,1833363.9,3,2,100.0,3.92,81.58
SENG HENG TENTAGE RENTALS PTE. LTD.,408930.0,3,2,77.68,3.98,74.87
SENG JOO HARDWARE PTE. LTD.,396659.5,2,1,88.47,3.86,83.86
SENNHEISER ELECTRONIC ASIA PTE LTD,261510.0,1,1,95.3,4.61,81.97
SENSE INFOSYS PTE. LTD.,249843.0,1,1,91.37,4.22,68.05
SENSERBOT PTE. LTD.,50000.0,1,1,87.52,5.0,68.63
SENSES MARKETING COMMUNICATIONS & DESIGN PTE LTD,7596360.7,9,5,74.39,4.2,77.72
SENSINGTECH PTE. LTD.,3422750.0,3,1,81.52,3.77,84.6
SENSYS SINGAPORE PTE LTD,715960.0,6,4,89.5,5.0,96.63
SENTEURS DE PROVENCE PTE. LTD.,92000.0,1,1,81.7,4.35,81.03
SENTOSA BEACH RESORT PTE LTD,10770.21,5,2,89.63,4.69,88.08
SENTOSA BUILDING CONSTRUCTION PTE. LTD.,1378840.0,2,2,93.45,4.46,61.87
SENTOSA DEVELOPMENT CORPORATION,80.0,1,1,95.7,4.47,98.13
SENYUAN BUILDTECH PTE. LTD.,368589.0,1,1,78.19,4.42,84.06
SEONG SOOK CHOI,10000.0,1,1,100.0,3.44,77.5
SEOW KHIM POLYTHELENE CO PTE LTD,51260.0,2,2,94.14,4.32,76.35
SEPIATEC GMBH,250900.0,1,1,87.99,3.31,66.93
SEPTEMBER 21 ENTERPRISE PTE LTD,822552.67,7,1,96.72,4.0,69.79
SEPTUS SINGAPORE PRIVATE LIMITED,3.7,1,1,100.0,3.66,97.1
SEQUOIA GROUP PTE. LTD.,2761139.1,15,9,76.49,4.31,68.11
SERANGOON BROADWAY PTE. LTD.,1875547.0,2,2,86.2,4.3,67.92
SERAYA ENERGY PTE LTD,2587761.16,1,1,68.97,4.39,70.98
SERBEST TRADING ENTERPRISE PTE. LTD.,795438.3999999999,2,1,89.54,4.27,66.02
SERENDIPET PRIVATE LIMITED,795.0,1,1,90.92,3.74,78.15
SERENE LAND PTE LTD,260.0,1,1,87.69,3.94,88.89
SERGENT SERVICES PTE LTD,19729223.0,3,2,82.76,4.65,71.9
SERI KEMBANGAN ENGINEERING SDN. BHD.,6858738.32,2,1,71.6,4.74,64.27
SERIAL I-TECH (FAR EAST) PTE. LTD.,1290.0,1,1,90.99,3.41,80.92
SERIOUS TECHNOLOGY PTE. LTD.,321840.0,1,1,99.64,3.18,77.44
SERT SG LLP,2613357.0,3,1,83.27,3.66,88.03
SERVCARE SERVICES PTE LTD,4236768.0,1,1,91.52,4.73,73.45
SERVE2LEAD PTE. LTD.,1216360.0,4,2,75.45,4.83,75.4
SERVICE CONNECTIONS HR CONSULTANCY PTE. LTD.,4337293.45,15,12,91.66,3.55,76.5
SERVICE QUALITY CENTRE PTE. LTD.,1002312.0,8,5,84.85,4.28,78.89
SERVICEDOTT PTE. LTD.,394400.0,1,1,81.9,5.0,74.07
SERVIONT GLOBAL SOLUTIONS PTE LTD,483207.24,1,1,81.92,4.35,72.45
SERVO DYNAMICS PTE LTD,1714200.0,2,2,84.85,4.95,59.5
SERVTOUCH-WYWY (SINGAPORE) PTE. LTD.,328539.89,2,2,91.06,4.7,72.35
SESAMI (SINGAPORE) PTE LTD,276112.0,2,2,77.5,3.55,85.15
SESCO ART & CRAFTS PTE. LTD.,92110.0,1,1,84.82,3.99,86.5
SESTO ROBOTICS PTE. LTD.,90000.0,1,1,87.67,4.12,73.29
SETSCO SERVICES PTE LTD,4832813.0,9,5,79.21,4.16,90.99
SEVEN HILLS ENTERTAINMENTS,211572.0,1,1,100.0,4.65,77.71
SEYU PTE. LTD.,100000.0,1,1,81.17,4.35,64.62
SFI MANUFACTURING PRIVATE LIMITED,15169641.44,6,2,82.64,2.34,61.48
SG LABWARE PTE. LTD.,138670.0,3,2,80.17,3.31,90.18
SG REHAB PTE. LTD.,137625.0,2,2,100.0,2.79,74.27
SGAG MEDIA PTE. LTD.,0.01,1,1,92.42,4.21,65.86
SGL CONSULTING ENGINEERS,49000.0,1,1,80.51,4.24,55.41
SGP MANAGERS & ENGINEERS PTE. LTD.,78663.14,1,1,96.85,4.27,74.04
SGS INTERNATIONAL CERTIFICATION SERVICES SINGAPORE PTE LTD,188040.0,1,1,89.61,3.52,82.05
SGS TESTING & CONTROL SERVICES SINGAPORE PTE LTD,1289233.0,6,3,90.06,4.5,71.02
SH COMMUNICATIONS & TECHNOLOGIES SDN. BHD.,79670.87,2,1,85.24,4.53,67.47
SH DESIGN & BUILD PTE. LTD.,272580000.0,1,1,82.0,3.35,72.51
SH INTEGRATED SERVICES PTE. LTD.,119824008.11,37,16,90.7,3.22,90.43
SHA ENGINEERING & TRADING PTE LTD,49808.88,1,1,83.64,4.1,64.07
SHAHARASSALAM BIN ABDUL RAZAK,160.0,1,1,100.0,5.0,71.58
SHALOM INTERNATIONAL MOVERS PTE. LTD.,154625.6,9,3,77.85,5.0,90.11
SHAMA TECHNOLOGIES (S) PTE LTD,516800.0,2,2,100.0,4.44,82.94
SHAN YOUNG & TUAH CONSULTANTS LLP,248000.0,1,1,87.11,3.66,79.79
SHANGHAI CHONG KEE FURNITURE & CONSTRUCTION PTE LTD,68432731.0,5,5,90.39,4.63,71.52
SHANGHAI GARDENING SERVICE,72742.0,1,1,94.67,3.83,78.31
"SHANGHAI HANG YE VACUUM EQUIPMENT SCIENCE AND TECHNOLOGY CO.,LTD.",368680.0,1,1,82.96,3.64,72.62
"SHANGHAI HO HUP ENGINEERING CO., LTD",62236.8,1,1,94.91,2.81,69.41
"SHANGHAI PROSEGUR SECURITY SERVICES CO., LTD",649752.58,1,1,66.34,4.16,67.2
"SHANGHAI SHANGFANG PROPERTY SERVICES CO., LTD",383004.29,1,1,82.24,3.72,85.84
"SHANGHAI SHIMAO INTERNATIONAL PLAZA CO., LTD. LE ROYAL MERIDIEN HOTEL SHANGHAI",189332.81,2,1,80.61,4.16,77.4
SHANGHAI TUNNEL ENGINEERING CO (SINGAPORE) PTE LTD,2168470465.0,5,2,77.97,2.72,81.15
SHANGHAI TUNNEL ENGINEERING CO. LTD.,70077970.0,1,1,86.28,4.2,79.52
SHANGRI-LA HOTEL,648624.0,5,4,91.09,2.64,82.41
SHANGRI-LA HOTEL (KL) SDN. BHD,107061.99,1,1,93.62,4.75,75.45
SHANGRI-LA HOTEL LIMITED,1527774.99,17,6,89.93,4.41,73.18
"SHANGRI-LA HOTEL, KUALA LUMPUR",313808.63,3,1,82.67,3.93,69.85
SHANGYIN MUSIC PTE LTD,344640.0,1,1,90.95,4.44,63.86
SHARP SINGAPORE ELECTRONICS CORPORATION PTE. LTD.,707222.28,1,1,88.99,3.51,66.78
SHATEC INSTITUTES PTE. LTD.,1949810.0,6,5,95.49,4.14,74.35
SHEARES TECHNOLOGIES PTE. LTD.,3170729.8,8,2,94.22,4.58,61.97
SHELL INFOTECH PTE. LTD.,160000.0,1,1,88.24,2.24,64.18
SHELTON (S) PTE LTD,82900.0,1,1,80.82,3.83,88.42
SHENAZ TRADING PTE LTD,96740.0,1,1,82.78,4.09,80.24
SHENG KEONG CONSTRUCTION PTE. LTD.,124761360.0,12,1,83.6,3.98,73.48
SHENG SIONG SUPERMARKET PTE LTD,475.3,1,1,85.48,4.97,100.0
SHENGJIE ENGINEERING PTE. LTD.,6370000.0,6,5,90.14,3.43,61.52
"SHENZHEN FANGDA AUTOMATIC SYSTEM CO., LTD.",770000.0,1,1,93.72,3.73,87.76
SHEPHERD AND WEDDERBURN LLP,2615.0,1,1,87.59,2.95,76.89
SHERATON TOWERS SINGAPORE HOTEL,139822.0,11,3,88.13,5.0,85.85
SHERMAN LEE LE XUAN,13195.0,2,2,89.15,3.95,79.09
SHERNISE KHOR SHER-WEN,24480.0,1,1,83.87,3.84,59.28
SHEVS IFT CONSULTANTS PTE. LTD.,42500.0,1,1,80.6,4.07,78.95
SHIFT PARTNERS PTE. LTD.,805050.0,2,1,73.96,4.48,81.36
SHIMADZU (ASIA PACIFIC) PTE LTD,1513992.35,11,7,82.44,4.31,56.08
SHIMADZU MALAYSIA SDN. BHD.,14464.22,1,1,91.79,5.0,97.44
SHIMIZU BUIL LIFE CARE CORPORATION SINGAPORE BRANCH,98635.0,1,1,82.38,4.37,81.11
SHIMIZU CORPORATION,425594471.0,1,1,86.1,3.82,84.72
SHIN KHAI CONSTRUCTION PTE. LTD.,82859744.0,17,8,91.73,3.76,66.34
SHIN TAIYOU TECHNOLOGY PTE. LTD.,1368568.0,3,2,92.17,3.86,84.91
SHINCON INDUSTRIAL PTE. LTD.,18750067.0,3,2,79.36,3.2,88.9
SHINE SECURITY AGENCY AND INVESTIGATION PTE. LTD.,712200.0,2,1,95.98,4.12,80.54
SHINE SECURITY AGENCY PTE. LTD.,36400.0,1,1,97.02,4.57,77.91
SHINERS FACILITIES PTE. LTD.,352800.0,1,1,78.96,3.73,69.06
SHINEWAY ENGINEERING PTE LTD,1473500.5,2,2,81.41,3.62,75.84
SHING DESIGN ATELIER PTE. LTD.,271100.0,2,1,97.53,5.0,72.88
SHINGDA CONSTRUCTION PTE. LTD.,262824445.0,14,1,86.83,3.24,83.72
SHINKAWA SINGAPORE PTE LTD,958348.33,1,1,70.24,2.86,69.5
SHINRYO CORPORATION,188788488.0,4,3,76.8,3.41,83.65
SHINRYO CORPORATION (SINGAPORE BRANCH),180262000.0,2,1,86.01,3.18,69.61
SHINYOU ELEVATOR MFG SDN. BHD.,43632.6,1,1,78.7,4.33,75.38
SHOOK LIN & BOK LLP,127661.0,4,4,84.69,3.88,84.16
SHOWA SPECIALTY GAS SINGAPORE PTE LTD,693833.61,2,1,88.26,3.97,70.96
"SHOWMARK, LLC",124970.71,1,1,99.7,4.79,84.51
SHOWTEC INTERNATIONAL PTE. LTD.,11170760.0,7,3,85.68,3.69,83.53
SHOWTEC RIGGING PTE. LTD.,272220.0,1,1,96.58,4.57,75.29
SHOWTEX HONG KONG LIMITED,1762225.5,1,1,99.43,5.0,89.62
SHRI CORPORATION PTE. LTD.,387300.0,2,2,99.47,3.83,78.78
SHRIRO (SINGAPORE) PTE. LTD.,168210.0,1,1,90.28,4.54,89.02
SHUAN HUAT TRACTOR SERVICES PTE. LTD.,64302492.0,12,5,72.29,3.95,95.93
SHUANG MA SPORTS CENTRE,153000.0,1,1,91.69,4.65,75.59
SHUN YUAN TRADING & CONSTRUCTION PTE LTD,281333.26,2,1,96.39,3.16,84.45
SIA ENGINEERING COMPANY LIMITED,474840.0,1,1,87.35,3.11,71.62
SIA HUAT PRIVATE LIMITED,832455.09,4,4,100.0,3.87,67.67
SIAC PTE LTD,300890.0,2,2,94.88,3.57,76.05
SIAM EXPRESS PTE. LTD.,228290.0,2,1,92.55,3.79,64.37
SICHERHEIT NORD GMBH & CO KG,3082506.36,2,1,96.69,3.97,68.62
SICK PTE. LTD.,428789.0,2,1,90.67,4.53,83.91
SICO ASIA PTE LTD,24758.0,1,1,68.06,3.86,72.86
SIDLEY AUSTIN LLP,22000.0,1,1,84.01,3.61,85.11
SIEMENS HEALTHCARE PTE. LTD.,13378760.0,5,4,97.58,3.89,80.99
SIEMENS MOBILITY PTE. LTD.,15993685.0,1,1,81.54,3.64,96.51
SIEMENS PTE. LTD.,4371313.62,5,5,86.21,3.54,83.24
SIERRA APPRAISERS LLP,0.02,2,1,79.64,3.13,89.14
SIERRA ROMEO LLC,284811.3,1,1,100.0,4.14,82.02
SIERRA SOLUTIONS PTE. LTD.,189400.0,2,2,100.0,3.76,81.11
SIFT ANALYTICS GROUP PTE. LTD.,6776697.22,15,11,80.93,4.68,89.65
SIGMA ELEVATOR SINGAPORE PTE. LTD.,613904.0,3,3,89.18,3.23,84.69
SIGMA-ALDRICH PTE. LTD.,27201.28,1,1,82.56,3.77,80.1
SIGNMECHANIC PTE LTD,610830.0,3,2,92.92,5.0,80.06
SIGNVEC TECHNOLOGY PTE LTD,454700.0,4,2,92.08,3.54,83.38
SIIX SINGAPORE PTE. LTD.,19185047.08,4,4,94.49,3.96,71.29
SILICON GRAPHICS PTE LTD,4239066.0,5,2,90.66,3.37,70.86
SILICON INSTRUMENTATION PTE LTD,4740.0,1,1,100.0,3.29,92.25
SILICONPLUS COMMUNICATIONS PTE. LTD.,2569282.76,7,6,79.78,5.0,96.64
SILKWAY INTERNATIONAL TRADING,524856.24,6,6,74.32,4.2,68.71
SILOSO BEACH RESORT PTE. LTD.,177.65,1,1,84.86,4.18,71.31
SILVER ARROWS AUTOMOBILES PVT LTD,99864.71,1,1,75.46,3.08,89.43
SILVER BULLET COMMUNICATIONS PTE. LTD.,606430.09,3,1,76.06,4.32,83.34
SILVER SPARROW PTE. LTD.,144200.0,2,1,79.99,4.79,84.76
SILVER THOMAS HANLEY INTERNATIONAL PTY LTD,60000.0,1,1,80.62,4.79,86.97
SILVERSEA MEDIA (S) PTE. LTD.,2528.98,1,1,80.36,4.5,75.59
SILVERSKY PTE. LTD.,689915.85,1,1,92.15,3.42,81.3
SIM LIAN CONSTRUCTION CO. (PTE.) LTD.,181100000.0,2,1,83.95,4.29,80.52
"SIM LIAN KIAT, EDDIE",28560.0,1,1,86.56,4.5,69.42
SIM WEI LING AVILYN,30420.0,3,2,95.15,3.02,81.15
SIME DARBY SERVICES PRIVATE LIMITED,2643100.0,2,2,81.87,3.43,90.38
SIMITRI GROUP INTERNATIONAL PTE. LTD.,35700.0,1,1,85.88,4.63,74.66
SIMPLE SOLUTION SYSTEMS PTE. LTD.,1199727.16,6,5,90.93,4.63,79.53
SIMPLE TECHNOLOGIES PTE. LTD.,448000.0,1,1,72.47,3.17,80.07
SIMPLEX CONSULTANTS PTE. LTD.,304327.0,2,2,68.92,4.58,75.15
SIMPLEX TECHNICAL SERVICE & SUPPLIES PTE. LTD.,60600.0,1,1,90.77,4.16,84.77
SIMPLICITY GIFTS,65460.0,3,2,91.94,4.57,71.2
SIMPLIFYNEXT PTE. LTD.,612916.0,4,4,100.0,3.72,91.33
SIMPLUS PTE. LTD.,1534800.0,3,1,89.26,4.49,84.26
SIMTEX INTERNATIONAL LIMITED,1.0,1,1,94.56,4.61,68.63
SIMTRUM PTE. LTD.,187800.0,1,1,86.44,3.89,94.98
SIMULATION SOFTWARE & TECHNOLOGY (S2T) PTE. LTD.,489899.0,4,4,90.38,4.11,79.68
"SIMULATION SOLUTIONS, INC.",88900.0,1,1,100.0,3.71,70.77
SIMYIT CONSTRUCTION & TRADING COMPANY,795538.8099999999,4,1,71.01,5.0,89.05
SIN BEE HWA CATERING SERVICES,1988.0,1,1,91.31,4.03,82.95
SIN CHEW WOODPAQ PTE LTD,122918.0,2,2,100.0,3.55,60.28
SIN GUAN TECK ENGINEERING PTE. LTD.,1655000.0,6,6,90.26,3.67,72.74
SIN HIAP MUI PTE. LTD.,2053162.25,9,5,100.0,4.18,80.79
SIN HONG YUN PTE. LTD.,1785714.28,1,1,82.97,4.55,56.4
SIN JIT SENG BUILDING CONSTRUCTION PTE. LTD.,438200.0,3,3,87.74,3.3,78.85
SIN KIAN HUAT CANVAS PTE. LTD.,45572.75,2,1,88.27,5.0,79.58
SIN LIAN XING MINI MART,75947.0,3,1,70.26,4.29,66.17
SIN MING INDUSTRIES (PTE) LTD.,1100187.94,14,11,78.65,4.38,80.71
SIN TAT POLYETHYLENE,10000.0,1,1,79.22,4.04,78.07
SIN YUE TEXTILE TAILOR CO,1055250.0,3,2,94.58,4.11,66.09
SIN-FRESH PTE. LTD.,164650.0,1,1,94.98,4.01,87.2
SINAMYANG GROUP PTE. LTD.,300725.80000000005,4,2,90.59,4.71,86.38
SINBOR COMPANY (PRIVATE) LIMITED,797874.0,3,3,94.59,4.1,75.1
SINDO FERRY (PTE. LTD.),1.0,1,1,86.69,4.56,76.01
"SINERGI INTEGRA SERVICES, PT",337646.11,2,1,97.62,3.84,85.26
SING & SAN CONSTRUCTION PTE LTD,143482493.44,8,1,88.07,4.22,75.99
SING HENG HOE CONSTRUCTION (1988) PTE LTD,24342929.0,6,3,88.46,3.62,58.69
SING INTERNATIONAL (S) PTE. LTD.,82373.0,3,2,85.88,4.83,82.87
SING SEE SOON FLORAL & LANDSCAPE PTE LTD,1.0,1,1,93.48,3.6,69.87
SING TEC CONSTRUCTION PTE LTD,1380000.0,1,1,84.63,3.91,74.1
SING TEC DEVELOPMENT PTE. LTD.,179075222.36,16,6,95.81,3.91,92.58
SING YIET CIVIL ENGINEERING CONTRACTOR PTE LTD,89223632.0,11,3,78.94,3.89,76.66
SINGA SIGNAGE & DESIGN EXHIBIT PTE LTD,3087207.5,10,7,79.21,4.53,78.02
SINGAPORE ADVANTEC PTE. LTD.,890.1,1,1,93.5,3.91,83.1
SINGAPORE AQUACULTURE TECHNOLOGIES (SAT) PTE. LTD.,304400.0,1,1,87.29,4.94,83.05
SINGAPORE BIKE SCHOOL PTE. LTD.,21000.0,1,1,84.37,3.61,68.81
SINGAPORE CANOE FEDERATION,115405.0,1,1,95.12,4.2,77.4
SINGAPORE CEMENT MANUFACTURING COMPANY (PRIVATE) LIMITED,616.5,8,1,83.14,3.63,78.36
SINGAPORE CHILDREN'S SOCIETY,922810.56,4,2,86.4,4.35,80.72
SINGAPORE COMMUNICATIONS CO PTE. LTD.,2163048.25,9,6,99.19,4.09,80.89
SINGAPORE DISCOVERY CENTRE LTD,22.0,1,1,100.0,4.01,100.0
SINGAPORE EDUMATRIX PTE. LTD.,79920.0,2,1,100.0,4.81,66.24
SINGAPORE EMERGENCY AMBULANCE SERVICES PTE. LTD.,863185.0,2,2,85.74,3.71,87.8
SINGAPORE EMERGENCY RESPONDER ACADEMY,130000.0,1,1,97.85,4.45,89.83
SINGAPORE ENGINEERING & CONSTRUCTION PTE. LTD.,122313002.07,3,3,80.41,3.64,82.93
SINGAPORE ENVIRONMENT COUNCIL,194500.0,1,1,80.74,4.17,71.5
SINGAPORE ENVIRONMENTAL CONSULTANCY AND SOLUTIONS PTE. LTD.,5943270.0,10,3,69.2,3.38,94.65
SINGAPORE FIRST AID TRAINING CENTRE PTE. LTD.,1128000.0,1,1,100.0,3.7,56.08
SINGAPORE GENERAL HOSPITAL PTE LTD,3617350.8,4,1,81.09,4.05,71.17
SINGAPORE GP PTE. LTD.,417500.0,1,1,86.99,5.0,89.72
SINGAPORE HEALTH SERVICES PTE LTD,128600.0,1,1,80.72,4.16,74.3
SINGAPORE HISTORY CONSULTANTS PTE. LTD.,359562.0,3,1,93.56,5.0,93.96
SINGAPORE INDIAN DEVELOPMENT ASSOCIATION (SINDA),181750.0,2,1,84.99,4.23,62.88
SINGAPORE INSTITUTE OF DIRECTORS,235500.0,1,1,77.56,3.87,66.88
SINGAPORE ISLAND CRUISE & FERRY SERVICES PTE. LTD.,2289786.0,3,3,91.53,5.0,72.68
SINGAPORE MANAGEMENT UNIVERSITY,788107.0,4,4,76.53,4.36,82.17
SINGAPORE MARRIOTT TANG PLAZA HOTEL,5225.0,7,2,81.3,3.71,75.78
SINGAPORE MOBILITY CORPORATION PTE. LTD.,1168600.0,1,1,71.14,4.38,73.1
SINGAPORE NATIONAL EMPLOYERS FEDERATION,1378623.0,6,4,76.61,3.92,92.2
SINGAPORE NATIONAL EYE CENTRE PTE LTD,2594232.0,1,1,89.43,2.91,93.13
SINGAPORE PAINTS & CONTRACTOR PTE. LTD.,3046484.1,4,4,72.28,4.66,73.86
SINGAPORE PIPING ENGINEERING PTE. LTD.,285265.0,1,1,76.15,4.76,60.9
SINGAPORE POLYTECHNIC,145600.0,2,1,87.98,5.0,56.43
SINGAPORE POST LIMITED,25820180.34,13,9,83.65,4.35,80.39
SINGAPORE PRESS HOLDINGS LIMITED,1334363.87,10,6,100.0,3.95,84.56
SINGAPORE RESCUE TRAINING CENTRE PTE. LTD.,112500.0,1,1,100.0,4.6,78.63
SINGAPORE SAFETY DRIVING CENTRE LTD,6241700.0,1,1,81.06,4.61,77.29
SINGAPORE SALVAGE ENGINEERS PTE LTD,330289.43,4,2,92.46,5.0,69.95
"SINGAPORE SCOUT ASSOCIATION, THE",262666.0,3,1,93.99,4.07,84.55
SINGAPORE SPACE AND TECHNOLOGY ASSOCIATION,258000.0,1,1,83.22,4.0,94.78
SINGAPORE SUNSHINE INTERNATIONAL PTE. LTD.,108710.37,3,3,76.04,3.67,55.83
SINGAPORE TELECOMMUNICATIONS LIMITED,98582565.57,82,37,87.9,4.42,77.22
SINGAPORE TEST SERVICES PRIVATE LIMITED,80.0,1,1,86.62,3.17,68.3
SINGAPORE UNIVERSITY OF SOCIAL SCIENCES,141014.59,2,2,84.51,4.57,63.1
SINGAPORE ZOOLOGICAL GARDENS,100.0,1,1,91.54,4.45,66.7
SINGBUILD CONSTRUCTION PTE. LTD.,236931.0,2,1,81.99,4.45,81.8
SINGBUILD PTE. LTD.,1202303.0,1,1,78.78,4.18,82.05
SINGCON (M & E) SERVICES PTE. LTD.,833904.0,1,1,88.87,5.0,92.6
SINGEX EXHIBITIONS PTE. LTD.,676120.4,1,1,91.09,4.62,78.09
SINGEX VENUES INTERNATIONAL PTE. LTD.,1573275.0,6,2,78.59,3.74,60.42
SINGEX VENUES PTE. LTD.,1241894.0,8,6,95.42,3.75,75.62
SINGEXPRESS TRAVEL PTE. LTD.,49690.0,1,1,73.84,3.57,64.14
SINGGAS (LPG) PTE. LTD.,344736.0,1,1,83.38,4.43,65.93
SINGLAB TECHNOLOGIES PTE. LTD.,33731.78,1,1,85.94,3.5,83.81
SINGLE POINT OF CONTACT PTE. LTD.,4008377.0,9,5,82.91,4.75,79.94
SINGPILOT PTE. LTD.,255000.0,1,1,83.48,4.89,83.88
SINGTEL MOBILE SINGAPORE PTE. LTD.,141536.27,1,1,100.0,3.57,74.43
SINMAH POULTRY PROCESSING (S) PTE LTD,15150.0,1,1,81.19,3.99,85.91
SINO ENGINEERING PTE LTD,66942.0,1,1,100.0,4.11,73.87
SINO-GLOBAL TRAVEL PTE. LTD.,89375.0,1,1,91.5,4.63,89.17
SINOHYDRO CORPORATION LIMITED (SINGAPORE BRANCH),453698900.9,2,2,88.74,5.0,81.45
SINOPEC LUBRICANT (SINGAPORE) PTE. LTD.,98120.0,1,1,91.81,3.09,75.93
SINOTECH M & E ENGINEERING,146936.96,3,1,100.0,3.91,80.12
SINTEF Ocean AS,476114.39,1,1,80.05,3.94,77.82
SINTELLISYS PTE. LTD.,50000.0,1,1,79.04,3.26,93.96
SINTRUST CONSTRUCTION PTE. LTD.,1617175.0,6,5,81.96,3.81,80.45
SIONG ANN ENGINEERING PTE LTD,1452793.29,8,2,88.26,4.36,77.98
SIPM CONSULTANTS PTE. LTD.,2571596.2800000003,13,4,74.19,3.93,75.62
SIRIUS ART PTE. LTD.,1.13,1,1,88.18,3.17,86.43
SIRSIDYNIX PTY LTD SINGAPORE BRANCH,852033.0,2,2,100.0,5.0,85.08
SISTIC.com Pte Ltd,6405.0,1,1,89.21,4.26,75.26
SITA INFORMATION NETWORKING COMPUTING (ASIA PACIFIC) PTE LTD,985958.0,2,1,85.66,4.17,66.44
SITE GROUP INTERNATIONAL PTE. LTD.,378000.0,1,1,83.05,3.44,68.98
SITOCA PTE. LTD.,406760.0,2,2,95.19,4.26,76.16
SIXTEEN-O-TWO ADVERTISING N DESIGN,57794.3,1,1,81.39,4.0,91.49
SIXTREES VIZ COMMS PTE. LTD.,11611.0,2,2,100.0,2.97,75.5
SJ DEFENCE SERVICES PTE. LTD.,1.0,1,1,100.0,3.46,72.06
SJ THAMES ENGINEERING PTE. LTD.,387000.0,1,1,90.05,4.58,60.39
SK CATERING EVENTS PTE. LTD.,882472.9,4,3,87.91,5.0,93.14
SK CATERING PTE. LTD.,241968.0,1,1,96.25,4.32,83.69
SK ENGINEERING SERVICES PRIVATE LIMITED,523880.0,1,1,96.76,4.76,85.96
SKC ASIA HSE SAMPLING TECHNOLOGIES PTE. LTD.,47162.35,4,2,81.55,4.01,87.62
SKC CEMERLANG TECHNICAL SDN. BHD.,7077.2,1,1,83.79,4.05,76.35
SKE ALLIANCE SDN. BHD.,100084.79000000001,2,1,77.42,4.75,78.85
SKF VALUERS LLP,0.02,2,1,91.27,5.0,92.89
SKILLSFORCE MANAGEMENT CONSULTANCY PTE LTD,61843.84,6,6,93.33,4.88,79.8
SKK WORKS PTE. LTD.,21599466.0,6,1,77.2,3.46,83.88
SKY ISLAND TRANSPORT & TRADING PTE. LTD.,15455.0,2,1,84.36,4.06,86.71
SKYCOM SATELLITE SYSTEMS PTE LTD,389860.98,4,2,77.22,4.27,84.43
SKYDE ENGINEERING PTE. LTD.,111400.0,1,1,80.81,3.94,76.72
SKYLINE BUILT PTE. LTD.,138888.0,1,1,92.41,4.33,77.66
SKYMAP GLOBAL PTE. LTD.,149161.0,2,2,82.13,4.59,85.78
SKYMECH AUTOMATION & ENGINEERING PTE LTD,2424900.0,3,3,85.59,4.7,85.76
SKYPACE PTE. LTD.,3099227.0,4,2,74.98,5.0,89.68
SKYWAVE PTE. LTD.,152278.0,1,1,89.5,3.9,83.51
SKYY (SINGAPORE) DESIGN WORKSHOP,190090.0,2,2,87.65,3.28,83.97
SKYY CREATIVE CONSULTANT PTE. LTD.,2816605.0,10,7,82.17,4.31,73.54
SL SOLUTION INDUSTRIAL SUPPLIES,43151.76,1,1,86.49,5.0,72.19
SLA DESIGN CONSULTANTS (S) PTE LTD,898985.0,3,3,89.44,3.81,85.81
SLE POWER ENGINEERING PRIVATE LIMITED,842998.0,1,1,81.48,4.51,72.26
SLIFF FURNITURE (S) PTE LTD,9950000.0,1,1,76.19,4.52,77.79
SLM SOLUTIONS GMBH,2501000.0,2,2,100.0,4.21,91.79
SLP INTERNATIONAL PROPERTY CONSULTANTS PTE. LTD.,3.0,3,1,82.93,4.1,90.21
SLS 518 PTE. LTD.,3362658.66,2,1,87.23,3.55,81.02
SLS BEARINGS (SINGAPORE) PRIVATE LIMITED,2718000.0,3,1,96.09,2.73,75.04
SM METAL SOLUTIONS PTE. LTD.,500500.0,1,1,100.0,3.43,76.77
SMART AND BLUE,479396.0,1,1,78.04,3.87,86.68
SMART CONSULTING SOLUTIONS PTE. LTD.,302485.0,2,1,91.6,4.76,77.64
SMART SOLUTIONS SOLE CO. LTD,85903.87,1,1,82.34,4.04,72.42
SMART WALKIE PTE. LTD.,739837.8,1,1,83.69,3.79,90.16
SMART-WARES PTE. LTD.,8555701.2,3,3,82.24,3.57,79.82
SMARTSOFT PTE. LTD.,221351.33,3,2,78.99,4.49,72.23
SMITECH (ASIA) PTE LTD,1301198.24,13,9,87.67,4.92,82.79
SMITECH ENGINEERING PTE LTD,104814084.0,9,2,76.2,4.74,87.71
SMITHS DETECTION (ASIA PACIFIC) PTE. LTD.,5501439.4,2,1,95.57,4.46,67.92
SML SHIPYARD PTE LTD,815170.3,2,1,88.44,3.21,76.0
SMM PTE. LTD.,373388395.75,43,17,91.38,3.89,75.53
SMRT AUTOMOTIVE SERVICES PTE. LTD.,123166613.6,8,4,84.27,5.0,82.52
SMRT EXPERIENCE PTE. LTD.,23709504.0,1,1,85.06,4.77,84.32
SMRT SERVICES PTE. LTD.,14721779.22,6,1,90.3,3.18,72.49
SMRT TAXIS PTE. LTD.,219300.0,1,1,78.69,4.07,63.07
SMS INVESTIGATION & SECURITY PTE. LTD.,304775.0,1,1,85.14,4.32,88.32
SMS-SECURITY MONITORING SERVICES CO.,194516.0,1,1,81.12,3.64,66.8
SMSDOME PTE. LTD.,749312.8,1,1,80.88,2.71,80.71
SNC-LAVALIN (MALAYSIA) SDN. BHD.,657325.0,1,1,71.12,4.16,76.68
SNT TECHNOLOGIES (PTE.) LTD.,567910.0,1,1,98.71,3.63,79.62
SOBRIELO PHILIP GENE,9600.0,1,1,82.51,3.63,94.51
SOCIAL FOOD INC. PTE. LTD.,1709700.91,1,1,97.31,3.89,100.0
SOCIAL LAB LTD.,150.0,1,1,96.55,4.02,61.67
SOCIETY OF SHENG HONG WELFARE SERVICES,178720.0,2,2,77.71,4.09,87.84
SOCIETY STAPLES PTE. LTD.,3138.0,1,1,79.29,3.57,76.44
SOCLE TECHNOLOGY CORP,1794362.78,4,1,100.0,3.97,88.48
SOCOMEC ASIA PACIFIC PTE. LTD.,4832757.0,1,1,100.0,3.05,87.57
SOCOTEC CERTIFICATION SINGAPORE PTE. LTD.,25000.0,1,1,87.75,4.29,92.1
SODEXO KIM YEW PTE. LTD.,170194038.87,41,19,90.06,2.39,80.85
SODICK SINGAPORE PTE LTD,193000.0,1,1,82.95,3.93,69.1
SOFITEL SINGAPORE CITY CENTRE,14623.5,5,2,91.46,4.65,87.28
SOFOYO PTE. LTD.,33400.0,1,1,82.26,3.46,79.18
SOFTECH GLOBAL PTE. LTD.,86400.0,1,1,71.74,4.53,75.66
SOFTWARE AG (SINGAPORE) PTE LTD,259219.0,2,2,77.43,4.79,73.24
SOFTWARE EDUCATION ASIA PTE. LTD.,18000.0,1,1,88.17,2.12,88.06
SOFTWAREONE PTE. LTD.,18698750.25,1,1,78.95,4.01,94.03
SOIL INVESTIGATION PTE. LIMITED,24801595.65,18,7,87.46,2.37,66.05
SOIL-BUILD (PTE.) LTD.,327208785.0,5,3,79.4,4.03,84.22
SOLAR-DRIVEN ASIA (PRIVATE) LTD.,1248910.0,3,1,81.74,4.1,74.28
SOLARCOOL ENTERPRISE,8850.0,1,1,94.83,2.61,63.33
SOLARGY PTE. LTD.,1847500.0,3,3,89.98,5.0,79.48
SOLARIS STRATEGIES SINGAPORE PTE. LTD.,184888.0,1,1,87.92,4.27,69.67
SOLARZENTRUM STUTTGART GMBH,190839.67,1,1,95.03,3.59,62.22
SOLE FITNESS,16513.0,1,1,91.84,4.98,70.18
SOLED ENGINEERING SOLUTIONS PTE. LTD.,14040.0,1,1,99.57,3.02,67.72
SOLELY CONSTRUCTION PTE LTD,5566756.0,13,11,84.32,3.36,71.53
SOLENTIM LTD,219200.0,1,1,84.56,2.72,64.74
SOLO PTE. LTD.,624144.0,1,1,77.59,5.0,74.05
SOLUIX PRIVATE LIMITED,181860.0,1,1,84.57,4.3,70.87
SOLUTIONS PLUS PTE. LTD.,780000.0,1,1,95.72,4.5,81.76
SOLUTIONS.INC PTE. LTD.,30700.0,1,1,98.4,4.28,83.94
SOLUTIONSATWORK PTE. LTD.,4366148.0,3,3,95.68,4.44,80.6
SOMA ENRICHMENT PTE. LTD.,188400.0,1,1,73.65,4.15,75.65
SOMERVILLE (SINGAPORE) PRIVATE LIMITED,32953144.0,6,3,96.67,4.26,75.38
SOMNOTEC (S) PTE. LTD.,995010.0,5,3,73.29,4.16,69.63
SOMPO INSURANCE SINGAPORE PTE. LTD.,643806.98,2,2,95.18,3.73,69.87
SON HENG INTERIORS PTE LTD,17849670.0,4,3,85.06,4.07,85.04
SONG LEE ELECTRICAL ENGINEERING PTE. LTD.,3733002.0,4,4,93.62,4.26,60.4
SONG-CHO (IMP & EXP) PTE LTD,285813.0,1,1,77.34,4.17,77.19
SONOVA SINGAPORE PTE. LTD.,1415170.0,5,2,97.37,3.21,74.76
SONY ELECTRONICS (SINGAPORE) PTE. LTD.,1249422.48,1,1,76.28,3.29,83.99
SONY MUSIC ENTERTAINMENT SINGAPORE (PTE.) LTD.,69000.0,1,1,82.65,4.75,63.75
SOON GUAN FISHERY CO,1750.0,1,1,80.02,3.92,78.12
SOON HENG TABLES & CHAIRS SERVICE,95421.35,1,1,73.97,4.45,81.43
SOON HUP CONSTRUCTION CO,0.0,2,1,88.76,3.44,58.95
SOON KIAT CONSTRUCTION & MAINTENANCE PTE LTD,1507200.0,2,1,100.0,3.22,67.26
SOON LEE FIRE TRADING SERVICE,1364000.0,1,1,100.0,3.59,77.08
SOON THONG CONSTRUCTION PTE. LTD.,27680000.0,1,1,88.78,3.97,83.14
SOONLY HWA BUILD IRON STRUCTURE FURNITURE CONTRACTOR,13994.08,1,1,96.93,3.7,79.82
SOONLY PTE. LTD.,8343637.0,9,7,89.86,4.88,83.6
SOPRA STERIA ASIA PTE. LTD.,90986171.0,12,7,91.99,4.21,67.21
SOROKER AGMON NORDMAN PTE. LTD.,0.01,1,1,85.26,5.0,62.11
SOSNAKED PTE. LTD.,150240.0,1,1,89.56,4.34,78.85
SOUNDBITEZ MEDIA,982119.68,5,1,92.3,2.65,65.71
SOUNDBITEZ PTE. LTD.,170820.0,1,1,83.37,4.73,69.35
SOUTH POLE CARBON ASSET MANAGEMENT LTD,939677.0,2,2,87.38,3.19,87.32
SOUTHBRIDGE CHAMBERS LLC,420.0,1,1,87.53,4.24,79.89
SOUTHERN SUPPLY & SERVICES (J) SDN BHD,34416.479999999996,2,1,94.61,3.64,72.32
SOVERUS TECHNOLOGY PTE. LTD.,180408.59,2,1,79.47,5.0,71.02
SP CAMPERS PTE. LTD.,32480.0,1,1,87.59,4.96,84.21
SP CONSULTANCY,1861596.1,3,2,100.0,3.65,80.12
SP CONSULTING (INTERNATIONAL) PTE LTD,1.0,1,1,97.31,4.02,65.85
SPACEAGE LABS PTE. LTD.,490000.0,1,1,98.79,4.25,58.52
"SPACELOGIC INTERNATIONAL (CAMBODIA) CO., LTD",344116.7,1,1,88.2,4.62,96.82
SPACELOGIC PTE. LTD.,12143912.05,26,10,90.57,4.12,65.78
SPARK PLANNERS PTE LTD,187975.0,1,1,96.02,3.49,83.28
SPARKFURY CREATIVE CONSULTANTS PTE. LTD.,2575823.38,3,3,100.0,3.67,93.11
SPARKLIFE PTE. LTD.,9116.8,1,1,72.39,4.1,79.48
SPARKZ CONSULTANTS PTE. LTD.,16000.0,1,1,77.48,4.84,72.0
SPARTANS SERVICE SUPPORT PTE. LTD.,340838.0,2,1,98.48,4.36,63.74
SPCI PTE LTD,23498550.6,6,1,85.78,3.64,63.6
SPCS CONSULTANCY PTE. LTD.,572800.0,1,1,82.63,4.49,81.77
SPD,215251.0,2,2,77.97,3.87,92.51
SPD SCIENTIFIC PTE LTD,1519345.06,16,8,83.56,4.63,74.05
SPEAK! VENTURES PTE. LTD.,32000.0,1,1,76.78,5.0,72.44
SPECIALIST APPS LIMITED,299000.0,1,1,100.0,3.88,84.97
SPECIALIST STATIONERY PTE. LTD.,13056297.45,7,4,87.82,4.58,71.14
SPECTRA-TEKNIK (S) PTE LTD,147692.0,6,6,87.54,3.65,80.74
SPECTRIS PTE LTD,1778323.22,6,2,92.7,4.03,78.42
SPECTRUM AUDIO VISUAL PTE. LTD.,8774139.26,13,10,95.7,4.12,73.91
"SPECTRUM GAMING GROUP, L.L.C.",952200.25,1,1,95.57,3.98,77.84
SPECTRUM MANAGEMENT CONSULTING PTE. LTD.,92601.0,3,3,96.59,5.0,95.63
SPEECHOCEAN LIMITED,641000.0,3,1,82.95,3.92,84.05
SPEED IMAGING PTE. LTD.,183700.0,1,1,85.62,4.45,88.93
SPEEDB PTE. LTD.,268874.0,2,1,94.15,2.94,68.81
SPEEDO COMPUTER-FORMS PRIVATE LIMITED,2313600.0,1,1,83.78,4.36,88.96
SPEEDWING TRAINING (ASIA) PTE LTD,366590.0,1,1,87.96,4.79,84.39
SPEISETECH PTE. LTD.,265000.0,1,1,91.19,3.78,63.0
SPENCER STUART & ASSOCIATES (SINGAPORE) PTE LTD,100000.0,1,1,94.28,2.59,83.4
SPH RADIO PRIVATE LIMITED,84000.0,1,1,73.78,4.08,72.87
SPHERE EXHIBITS PTE. LTD.,1458940.0,3,3,93.72,4.11,62.54
SPHERE SECURE SERVICES SDN BHD,403705.38,1,1,86.13,4.53,79.3
SPIE GMBH - GESCHAEFTSBEREICH NORD,77732.49,1,1,93.66,5.0,83.39
SPIRE PTE. LTD.,157000.0,1,1,94.22,3.87,79.52
SPIRE RESEARCH AND CONSULTING PTE LTD,226800.0,3,3,100.0,3.59,76.91
SPLASH ENTERTAINMENT PTE. LTD.,100000.0,1,1,98.83,3.4,74.69
SPLASH INTERACTIVE PTE. LTD.,1244921.96,2,2,98.77,4.22,100.0
SPLASH PRODUCTIONS PTE. LTD.,2862313.27,9,5,99.55,4.39,66.17
SPLENDOR INNOVATIVE PTE. LTD.,54430.1,1,1,90.33,3.77,86.73
SPOC PLAN E PTE. LTD.,712525.0,1,1,88.26,4.57,78.15
SPOC SOLUTIONS IMS PTE. LTD.,362592.4,4,3,94.98,4.38,69.46
SPORTPSYCH CONSULTING,482600.0,2,1,93.86,4.13,77.52
SPORTS AND WELLNESS PTE. LTD.,1129227.0,10,5,85.53,3.56,64.07
SPORTS RECRUITMENT INTERNATIONAL PTE. LTD.,97500.0,1,1,91.24,3.81,72.05
SPORTS360 LLP,108425.0,1,1,87.72,2.64,77.53
SPRINKLR SINGAPORE PTE. LTD.,77622.88,1,1,81.17,4.24,62.49
SPROUD PRIVATE LIMITED,166598.0,2,1,98.32,4.12,83.06
SPRUSON & FERGUSON (ASIA) PTE. LTD.,1670693.65,4,3,88.44,4.21,68.36
SPTEL PTE. LTD.,7946003.0,3,3,100.0,4.4,63.48
SPTS TECHNOLOGIES LIMITED,1958563.78,2,2,75.0,4.33,67.2
SPTS TECHNOLOGIES PTE. LTD.,4134990.86,2,2,83.55,4.03,99.76
SQFT ARCHITECTS PTE. LTD.,5159733.96,20,10,88.26,4.13,58.22
SQL VIEW PTE LTD,454203.12,2,2,97.1,3.26,82.36
SQLNET PTE. LTD.,4718894.49,2,2,91.2,3.75,70.48
SQUARE FRESCO PTE. LTD.,407031.0,3,3,90.48,4.13,74.5
SQUARE INNOVATIONS PTE. LTD.,138.8,1,1,78.98,3.66,84.04
SQUARE2 SPRL,187490.03,1,1,78.74,4.62,83.55
"SQUIRE MECH (SHANGHAI) CO., LTD",61824.0,1,1,90.58,3.7,71.19
SRE GLOBAL PTE. LTD.,71150.01,3,3,77.09,4.23,64.42
SRIMULTEC ENGINEERING SDN. BHD.,62537.21,1,1,83.74,4.17,84.22
SRINIVASAN CHOKKANATHAN,247074.0,1,1,92.01,4.55,83.52
SRK ENGINEERING PTE. LTD.,13407065.0,4,2,80.14,4.64,75.15
SSA ACADEMY PTE. LTD.,5961102.0,9,5,100.0,4.52,82.42
SSANGYONG ENGINEERING & CONSTRUCTION CO LTD,970621000.0,1,1,97.79,2.84,73.54
"SSANGYONG ENGINEERING & CONSTRUCTION CO., LTD. - HYUNDAI ENGINEERING & CONSTRUCTION CO., LTD. JOINT VENTURE",360590000.0,1,1,75.43,4.82,69.73
SSB CRYOGENIC SERVICES PTE. LTD.,299000.0,1,1,80.54,5.0,78.04
SSIVIX LAB PTE. LTD.,3204100.0,1,1,69.71,3.81,83.19
ST ANDREW'S MISSION HOSPITAL,27754.0,5,2,81.74,4.24,81.09
ST CHEW & ASSOCIATES,350700.0,3,2,94.13,3.57,83.09
ST CIRCUIT DESIGN & CONTRACT PTE LTD,1.0,1,1,84.69,2.93,70.39
ST ELECTRONICS (DATA CENTRE SOLUTIONS) PTE. LTD.,4068137.66,12,7,91.69,3.66,93.82
ST ELECTRONICS (E-SERVICES) PTE. LTD.,90891725.28,36,21,75.82,3.78,74.58
ST ELECTRONICS (ENTERPRISE 1) PTE. LTD.,954251.0,2,2,94.38,3.89,76.81
ST ELECTRONICS (INFO-COMM SYSTEMS) PTE. LTD.,499038159.18,33,10,83.56,3.52,64.81
ST ELECTRONICS (INFO-SECURITY) PTE. LTD.,9032743.95,11,8,88.1,3.66,76.06
ST ELECTRONICS (INFO-SOFTWARE SYSTEMS) PTE. LTD.,114870340.11,32,16,87.26,4.09,83.32
ST ELECTRONICS (SATCOM & SENSOR SYSTEMS) PTE. LTD.,10973498.0,4,4,77.83,3.64,85.63
"ST ELECTRONICS (SHANGHAI) CO., LTD",75608.31,1,1,78.78,4.43,93.62
ST ELECTRONICS (TRAINING & SIMULATION SYSTEMS) PTE. LTD.,28730064.07,11,6,95.74,4.51,83.2
ST ENGINEERING ADVANCED NETWORKS & SENSORS PTE. LTD.,19774306.560000002,3,2,91.19,5.0,80.77
ST ENGINEERING AEROSPACE AIRCRAFT MAINTENANCE PTE. LTD.,11294226.0,1,1,96.4,4.78,73.54
ST ENGINEERING AEROSPACE SUPPLIES PTE. LTD.,3384439.24,1,1,90.6,4.25,71.38
ST ENGINEERING E-SERVICES PTE. LTD.,3121491.0,4,4,89.14,3.73,87.7
ST ENGINEERING ELECTRONICS LTD.,617363633.55,70,18,74.19,4.28,87.51
ST ENGINEERING INFO-SECURITY PTE. LTD.,2028231.2,1,1,85.84,4.3,67.23
ST ENGINEERING LAND SYSTEMS LTD.,112844216.28,13,5,87.78,3.79,85.23
ST ENGINEERING MARINE LTD.,9750000.0,1,1,100.0,4.57,84.5
ST ENGINEERING MISSION SOFTWARE & SERVICES PTE. LTD.,314820.0,1,1,93.5,3.26,66.86
ST ENGINEERING SYNTHESIS PTE. LTD.,2110104.0,1,1,100.0,3.95,83.4
ST Education & Training Private Limited,1521600.0,6,5,92.78,4.43,67.5
ST HEALTHCARE PTE. LTD.,397281.7,3,2,82.31,3.93,53.71
ST INTEGRATED ENGINEERING PTE. LTD.,38329640.26,12,7,88.94,3.98,76.4
ST LEE TRANSPORT PTE. LTD.,527420.0,2,2,89.89,4.02,80.58
ST LOGISTICS PTE. LTD.,17680466.0,8,6,80.49,3.6,76.85
ST LUKE'S ELDERCARE LTD.,7.0,7,1,84.92,4.8,100.0
ST Logistics Pte. Ltd.,139015948.57,21,10,86.35,3.49,81.79
ST SYNTHESIS PTE LTD,1815556.46,6,5,100.0,4.29,79.47
ST Synthesis Pte Ltd,48496867.23,11,9,71.35,4.35,82.3
ST. REGIS HOTEL SINGAPORE,240232.3,9,3,97.65,3.53,73.59
STA INSPECTION PTE LTD,420000.0,1,1,80.51,4.14,87.29
STA TRAVEL (PTE) LTD,3805879.89,26,9,77.02,3.55,81.61
STABILIS PTE. LTD.,191759.86,2,2,97.44,4.93,81.15
STAFF WORK INSTITUTE PTE. LTD.,1.0,1,1,93.86,3.42,71.76
STAG MATCH PRIVATE LIMITED,1.0,1,1,98.04,3.71,62.36
STAGE ONE CREATIVE SERVICES LIMITED,5445481.02,3,2,94.41,3.37,72.99
STALLION PRESS (S) PTE LTD,3.0,1,1,100.0,3.29,80.83
STAMFORD CATERING SERVICES PTE LTD,2652179.79,3,3,92.47,5.0,73.55
STAMFORD LANGUAGE AND COMMUNICATION,2290.0,1,1,86.75,4.43,80.92
STAMFORD LAW CORPORATION,231500.0,2,2,90.74,4.18,75.68
STANDARD DENTAL CO PTE LTD,59175.2,3,2,97.95,3.71,82.31
STANDARD ENGINEERING COMPANY,224000.0,1,1,81.76,4.64,68.23
STANDARD FORM PTE. LTD.,771890.5,2,1,82.78,3.61,79.93
STANDARD SECURITY & INVESTIGATION SERVICES PTE LTD,1245395.0,3,1,85.53,4.58,71.59
STANLEY SECURITY SINGAPORE PTE. LTD.,30194851.28,4,2,71.16,3.58,62.62
STANPACK INDUSTRIES PTE. LTD.,1290290.95,7,5,89.1,3.71,76.35
STAR CRUISE TRAVEL SERVICE PTE LTD,1067944.0,4,1,72.91,4.55,93.36
STAR FURNITURE PTE. LTD.,292640.0,1,1,88.42,4.62,63.41
STAR PEST CONTROL PTE LTD,14428197.89,3,1,94.92,4.46,79.19
STAR SERVICE CO,401037.6,1,1,84.18,3.47,85.98
STARBURST ENGINEERING PTE LTD,3575660.0,1,1,100.0,3.83,100.0
STARCOM MEDIA WORLDWIDE,12198059.82,6,5,76.32,4.19,73.07
STARGROUP EST. PTE. LTD.,24313701.4,11,3,97.53,3.59,71.68
STARHIGH ASIA PACIFIC (PTE. LTD.),798045.54,2,2,93.4,4.92,66.33
STARHUB LTD.,35136069.44,59,27,74.27,2.66,89.41
STARLAND CONSTRUCTION PTE LTD,38184000.0,4,2,100.0,3.63,69.33
STARLIGHT ADVERTISING (PTE) LTD.,14171172.65,18,14,87.49,3.79,74.29
STARLIGHT TOOL PRECISION ENGINEERING,400000.0,3,1,80.98,2.39,59.51
STARMED SPECIALIST CENTRE PTE. LTD.,1254000.0,1,1,76.74,3.26,86.84
STARS BUILDER PTE. LTD.,157692.0,1,1,86.24,4.48,89.58
STARTIN POINT PTE LTD,1444545.86,1,1,86.98,4.12,86.46
STARTIN POINT PTE. LTD.,2086072.56,1,1,88.82,5.0,61.95
STARTUPX PTE. LTD.,219220.0,1,1,85.62,5.0,84.07
STARVISION INFORMATION TECHNOLOGY PTE LTD,3800137.52,6,5,93.07,4.36,61.27
STARWORLD INFOTECH PTE. LTD.,1186832.0,12,1,84.9,4.29,78.58
STATE SECURITY SERVICES ENTERPRISE,337181.64,2,1,72.52,4.14,80.05
STATE STREET BANK AND TRUST COMPANY,7004.5,2,2,86.81,2.51,81.1
STATE STREET GLOBAL ADVISORS SINGAPORE LIMITED,420000.0,2,1,69.06,3.26,83.35
STATS ASIA PACIFIC PTE. LTD.,2160000.0,1,1,90.83,4.16,77.92
STEADFAST ENGINEERING & CONSTRUCTION PTE. LTD.,1774732.7,2,2,80.17,4.47,58.38
STEELMATIC PTE. LTD.,243120.0,2,2,89.31,4.27,83.35
STELLENT NETWORKS PTE. LTD.,595484.0,4,3,98.51,3.56,78.98
STEMCELL SINGAPORE PTE. LTD.,529.0,1,1,80.41,4.66,68.97
STERIL MEDICAL PTE LTD,47903.5,3,2,96.49,4.99,62.31
STERLING C&S CONSULTING ENGINEER PTE. LTD.,3687143.9699999997,9,5,84.53,4.66,93.4
STERLING PROPERTY CONSULTANTS PTE. LTD.,0.02,2,1,100.0,4.69,90.31
STERLING TRENDS & CONCEPTS PTE. LTD.,242675.0,5,1,85.08,3.76,85.06
STEVEN TAN RUSSELL BEDFORD PAC,40.0,1,1,81.28,4.75,71.24
STEWARD'S SOLUTION PTE. LTD.,1.0,1,1,93.5,4.19,52.83
STGS TOURS PTE. LTD.,318399.0,2,2,84.51,4.41,85.65
STICHTING MARITIEM RESEARCH INSTITUUT NEDERLAND,174715.0,1,1,81.27,4.32,81.67
STICHTING NATIONAAL LUCHT- EN RUIMTEVAARTLABORATORIUM,532800.0,1,1,84.18,4.03,74.25
STICHTING SEO ECONOMISCH ONDERZOEK,158166.0,2,1,87.64,3.58,89.25
STIE PTE. LTD.,12624067.33,4,4,98.74,4.05,86.48
STONE FOREST ACCOUNTSERVE PTE LTD,2621150.0,3,3,72.53,4.69,79.76
STONEBENCH,4052.0,1,1,88.18,3.84,78.35
STORIES WORTH TELLING LLP,315000.0,2,2,93.0,4.64,78.51
STORY INC LIMITED,297000.0,1,1,89.55,4.54,84.8
STRACO LEISURE PTE. LTD.,11080.0,3,2,98.48,3.92,69.43
STRAITS ART CO. PTE. LTD.,15990.3,1,1,87.41,4.93,82.26
STRAITS CONSTRUCTION SINGAPORE PRIVATE LIMITED,437098000.0,3,2,86.52,3.89,68.79
STRAITS INTERACTIVE PTE. LTD.,530.0,1,1,92.74,5.0,91.37
STRAITS KNOWLEDGE,329000.0,1,1,88.79,4.36,83.32
STRAITS LAW PRACTICE LLC,18672.0,8,8,84.88,4.09,71.12
STRAITS TIMES PRESS PTE. LTD.,758230.0,5,5,92.13,3.57,78.81
STRAITS VENTURA PTE. LTD.,369915.85,1,1,82.78,4.05,69.46
STRATEGIC CAFES PTE. LTD.,886800.0,1,1,83.11,3.98,93.04
STRATEGIC CONSTRUCTION PTE. LTD.,977000.0,1,1,83.78,3.35,94.23
STRATEGIC ENGINEERING & CONSTRUCTION PTE. LTD.,6068681.0,6,4,98.82,3.97,84.96
STRATEGIC MOVES PTE. LTD.,118500.0,2,2,62.23,3.62,93.57
"STRATEGIC WORKS, (STRATWORKS) INC",595584.05,2,1,91.16,4.45,79.52
STRATTON TECHNOLOGIES PTE. LTD.,14030973.59,4,1,88.27,4.88,85.64
STRAUGHAN & MATHEW RESEARCH CONSULTING,1000000.0,2,2,74.55,3.36,90.25
STREAM ENVIRONMENT (S) PTE. LTD.,6359416.0,3,2,90.48,5.0,77.94
STRENGTH PTE. LTD.,2991260.77,3,3,91.81,4.02,78.71
STRENGTHS COACHING ASIA LLP,91500.0,2,2,92.72,3.51,87.34
STRIBEST MANUFACTURING PTE LTD,9520.0,1,1,66.79,4.55,84.46
STRIKE ACADEMY PTE. LTD.,298560.0,2,1,98.93,3.83,70.45
STRIKE PETROLEUM PTE LTD,14940.0,1,1,82.1,4.05,56.13
STRIPE PAYMENTS SINGAPORE PTE. LTD.,1.0,1,1,93.49,3.86,76.24
STRmix Limited,543253.5,1,1,93.93,3.61,57.03
STUCK DESIGN PTE. LTD.,344551.0,4,4,80.99,4.53,68.09
STUDIO LAPIS,2629750.0,2,2,93.28,3.93,69.26
STYL SOLUTIONS PTE. LTD.,7765873.1,7,5,84.92,3.24,72.31
STYLUS TECHNOLOGY,193300.0,2,1,71.43,4.43,86.2
SUCCESS ALLIANCE ENRICHMENT PTE. LTD.,400050.0,1,1,97.34,3.38,88.38
SUCCESS FOREVER CONSTRUCTION & MAINTENANCE PTE LTD,37841637.85,35,12,81.8,3.41,83.09
SUCCESS FRONTIERS TRAINING AND CONSULTANCY PRIVATE LIMITED,44500.0,2,2,81.16,4.82,84.33
SUCCESS STRATEGY (PTE) LTD,40502.0,2,2,84.78,3.38,84.56
SUEZ (SINGAPORE) SERVICES PTE. LTD.,3000000.0,1,1,90.18,2.71,53.03
SUEZ WATER TECHNOLOGIES & SOLUTIONS SINGAPORE PTE. LTD.,721002.35,2,1,87.54,4.47,78.1
SUK ENGINEERING & CONSTRUCTION PRIVATE LIMITED,313209.5,1,1,92.38,3.92,60.04
SUMITOMO CHEMICAL (ASIA PACIFIC) PTE. LTD.,3146000.0,1,1,77.28,3.97,83.09
SUMITOMO CHEMICAL ASIA PTE LTD,4115680.0,2,2,82.06,3.91,57.07
SUMITOMO CHEMICAL ASIA PTE. LTD.,3560500.0,2,2,87.07,4.24,76.2
SUMIYOSHI ENGINEERING PTE. LTD.,1890240.0,2,1,100.0,3.65,83.48
SUMMER POND & LANDSCAPING PTE. LTD.,60956586.44,14,2,87.09,4.99,66.82
SUMMIT MARINE SYSTEM,227600.0,1,1,96.68,3.21,87.62
SUN & SHANG COACHING SERVICES,237600.0,1,1,88.31,4.37,83.07
SUN CITY MAINTENANCE PTE. LTD.,3918518.0,1,1,84.13,4.49,81.81
SUN ELECTRIC PTE. LTD.,2703670.0,2,1,86.03,3.64,84.98
SUN JIN HONG CONSTRUCTION PTE. LTD.,855985.0,1,1,86.65,3.49,74.41
SUN LIGHT ELECTRONICS PTE LTD,1323183.48,8,3,92.83,4.71,79.52
SUN LIK TRADING PTE LTD,78260.5,3,2,99.0,3.51,78.1
SUN RAY DREAMWORKS PRIVATE LIMITED,30000.0,1,1,90.88,3.74,77.87
SUN RISE PRINTING & SUPPLIES PTE LTD,1.0,1,1,97.5,4.63,71.28
SUN SHINE ENGINEERING & TRADING,75999.6,2,1,80.28,4.12,65.57
SUN SING NEONSIGNS & ELECTRIC CO PTE LTD,107590.0,1,1,84.68,3.02,74.63
SUN SINGAPORE SYSTEMS PTE. LTD.,1222004.44,5,4,82.21,5.0,74.08
SUN SPORTS INDUSTRIES,61140.0,1,1,90.52,3.78,70.63
SUN-CITY TRAVEL & TOURS PTE LTD,348355.0,4,2,85.13,3.86,86.52
SUN-GEE TRAVEL PTE LTD,7125471.0,15,11,93.84,4.25,66.28
SUNCITY CONTRACTS PTE LTD,66296680.0,7,4,80.55,4.48,76.28
SUNFRESH SINGAPORE PRIVATE LIMITED,15150.0,1,1,88.34,5.0,89.66
SUNLAND RAJ CONSTRUCTION PTE. LTD.,23000.0,1,1,93.49,3.1,87.09
SUNNY DENTAL MEDICAL SUPPLY PTE. LTD.,7277.6,1,1,71.48,4.6,90.16
SUNNYVILLE NURSING HOME (1996) PTE LTD,8970937.2,6,1,100.0,4.55,72.09
SUNRAY WOODCRAFT CONSTRUCTION PTE LTD,383021250.0,24,15,85.73,4.02,85.84
SUNRIO (PTE) LTD,5.65,1,1,71.8,4.57,67.37
SUNSEAP LEASING PTE. LTD.,1.93,2,1,89.26,4.66,75.24
SUNTEC REAL ESTATE CONSULTANTS PTE. LTD.,2.01,3,2,88.27,3.27,76.18
SUNTEC SINGAPORE INT'L CONVENTION & EXHIBITION CENTRE,4155819.01,19,10,87.34,5.0,72.24
SUNWAY DIGITAL PTE. LTD.,3234052.63,3,2,95.93,3.16,74.38
SUNYAU EXPO PTE LTD,590991.0,2,2,93.98,3.42,73.07
SUPER D DISTRIBUTION PTE. LTD.,832.0,1,1,90.38,3.94,68.18
SUPERANDCO PTE. LTD.,312850.0,1,1,91.6,5.0,86.56
SUPERINTERNET (S) PTE LTD,73800.0,1,1,87.17,3.92,76.18
SUPERINTERNET ACCESS PTE LTD,8838650.0,2,2,100.0,4.08,80.01
SUPERJET ENGINEERING PTE LTD,267754.0,1,1,76.17,4.96,79.64
SUPERMAMA STORE PTE. LTD.,314920.0,2,2,89.12,3.92,78.55
SUPERMARKET CREATIVE PTE. LTD.,49300.0,2,1,88.52,3.39,78.93
SUPERPIXEL PTE. LTD.,37300.0,1,1,94.51,3.85,74.95
SUPERSKILL GRAPHICS PTE LTD,110054.0,3,1,81.25,4.92,92.18
SUPERSONIC AIR CONDITIONING & ELECTRICAL ENGINEERING PTE LTD,9805369.1,7,5,74.05,4.14,85.61
SUPERSONIC MAINTENANCE SERVICES PTE. LTD.,83974554.42,11,7,89.25,5.0,78.18
SUPERTRON SENSING PTE. LTD.,117782.0,2,1,90.25,4.54,73.53
SUPREME REFRIGERATION SERVICE PTE. LTD.,818373.0,2,2,99.92,3.71,76.81
SURBANA JURONG CONSULTANTS PTE. LTD.,192865988.67,148,17,77.84,4.13,82.18
SURBANA JURONG INFRASTRUCTURE PTE. LTD.,5730057.0,9,7,97.24,3.59,93.0
SURBANA TECHNOLOGIES PTE. LTD.,219790.0,1,1,100.0,3.7,64.27
SURENDRAN S/O RACHANDRAN,82400.0,1,1,84.98,5.0,84.6
"SURFORCE, LLC",248346.0,1,1,77.67,4.71,89.27
SUSTAINABLE ENERGY ASSOCIATION OF SINGAPORE (SEAS),1840860.0,1,1,84.74,4.62,63.13
SUSTAINABLE LIVING LAB PTE. LTD.,83943.3,4,3,88.11,3.73,76.19
SV BROS PTE. LTD.,683045.0,5,3,92.51,5.0,67.35
SVS VALVES PTE. LTD.,7211050.0,5,1,83.27,4.76,82.31
SWAN-LI (SINGAPORE) PTE LTD,7813241.0,4,1,100.0,5.0,74.42
SWEDAC,10170.16,1,1,79.08,5.0,76.7
SWEE BEE CONTRACTOR PTE LTD,11872600.0,5,2,74.09,3.21,73.89
SWEE BUILDERS PTE LTD,109976400.0,10,4,96.85,3.43,85.2
SWEE HONG LIMITED,81092041.0,3,1,69.8,3.5,80.29
SWEE LEE HOLDINGS PTE LTD,291096.0,3,2,86.37,3.53,80.31
SWEETS CORPORATE UNIFORMS,238229.0,2,1,100.0,4.29,79.61
SWIFT INTEGRATOR PTE. LTD.,198492.0,1,1,87.9,3.76,83.72
SWIFTHAC ENGINEERING PTE. LTD.,193940.0,1,1,79.03,5.0,75.38
SWIFTX SOLUTIONS PTE. LTD.,1679470.0,3,3,87.54,5.0,95.01
SWISS RE INTERNATIONAL SE SINGAPORE BRANCH,146251.0,2,2,87.59,4.1,65.65
SWISSLOG PTE. LTD.,11386422.0,2,1,89.29,5.0,60.74
SWISSLOG SINGAPORE PTE. LTD.,2602711.0,3,1,93.3,4.99,59.91
SWISSWERKZ (S) PTE. LTD.,1089764.0,2,2,79.69,3.83,57.2
SWP CONSTRUCTION PTE. LTD.,583185.0,1,1,100.0,2.89,84.73
SWTS PTE. LTD.,1249485.0,4,3,89.96,3.97,83.51
"SYD LABS, INC.",229000.0,1,1,93.81,3.71,90.08
SYDHA MOVERS PTE. LTD.,1285837.0,5,3,82.97,4.22,67.43
SYMBOLITE ASIA PTE. LTD.,106518.0,4,4,98.29,4.15,85.45
SYNCHRO BADMINTON ACADEMY,33600.0,1,1,85.94,4.14,78.57
SYNERGY 4 TECH PTE. LTD.,68400.0,1,1,90.22,4.41,79.67
SYNERGY ALLIANCES,139595.0,1,1,80.54,3.37,84.26
SYNERGY AVL PTE. LTD.,1696807.37,8,6,80.02,4.35,70.44
SYNERGY FMI PTE. LTD.,45769652.3,9,9,93.51,3.84,100.0
SYNERGY HILL + KNOWLTON STRATEGIES,2663100.0,2,1,84.45,4.22,91.32
SYNERGY LIMITED LIABILITY PARTNERSHIP,36000.0,1,1,81.17,4.67,72.68
SYNWIN MUSIC PTE. LTD.,3.0,3,1,82.85,3.37,67.09
SYS-MAC AUTOMATION ENGINEERING PTE LTD,499559.0,1,1,93.59,3.93,77.12
"SYSKEY TECHNOLOGY CO., LTD.",387000.0,1,1,82.97,4.03,79.82
SYSKEY TECHNOLOGY PTE. LTD.,598400.0,2,2,87.06,3.79,88.66
SYSMEX ASIA PACIFIC PTE. LTD.,386804.0,1,1,88.12,4.64,66.31
SYSNET SYSTEM AND SOLUTIONS PTE. LTD.,330407.92000000004,2,2,72.66,3.67,80.85
SYSTEM PEST CONTROL SERVICES PTE LTD,2332727.2,7,5,76.23,3.77,62.71
SYSTEMVARIO LLP,499125.0,1,1,90.69,3.67,82.36
SYSTMZ PTE. LTD.,3066976.0,2,2,82.1,4.76,76.92
SYSTRA MVA SINGAPORE PTE. LTD.,6631124.8,4,2,96.45,3.8,97.37
SYT CONSULTANTS PTE. LTD.,995800.0,2,1,95.73,4.38,62.54
Safe2Travel Pte Ltd,17661703.95,17,5,93.75,5.0,91.71
Safeguard Systems & Services Pte Ltd,1212000.0,1,1,100.0,4.06,60.96
Salihin Jaafar,3200.0,1,1,87.34,4.77,64.73
Samkang Construction Pte Ltd,1598497.0,1,1,93.19,5.0,61.23
Samwoh Corporation Pte. Ltd. / T.Y. Lin International Pte. Ltd.,17164200.0,1,1,83.32,4.72,80.5
"Sandoval Landscape Company, LLC",162867.92,1,1,100.0,4.09,66.26
Sartorius Malaysia Sdn Bhd,7227.39,1,1,100.0,4.49,64.52
"Sathorn Thani Management Services Co., Ltd",471188.18999999994,2,1,88.1,3.33,80.03
Schaefer Systems International Pte Ltd,319220.0,2,2,91.09,3.63,82.52
Schneider Electric Singapore Pte Ltd,6257348.0,7,5,98.87,3.74,78.4
Schroder Investment Management (Singapore) Ltd,2364006.0,4,4,86.82,5.0,76.38
SciMed (Asia) Pte Ltd,7612475.8,44,11,82.75,3.61,96.29
Scientific Resources Pte Ltd,4857546.2,9,7,94.99,3.6,79.46
"Scipio Services Co., Ltd",582805.86,1,1,88.63,3.47,86.06
ScreenBox Pte Ltd,135501.0,2,2,89.46,4.44,79.43
Seah Kim Ping,40.0,1,1,81.33,4.19,67.02
Secura Forms Pte Ltd,23377.5,1,1,74.26,4.75,83.5
Securitas Security Services (Hong Kong) Limited,134097.6,1,1,89.89,4.5,71.44
Seiko Architectural Wall Systems Pte Ltd,29269253.0,1,1,95.24,3.27,77.09
Selvaraj s/0 Vengadasalam,372000.0,1,1,86.19,3.62,81.05
Semec Enterprise Pte Ltd,3517102.0,2,1,99.49,4.92,58.59
Seng Hua Hng Foodstuff Pte Ltd,143400.0,1,1,82.37,3.98,61.9
Senoko Energy Supply Pte Ltd,188481010.93,4,3,79.56,4.81,87.09
Sentosa Golf Club,50.0,1,1,87.46,4.01,71.36
Setsco Services Pte Ltd,2682460.0,15,8,87.34,3.52,71.84
"Shanghai HIOS Exhibition Service Co., Ltd",161322.0,1,1,94.16,3.92,79.66
Shanghai Jiexin Integrated Intelligence System Ltd.,87555.0,1,1,81.8,3.52,74.14
"Shanghai Tuqing Information Co., Ltd",230569.35,1,1,98.94,3.76,82.18
Shanti Bhattacharya Mrs Tauvy Jean Louis,40.0,1,1,100.0,4.22,77.49
Shimadzu (Asia Pacific) Pte Ltd,9073340.52,35,14,87.69,4.41,79.99
Shimadzu Malaysia Sdn Bhd,118186.05,4,1,98.0,3.15,70.98
Shirin Akbar,40000.0,1,1,79.55,4.09,79.94
Showtec Communications Pte Ltd,19679017.0,9,3,96.6,3.75,89.05
Siam Express Pte Ltd,1355558.2,11,8,96.38,3.71,72.32
Siemens Mobility Pte. Ltd./ Siemens Aktiengesellschaft Consortium,111179479.8,1,1,94.91,4.18,87.15
Siemens Pte Ltd,160922927.0,14,6,87.88,3.77,77.48
Siemens Pte Ltd - ATT Systems (S'pore) Pte Ltd Consortium,78176954.0,1,1,64.37,4.93,85.34
Sigma Solutions HRD Consultants Pte Ltd,267000.0,2,2,82.87,4.81,79.29
Sigma-Aldrich Pte Ltd,1082424.05,11,7,82.99,4.81,77.67
"Silicon Valley Microelectronics, Inc.",718209.0599999999,3,1,80.17,3.8,81.5
Simyit Construction & Trading Co.,618181.12,2,1,88.98,3.52,90.14
Sin Hong Yun Pte Ltd,852849.0,2,2,84.65,4.15,80.36
Sin Yong Iron Works Pte Ltd,1145036.0,4,2,81.4,4.01,82.79
Sinclair Communications Limited,695574.0,1,1,79.53,3.73,74.32
Sing Wah Enterprise Pte Ltd,33700.0,1,1,82.28,3.39,93.71
Singapore Advanced Research and Education Network (SingAREN),222250.0,1,1,96.97,4.08,84.4
Singapore After-Care Association,2034740.0,2,1,82.71,3.86,78.78
Singapore Anglican Community Services,3433294.0,3,1,83.88,4.51,76.77
Singapore Anti-Narcotics Association,3048000.0,1,1,84.35,4.5,87.78
Singapore Oil Spill Response Centre Pte. Ltd.,1469.98,1,1,90.71,4.76,71.94
Singapore Petroleum Company Limited,5069513.2,1,1,91.65,3.34,60.17
Singapore Polytechnic Graduates' Guild,110.0,1,1,63.64,4.34,78.72
Singapore Technologies Marine Ltd,392870391.32000005,3,2,96.17,3.66,89.9
Singapore Test Services Private Limited,2429216.0,6,6,99.49,3.37,93.91
Sintec Optronics Pte Ltd,141048.0,1,1,79.6,3.84,76.93
Siong Bee Industries Private Limited,370880.0,1,1,80.22,4.74,78.44
Siti Fauziah Bte Haji Ahmad Jamal,12000.0,1,1,84.4,3.88,83.2
Sliff Furniture (S) Pte Ltd,53460.0,1,1,81.95,5.0,75.36
Smiling Orchid (Singapore) Private Limited,2233279.77,3,3,89.79,4.43,83.16
Sng Ju-Chye,2.0,1,1,72.43,3.86,77.15
Software Vision Consultants Pte Ltd,1260173.4,1,1,79.06,4.8,88.11
Soil-Build (Pte) Ltd - Shincon Industrial Pte Ltd Joint Venture,39746586.0,1,1,100.0,4.37,85.23
Solidheat Industries Pte Ltd,360040.8,1,1,80.57,3.54,86.1
Soon Lee Fire Trading Service,1800000.0,1,1,97.95,5.0,75.95
South Pacific Chemical Industries Sdn Bhd,13351008.190000001,2,1,90.84,4.26,97.26
South Pacific Chemical Sdn Bhd,5111639.0,1,1,73.53,4.11,82.84
Spark Planners Pte Ltd,7999841.7,19,4,93.08,3.59,80.47
Spectra-Teknik (S) Pte Ltd,1583351.0,15,9,87.06,4.81,70.39
Spencer Stuart & Associates (S) Pte Ltd,100001.0,2,2,84.36,4.41,77.03
Spring Technologies Pte Ltd,5120.0,1,1,89.96,4.48,79.14
Springer Nature Customer Service Center GmbH,42068.66,1,1,91.8,3.8,70.12
Squire Mech Private Limited,871402.0,3,2,93.66,4.6,75.08
Ssangyong Engineering & Construction Co Ltd - Astaldi S.p.A. Singapore Branch Joint Venture,537144000.0,1,1,97.43,4.65,76.34
"Ssangyong Engineering & Construction Co.,Ltd - Wai Fong Construction Pte Ltd Joint Venture",482500000.0,1,1,91.27,3.7,78.56
Stallion Development Pte Ltd,90350000.0,2,1,76.99,3.25,60.37
Stamford Catering Services Pte Ltd,5394654.53,8,5,84.21,4.45,76.65
Standard Chartered Bank,1.0,1,1,100.0,3.16,74.23
Standard Form Pte Ltd,1707170.9,6,3,93.8,4.19,77.79
Star Horizon Learning Pte Ltd,677078.0,7,3,100.0,3.83,88.35
Starburst Engineering Pte Ltd,9972057.4,5,1,99.16,4.83,98.52
Straits Knowledge,781714.0,2,2,89.93,3.86,84.78
Stratech Systems Limited,118242.0,1,1,90.41,4.76,65.66
Strategic Marketing (S) Pte Ltd,2850782.0,1,1,87.71,3.79,74.55
Suchi Success Initiatives Pte Ltd,8000.0,1,1,74.1,4.7,83.96
Suhail Jindran,40.0,1,1,88.14,5.0,82.83
Sun City Maintenance Pte. Ltd.,3807200.0,4,4,97.69,3.46,87.87
Sunhuan Construction Pte Ltd,138000000.0,1,1,83.2,4.28,77.03
Sunstrong International Pte. Ltd.,120000.0,1,1,91.3,5.0,74.36
Supratechnic Pte Ltd,804410.24,3,2,94.81,4.14,95.52
Surbana Site Supervisors Pte Ltd,119500.0,2,1,80.72,4.14,78.59
Surbana Technologies Pte Ltd,3257962.5,1,1,84.39,4.57,67.83
Surfing Technology Beijing Ltd,664500.0,2,2,79.86,4.12,92.75
Swee Bee Contractor Pte Ltd,34459264.42,15,7,81.42,3.08,63.04
Synchron Electrical Services Pte Ltd,2640000.0,2,1,77.7,4.78,43.05
Synopsys International Limited,540300.0,3,3,80.8,2.9,85.69
Syntech Chemicals Pte Ltd,39225.0,2,2,99.36,3.85,87.11
Syntech Engineers Pte Ltd,55500.0,1,1,80.68,4.82,82.14
Sysmatic Global Pte Ltd,329000.0,1,1,89.01,3.89,64.98
T H CHUAH & PARTNERS LLP,165700.0,9,1,83.98,3.68,77.41
T&T PROGRESS ENTERPRISE,4631918.8100000005,6,6,97.43,4.63,75.22
T-SYSTEMS SINGAPORE PTE. LTD.,2158869.0,2,2,98.49,3.59,72.63
T. ROWE PRICE SINGAPORE PRIVATE LTD.,150001.0,2,2,94.91,3.37,92.12
T.E.M. TECHNILIFT,93052.94,1,1,90.45,4.26,67.53
T.G ENGINEERING PTE. LTD,373227.0,2,2,86.15,3.99,81.16
T.J.CHIAM SURVEYORS PTE. LTD.,0.0,2,1,78.47,3.35,89.94
T.K.H DECO PTE. LTD.,145532.0,4,2,100.0,4.48,81.81
T.K.H LIGHTING & ELECTRICAL TRADING PTE. LTD.,399200.0,2,1,81.92,4.38,90.41
T.O.P DESIGN & ENGINEERING PTE. LTD.,379000.0,1,1,93.31,3.88,83.64
T.Y. Lin International Pte. Ltd. / DP Architects Pte Ltd,5991909.1,1,1,96.48,3.93,82.29
T.Y.LIN INTERNATIONAL PTE. LTD.,11012593.1,9,5,83.56,4.38,81.67
T.Y.LIN INTERNATIONAL PTE. LTD. / DP ARCHITECTS PTE LTD / HASSELL ARCHITECTURE (SINGAPORE) PTE. LTD.,10865396.49,1,1,96.3,4.81,84.13
T3I GROUP LLC,153600.0,1,1,94.11,3.93,74.14
TA.LE DESIGN PTE. LTD.,131000.0,1,1,100.0,4.49,64.98
TABERNACLE (AUTO) SERVICES PTE LTD,27560.0,1,1,84.25,4.44,87.54
TABULA RASA,187550.0,1,1,77.71,4.63,89.62
TAC CONTRACTS PTE. LTD.,369700.0,2,2,83.96,4.12,80.52
TACTIC ENGINEERING PTE LTD,7470000.0,1,1,89.67,3.55,72.52
TACTIC PUBLIC RELATIONS,2850978.5300000003,5,5,88.47,3.82,62.42
TACTICS SYSTEM ENGINEERING PTE LTD,565000.0,3,3,84.85,4.31,78.86
TAG TEAM INC. PTE. LTD.,607608.0,2,2,72.73,5.0,64.51
TAI HEE ENGINEERING TRADING PTE. LTD.,127250.0,1,1,91.76,3.81,63.11
TAI HING PRIVATE LIMITED,1.0,1,1,100.0,4.58,77.79
TAI LOO INDUSTRIAL WORKS (PTE.) LTD.,1697633.4,7,3,91.71,3.9,70.36
TAI SIN RADIO & ELECTRICAL PTE. LTD.,1012106.87,1,1,92.87,4.17,81.45
TAI YONG CONSTRUCTION PTE. LTD.,74695270.0,4,3,92.58,5.0,76.41
TAIGER SINGAPORE PTE. LTD.,818590.0,2,2,91.18,4.56,71.93
TAIGER SPAIN S.L.,1435259.9000000001,2,2,95.45,3.36,60.95
TAIKISHA (SINGAPORE) PTE. LTD.,121068.0,1,1,91.16,3.76,69.47
TAIKO MARKETING (S) PTE LTD,14389554.0,7,1,85.5,4.85,69.84
TAILER INT'L PTE. LTD.,487600.0,1,1,81.63,4.19,65.75
TAILONG INVESTMENT PRIVATE LIMITED,157056.0,1,1,86.01,3.41,74.71
TAISEI CORPORATION,20430020.0,1,1,90.51,3.61,66.53
TAISHAN SPORTS ENGINEERING PTE. LTD.,1584278.8,13,8,85.47,4.52,76.36
"TAIYO CHIKURO INDUSTRIES CO, LTD. (SINGAPORE BRANCH)",24616000.0,4,1,90.51,4.7,80.4
TAKASAGO SINGAPORE PTE. LTD.,27579501.0,7,2,91.51,4.11,69.74
TAKNET SYSTEMS PTE LTD,2043300.0,6,2,94.67,5.0,82.25
TALENT MUSIC PTE. LTD.,1.0,1,1,98.26,4.59,64.39
TALENT PLUS PTE. LTD.,1407162.46,2,1,88.62,3.95,66.88
TALENTVIS SINGAPORE PTE. LTD.,23360.8,4,3,77.54,3.61,76.87
TAMAGOH PRODUCTIONS PTE. LTD.,52800.0,1,1,85.24,3.52,84.87
TAMERTON PTE. LTD.,368.5,2,2,88.35,4.3,86.67
TAMIL MURASU,1.6,1,1,73.31,3.81,94.12
TAN & CHANG PROPERTY CONSULTANTS,0.02,2,1,99.11,5.0,74.23
TAN + TSAKONAS ARCHITECTS,1691907.9,4,4,89.14,4.98,76.72
TAN AIK KEE KEN STEVEN,12000.0,1,1,91.05,4.48,67.67
TAN CHING CHING,3200.0,1,1,98.92,3.39,65.46
TAN CHONG MOTOR SALES PTE LTD,3352810.0,13,10,82.96,3.7,80.29
TAN JUN LIANG,93600.0,1,1,92.59,4.85,70.24
TAN MARINE ENGINEERING WORK,101220.0,1,1,87.12,3.76,90.32
TAN MAY AI HILDA MRS.HILDA CHUA,122203.0,2,2,86.53,4.77,63.38
TAN PHAYE PHAYE,333540.0,3,1,81.82,4.38,82.86
TAN QING LUN,13020.0,1,1,100.0,4.13,67.94
TAN RAJAH & CHEAH,8251.0,3,3,85.0,3.68,69.8
TAN SEE HANG,120750.0,3,1,93.6,4.04,83.39
"TAN SI LIN, GLORIA",48000.0,1,1,73.0,4.21,71.24
TAN SIN BOO,88870.0,1,1,97.44,4.72,72.84
TAN SOON HUAH GAS SUPPLY PTE. LTD.,1.0,1,1,96.42,3.57,69.88
TAN TENG CHUAN STEVEN,108000.0,1,1,88.78,3.94,95.85
TAN TENG HOOI,250000.0,1,1,86.18,4.13,71.83
TAN TER WEN JESSIE,1.0,1,1,91.2,4.5,78.52
TAN TOCK SENG HOSPITAL PTE LTD,343900.0,2,2,100.0,3.55,75.98
TAN YI LIN ALINA,1.0,1,1,73.89,3.31,80.21
"TAN,CHAN & PARTNERS",394652.0,2,1,94.26,4.5,71.85
TANAH TEMASIK SDN. BHD.,143176.8,2,1,80.71,3.19,75.99
TANG JIA,161600.0,1,1,87.84,4.87,81.94
TANG K.L. ENGINEERING PTE LTD,621632.8,1,1,86.02,4.01,69.37
TANG KHIN WAI & CO,288.0,1,1,84.57,3.17,88.89
TANG'S ENGINEERING PTE LTD,16166710.0,14,9,87.92,3.81,89.85
TANGIBLE PTE. LTD.,424000.0,2,2,78.93,4.33,84.06
"TANGSHAN BAICHUAN INTELLIGENT MACHINE CO.,LTD",44392100.0,4,1,96.23,3.78,78.7
TANHAN TRADING,179306.0,2,2,73.65,4.11,48.09
TANJUNG P TRADING,35951.99,1,1,92.32,4.54,82.24
TANTRA INCORPORATED PTE. LTD.,1579930.0,7,1,85.39,3.98,74.09
TANTRACO ENTERPRISE PTE LTD,178790.0,1,1,78.63,3.54,75.54
TARKUS INTERIORS PTE LTD,5227383.0,2,1,89.62,3.92,59.03
TASEK JURONG LIMITED,707410.6,1,1,75.54,4.95,82.94
TAT HIN BUILDERS PTE LTD,42674000.0,2,1,88.32,5.0,63.51
TAT HIN TIMBER (PTE) LTD,519750.0,1,1,76.62,2.89,79.18
TAT LEE SANITARY & PLUMBING PTE LTD,2540000.0,1,1,91.69,4.75,87.05
TAT SOON PTE. LTD.,965510.0,3,3,80.61,4.25,73.31
TAT WAI ENTERPRISE PTE LTD,5373329.0,1,1,84.39,4.65,90.16
TATA COMMUNICATIONS INTERNATIONAL PTE. LTD.,1977967.68,2,1,90.35,3.77,70.53
TATA CONSULTANCY SERVICES ASIA PACIFIC PTE. LTD.,1680.0,1,1,81.82,3.04,84.0
TATE ANZUR PTE. LTD.,4747171.0,7,3,87.54,4.45,64.95
TATEOT 28 PROJECT & TRADING PTE LTD,148000.0,5,2,75.89,3.54,88.31
TAY HAO CONSTRUCTION PTE. LTD.,350000.0,2,2,93.05,3.27,86.76
TAY HAO PAINT WORKS PTE LTD,14335894.0,20,10,100.0,3.31,82.68
TAY SCIENTIFIC INSTRUMENTS SDN. BHD.,40409.54,4,1,100.0,4.46,74.07
TAY SIEW CHOO,50.0,1,1,88.73,4.18,63.98
TAYLOR & FRANCIS ASIA PACIFIC,40245.53,1,1,94.31,4.57,74.09
TAYLOR NELSON SOFRES HONG KONG LIMITED,123900.0,2,2,73.75,4.5,89.1
TAYLOR NELSON SOFRES MALAYSIA SDN. BHD.,3470013.86,5,3,100.0,3.85,79.3
TBWA HONG KONG LIMITED,1500000.0,1,1,94.21,4.06,62.47
TBWA SINGAPORE PTE LTD,1.0,1,1,84.13,3.79,66.75
TC & Friends,53718.0,1,1,97.9,3.97,90.53
TCAM TECHNOLOGY PTE. LTD.,55944.0,1,1,85.96,3.52,82.88
TCB SPORTS PTE LTD,7238020.76,10,3,84.34,4.33,65.66
TCE@SYSTEMS,315016.45,1,1,91.8,4.75,60.34
TCP GLOBAL PTE. LTD.,682549.2,2,2,79.49,3.61,71.75
TD GLOBAL SOLUTIONS PTE. LTD.,437826.0,1,1,96.17,4.87,59.49
TDCX (SG) PTE. LTD.,8566830.84,1,1,79.55,4.17,76.44
TDS SINGAPORE PTE. LTD.,5980760.72,3,3,79.6,4.24,100.0
TDS TECHNOLOGY (S) PTE LTD,748000.0,2,2,80.72,3.08,62.03
TEACLY (S) PTE. LTD.,91476847.42,11,1,94.08,3.02,76.14
TEAM AXIS CORPORATE PTE. LTD.,760140.0,12,3,83.07,4.19,91.12
TEAM AXIS PTE. LTD.,3234662.0,7,2,77.22,4.57,85.49
TEAM CATERING PTE. LTD.,3056305.33,5,4,83.15,3.7,76.51
TEAM DESIGN ARCHITECTS PTE LTD,24.35,3,1,87.74,5.0,76.54
TEAM EXCELLENCE TRAINING & CONSULTANCY,2.0,1,1,78.55,4.54,66.44
TEAM ONE TECHNOLOGIES PTE LTD,572001.0,2,2,78.79,3.55,75.32
TEAMBUILD ENGINEERING & CONSTRUCTION PTE. LTD.,1219744983.0,13,2,100.0,4.12,80.43
TEAMBUILDING SINGAPORE PTE. LTD.,1.0,1,1,81.12,5.0,89.05
TEAMVISION TOURS AND TRAVEL PTE LTD,44917.2,2,1,85.42,3.35,71.8
TEC REVOX ENGINEERING PTE LTD,533435.0,1,1,85.06,4.42,76.1
TECH DIGITAL PTE. LTD.,9985989.45,2,2,84.63,3.91,68.51
TECH MAHINDRA LIMITED (SINGAPORE BRANCH),80334971.56,19,11,92.97,4.52,80.25
TECH-LAB SCIENTIFIC SDN. BHD.,5134.27,2,1,95.59,4.86,85.84
TECH-LINK STORAGE ENGINEERING PTE LTD,33.0,1,1,85.55,3.87,84.3
TECHART GLOBAL PTE. LTD.,17759545.43,36,10,78.11,4.77,66.3
TECHBRIDGE MARKET HOLDINGS PTE. LTD.,326501.0,3,2,98.2,5.0,79.47
TECHCO (PRIVATE) LIMITED,1496.0,1,1,87.24,4.14,71.23
TECHCOM SOLUTIONS PTE. LTD.,1231279.9000000001,8,5,100.0,4.57,88.11
TECHCOMP (SINGAPORE) PTE. LTD.,419192.85,9,5,70.04,3.75,76.39
TECHDIRECT PTE. LTD.,1177121.8,1,1,89.56,4.11,62.8
TECHLYON PTE. LTD.,3001408.0,6,5,100.0,3.99,75.8
TECHNIC INTER-ASIA PTE LTD,23500.0,2,1,85.17,4.58,82.58
TECHNICS COMMUNICATION & ELECTRONICS PTE LTD,128320.0,1,1,86.2,4.82,80.44
TECHNICS STEEL PTE. LTD.,119800.0,1,1,90.36,4.03,72.88
TECHNIQUES AIR-CONDITIONING & ENGINEERING PTE LTD,146549181.0,3,1,83.53,5.0,72.15
TECHNO CE PTE. LTD.,6055000.0,2,1,85.5,5.0,68.12
TECHNOCHEM ENVIRONMENTAL COMPLEX PTE. LTD.,1075744.0,3,3,85.3,4.61,74.05
TECHNOLITE (SINGAPORE) PTE LTD,2388000.0,1,1,82.98,3.79,69.44
TECHNOVATOR INTERNATIONAL LIMITED,1721190.0,1,1,97.83,3.73,87.7
TECHSOURCE SYSTEMS PTE LTD,2360990.3,4,3,91.69,3.61,68.99
TECHTRON CHAIR LINE (S) PTE. LTD.,789522.8,2,2,90.01,4.67,79.22
TECHXPRESS PTE. LTD.,677605.0,4,3,94.47,3.37,78.54
TECK GHEE YOUTH CENTRE,26940.0,1,1,85.89,4.51,87.46
TECK HENG LANDSCAPE AND CONSTRUCTION PTE. LTD.,60353960.05,10,1,81.81,3.45,88.89
TECK PHOTO,500001.0,2,2,83.18,4.59,84.96
TEE ENVIRONMENTAL PTE. LTD.,7404420.0,3,2,88.01,4.11,81.53
TEE HAI CHEM PTE LTD,598176.4199999999,6,3,79.53,4.9,67.51
"TEE HAN YING, JILYN",67460.0,4,1,84.0,4.78,67.31
TEE Medical Services Pte. Ltd.,226299.0,1,1,83.87,4.96,69.54
TEEHAUSE,19660.0,1,1,100.0,4.98,85.52
TEEHAUSE PTE. LTD.,298.1,1,1,65.81,4.19,78.73
TEHC INTERNATIONAL PTE. LTD.,11863393.0,2,2,86.56,3.4,86.69
TEHO PROPERTY CONSULTANTS PTE. LTD.,1.02,3,2,100.0,3.47,88.03
TEKMARK PTE. LTD.,40379.25,1,1,88.97,2.85,70.74
TELCO PTE LTD,1795000.0,1,1,94.03,3.45,78.32
TELE-CENTRE SERVICES PTE LTD,13734631.2,10,9,88.8,4.14,77.87
TELEACE (S) PTE. LTD.,169992.0,1,1,82.66,3.76,74.72
TELEDIRECT PTE LTD,1.0,1,1,70.06,3.99,72.65
TELEMARKETING ASIA (SINGAPORE) PTE LTD,2981294.4299999997,2,2,89.64,4.4,89.85
TELERADIO ENGINEERING PTE. LTD.,1751764.25,4,2,81.8,3.92,78.52
TELESCIENCE SINGAPORE PTE LTD,170375.0,1,1,81.6,3.43,78.13
TELETOUCH COMMUNICATIONS SDN. BHD.,8722.25,1,1,84.01,4.07,69.97
TELIMAX TECHNOLOGY (S) PTE. LTD.,30110.0,1,1,100.0,3.56,84.75
TELTEC SEMICONDUCTOR PACIFIC (SINGAPORE) PTE LTD,399599.19999999995,2,2,100.0,3.94,67.95
TEM SA/NV,312320.13,1,1,89.74,4.91,82.55
"TEMASEK CLUB, THE",77.0,1,1,84.28,3.94,82.82
TEMBUSU ASIA CONSULTING PTE. LTD.,1049490.0,2,2,78.58,5.0,73.87
TEMBUSU EVENTS AND COMMUNICATIONS PTE. LTD.,24344.0,1,1,91.75,4.96,81.18
TEMPCOOL ENGINEERING (S) PTE. LTD.,220000.0,1,1,100.0,3.75,79.86
TEMPLETON ASSET MANAGEMENT LTD,200002.28,3,3,86.02,3.43,77.61
TEMPRESS SYSTEMS B.V.,743059.0,1,1,68.97,4.07,78.13
TEMPSERV PTE.LTD.,592.4,1,1,93.36,4.79,78.62
TENARCHITECTS,24.380000000000003,3,3,95.88,3.81,79.3
TENNIS ALLEGIANCE GROUP INTERNATIONAL LLP,720.0,1,1,75.31,4.64,78.6
TENON CONSTRUCTION PTE. LTD.,4596000.0,6,6,89.41,4.83,66.96
"TEO YONG MING, YONVIN",2750.0,2,1,91.61,3.64,76.48
TEOH ENG KEAN,242626.0,2,2,87.42,3.69,80.65
TEOH HUI JOO,1.0,1,1,81.67,4.53,78.97
TEP CONSULTANTS PTE LTD,0.0,2,1,96.13,4.19,87.54
"TERA-PRINT, LLC",139440.65,1,1,84.77,3.69,84.2
TERRA SG PTE. LTD.,2544680.0,2,2,76.12,3.89,69.3
TERRA SOL PRIVATE LIMITED,198068.13,1,1,71.6,4.06,76.33
TERRA SYSTEMS PTE. LTD.,10938513.0,17,15,98.09,3.16,74.89
TERRA UPCYCLE PTE. LTD.,29240.0,1,1,92.93,4.56,77.96
TERRABIT NETWORKS PTE. LTD.,4206158.72,4,2,88.7,3.81,77.97
TERRABYTE SYSTEMS (S) PTE. LTD.,7402.8,2,1,84.48,2.43,84.12
TERS CONSULTING PTE. LTD.,26990.0,2,1,83.77,4.09,79.77
TERUMO BCT ASIA PTE. LTD.,1623000.0,3,1,79.39,3.66,90.31
TESCOM (SINGAPORE) SOFTWARE SYSTEMS TESTING PTE LTD.,803650.0,4,4,84.55,5.0,80.41
TEST SYSTEM INTEGRATION PTE. LTD.,250200.0,1,1,71.04,3.75,69.69
TG TOURS PTE. LTD.,6960.0,1,1,82.11,3.44,73.33
TGE CONSULTING ENGINEERS,1462500.0,1,1,85.51,4.4,84.04
TGG PTE. LTD.,57626018.5,5,2,92.88,3.7,61.86
TGI OFFICE AUTOMATION,80065.35,1,1,87.68,3.63,64.54
THALES AUSTRALIA LIMITED,2261883.98,1,1,94.36,4.41,78.11
THALES SOLUTIONS ASIA PTE. LTD.,4863694.41,6,5,98.79,3.48,87.51
THAM & NG PROPERTIES,2.01,3,2,96.47,3.23,91.07
THAMARAI TEX,81400.0,2,1,91.76,5.0,75.83
THASWATER SDN.BHD,1013483.4,1,1,88.09,4.45,88.61
THATZ INTERNATIONAL PTE LTD,2.0,2,1,80.15,3.94,78.72
THE 2ND POST,30000.0,1,1,93.92,4.1,62.69
THE ARCHERY ACADEMY,12000.0,1,1,100.0,4.4,77.92
THE AUDIENCE MOTIVATION COMPANY ASIA PTE LTD,11371063.74,18,4,90.74,4.68,71.81
THE AUSTRALIAN CENTRE FOR VALUE MANAGEMENT PTY LTD,46500.0,1,1,100.0,3.65,87.18
THE BAND WORLD,2.0,2,1,75.8,4.32,77.74
THE BARRACKS HOTEL SENTOSA,104.5,1,1,78.77,3.8,65.22
THE BOSTON CONSULTING GROUP PTE. LTD.,5000000.0,1,1,94.84,3.99,63.0
THE BOSTON CONSULTING GROUP SINGAPORE PTE. LTD.,12466161.0,12,10,90.11,4.2,77.79
THE BRAND UNION PTE. LTD.,172100.0,1,1,98.51,4.1,53.8
THE BRATTLE GROUP LIMITED,3002059.5,2,1,87.88,4.54,72.82
THE BUILDERS (HUP HUAT) CORPORATION PTE. LTD.,5583480.0,4,3,81.06,4.39,80.31
THE BUSYBODY PEOPLE PTE. LTD.,71029.0,1,1,86.29,3.2,67.43
THE CATERERS PTE. LTD.,1785714.28,1,1,75.74,3.29,87.94
THE CELLAR DOOR PTE LTD,15150.0,1,1,78.97,3.88,89.91
THE CHANGI MUSEUM PTE LTD,27.0,1,1,95.78,5.0,67.83
THE COMPLEAT STORE PTE. LTD.,198940.0,2,2,94.98,3.59,75.02
THE CPL DIGITAL ENTERTAINMENT PTE. LTD.,100000.0,1,1,90.9,3.98,87.95
THE CREATIVE ROOM PTE. LTD.,98250.0,1,1,74.23,3.78,77.99
THE CYBER ASSEMBLY PTE. LTD.,167300.0,1,1,85.13,3.77,64.06
THE DANCESPORT ACADEMY PTE. LTD.,14400.0,1,1,78.2,4.21,76.57
THE ECONOMIST INTELLIGENCE UNIT LIMITED,243848.0,1,1,97.41,4.94,69.47
THE EDUCATION ADVOCATES PTE. LTD.,108507.0,1,1,83.33,4.37,89.08
THE ELIZABETH,154.0,1,1,79.31,3.62,84.06
THE ENTERTAINER PTE. LTD.,150000.0,1,1,88.24,5.0,74.86
THE EVENT EXPERIENCE PTE. LTD.,115644.0,2,2,82.88,4.15,79.42
THE EVENTS ARTERY PTE. LTD.,4270612.7,14,5,99.87,3.75,64.92
THE EVENTS CLUB SG PTE. LTD.,5939511.0,5,4,82.12,4.95,70.46
THE EVENTS STATION PTE. LTD.,190001.0,3,3,76.81,3.82,93.53
THE EXPERIENCES FIRM PTE. LTD.,78951.0,2,2,70.78,5.0,78.54
THE FAMILY MOVERS (SINGAPORE) PTE. LTD.,98100.0,2,2,87.75,3.58,87.3
THE FAT FARMER,4.5,2,1,83.5,4.96,80.32
THE FOOD EXPLORER PTE. LTD.,198000.0,2,1,76.57,4.22,91.14
THE GALLUP ORGANIZATION (SINGAPORE) PTE LTD,37500.0,1,1,97.51,4.87,58.01
THE GO-AHEAD GROUP PLC,497738104.0,1,1,93.34,5.0,76.12
THE GREAT EASTERN LIFE ASSURANCE COMPANY LIMITED,3726677.0,2,2,87.77,3.42,94.45
THE GYM NATION PTE. LTD.,99994.0,1,1,98.91,4.87,87.56
THE HAPPY FISH LLP,1.34,1,1,93.3,3.25,91.25
THE HOFFMAN AGENCY ASIA PACIFIC PTE LTD,419840.0,2,2,81.42,3.47,77.93
THE HOMELAB PTE. LTD.,765838.86,9,3,79.69,3.62,72.63
THE HONGKONG AND SHANGHAI BANKING CORPORATION LIMITED,6.6,2,2,94.54,4.4,67.73
THE HUMMINGBIRD CO. PTE. LTD.,76005.0,1,1,91.17,4.12,67.03
THE IDEA LABORATORY PTE. LTD.,225006.0,2,2,89.36,4.0,86.07
THE JOYOUS VET PTE. LTD.,172507.23,1,1,81.23,4.19,83.13
THE LANTAU GROUP (HK) LIMITED,388250.0,4,1,92.86,4.45,77.33
THE LEGENDS FORT CANNING PARK PTE. LTD.,285937.0,4,4,81.96,4.5,83.08
THE LENS MEN PTE LTD,507300.0,1,1,87.18,4.76,79.42
THE LENTOR RESIDENCE PTE LTD,4900005.0,6,1,99.58,5.0,87.62
THE LIFE CELEBRANT PTE. LTD.,2655.19,1,1,82.71,4.09,87.53
THE LIFESAVING SWIM,142144.0,2,1,75.42,3.79,67.34
THE LITTLE VOICE PTE. LTD.,492800.0,6,1,79.58,4.47,80.74
THE MAGIC AVENUE LLP,49300.0,1,1,95.95,3.41,61.31
THE MEANS LTD,93275.0,1,1,90.04,3.69,79.33
THE MEDIA SHOP GROUP PTE. LTD.,1083511.6,2,2,86.97,4.7,84.04
THE MEDIA VILLAGE PTE LTD,782057.2,2,2,83.93,4.03,64.86
THE MEYER CONSULTING GROUP PTE. LTD.,248400.0,1,1,91.88,3.38,73.84
THE MILL INTERNATIONAL PTE LTD,58800.0,1,1,81.21,3.21,78.1
THE NATURAL ENVIRONMENT RESEARCH COUNCIL,2132145.05,1,1,90.45,4.13,80.34
THE NETWORK HUB PTE. LTD.,2365751.0,3,2,82.15,4.79,75.21
THE NIELSEN COMPANY (SINGAPORE) PTE. LTD.,11617550.219999999,18,11,80.82,4.78,66.28
THE NUTGRAF HOLDINGS PTE. LTD.,232400.0,2,2,82.9,4.17,77.46
THE NUTGRAF LLP,1967263.0,5,4,85.0,5.0,61.48
THE ONLINE EDITION,117000.0,2,1,87.61,4.04,75.67
THE OUTPOST HOTEL SENTOSA,379.5,2,1,89.88,4.02,73.59
THE PACIFIC INSURANCE BERHAD,154816.62,1,1,58.49,2.56,76.66
THE PAN PACIFIC HOTEL SINGAPORE,3183964.19,14,6,81.54,3.83,72.41
THE PEOPLE AT WORK PTE. LTD.,1.0,1,1,84.87,4.61,62.92
"THE PESTMAN, PTE LTD",4667490.0,8,8,100.0,5.0,74.34
THE PRESENTING COMPANY PTE. LTD.,135200.0,2,1,79.36,3.6,87.31
THE PRESS ROOM,3000.0,1,1,89.3,4.38,90.61
THE PRINT LODGE PTE. LTD.,3200.0,1,1,99.96,4.73,100.0
THE PRODUCTION INITIATIVE PTE. LTD.,47250.0,1,1,77.5,4.11,94.92
THE QUINCY HOTEL,1061.5,3,2,91.15,2.73,66.03
THE REALLY BIG IMPACT COMPANY PTE. LTD.,299910.0,1,1,81.58,4.25,73.92
THE REGENT SINGAPORE,42174.0,5,2,83.96,4.56,77.77
THE RESILIENZ CLINIC PTE. LTD.,4108860.0,3,1,81.58,3.53,77.14
THE RIGHT ANGLE PTE. LTD.,72313.0,1,1,82.15,3.95,78.7
"THE RITZ-CARLTON, MILLENIA SINGAPORE",478927.9,10,4,100.0,3.41,100.0
THE RSA GROUP PTE. LTD.,156000.0,2,2,94.76,2.56,67.18
THE SHOPHOUSE & CO GROUP PTE. LTD.,1614250.0,6,4,96.81,4.72,70.86
THE SHOW COMPANY PTE LTD,15292894.9,10,2,91.94,4.1,94.44
THE SIGNMAKERS INTERNATIONAL PTE LTD,138750.0,1,1,75.15,5.0,71.84
THE SINGAPORE ASSOCIATION FOR THE DEAF,6160.0,2,2,91.16,4.61,81.94
THE SINGAPORE RESORT & SPA,291467.0,5,3,96.58,3.89,88.35
THE SMART LOCAL PTE. LTD.,351602.81,3,2,81.17,4.05,82.86
THE SOFTWARE PRACTICE PTE. LTD.,2797442.25,5,4,95.72,4.44,79.92
THE SR GROUP (SINGAPORE) PTE. LTD.,1.0,1,1,93.63,4.68,87.39
THE STAR PERFORMING ARTS CENTRE,74400.0,3,1,100.0,4.29,69.07
THE THERAPY ROOM,148005.0,1,1,84.66,4.76,73.04
THE THINC GROUP PTE. LTD.,1181272.13,5,3,79.22,3.92,83.36
THE THOUGHT COLLECTIVE PTE. LTD.,180508.5,2,2,85.11,3.5,57.31
THE WALSHE GROUP PTY LTD,100996.49,1,1,99.48,4.06,92.17
THE WINE DISTRIBUTION CO. PTE. LTD.,10000.0,1,1,73.37,4.22,81.03
THE WORKBENCH LLP,36686.65,2,2,71.45,3.38,79.53
THE X COLLECTIVE PTE. LTD.,1822084.0,1,1,88.72,3.3,61.69
THEKNOWLEDGE-LAB PTE. LTD.,96001.5,1,1,84.46,4.37,65.13
THEMOMENTUM PTE. LTD.,145570.0,1,1,88.06,3.86,74.01
THEMOZHI PTE. LTD.,184616.0,2,1,95.56,4.0,86.07
THENG LIANG LEE SERVICES PTE LTD,30348772.0,11,6,83.58,3.88,57.23
THERMO FISHER SCIENTIFIC PTE. LTD.,19201168.62,35,7,73.02,5.0,85.88
THERMO SCIENTIFIC MICROBIOLOGY PTE. LTD.,1016476.0,11,5,100.0,4.86,74.4
THEVOICE PRODUCTIONS,1262190.0,4,3,80.02,3.36,75.77
THINK 360 INCORPORATED,994249.27,5,1,79.53,3.78,80.54
THINK TANK STUDIO PTE. LTD.,2533659.0,8,4,96.83,4.61,80.69
THINKFARM PTE. LTD.,1009332.23,6,3,84.92,4.46,70.88
THINKING MANAGEMENT TECHNIQUES PTE. LTD.,1.0,1,1,87.49,4.08,84.25
THINKING THEATRE PTE. LTD.,242400.0,1,1,91.86,3.42,54.81
THINKPLACE SINGAPORE PTE LTD AND THINKPLACE PTY LTD,158257.0,1,1,96.67,3.69,73.5
THINKPLACE SINGAPORE PTE. LTD.,1901654.0,15,9,85.33,3.79,79.54
THINKSECURE PTE. LTD.,937800.0,1,1,100.0,4.27,74.55
THIRD SIGHT PTE LTD,1725333.01,2,2,70.91,5.0,59.73
THIRD SIGHT PTE. LTD.,3462534.0,4,4,94.08,3.69,85.58
THK ENGINEERING PTE. LTD.,135101.0,2,1,81.28,3.48,65.52
THOHA TRAVELS & TOURS PTE. LTD.,984.0,1,1,98.98,4.03,77.32
THOMAS CARLINGTON & ASSOCIATES PTE. LTD.,403200.0,1,1,89.14,4.72,79.53
THOMAS MICHAEL FLEMING,133600.0,1,1,82.62,3.23,78.2
THOMSON MEDICAL PTE. LTD.,3784800.0,1,1,93.3,4.97,89.69
THOMSON REUTERS ASIA PTE. LTD.,801691.0,5,3,95.15,4.0,77.47
THONG (CE) CONSTRUCTION PTE LTD,2287000.0,1,1,93.14,3.66,82.27
THONG CHEW FOOD INDUSTRIES PTE LTD,10405165.44,11,7,79.76,3.14,77.44
THONG HAI PTE. LTD.,2252522.12,2,1,84.13,4.52,84.13
THONG HUAT BROTHERS (PTE) LIMITED,180520700.0,6,4,87.97,4.0,91.93
THONG HUP GARDENS PTE LTD,34698.0,3,2,87.67,4.2,79.38
THONG ON INDUSTRIES PTE LTD,35440.0,1,1,94.0,3.56,85.82
THOUGHTS CREATIONS,543563.9,2,1,71.88,3.91,92.55
THOUGHTWORKS AUSTRALIA PTY LTD,1.0,1,1,90.67,3.81,91.57
THOUGHTWORKS PTE. LTD.,3.0,3,2,85.68,4.04,74.15
THREE LEARNING PTE. LTD.,1019390.56,7,7,81.29,3.7,88.36
THU KHA CONSTRUCTION GROUP COMPANY LIMITED,1575310.01,2,1,82.06,3.18,80.49
THUNDER ROAD PROJECTS,84500.0,1,1,86.28,5.0,89.17
THYE CHUAN ENGINEERING CONSTRUCTION CO. PTE LTD,746110.0,1,1,59.19,3.28,83.69
THYE HONG ESOLUTIONS PTE. LTD.,506412.0,2,2,82.39,4.21,80.76
THYE HUA KWAN MORAL CHARITIES LIMITED,2893441.0,5,3,80.99,3.04,82.34
THYE HUA KWAN NURSING HOME LIMITED,569.0,2,1,92.26,2.9,80.55
THYE SIANG HOE KEE CONTRACTOR PTE LTD,1562948.0,1,1,81.56,4.16,80.94
THYGRACE MARKETING,15150.0,1,1,86.28,4.2,76.41
THYME FOOD & SERVICES PTE. LTD.,2622652.87,6,4,100.0,4.86,75.48
TIAN NGOH CONTRACTORS PTE. LTD.,2787.0,1,1,95.95,4.34,95.63
TIAN SAN SHIPPING (PRIVATE) LIMITED,80436346.24000001,4,3,95.22,4.01,82.78
TIEN SENG ENGINEERING PTE. LTD.,2420287.0700000003,2,1,84.0,3.53,72.27
TIGER HONG SECURITY SERVICES & CONSULTANTS PTE. LTD.,6675034.0,2,2,92.34,5.0,75.23
TIGERSPIKE PTE. LTD.,1.0,1,1,86.13,4.66,88.56
TIL CONCEPTS (PTE.) LTD.,195900.0,1,1,86.43,3.35,70.64
TILT PTE. LTD.,494612.64,8,6,91.28,4.12,63.18
TIM DELIGHT PTE. LTD.,3706.0,4,1,83.22,4.19,63.92
TIMBERLUX INTERNATIONAL PTE LTD,280000.0,1,1,99.94,3.89,60.71
TIMBRE GROUP PTE. LTD.,7629800.04,1,1,86.72,4.56,65.01
TIMES CHEMICALS (PTE) LTD,232970.0,2,2,92.95,4.6,66.19
TIMES PRINTERS PRIVATE LIMITED,2009190.63,6,4,99.64,3.99,91.85
TIMESWORLD TRAVEL & EDUCATIONAL TOURS PTE LTD,112299.0,1,1,96.25,3.93,77.54
TIMOTHY NG LLC,10080.0,1,1,76.73,5.0,74.37
TIN HLAING,10000.0,1,1,91.56,4.66,63.57
TINDO PTE. LTD.,598280.0,2,2,94.81,4.14,76.57
TINKERTANKER PTE. LTD.,425531.0,8,4,95.13,3.12,60.63
TIONG HENG TRANSPORT PTE. LTD.,216000.0,1,1,79.09,4.31,74.31
TIONG SENG CONTRACTORS (PRIVATE) LIMITED,1381905464.0,10,7,82.74,4.52,98.64
TIPTOP CONSULTANTS PTE LTD,56500.0,1,1,95.96,2.45,84.64
TIRIBELLO FABRIZIO,50.0,1,1,81.91,4.25,75.9
TISSUE SOLUTIONS LIMITED,103878.28,1,1,85.6,3.85,84.98
TITAN FACILITIES MANAGEMENT PTE. LTD.,2676200.0,2,2,100.0,3.97,72.78
TITANIUM SAFETY & SECURITY PTE. LTD.,3038640.0,3,3,87.62,3.56,69.99
TITO ISAAC & CO LLP,160840.0,5,4,82.19,4.01,95.04
TJ INTERIOR FURNISHING SUPPLIES PTE LTD,69960.0,1,1,80.98,4.94,66.58
TJ SYSTEMS (S) PTE LTD,1000855.0,2,2,90.66,3.83,74.46
TJ Systems (S) Pte Ltd,11448962.33,16,4,77.33,4.68,81.06
TJGYM,146400.0,2,1,86.02,3.62,68.64
TKB C-E CONTRACTOR PTE. LTD.,191172426.59,14,5,90.67,4.56,84.51
TKF PROJECT PTE. LTD.,880.0,2,1,98.39,4.1,74.93
TKL APPRAISAL PTE LTD,0.01,1,1,93.34,4.31,84.64
TKL APPRAISAL PTE. LTD.,0.01,1,1,82.29,4.1,83.86
TKS ENGINEERING PTE. LTD.,1391639.0,1,1,97.43,4.48,75.57
TLG HOLDINGS PTE. LTD.,56251.0,2,2,85.6,2.56,95.11
TMA EVENTS PTE. LTD.,547240.0,2,1,78.11,3.25,71.35
TME Systems Pte Ltd,2930524.9299999997,8,6,86.62,4.35,91.49
TMK SERVICES PTE. LTD.,252456.5,2,2,99.51,2.87,89.75
TNB ACCELERATOR PTE. LTD.,603333.3200000001,2,2,89.32,3.78,95.71
TNL ENGINEERING WORKS PTE LTD,250240.0,3,2,88.1,4.07,79.74
TNO,65300.0,1,1,100.0,3.6,70.11
TNT SURVEILLANCE PTE. LTD.,3628406.0,2,2,76.55,3.69,98.77
TO THE POINT PRIVATE LIMITED,1578000.0,1,1,77.72,4.26,74.65
TOA CORPORATION,434175000.0,2,2,75.07,4.71,69.86
TOH BAN SENG CONTRACTOR PTE LTD,7148100.0,3,2,90.98,3.52,76.1
TOH CHIN LEONG CONSTRUCTION PTE LTD,78664653.44,19,7,89.33,3.75,68.18
TOH FOOD PTE. LTD.,178497.0,4,2,100.0,3.66,83.26
TOH GARDEN,6064036.0,4,1,89.95,2.65,71.94
TOH GEOK KHENG,240.0,1,1,84.77,4.19,75.13
TOH KIM BOCK C-E CONTRACTOR PTE LTD,222471564.31,32,14,88.01,4.66,87.68
TOH TAN LLP,45000.0,1,1,88.94,4.71,84.24
TOH THYE SAN FARM,15150.0,1,1,74.63,3.58,78.16
"TOHO KASEI CO.,LTD.",1197673.0,1,1,100.0,3.35,79.71
TOKIO MARINE INSURANCE SINGAPORE LTD.,20586407.91,15,6,92.16,4.11,78.12
TOKIO MARINE INSURANS (MALAYSIA) BHD,53448.77,1,1,89.68,4.6,73.69
TOKYO ELECTRON LIMITED,570285.0,1,1,92.92,4.19,77.97
TOKYO SANGYO SINGAPORE PTE. LTD.,927100.0,2,1,93.68,4.27,82.91
TOKYO TOYOPET CO LTD,83889.32,1,1,86.88,4.79,76.74
TOM-RECK SECURITY SERVICES PTE LTD,4128520.0,4,3,82.95,3.66,82.2
TOMO TRAINING CONSULTING GROUP PTE. LTD.,69650.0,1,1,92.8,3.97,69.63
TOMOE TRANSTECH SPECIALTY GASES PTE LTD,19400.0,1,1,91.09,5.0,71.96
TONG HUAT TRADING CO. (PTE.) LTD.,222302.5,1,1,81.52,3.98,70.66
TONG LEI ENGINEERING AND CONSTRUCTION (SINGAPORE) PTE. LTD.,244822.71,1,1,99.35,3.34,72.35
TONG MENG FURNITURE CONSTRUCTION PTE. LTD.,11280.0,1,1,90.35,3.7,90.87
TONG SHING CONTRACTORS PRIVATE LIMITED,60559489.0,12,3,93.84,3.54,85.26
TONG TAR TRANSPORT SERVICE PTE LTD,23988681.0,18,12,99.14,4.31,67.23
TONG WEE PENG,1.0,1,1,88.18,3.56,82.37
TONG WEI JIE,7000.0,1,1,90.54,4.26,74.09
TOOLSEDGE PTE. LTD.,6493.28,1,1,94.48,3.66,71.18
TOP GUARD SECURITY MANAGEMENT PTE. LTD.,957600.0,2,2,82.2,2.83,63.14
TOP PARKING PTE LTD,70364.34,1,1,88.43,4.28,87.72
TOP PAVE PTE LTD,5480000.0,2,2,89.0,4.19,64.36
TOPCON SINGAPORE MEDICAL PTE. LTD.,38100.0,1,1,80.35,4.41,77.48
TOPCON SINGAPORE POSITIONING SALES PTE. LTD.,405330.0,1,1,100.0,3.7,68.54
TOPPAN ECQUARIA PTE. LTD.,28600912.0,5,4,76.74,3.63,85.76
TOPPAN FORMS (S) PTE LTD,164199.16999999998,3,3,77.62,4.34,74.66
TOPPAN SECURITY PRINTING PTE. LTD.,5363786.87,14,11,98.51,5.0,76.66
TOPZONE E&C PTE. LTD.,3173000.0,3,2,93.71,4.11,76.99
TORENE PROJECT,78000.0,1,1,79.79,4.35,81.03
TOSHIBA DATA DYNAMICS PTE LTD,1209664.5699999998,7,6,92.86,3.91,78.13
TOSHIBA TEC SINGAPORE PTE. LTD.,116550.0,1,1,99.74,3.17,77.57
TOSHIO (S) PTE LTD,109890.0,1,1,87.76,4.68,72.82
TOSHNIWAL GLOBAL SERVICES PTE. LTD.,207000.0,1,1,100.0,4.65,62.25
TOTAL EBIZ SOLUTIONS PTE. LTD.,8543686.51,17,16,74.21,4.53,66.81
TOTAL SOLUTION MARKETING PTE. LTD.,3237401.2,15,6,93.55,3.99,85.18
TOTAL SWIMMING PTE LTD,669390.0,4,1,97.33,4.46,74.94
TOTEX CORPORATION,603753.5,2,1,95.13,4.64,71.36
TOTT@97,25500.0,1,1,86.37,5.0,63.94
TOUCH COMMUNITY SERVICES LIMITED,58306.0,5,4,85.68,4.69,60.8
TOUCH FAMILY SERVICES LIMITED,4431540.0,10,4,91.55,4.14,70.97
TOUR CONNECTIONS PTE LTD,118050.0,2,2,94.53,3.32,86.88
TOUR MUSIC,28560.0,1,1,92.82,4.19,72.43
TOURISM MANAGEMENT INSTITUTE OF SINGAPORE PTE LTD,509850.0,2,1,96.32,4.25,82.0
TOURISTPADS,266607.8,1,1,79.85,4.53,71.97
TOWER TRANSIT GROUP LIMITED,125564769.0,1,1,86.18,4.91,84.39
TOWER TRANSIT SINGAPORE PTE. LTD.,1025102939.0,1,1,80.48,4.04,74.48
TOWNER CONSTRUCTION PTE LTD,11581000.0,3,2,84.91,5.0,65.68
TOY TAG INTERNATIONAL PTE. LTD.,1.0,1,1,96.12,3.04,75.31
TOYAH CONSTRUCTION & ENGINEERING PTE. LTD.,116590.0,1,1,88.86,4.35,96.34
TOYOCHEM MARKETING PTE LTD,13125564.0,3,2,100.0,3.62,95.9
TOYOTA TSUSHO ASIA PACIFIC PTE. LTD.,4469000.0,1,1,89.55,2.96,82.87
TOYOTRON (PTE.) LIMITED,828000.0,1,1,88.48,3.98,76.63
TPS (WELLINGTON) LIMITED,193710.24,1,1,88.85,3.23,81.04
TQ SOLUTIONS PTE. LTD.,938150.0,1,1,82.9,4.0,81.17
TQC BUILDERS PTE. LTD.,3518000.0,4,4,87.54,4.12,77.6
TRACK WORLDWIDE PTE. LTD.,4400000.0,1,1,97.02,4.77,82.41
TRADE 21 PTE. LTD.,356028.99,2,2,88.91,3.2,80.08
TRADE ENTREPRENEUR ENGRG. PTE. LTD.,2315706.0,1,1,81.65,4.65,74.84
TRADESMEN PTE LTD,8051505.0,6,5,80.6,4.16,66.05
TRADEWINDS TOURS & TRAVEL PRIVATE LIMITED,3012.71,1,1,84.4,4.72,73.4
TRAFFIC CONSULT PTE. LTD.,18037.5,1,1,88.59,3.84,86.0
TRAINING EDGE INTERNATIONAL PTE LTD,67961.0,2,2,97.55,3.3,77.69
TRAINING VISION INSTITUTE PTE. LTD.,299889.83999999997,2,2,77.28,3.37,81.0
TRAJAN SCIENTIFIC AMERICAS INC.,212990.28,1,1,85.44,3.32,75.17
TRAMPOLENE LIMITED,28900.0,1,1,89.15,4.39,67.4
TRANE DISTRIBUTION PTE. LTD.,30183306.0,7,7,73.33,4.99,75.61
"TRANE U.S., INC",320372.14,1,1,81.33,3.76,67.78
TRANS EUROKARS PTE LTD,1283159.2,8,4,82.56,4.48,67.14
TRANSAS MARINE PACIFIC PTE LTD,1113255.0,2,1,81.63,3.19,90.06
TRANSBUILD CORPORATION (S) PTE. LTD.,48930000.0,2,1,89.54,4.21,73.8
TRANSCEND SOLUTIONS PTE. LTD.,1378694.55,1,1,86.72,4.5,70.59
TRANSCENDENT BUSINESS SERVICES PTE. LTD.,390.52,1,1,83.56,3.23,94.18
TRANSCENTECH PTE. LTD.,1783980.0,6,4,91.42,3.98,86.15
TRANSICOM ENGINEERING PTE LTD,1480000.0,1,1,100.0,4.53,74.28
TRANSINEX PTE LTD,43920.0,1,1,100.0,2.34,82.28
TRANSIT NETWORK CONSORTIUM LTD,2833341.0,8,2,72.62,4.9,75.64
TRANSIT-MIXED CONCRETE LTD,27472.0,1,1,92.62,4.31,71.07
TRANSKINECT PRIVATE LIMITED,1.0,1,1,86.58,4.53,82.75
TRANSMEDIC PTE LTD,2899969.0,3,2,89.24,3.85,74.76
TRANSMEX SYSTEMS INTERNATIONAL PTE. LTD.,58900.0,1,1,84.81,3.07,78.75
TRANSN INTERNATIONAL SINGAPORE PTE. LTD.,0.91,1,1,88.94,4.42,88.21
TRANSNATIONAL SUPPLY CHAIN LOGISTICS PTE LTD,2790145.04,3,3,89.21,4.05,87.11
TRANSPACIFIC IP MANAGEMENT GROUP PTE. LTD.,228000.0,1,1,83.37,4.12,72.5
TRANSPORT DESIGN CONSULTANCY LIMITED,243466.0,1,1,80.83,4.75,82.86
TRANSPORT MINISTRY (EXCURSION),609060.0,1,1,84.41,4.56,66.72
TRANSQUEST SUPPLIES & CO PTE LTD,5692911.0,7,5,89.87,5.0,82.5
TRANSURBAN ASSOCIATES,18250.0,4,1,92.79,4.19,79.48
TRANZ COMMUNICATIONS PTE. LTD.,135000.0,1,1,94.83,3.69,81.79
TRAVEL ADVANCE S.R.O,75611.34,1,1,84.05,3.99,75.03
TRAVEL GSH PTE LTD,165761.0,3,3,90.27,4.35,98.84
TRAVEL LINK MARKETING CO. LTD,141168.0,1,1,95.7,4.71,68.99
TRAVEL STAR PTE. LTD.,317220.0,3,3,97.32,3.22,87.72
TRAVELOKA SERVICES PTE. LTD.,65000.0,1,1,87.53,4.11,67.68
TRAVTUS MANAGEMENT GROUP PTE. LTD.,910138.0,3,2,86.23,5.0,83.04
TREASURE PLUS INTERNATIONAL PTE LTD,1800.0,1,1,89.53,3.96,83.76
TREKKERS LEAGUE LLP,43276.0,1,1,78.8,4.66,78.55
TREKKERS PTE. LTD.,102904.0,1,1,86.45,4.4,73.05
TRELLISWERKZ PTE. LTD.,175152.0,1,1,93.96,4.67,79.41
TRENDBUILD CONTRACTS PTE. LTD.,28980255.0,20,15,93.14,3.61,80.67
TRENDS HOME ELECTRICAL PTE. LTD.,97200.0,1,1,85.84,3.62,95.9
TRI-ELEMENT TECHNOLOGIES PTE. LTD.,46440.0,1,1,89.74,4.11,69.28
TRI-WINS TRANSPORT,185000.0,1,1,81.4,3.18,72.44
TRIANGLE AUTO PTE LTD,346830.0,2,2,93.63,3.94,80.85
TRIBAL KNOWLEDGE PTE. LTD.,150392.0,1,1,87.38,4.25,75.44
TRIBAL STUDIOZ,56305.0,2,2,85.79,5.0,77.0
TRIBAL WORLDWIDE PTE. LTD.,4243526.0,6,4,85.11,4.34,88.7
TRIBE PTE. LTD.,50.0,1,1,87.5,4.48,49.8
TRIBE STUDIOS PTE. LTD.,335500.0,2,2,84.42,4.8,72.02
TRICAFTAN ENVIRONMENTAL TECHNOLOGY PTE. LTD.,16523980.0,4,1,93.27,3.52,60.58
TRICOM EVENTS PRIVATE LIMITED,9377571.5,13,6,84.84,4.0,66.04
TRIDENT INNOVATIONS SDN. BHD.,1837524.0,1,1,100.0,5.0,100.0
TRIDENT LAW CORPORATION,12075.0,1,1,99.72,4.05,83.98
TRIKA (S) PTE LTD,169814.0,1,1,80.87,4.77,87.52
TRIKA (S) PTE. LTD.,205379.0,2,2,88.56,4.68,77.19
TRILOGY EVENTS PRIVATE LIMITED,23000.0,1,1,82.79,3.21,85.59
TRILOGY TECHNOLOGIES PTE. LTD.,116666.0,1,1,85.39,4.29,60.33
TRIMANTIUM GROWTHOPS SINGAPORE PTE. LTD.,178500.0,1,1,100.0,4.19,88.38
TRINAX PRIVATE LIMITED,700197.0,3,3,85.54,4.3,69.8
TRINOX ENGINEERING SERVICES PTE. LTD.,266000.0,1,1,90.88,3.65,72.69
TRIOMINE PTE. LTD.,122040.0,1,1,92.33,3.43,83.05
TRIP.COM TRAVEL SINGAPORE PTE. LTD.,65000.0,1,1,79.99,3.81,81.16
TRIPLE 'S' PROTECTION PRIVATE LIMITED,2683440.0,3,3,81.16,4.04,78.85
TRIPLEX EVENTS PTE LTD,1985360.0,1,1,78.35,4.81,64.37
TRIPPLE LLP,656916.8,2,1,80.91,5.0,79.0
TRITECH CONSULTANTS PTE. LTD.,68439616.0,15,4,65.2,4.94,87.61
TRITECH ENGINEERING & TESTING (SINGAPORE) PTE LTD,36186892.6,4,2,92.36,4.62,72.68
TRITECH SCIENTIFIC PTE LTD,462019.66000000003,2,2,100.0,3.5,91.15
TRITECH SYSENG (S) PTE. LTD.,9050577.2,11,4,89.18,3.85,69.27
TROPIC PLANNERS & LANDSCAPE PTE. LTD.,16558385.1,8,2,76.67,4.23,78.07
TROPICAL ENVIRONMENT PTE LTD,5611535.75,3,2,82.86,3.72,93.35
TROPICAL FIBREGLASS CO,49900.0,1,1,84.33,4.45,71.19
TROYTECH INTERNATIONAL CONSULTING PTE LTD,1.0,1,1,79.86,4.53,88.54
TRPC PTE. LTD.,1.0,1,1,94.88,4.42,97.75
TRUE STATS LAB PTE. LTD.,395150.0,2,1,94.48,4.72,79.71
TRUESCOPE (SINGAPORE) PTE. LTD.,500450.0,3,3,78.76,3.56,72.73
TRUMPF PTE LIMITED,188523.87,1,1,93.8,4.66,70.27
TRUMPF PTE LTD,1506982.24,3,2,100.0,3.68,91.05
TRUSSCO PTE LTD,657262.98,2,1,100.0,3.54,90.77
TRUST EDUCATION CENTRE PTE LTD,2.0,2,2,100.0,4.42,92.49
TRUST-BUILD ENGINEERING & CONSTRUCTION PTE. LTD.,32166000.0,2,1,80.78,4.83,77.67
TRUSTED HUB LTD,318670.4,3,3,100.0,4.39,88.38
TRUSTED LABS,96500.0,1,1,85.17,4.11,77.51
TRUTH CONSULTING PTE. LTD.,34900.0,1,1,83.26,4.29,69.17
TRUWATER SINGAPORE PTE. LTD.,728080.0,1,1,90.62,4.18,89.24
TRYBE LIMITED,142807.4,2,2,83.34,3.42,94.34
TS GROUP PTE. LTD.,1382373.6,1,1,91.19,3.35,67.79
TS LANDSCAPE & CE PTE. LTD.,7494020.0,4,3,77.44,4.05,67.61
TSF BUILDING CONSTRUCTION PTE LTD,448000.0,1,1,86.09,4.15,78.4
TSI INSTRUMENTS SINGAPORE PTE. LTD.,165822.73,1,1,98.28,4.11,87.56
TSK ENGINEERING PTE. LTD.,595010.0,4,3,87.54,4.51,66.66
TSL Builders Pte Ltd,857930.0,2,2,89.13,3.97,80.27
TSLA INDUSTRIES PTE. LTD.,4301023.73,2,2,91.8,4.44,72.1
TSM CONSULTANCY PTE. LTD.,68780.0,2,1,97.37,4.01,85.01
TSM GROUP PTE. LTD.,137700.0,1,1,74.76,5.0,70.02
TSMP LAW CORPORATION,237781.0,4,4,92.68,4.15,85.72
TT ENERGY PTE. LTD.,35327.0,2,2,85.85,5.0,76.42
TT INNOVATION AND TECHNOLOGY PTE. LTD.,825230.0,2,1,89.33,4.31,68.63
TTG ASIA MEDIA PTE LTD,0.01,1,1,96.48,3.97,78.64
TTK SERVICES PTE. LTD.,8732019.6,8,6,78.45,3.56,58.62
TTS COPIER INTERNATIONAL PTE. LTD.,12760.0,1,1,79.9,3.23,72.41
TTS GROUP PTE. LTD.,1722347.3,7,4,72.52,3.51,81.37
TUAS POWER LTD,0.91,1,1,83.61,3.57,60.28
TUAS POWER SUPPLY PTE LTD,21380135.349999998,7,5,98.64,4.34,52.29
TUAS TRANSPORT & LOGISTICS PTE. LTD.,86240.0,1,1,87.04,3.78,54.61
TUBE MARKETING COMPANY LIMITED,93150.0,1,1,77.28,4.21,91.27
TUBEFIT (SINGAPORE) PTE. LTD.,139600.0,1,1,84.11,4.87,77.23
TUBER PRODUCTIONS PTE. LTD.,3271248.91,7,4,76.1,4.05,72.68
TUCKYS PHOTOGRAPHY,24120.0,1,1,79.0,5.0,87.45
TUFFI BUILD PTE LTD,3439005.38,3,3,91.11,3.39,73.96
TUNG LOK MILLENNIUM PTE LTD,2620.24,3,2,78.61,4.01,80.68
TUNITY TECHNOLOGIES PTE. LTD.,2101836.0,7,3,96.9,3.78,78.26
TURF & IRRIGATION SERVICES PTE LTD,120000.0,1,1,87.43,4.66,73.29
TURNER & TOWNSEND PTE. LIMITED,101071.83,1,1,88.68,2.76,80.94
TURNKEY CONSULTING (SINGAPORE) PTE. LTD.,1913590.0,2,2,85.77,3.23,85.73
TUV RHEINLAND HONG KONG LIMITED,489715.0,1,1,94.18,4.04,76.15
TUV RHEINLAND SINGAPORE PTE. LTD.,1325.0,1,1,94.27,5.0,73.39
TUV SUD AL TECHNOLOGIES PTE. LTD.,5218491.0,10,5,90.68,4.24,74.57
TUV SUD PSB PTE. LTD.,8774383.73,36,13,92.52,3.29,55.02
TVC PTE. LTD.,403.0,1,1,86.3,3.38,80.83
TVT SEA PTE. LTD.,483515.0,3,1,92.34,5.0,65.91
TWIG WORLD LIMITED,20160.0,1,1,85.3,3.73,84.3
TWIST MEDIA PTE. LTD.,12197749.7,27,17,88.02,3.53,77.1
"TYCO FIRE, SECURITY & SERVICES PTE. LTD.",28599233.31,14,8,85.8,4.99,79.05
TYELIN & ASSOCIATES CONSULTING ENGINEERS,19090.0,4,1,84.34,4.71,85.0
TYT BUILDERS PTE LTD,3825055.35,2,2,82.49,4.86,68.73
TYT CORPORATION PTE LTD,639547.74,3,2,91.74,3.53,81.69
Tai Sin Radio & Electrical Service,1927622.48,1,1,98.48,3.18,80.68
Taiko Marketing (S) Pte Ltd,23265793.0,10,2,97.37,4.18,76.15
Taisei Corporation-China State Construction Engineering Corporation Limited Singapore Branch Joint Venture,356103500.0,1,1,77.95,4.3,68.72
Talisam LLC dba Oriel STAT A MATRIX,49680.0,1,1,98.31,4.32,83.95
Tan Chye Tiong,55000.0,2,1,85.45,4.99,85.03
Tan Khey Cheow,50.0,1,1,92.81,3.06,79.14
Tan Peng Chin LLC,7310.0,2,2,80.75,4.62,67.3
Tang Soon Onn,12000.0,1,1,89.14,3.44,72.73
Targos Molecular Pathology GmbH,368371.93,1,1,90.51,4.61,77.4
Tat Hin Builders Pte Ltd,101603000.0,5,4,76.12,3.82,84.88
Tay Poh Soon,57200.0,1,1,92.87,3.61,62.17
TechStudio Solutions Pte Ltd,4000.31,1,1,98.77,3.73,72.36
Technicon Engineering Pte Ltd,6253381.0,4,2,86.6,3.23,73.97
Tektronix Southeast Asia Pte Ltd,230091.54,1,1,98.88,4.12,77.17
Telstra Singapore Pte Ltd,1090128.0,1,1,86.48,3.64,64.99
Teo Gim Leng,425487.6,1,1,94.8,4.57,75.82
The Active People,10400.0,1,1,70.25,4.48,74.9
The Elizabeth,440.0,3,1,100.0,5.0,67.62
The Engineers Collaborative LLP,178000.0,1,1,99.96,4.32,76.82
"The Northern Trust Company, Singapore Branch",961943.0,3,3,85.72,4.41,72.59
The Press Room,545777.5,3,3,72.22,4.94,82.96
The Regent Singapore,94217.1,7,3,90.3,3.72,69.15
The SAF Warrant Officers and Specialists Club,292.0,3,1,76.45,3.21,78.9
The University of Adelaide,1344.03,1,1,91.56,4.22,69.92
The University of Newcastle,1492.15,1,1,91.29,3.25,72.0
TheSeafoodCompany Pte. Ltd.,3100.01,1,1,80.47,5.0,80.97
Thi Nam Hoe,12000.0,1,1,96.97,4.97,80.35
Thong Chew Food Industries Pte Ltd,50429169.94,20,4,94.44,5.0,73.83
Times Printers Private Limited,3850131.5,10,2,95.81,4.14,75.31
Tiong Aik Construction Pte Ltd,180000000.0,1,1,88.07,4.43,63.46
Tiong Hin Engineering Pte Ltd,178769.0,2,2,76.68,3.82,92.03
Tiong Hwa Steel Structures Pte Ltd,2130126.6,7,4,95.82,4.63,84.87
Tiptop Consultants Pte Ltd,167968.0,2,2,85.84,3.37,84.51
Toa Corporation - Hiap Shing Construction Pte Ltd Joint Venture,83650139.0,1,1,76.88,2.57,62.05
Toh Keng Hoe,88870.0,1,1,98.82,3.63,72.05
Tony Tan & Associates,4090.0,1,1,100.0,3.23,74.65
Top Parking Pte Ltd,126161.1,2,2,87.67,4.99,58.69
Toppan Forms (S) Pte Ltd,2360779.89,14,9,100.0,5.0,86.9
Total eBiz Solutions Pte Ltd,11830782.0,15,11,88.73,3.26,92.54
Towner Construction Pte Ltd,1873000.0,1,1,84.96,4.88,98.62
Tractel Singapore Private Limited,859265.0,3,2,82.96,4.67,67.54
Tractors Singapore Limited,758000.0,1,1,100.0,3.16,79.17
Transinex Pte Ltd,2373657.0,14,8,81.76,3.87,91.23
Transmedic Pte Ltd,10150591.0,11,1,93.88,3.75,75.46
Triangle Auto Pte Ltd,2892200.0,9,6,83.53,4.55,72.33
Tricor Shared Services Sdn. Bhd.,367444.44,1,1,84.32,3.36,59.34
Tritech Engineering & Testing (Singapore) Pte Ltd,37541953.5,8,3,96.24,4.04,89.33
Tritech Scientific Pte Ltd,521140.1,5,4,84.96,3.69,77.81
Trust Management Centre,548620.0,2,2,84.76,4.38,70.71
Tsai Sou Chiao,40.0,1,1,97.06,3.97,80.84
Tuffi Build Pte Ltd,1062920.0,1,1,100.0,3.78,79.53
Twinspark Contracting Pte Ltd,396000.0,1,1,93.16,3.97,79.68
U&P PTE. LTD.,772765.5,2,2,82.76,5.0,75.83
U3 INFOTECH PTE. LTD.,1206625.3,3,3,83.92,3.85,94.22
UAP SOLUTIONS PTE. LTD.,74660.0,1,1,88.64,3.48,76.66
UBS LIBRARY SERVICES PTE LTD,337500.0,1,1,90.57,4.45,94.19
UBS Library Services Pte Ltd,958553.13,7,4,80.1,4.01,83.64
UBT CONSTRUCTION PRIVATE LIMITED,7517154.0,1,1,93.78,3.25,81.51
UCARE.IO PTE. LTD.,1.0,1,1,88.68,5.0,76.87
UCORP HOLDINGS PTE. LTD.,12430.0,1,1,74.27,3.89,87.74
UCT TECHNOLOGY PTE. LTD.,65000.0,1,1,80.57,3.87,79.13
UDS DESIGN PTE. LTD.,425000.0,2,1,83.97,4.2,68.68
UEMS SOLUTIONS PTE. LTD.,86401847.88,27,17,87.42,5.0,68.35
UES HOLDINGS PTE. LTD.,398370224.0,7,2,100.0,3.09,82.22
"UFA, INC.",10255345.22,1,1,89.91,4.27,68.93
UFINITY PTE LTD,8954414.0,4,4,81.27,5.0,77.38
UFT STRUCTURE RE-ENGINEERING SDN.BHD.,232148.19,7,1,89.77,4.18,88.57
UG M&E PTE. LTD.,210626426.0,10,5,85.18,3.36,81.04
UGL (SINGAPORE) PTE. LTD.,99562582.0,3,1,90.6,3.73,70.78
UGS ENERGY PTE. LTD.,0.15,1,1,92.64,4.22,92.1
UI-LI PRINT & SERVICES,401800.0,2,2,97.67,4.9,83.48
UIC ASIAN COMPUTER SERVICES PTE LTD,14987746.19,14,11,87.81,3.9,88.18
UIC Asian Computer Services Pte Ltd,26564619.72,35,24,100.0,4.6,55.32
UL VERIFICATION SERVICES PRIVATE LIMITED,275432.0,2,2,95.26,3.24,81.31
ULRICH STEIN EINRICHTUNGEN GMBH,187371.93,1,1,82.34,3.23,86.42
ULTIMATE ALLIANCE CONSULTANCY PTE. LTD.,195410.0,2,2,100.0,3.81,95.0
ULTIMATE DISPLAY SYSTEM PTE LTD,328705.5,1,1,90.62,4.96,63.36
ULTRA SUPPLIES,521607.57999999996,4,3,81.32,4.14,90.06
ULTRANIZE PTE. LTD.,4776.0,1,1,100.0,4.27,94.44
ULVAC SINGAPORE PTE LTD,5366571.87,4,2,100.0,4.27,57.83
UMBRELLIUM LIMITED,195750.0,1,1,87.74,4.77,82.79
UMW EQUIPMENT & ENGINEERING PTE LTD,553519.0,4,1,83.97,3.73,84.18
UMW HEAVY EQUIPMENT (S) PTE. LTD.,110678.0,2,1,86.62,4.51,74.73
UMW HELMSION ENGINEERING PTE LTD,244695.0,1,1,93.72,3.6,73.1
UNEARTHED PRODUCTIONS PRIVATE LTD.,13095930.2,24,9,98.22,5.0,84.68
UNFAIR ADVANTAGE PTE. LTD.,1.0,1,1,92.56,3.62,71.85
UNI-PORT SERVICES PTE. LTD.,12373.0,1,1,88.81,3.57,75.83
UNI-TAT ICE & MARKETING PTE LTD,134758.0,5,1,99.98,4.43,86.12
UNICOAT PTE. LTD.,1251111.25,5,4,85.5,4.15,95.54
UNICORN INTERNATIONAL PTE LIMITED,231690.0,2,2,96.25,4.3,83.38
UNICORN OIL COMPANY PTE LTD,1044565.5,1,1,85.7,4.24,79.33
UNICORN PUBLISHING LLP,1.0,1,1,91.45,3.45,72.84
UNIFINE CHEMICAL PTE LTD,1317303.6,1,1,87.09,5.0,67.89
UNIGRADE TRADING PTE LTD,77758.25,2,2,87.55,4.64,89.1
UNILITE CHEMICALS PTE. LTD.,55730.0,2,1,84.98,4.92,76.47
UNIMED HEALTHCARE PTE. LTD.,18602.0,2,1,98.76,3.78,89.51
UNINEC CONSTRUCTION PTE LTD,1126650.0,3,3,82.14,4.35,74.7
UNION BOOK COMPANY (PRIVATE) LIMITED,322815.94999999995,5,2,82.08,4.22,71.51
UNION CENTRE PTE. LTD.,14000.0,1,1,100.0,4.78,82.21
UNION CONTRACTORS (SINGAPORE) PTE LTD,73184805.0,6,5,95.82,4.8,77.23
UNION M&E PTE. LTD.,4412895.0,5,4,68.92,4.22,65.94
UNION MARKETING & INDUSTRIES PTE LTD,103045.0,2,2,83.48,3.19,96.17
UNIPAC CONSULTING ENGINEERS LLP,380000.0,3,2,73.5,5.0,71.73
UNIPOOL TRADING PTE LTD,110915.18000000001,5,3,80.39,4.43,87.28
UNIPROTECT SECURITE,1827227.62,1,1,62.89,3.73,86.42
UNIQUE MOTORSPORTS PTE. LTD.,1048671.0,2,2,86.9,4.34,65.41
UNIQUE SPEED PTE. LTD.,1.0,1,1,78.86,3.19,67.98
UNIQUETECH PTE. LTD.,6337401.0,4,2,88.48,4.73,74.98
UNISON COLLABORATIVE PTE. LTD.,91113.46,5,4,75.0,3.22,69.34
UNIT4 ASIA PACIFIC PTE. LTD.,560933.14,1,1,88.66,3.97,95.26
"UNITECH CO., LTD.",193905.0,1,1,84.68,4.25,76.0
UNITECH CONTROL & INSTRUMENTATION PTE. LTD.,114000.0,1,1,100.0,4.72,86.9
UNITECH PTE. LTD.,84000.0,1,1,99.29,4.16,83.14
UNITED ALARMTRONICS SDN BHD,11170.36,1,1,94.28,4.48,80.64
UNITED AUTOMATION AND ENGINEERING SERVICES PTE. LTD.,138370.0,1,1,85.39,4.08,78.4
UNITED BMEC PTE LTD,37000.0,1,1,100.0,4.08,90.37
UNITED CEMENT PTE LTD,83.89,1,1,75.58,4.15,69.75
UNITED DESIGN PRACTICE LLP,130000.0,1,1,76.77,3.99,95.26
UNITED E & P PTE. LTD.,7870284.2,1,1,87.33,3.09,65.13
UNITED ENGINEERING PRIVATE LIMITED,1578000.0,1,1,100.0,3.64,85.82
UNITED LAUNDRY PTE. LTD.,383636.0,4,3,86.38,4.25,63.95
UNITED LEGAL ALLIANCE LLC,1250.0,1,1,86.53,3.95,74.84
UNITED LIFESTYLE PTE LTD,76634.0,2,2,76.46,4.01,78.93
UNITED MEDICARE (ELIZABETH DR) PTE. LTD.,1.0,1,1,95.57,3.91,73.13
UNITED MEDICARE PTE LTD,17200002.0,3,1,95.63,3.58,76.18
UNITED OVERSEAS BANK LIMITED,3.1799999999999997,3,2,94.31,3.8,64.13
UNITED OVERSEAS INSURANCE LIMITED,1820170.66,2,2,82.97,3.92,68.13
UNITED POWER & RESOURCES PTE. LTD.,11020573.379999999,6,2,82.35,4.1,82.98
UNITED PROJECT CONSULTANTS PTE LTD,0.0,1,1,77.66,4.34,78.3
UNITED SCIENTIFIC EQUIPMENT PTE LTD,223295.0,3,3,88.67,3.99,71.09
UNITED SECURITY SERVICES SDN. BHD.,207629.83,1,1,79.36,3.48,91.24
UNITED SHIPPING SERVICES PTE. LTD.,440050.27,4,4,78.58,3.26,65.8
UNITED SPECIALISTS PTE LTD,1946385.0,5,5,84.61,5.0,74.38
UNITED SURVEYORS PTE LTD,553650.0,3,3,84.09,3.42,72.94
UNITED TECH ENGINEERING PTE LTD,5694000.0,1,1,83.7,3.79,84.15
UNITED VALUERS PTE. LTD.,0.02,2,1,91.73,4.41,78.48
UNITEST INSTRUMENTS PTE. LTD.,1720279.68,10,3,88.63,4.32,76.92
UNIVERSAL AV PTE. LTD.,539300.0,3,1,85.69,4.41,59.56
UNIVERSAL DISPLAYS PTE LTD,1408223.2,19,6,89.46,3.83,86.65
UNIVERSAL MARINE SURVEYING & CONSULTANCY (S) PTE LTD,10800.0,1,1,80.07,4.24,75.82
UNIVERSAL SINGAPORE AIRPORT SERVICES PTE LTD,2852782.25,2,1,88.84,4.14,79.16
UNIVERSUM COMMUNICATIONS PTE. LTD.,1.0,1,1,89.2,3.91,70.51
UNLEASH & SOAR,500280.0,5,2,75.98,4.25,68.94
UNTITLED FILM PROJECT PTE. LTD.,428947.5,1,1,95.97,4.73,92.99
UOB Asset Management Ltd,440000.2,3,3,80.95,4.09,60.27
UOL CLAYMORE INVESTMENT PTE. LTD.,6154.5,3,2,88.72,4.09,67.46
UOL SOMERSET INVESTMENTS PTE. LTD.,300.0,1,1,97.32,4.74,92.8
UP BRANDBUZZ PTE. LTD.,296302.55,3,3,95.41,4.68,84.41
UPNEXTLAB PTE. LTD.,92811.0,1,1,88.27,5.0,74.75
UPTIME MANAGEMENT ASSOCIATES,20001.0,2,1,85.1,3.05,90.47
URBAN 3 ARCHITECTS,641450.0,4,2,95.58,4.64,82.47
URBAN FOREST DESIGN PTE LTD,850803.6799999999,3,3,93.4,4.46,80.33
URBANTACT,9486.0,1,1,83.05,3.57,80.26
URECON AUTOMATION PTE. LTD.,105850.0,1,1,81.64,4.25,82.65
USAE PTE LTD,149945.0,1,1,71.42,4.73,83.06
USC SOLUTIONS PTE LTD,473990.0,3,3,89.23,3.6,99.96
USER EXPERIENCE RESEARCHERS PTE. LTD.,2004.0,5,3,87.34,4.37,76.05
USL ASIA PACIFIC PTE LTD,1945727.0,1,1,97.09,4.62,76.36
UST GLOBAL (SINGAPORE) PTE. LIMITED,3405320.05,3,2,90.87,3.46,65.63
UT ENGINEERING PTE. LTD.,784800.0,1,1,98.67,4.01,77.48
UTRACO HOLDINGS PTE. LTD.,15526064.0,2,1,82.42,4.28,96.63
UTRACO PTE. LTD.,9148177.5,1,1,97.11,3.62,87.84
UVW BUILDING SERVICES PTE. LTD.,4264715.0,8,5,83.77,3.57,72.56
UX CONSULTING PTE. LTD.,4000.0,1,1,94.22,4.02,78.3
UXC RED ROCK CONSULTING (SINGAPORE),134350.0,1,1,76.33,4.58,65.04
Ufinity Pte Ltd,25826367.0,8,4,89.88,4.49,68.31
Unicorn International Pte Limited,8546032.44,10,3,72.12,3.58,79.49
Unique Colour Separation Pte Ltd,1.0,1,1,85.86,4.49,73.06
United BMEC Pte Ltd,1120732.5,9,7,91.52,3.6,67.55
United Lifestyle Pte Ltd,5439195.64,13,9,83.83,3.13,82.9
United Scientific Equipment Pte Ltd,1671723.5,9,6,79.6,3.88,77.18
United Sports Industries (Private) Limited,2891530.0,2,1,94.77,4.77,62.32
"Universal Protection Services, LP. DBA: Allied Universal Security Services",307826.76,1,1,87.17,4.49,57.25
University of Exeter,1174.02,1,1,84.08,4.1,72.3
University of Sheffield,22799.33,1,1,88.34,3.85,62.12
University of Technology Sydney,9338.92,1,1,100.0,3.87,59.31
Unusual Productions Pte Ltd,3532295.0,4,4,97.23,4.17,89.29
V & M MIXTEC ASIA SDN. BHD.,68764.32,1,1,97.3,3.46,77.02
V HOTEL MANAGEMENT PTE. LTD.,946.0,3,2,91.48,3.89,75.35
V-KOOL INTERNATIONAL PTE. LTD.,97275.0,1,1,89.33,3.97,76.12
V.SHIPS ASIA GROUP PTE. LTD.,258838.0,1,1,68.83,3.29,66.62
V3 SMART TECHNOLOGIES PTE. LTD.,568425.0,1,1,82.57,3.6,82.11
V8 ENVIRONMENTAL PTE LTD,303450.0,2,2,84.16,4.35,76.69
VA TECH WABAG (SINGAPORE) PTE. LTD.,27562641.0,15,1,73.0,4.11,70.43
VACAIN DESIGN PTE. LTD.,1.0,1,1,78.74,3.91,71.92
VALENCIA DESIGN PTE. LTD.,2503535.0,7,6,72.15,3.55,65.73
VALENTINO ENTERPRISE PTE LTD,815.63,1,1,87.69,5.0,73.94
VALESIDE PTE LTD,203.5,1,1,94.55,3.6,75.6
VALEURHR PTE. LTD.,37929.1,1,1,96.85,4.25,73.68
VALTECH DIGITAL SINGAPORE PTE. LTD.,357735.23,1,1,91.32,3.81,78.55
VALUE VALVES PTE. LTD,37906.0,1,1,80.29,4.12,77.21
VALUE VALVES PTE. LTD.,334400.0,1,1,72.54,4.37,80.31
VALUTEMP PTE. LTD.,1440.0,1,1,73.95,3.28,87.43
VANCE CHEMICALS PTE. LTD.,35247.5,2,2,77.85,4.1,83.93
VANDTECH SYSTEMS SDN.BHD.,88300.8,1,1,80.89,4.81,87.55
VANGUARD INTERIORS PTE LTD,5319701.8100000005,9,9,86.72,5.0,69.52
VANSTAR CIVIL ENGINEERING PTE. LTD.,14142000.0,2,2,79.89,4.02,72.91
VANTAGE AUTOMOTIVE LIMITED,1382345.8399999999,4,2,90.71,4.13,84.54
VANTAGE CONSTRUCTION PTE LTD,540800.0,1,1,86.14,5.0,84.71
VANTAGE POINT SECURITY PTE. LTD.,3750.0,1,1,88.08,4.78,71.21
VAPOR PTE. LTD.,1.0,1,1,97.12,3.73,84.12
VARL OFFICE SYSTEMS PTE LTD,128984.5,1,1,78.56,3.73,68.56
VCOP Pte Ltd,2232433.0,3,3,91.35,4.67,82.81
VEC Environment Pte Ltd,720500.0,1,1,87.89,3.49,77.74
VECTOR BIOMED PTE. LTD.,697607.73,9,6,85.33,4.75,64.16
VECTOR FOILTEC PTE. LTD.,4421400.0,1,1,95.08,4.3,73.66
VECTOR INFOTECH PTE LTD,475000.0,1,1,95.03,4.41,99.82
VECTRA INFORMATION SECURITY PTE LTD,307000.0,1,1,80.43,3.95,80.03
VEECO ASIA PTE LTD,4832427.6,1,1,86.54,3.72,100.0
VEEV DIGITAL WORKS PTE. LTD.,737885.0,3,3,90.25,4.98,63.56
VEEV INTERACTIVE PTE. LTD.,589325.0,2,2,85.82,3.95,85.51
VEGA PROJECT PTE. LTD.,472828.86000000004,2,2,92.68,3.85,52.66
VEGSTATION PTE. LTD.,5834.28,1,1,90.25,4.05,78.0
"VENTUREBEAT,INC.",121770.0,1,1,100.0,4.22,84.31
VENUS ENTERPRISES PTE. LTD.,1474371.99,4,2,75.76,3.48,86.38
VENZ EXPRESS,268100.0,1,1,87.02,3.76,70.01
VEOLIA ES SINGAPORE INDUSTRIAL PTE. LTD.,1995068.92,7,3,80.73,3.73,88.39
VEOLIA ES SINGAPORE PTE. LTD.,1232329.0,4,4,92.83,4.61,72.66
VERITAS PETROLEUM SERVICES (ASIA) PTE. LTD.,19440.0,2,1,75.06,3.57,76.36
VERMINATOR PTE. LTD.,49570303.79,15,6,90.77,3.05,73.67
VERONE WELLNESS ENTERPRISE,347256.0,1,1,82.96,2.92,66.64
VERSO DIGITAL PTE. LTD.,318000.0,1,1,82.13,3.22,93.7
VERSUM MATERIALS SINGAPORE PTE. LTD.,1228413.23,3,3,76.43,4.92,78.48
VERT ENERGIE PTE. LTD.,940870.0,1,1,84.28,4.11,88.87
VERTEX AUTOMOBILE PTE. LTD.,124100.0,1,1,96.68,4.4,88.45
VERTEX EURO MOTORS PTE. LTD.,178780.0,1,1,87.8,4.42,68.32
VERTICAL MILES PTE. LTD.,2603655.0,3,3,93.02,4.13,90.16
VERTICURL PTE. LTD.,1365028.2,1,1,100.0,4.06,83.03
VERTIV (SINGAPORE) PTE. LTD.,529644.0,2,2,90.11,4.73,67.59
VERTIX ASIA-PACIFIC PTE. LTD.,5970255.0,8,4,83.53,4.19,82.49
VERYDAY AB,643939.0,1,1,91.74,4.94,67.77
VERZTEC CONSULTING PTE. LTD.,290803.97,11,8,83.65,4.47,94.06
VESTAR IRON WORKS PTE LTD,40235000.0,9,3,83.96,3.73,86.14
VHF TECHNOLOGIES PTE LTD,206280.0,2,1,75.84,3.8,77.29
"VIA TRANSPORTATION, INC.",76412.0,1,1,95.41,3.66,90.65
VICAM ELECTRONICS PTE LTD,254839.0,1,1,84.91,4.83,62.18
VICINITY STUDIO PTE. LTD.,64400.0,1,1,89.46,3.86,70.51
VICO CONSTRUCTION PTE. LTD.,226700000.0,1,1,79.71,3.62,75.48
VICOM LTD,541234.0,2,1,91.49,4.29,100.0
VICTOR ENGINEERING & TRADING PTE LTD,18786264.23,5,5,81.9,4.04,67.3
VICTORY ATHLETICS,54210.0,1,1,86.87,4.28,60.93
VIDDSEE PTE. LTD.,2163270.15,1,1,95.02,5.0,63.56
VIDEO HOUZE PTE. LTD.,9090.0,1,1,94.33,4.65,87.06
VIDEOTEL CONSULTANTS AND RENTALS LIMITED,197267.0,1,1,87.82,4.12,72.06
VIERING JENTSCHURA & PARTNER LLP,1661328.64,3,2,73.85,3.25,76.41
VIGCON CONSTRUCTION PTE LTD,99603535.0,4,3,100.0,3.8,85.63
VIKCONNECT PTE. LTD.,8021110.0,2,2,100.0,4.53,76.42
VIKING LIFE-SAVING EQUIPMENT PTE LTD,497640.5,3,1,93.78,3.4,80.04
VIKING MARINE SERVICES PTE. LTD.,7650.0,1,1,81.97,5.0,83.35
VILLAGE HOTEL ALBERT COURT,1149.5,7,2,87.09,4.11,73.69
VILLAGE HOTEL BUGIS,61765.0,7,3,83.65,4.13,76.34
VILLAGE HOTEL CHANGI,939898.0,8,3,98.11,3.7,80.42
VILLAGE HOTEL KATONG,1251.62,7,2,90.1,4.4,86.68
VILLAGE HOTEL SENTOSA,324.5,2,1,81.73,3.41,70.08
VINCENT TAN ENG KIAT,31395.0,3,2,84.23,5.0,47.79
"VINCENT, HAN & ASSOCIATES",4630.0,1,1,96.97,4.89,84.8
VINOVA PTE. LTD.,325750.0,1,1,100.0,4.69,87.28
VINTEDGE PTE LTD,239260.0,2,2,100.0,3.27,80.0
VINTEDGE TECHNOLOGIES PTE. LTD.,696400.0,1,1,94.06,4.22,80.68
VIRTALIS LIMITED,478869.0,1,1,85.98,4.83,72.36
VISCO JOINT STOCK,717657.79,1,1,62.07,4.46,83.0
VISCOY PTE. LTD.,68180.0,1,1,90.38,3.5,86.53
VISEO ASIA PTE. LTD.,551220.0,1,1,87.99,3.71,78.56
VISHUO BIOMEDICAL PTE. LTD.,151200.0,1,1,89.12,3.83,100.0
VISION ASIA TECHNOLOGY PTE. LTD.,144990.0,1,1,88.43,3.74,62.36
VISION DISPLAY PTE. LTD.,295845.0,2,2,77.39,5.0,79.63
VISION EEK TECHNOLOGY SDN. BHD.,117631.25,1,1,92.46,2.95,66.26
VISION ELEVATOR COMPONENTS & SOLUTIONS PROVIDER PTE. LTD.,106200.0,1,1,93.06,4.49,86.8
VISION STATIONERY AND TRADING COMPANY,8643092.690000001,6,2,93.46,3.32,62.19
VISION STRATEGY STORYTELLING PTE. LTD.,4750.0,1,1,95.57,3.52,64.66
VISIONICS ENGINEERING PTE. LTD.,3538415.0,4,1,92.83,2.89,71.67
VISIONS AV PTE. LTD.,95000.0,1,1,84.72,3.77,80.66
VISMARK FOOD INDUSTRIES PTE. LTD.,15150.0,1,1,87.43,5.0,72.05
VISTA HEALTH PTE. LTD.,249500.0,1,1,88.73,4.26,72.15
VISUAL STUDIO SINGAPORE PRIVATE LIMITED,899800.0,2,2,88.86,3.38,76.19
VISUALWERKS,750000.0,1,1,95.99,4.71,75.58
VISWALAB SINGAPORE PTE. LTD.,8460.0,2,1,93.15,4.84,92.87
VIVAMUI PTE. LTD.,95150.82,1,1,100.0,4.16,84.86
VIVARCH ENRICHMENT PTE. LTD.,22323.67,2,2,100.0,5.0,74.75
VIVATA PTE. LTD.,9471030.8,9,8,88.64,4.59,98.97
VIVIDTHREE PRODUCTIONS PTE. LTD.,853980.0,2,2,57.31,4.51,82.92
VIVITRO LABS INC.,143180.75,1,1,97.89,3.62,68.31
VIZEUM SINGAPORE PTE. LTD.,855796.0,2,2,83.68,4.48,80.57
VIZOR LIMITED,11860140.0,1,1,81.59,4.23,83.36
VLAND CONSULTANTS PTE. LTD.,5067900.0,1,1,84.81,4.41,71.12
VM EDUCATION PTE. LTD.,100296.0,1,1,84.43,3.69,67.47
VMD PTE. LTD.,14895570.0,1,1,92.9,4.18,78.86
VMS ADVANCE PTE. LTD.,74440.0,3,2,75.52,3.61,74.4
VMSD PTE. LTD.,206261.5,7,3,79.38,2.81,92.79
VOCAL VANTAGE,56000.0,1,1,90.75,4.7,85.41
VOITH TURBO PTE. LTD.,600000.0,1,1,92.98,3.2,71.59
VOLKSWAGEN GROUP SAUDI ARABIA LLC,87759.14,1,1,93.13,4.16,82.26
VOLKSWAGEN GROUP SINGAPORE PTE LTD,676476.55,2,2,81.7,4.3,90.67
VOLTAS LIMITED,59996295.0,1,1,80.17,4.3,64.06
VOLUNEX PTE. LTD.,1285.0,1,1,83.95,3.93,67.77
VOLVO CONSTRUCTION EQUIPMENT SINGAPORE (PTE.) LTD.,281824.74,2,1,89.92,4.26,77.89
VOLYTY PTE. LTD.,245.0,1,1,99.88,4.38,78.36
VOODOO COMMUNICATIONS PTE. LTD.,295334.0,5,5,71.62,4.54,77.48
VOUCH SG PTE. LTD.,726400.0,1,1,86.23,5.0,74.89
VOUSE PTE. LTD.,1.0,1,1,77.34,4.24,74.74
VOX GROUP PTE. LTD.,180000.0,1,1,74.78,4.14,81.84
VOYAGE MONDAINE PTE. LTD.,93421.0,1,1,95.74,3.56,89.34
VPLAN SOLUTION,91254.6,1,1,92.36,4.36,73.19
VRM OPERATIONS (SINGAPORE) PTE. LTD.,115000.0,1,1,91.6,4.5,100.0
VROOM VROOM OFFICE SERVICES,1.0,1,1,95.37,3.98,97.61
VSOLUTIONS PTE LTD,712150.39,5,5,84.16,4.43,91.29
VSolutions Pte Ltd,1969865.0,10,6,84.54,3.92,84.22
VT GLOBAL MARINE ENGINEERING PTE. LTD.,814.76,1,1,100.0,4.5,98.08
VTEC SYSTEMS (ASIA) PRIVATE LIMITED,925005.45,3,3,86.03,4.65,75.1
VTHERE PTE. LTD.,1.0,1,1,93.88,4.64,69.67
VTRIUM ENERGY PTE. LTD.,1.0,1,1,88.05,4.17,72.74
VVOLVE MANAGEMENT CONSULTANTS PTE. LTD.,1155988.0,5,2,73.21,3.48,67.97
VWR SINGAPORE PTE. LTD.,6268795.26,35,12,71.64,3.73,79.22
VYOM,130788.84,1,1,83.37,4.46,81.0
Varl Office Systems Pte Ltd,135720.0,1,1,96.45,5.0,80.01
Varney Aviation Ltd,230000.0,1,1,94.31,3.9,77.88
Vasundara Malaysia Sdn. Bhd.,32921.35,1,1,95.31,4.37,79.33
Victor Enterprises Pte Ltd,46200.0,1,1,80.1,3.77,95.36
Viewqwest Pte Ltd,32771.0,1,1,100.0,3.52,84.2
Vision Security Technologies Pte Ltd,98080.0,1,1,80.28,3.69,87.23
Vistron Pte Ltd,428930.0,1,1,89.7,2.85,79.91
Vitrinen- und Glasbau REIER GmbH,1.0,1,1,87.92,4.91,61.84
Volvo East Asia (Pte) Ltd,32019938.0,7,3,86.61,2.76,59.86
W ARCHITECTS PTE. LTD.,8630000.0,3,2,98.71,3.94,98.83
W SINGAPORE SENTOSA COVE HOTEL,65853.3,6,2,82.36,3.39,72.68
W&K MERCANTILE,128119.0,1,1,77.2,3.57,71.83
W'RAY CONSTRUCTION PTE. LTD.,70299038.0,7,4,88.16,4.93,80.46
W.H. BRENNAN & COMPANY (PRIVATE) LIMITED,37157073.95,22,2,84.8,4.22,83.5
W.L. GORE & ASSOCIATES (PACIFIC) PTE LTD,17617536.0,2,1,100.0,3.52,84.77
W2 INDUSTRIAL SERVICES HUB PTE. LTD.,9041720.0,5,2,93.41,3.75,95.74
"WAFERGEN, INC.",245372.67,1,1,84.73,3.64,93.01
"WAGGENER EDSTROM WORLDWIDE, INC.",78000.0,1,1,79.55,4.07,69.89
WAH & HUA PTE LTD,3368000.0,1,1,72.96,4.2,87.69
WAH LOON ENGINEERING PTE. LTD.,2838216.71,1,1,79.8,5.0,74.16
WAH SO SIMPLE! LLP,20710.0,2,2,88.92,2.95,76.62
WAH SONG ENTERPRISE,3352050.0,3,1,99.42,4.08,67.06
WAI FONG CONSTRUCTION PTE LTD,56447082.0,4,2,96.97,3.91,61.07
WAKILI PTE. LTD.,106765.2,4,3,89.83,4.67,77.68
WALKY TALKY FILMS PTE. LTD.,136500.0,1,1,85.41,4.31,68.44
WALL STREET PTE. LTD.,69913.55,1,1,90.15,4.45,87.28
WALSON FOOD DISTRIBUTOR PTE. LTD.,71543.92,4,3,83.85,4.31,75.19
WAN CHUNG CONSTRUCTION (SINGAPORE) PTE. LTD.,201962009.0,8,5,100.0,3.54,81.09
WAN SHENG HAO CONSTRUCTION PTE LTD,33931000.0,2,2,86.49,4.83,91.68
WAND INSPIRATION NETWORK PTE. LTD.,2388880.0,2,2,87.31,4.58,63.15
WANG & EF TAN ASSOCIATES CONSULTING & REGISTERED SURVEYORS,1571800.0,8,6,70.27,4.65,70.75
WANG FANG LIANG,41580.0,2,2,86.44,4.86,79.81
WANG MEIJIE,100.0,1,1,94.69,4.35,81.13
WANG XU,27540.0,1,1,79.46,4.99,89.03
WANG YINGZHAO,102000.0,1,1,81.99,4.33,86.67
WANG-FU INDUSTRY (PTE) LTD,56800.0,2,1,94.34,3.97,78.97
WANHE INTERNATIONAL SINGAPORE PTE. LTD.,1628.0,1,1,76.19,4.1,81.03
WANIN INDUSTRIES PTE LTD,165312.0,1,1,96.46,4.09,81.31
WARBURG VENDING PTE LTD,2.1,2,2,83.74,3.79,63.3
WARIDI EVENTS LIMITED,57628.57,1,1,84.89,5.0,76.44
WARTSILA VOYAGE PACIFIC PTE. LTD.,284715.0,1,1,79.01,4.28,80.48
WASSON-ECE SOUTH-EAST ASIA PTE. LTD.,497780.0,2,1,91.02,4.16,82.59
WATERCHEM ENVIROTECH PTE. LTD.,962480.0,3,1,100.0,4.33,68.76
WATERJOY (S) PTE LTD,168465.0,1,1,94.25,5.0,65.31
WATERLAND SERVICES PTE. LTD.,5708401.36,8,4,81.09,3.42,75.65
WATERPLAYZ,456552.0,1,1,97.08,3.59,97.67
WATERS PACIFIC PTE. LTD.,3926309.21,22,7,85.47,3.27,69.81
WAVELENGTH OPTO-ELECTRONIC (S) PTE. LTD.,2432041.16,4,2,99.0,3.96,89.74
WAVEREACH PTE. LTD.,945792.0,2,1,94.45,4.25,93.85
WAVEZLINK LLP,77880.0,1,1,64.45,3.82,78.45
WAYGOOD INDUSTRIES PTE LTD,214676.0,2,2,79.97,3.78,71.2
WBL ENGINEERING & DISTRIBUTION PTE. LTD.,92000.0,1,1,95.56,4.19,83.13
WD & CHEZRICH BUILDER LIMITED LIABILITY PARTNERSHIP,1813084.75,7,6,89.21,3.8,79.95
WDC CONSULTING SINGAPORE PTE. LTD.,251933.0,6,5,79.81,4.29,69.41
WE AND ME,1.0,1,1,82.93,4.77,71.41
WEARNES AUTOMOTIVE PTE. LTD.,487025.76,3,3,72.75,4.51,82.54
WEAVE PTE. LTD.,327780.0,4,3,87.29,4.63,87.33
WEB SYNERGIES (S) PTE LTD,4880.0,1,1,100.0,4.75,74.77
WEBCALL PTE. LTD.,10200.0,1,1,94.44,4.27,77.31
WEBER OH TENNIS SCHOOL,180.0,1,1,100.0,4.0,84.69
WEBSPARKS PTE. LTD.,2684901.51,7,6,95.06,3.64,76.28
WEC ENGINEERS & CONSTRUCTORS PTE LTD,11074000.0,1,1,96.22,3.87,75.01
WEE HUR CONSTRUCTION PTE LTD,183873953.0,4,3,100.0,3.79,70.45
WEE MING-HUEY,1.0,1,1,91.02,4.54,70.27
WEE POH CONSTRUCTION CO. (PTE.) LTD.,201000000.0,1,1,86.5,4.31,100.0
WEE SWEE TEOW LLP,90250.0,2,2,96.26,4.52,76.04
WEE TOON HEE,40.0,1,1,99.63,3.4,91.65
WEE TOON TENG,40.0,1,1,84.16,4.96,94.84
WEE-BUILT PTE. LTD.,7357976.0,8,5,82.23,3.84,76.16
WEI LONG ELECTRONICS ENGINEERING PTE LTD,2472903.0,6,5,89.11,3.44,81.68
WEI SHENG ENGINEERING PTE. LTD.,1276175.25,1,1,94.65,3.84,79.02
WEI SIANG DESIGN CONSTRUCTION PTE. LTD.,2415800.0,2,2,94.38,5.0,61.88
WEI WEI XIANG ENTERPRISES PTE LTD,6696860.0,1,1,76.61,3.87,62.48
WEIGHMAN PTE LTD,69000.0,1,1,100.0,3.9,78.49
WEILBACH SINGAPORE PTE. LTD.,641.23,1,1,82.87,3.98,73.75
WEISHEN INDUSTRIAL SERVICES PTE LTD,33486060.9,11,9,85.88,4.01,96.92
WELENIA STUDIOS,6592.0,1,1,80.78,3.63,75.63
WELL RESOURCE MARKETING,2225575.0,2,1,100.0,4.19,97.51
WELLINGTON MANAGEMENT SINGAPORE PTE. LTD.,2650003.85,7,5,89.94,4.75,73.24
WELLNESS COACHING,1.0,1,1,81.19,4.29,97.12
WELLSPRING WORLDWIDE INC.,208400.0,1,1,94.91,3.43,83.06
WELLTECH CONSTRUCTION PTE LTD,957303555.55,9,2,94.15,3.89,83.63
WELTRON EQUIPMENT PTE LTD,1025827.2,1,1,86.5,3.77,72.88
WEN YI CONSTRUCTION PTE. LTD.,1985000.0,3,2,94.72,4.13,83.77
WENERGY GLOBAL PTE. LTD.,338000.0,1,1,81.4,4.9,94.93
WENICS SDN. BHD.,59800.0,1,1,84.06,4.01,76.55
WESMECH ENGINEERING PTE LTD,1377758.2,2,2,71.92,4.05,74.61
WESTCOM SOLUTIONS PTE. LTD.,174960.0,1,1,77.41,5.0,75.53
WESTERN ASSET MANAGEMENT COMPANY PTE. LTD.,230000.4,2,2,100.0,4.63,94.2
WEY TECHNOLOGY SINGAPORE PTE. LTD.,1095995.0,4,3,100.0,4.44,86.55
WFY CIVIL ENGINEERING PTE. LTD.,1971113.0,1,1,88.53,5.0,92.48
WHEELS ON WHEELS PTE. LTD.,31080.0,1,1,100.0,4.39,81.14
WHIP IT LAWNS AND GARDENS PTY LTD,164555.75,1,1,86.72,2.91,78.39
WHITE SPACE DIGITAL PTE. LTD.,1795735.41,3,2,86.05,4.6,82.24
WHIZWORDZ INTERNATIONAL PTE. LTD.,4.36,3,1,88.45,3.14,88.7
WHOLESOME (S) PTE. LTD.,491080.0,1,1,87.0,4.37,75.53
WHOOSHPRO PTE. LTD.,473200.0,2,2,86.28,3.07,91.69
WIDE-LINKS MARKETING SERVICES PTE. LTD.,32980.0,2,1,97.15,3.82,81.66
WIDEVISION ASIA PTE. LTD.,278400.0,1,1,89.2,3.88,53.94
WIK-CONSULT GMBH,1.0,1,1,93.7,3.64,86.83
WILD ADVERTISING & MARKETING PTE. LTD.,6691738.09,8,5,96.25,3.89,65.28
WILDTYPE MEDIA GROUP PTE. LTD.,1288323.0,8,4,91.11,4.72,86.59
WILLIAM NG CONSULTANTS PTE LTD,1.53,2,1,80.24,3.67,87.02
WILLIS TOWERS WATSON BROKERS (SINGAPORE) PTE. LTD.,240249.0,3,3,77.18,4.43,81.3
WILLIS TOWERS WATSON CONSULTING (SINGAPORE) PTE. LTD.,9074958.99,23,15,89.19,3.52,83.44
WILLOWGLEN SERVICES PTE LTD,46329220.0,8,4,86.63,3.99,88.99
WILLY INSURANCE BROKERS PTE. LTD.,493755.95,5,3,88.7,4.29,73.04
WILSON LEARNING SINGAPORE PTE LTD,137340.0,1,1,87.87,3.5,85.93
WILSON PARKING (SINGAPORE) PTE. LTD.,17275765.72,9,5,100.0,3.31,89.63
WILSON SECURITY,4140769.15,1,1,77.36,4.4,95.6
WIN & WIN PRINTER PTE. LTD.,1.0,1,1,72.08,4.77,66.94
WIN CHENG CONSTRUCTION PTE. LTD.,2229500.00962,3,2,90.66,4.05,82.09
WIN SIN (PTE) LTD.,30000.0,1,1,84.99,3.83,68.39
WIN WAH ALUMINIUM & CONSTRUCTION,492390.0,1,1,90.53,4.19,67.96
WINCHEL LANDSCAPE BUILDER PTE LTD,326055.0,1,1,92.67,4.13,81.59
WINCOMP TECHNOLOGY PTE. LTD.,8795078.75,6,4,98.27,4.25,78.77
WINE RESOURCES PTE. LTD.,160800.0,1,1,75.94,2.58,89.45
WINFINITY (S'PORE) PTE. LTD.,580200.0,1,1,83.55,3.46,74.54
WING TUCK ENGINEERING PTE LTD,90741595.0,5,3,91.43,3.59,76.66
WINSON PRESS PTE LTD,1241581.0,2,2,94.16,4.19,80.12
WINSTECH ENGINEERING PTE. LTD.,76000.0,1,1,100.0,4.21,69.38
WINSYS TECHNOLOGY PTE LTD,21238939.75,21,7,95.65,4.48,70.77
WIPEOUT PEST CONTROL SERVICES PTE LTD,0.0,1,1,87.55,4.25,89.16
WIPRO NETWORKS PTE. LIMITED,78867688.17999999,14,7,80.88,3.32,72.51
WIRA SECURITY SERVICES SDN. BHD.,874006.92,1,1,83.49,4.97,89.82
WIRECARD SINGAPORE PTE. LTD.,179445.4,2,2,83.26,4.86,84.07
WIREDCOMMS STRATEGIES PTE. LTD.,334000.0,2,1,93.24,3.35,62.52
WIS ICT PRIVATE LIMITED,231000.0,1,1,90.06,4.3,83.3
WISAG FACILITY MANAGEMENT BERLIN-BRANDENBURG GMBH & CO. KG,481510.83999999997,2,1,77.41,3.74,83.22
WISE SAFETY & HEALTH PTE LTD,118312.0,2,2,84.51,4.18,82.23
WISE SG PTE. LTD.,407500.0,2,1,95.02,4.73,76.58
WISESCAN ENGINEERING SERVICES PTE LTD,881100.0,3,2,90.81,5.0,68.6
WITEC PTE. LTD.,126724.0,1,1,92.55,4.55,91.46
WITFLUX ENGINEERING PTE. LTD.,291900.0,1,1,91.06,4.28,76.98
WITHERS KHATTARWONG LLP,20080.0,4,4,100.0,3.9,69.17
WITT/KIEFFER CCENTRIC LIMITED,336502.0,4,3,89.89,4.21,82.57
WITTEVEEN+BOS SOUTH-EAST ASIA PTE. LTD.,2652308.0,6,4,84.91,4.92,70.57
WITTMANN BATTENFELD (SINGAPORE) PTE. LTD.,314170.0,1,1,80.67,4.07,68.51
WIZLEARN TECHNOLOGIES PTE. LTD.,4853287.0,23,18,90.0,3.57,74.25
WIZVISION PTE. LTD.,31352418.47,14,9,68.47,3.13,71.35
WKK DISTRIBUTION (SINGAPORE) PTE. LTD.,2862419.42,4,3,86.53,4.41,68.88
WKMARKETS PTE. LTD.,72616.0,1,1,86.35,4.25,86.06
WKS INDUSTRIAL GAS PTE LTD,576504.47,3,3,77.08,3.71,76.86
WLPG,1575072.2,2,2,80.57,4.72,90.52
WOG TECHNOLOGIES PTE. LTD.,2060870.0,2,1,94.48,3.85,69.45
WOH HUP (PRIVATE) LIMITED,2355067400.0,4,3,89.85,4.02,60.72
WOHA ARCHITECTS PTE. LTD.,31016681.849999998,2,2,88.81,4.09,79.49
WOLERO (SINGAPORE) PTE. LTD.,1080000.0,2,1,90.45,3.89,96.56
WONDERS TRAVEL PTE. LTD.,407010.0,2,1,88.74,4.24,83.31
WONG & YIAN LLC,8270.0,2,1,97.94,4.79,100.0
WONG FONG ACADEMY PTE. LTD.,384000.0,2,2,88.99,3.41,81.32
WONG FONG ENGINEERING WORKS (1988) PTE LTD,2175350.0,1,1,76.33,4.39,80.36
WONG GEI CHEONG,240.0,1,1,100.0,4.2,56.45
WONG KAI SIN,700.0,1,1,90.96,4.19,82.28
WONG TAN & MOLLY LIM LLC,119000.0,1,1,83.29,4.62,79.69
WONG THOMAS & LEONG,3800.0,1,1,77.97,4.13,73.93
WONG WENG KEE DAVID,1.0,1,1,91.17,4.39,76.63
WONG YIK LOOI,12825.0,1,1,87.06,4.53,77.32
WONG YUH JU,424700.0,1,1,100.0,3.8,76.2
WONGPARTNERSHIP LLP,1500373.14,33,24,85.23,4.28,98.9
WONGSIGN & AD PTE. LTD.,260022.6,3,3,81.3,3.95,74.29
WOO LAN CHOEI,1.0,1,1,95.17,4.02,79.69
WOOD MACKENZIE ASIA PACIFIC PTE. LTD.,423658.0,3,1,95.4,3.91,73.96
WOODLANDS TRANSPORT SERVICE PTE LTD,10512704.0,13,6,89.35,4.38,85.83
WOODPRO,459708.0,3,3,93.41,4.15,79.77
WOODS BAGOT ASIA LIMITED SINGAPORE BRANCH,1120630.0,1,1,87.7,4.34,75.2
WOON LENG NURSERY PTE. LTD.,2583857.6,5,1,89.87,4.09,58.74
WOOPA TRAVELS PTE. LTD.,50.0,1,1,97.32,3.14,80.43
WOOTANA ENGINEERING PTE. LTD.,116.53999999999999,2,1,93.0,4.12,74.9
WORKFORCE ADVANCEMENT FEDERATION LTD.,3317301.0,2,1,86.65,4.14,77.39
WORKGROUP SYSTEMS PTE LTD,2452800.0,1,1,98.82,4.25,66.18
WORLD BIOHAZTEC PTE. LTD.,380000.0,2,2,69.08,3.74,92.33
WORLD EXPRESS PTE. LTD.,305153.46,3,1,100.0,3.38,86.57
WORLD FUEL SERVICES (SINGAPORE) PTE LTD,87623.73999999999,3,1,74.35,4.47,92.31
WORLD HEALTH SAFETYTEC PTE. LTD.,993000.0,1,1,82.98,3.94,89.47
WORLD SCIENTIFIC PUBLISHING CO PTE LTD,198394.5,2,2,87.67,4.2,83.92
WORLD-CHAMP DISTRIBUTOR,116109.0,1,1,86.83,3.93,66.58
WORLEY PTE. LIMITED,44280402.5,5,4,96.05,4.1,96.43
WORLEYPARSONS PTE. LIMITED,30957290.0,7,5,79.54,3.83,68.72
WORMWOOD FILMS PTE. LTD.,89200.0,1,1,90.09,3.52,75.32
WORMWOOD PTE. LTD.,733906.0,3,1,83.37,4.38,85.07
WOW KAMPUNG PTE. LTD.,273350.0,3,1,90.36,3.74,85.57
WRX ENGINEERS PTE. LTD.,113800.0,1,1,87.48,4.2,83.72
WS GROUP PTE. LTD.,1506506.37,8,6,88.74,4.35,74.0
WSH EXPERTS PTE. LTD.,25981960.58,56,24,83.6,3.75,71.93
WSP CONSULTANCY PTE. LTD.,142863299.86,38,12,83.92,3.38,100.0
WSP ENGINEERING MALAYSIA SDN BHD / MOT T MACDONALD (MALAYSIA) SDN BHD / ERNST & YOUNG ADVISORY SERVICES SDN BHD,34850000.0,1,1,90.3,5.0,77.61
WT PARTNERSHIP (S) PTE. LTD.,379501.75,5,4,95.55,3.78,76.38
WTS AUTOMOTIVE SERVICES PTE. LTD.,69700.0,1,1,83.21,4.47,70.86
WTS TRAVEL & TOURS PTE LTD,140.0,1,1,81.05,5.0,80.45
WU CHIAW CHING & COMPANY,25782.0,2,1,92.91,4.57,79.98
WUXI BIOLOGICS (HONG KONG) LIMITED,10986339.51,1,1,87.74,3.92,77.84
"WUXI MNT MICRO AND NANOTECH CO.,LTD",299000.0,2,2,94.64,4.06,81.82
WYSER CREATION MEDIA RESOURCES PTE LTD,130.0,1,1,80.75,3.6,95.64
Wah Song Enterprise,2065216.0,1,1,73.76,4.63,72.05
Waterchem Envirotech Pte Ltd,2255909.0,4,1,83.74,4.44,78.43
Waygood Industries Pte Ltd,2013192.92,7,5,81.87,3.79,71.52
Web Professional House Pte Ltd,3128193.0,10,9,87.37,3.47,80.95
Wee Swee Teow & Co,300.0,1,1,82.91,3.31,72.32
Wei Yanming,201600.0,2,2,93.93,4.69,72.75
Well Master Marketing,285152.4,1,1,85.69,4.17,63.4
Wesco Art,1680.0,1,1,89.2,4.23,78.98
Wildlife & Veterinary Supplies,15312.57,1,1,89.26,3.61,82.3
Willowglen Services Pte Ltd,13271970.129999999,18,9,89.56,3.22,96.6
Winning Flag Enterprise Pte Ltd,915956.0,2,2,87.81,4.68,82.7
Woh Hup (Private) Ltd - Shanghai Tunnel Engineering Co (Singapore) Pte Ltd Joint Venture,295868000.0,1,1,92.08,4.13,73.5
"World Tariff, Ltd",66384.0,1,1,81.63,4.64,64.4
Wu Jin Ping,40.0,1,1,99.2,3.87,65.79
Wu XiangYang,11700.0,1,1,86.11,3.96,65.04
Wu qingde,417600.0,1,1,77.51,4.53,96.78
X-TREKKERS ADVENTURE CONSULTANT PTE LTD,960.0,1,1,89.5,4.54,80.88
X0PA AI PTE. LTD.,2576900.0,2,2,81.19,4.58,72.17
XCELLINK PTE. LTD.,1004401.0,3,3,93.32,3.92,68.4
XCHANGING SOLUTIONS (SINGAPORE) PTE. LIMITED,7570571.28,6,6,100.0,4.47,69.44
XENOCS,436482.0,1,1,81.71,4.77,71.91
XID Technologies Pte Ltd,14700.0,1,1,90.66,4.04,91.16
XILINX SALES INTERNATIONAL PTE. LTD.,12431700.0,1,1,73.96,3.79,77.7
XIN NETWORKS PTE. LTD.,320100.0,2,1,91.63,4.91,63.53
XIN ZONGHUA DARREL,39585.0,3,2,80.91,3.71,100.0
XJ ELEVATOR PRIVATE LIMITED,1818642.0,7,5,83.0,4.48,66.6
XL INSURANCE COMPANY SE SINGAPORE BRANCH,564108.5,1,1,79.19,4.06,72.09
XM ASIA PACIFIC PTE. LTD.,3.0,1,1,93.86,3.0,91.1
XMICRO SOLUTION PTE. LTD.,245900.0,2,2,96.06,4.78,82.15
XOD BOX PTE. LTD.,6111920.1899999995,11,7,88.19,2.45,73.3
XPLICO APS,100000.0,1,1,81.08,2.91,65.69
XPRESSWORKS PTE LTD,4144406.0,12,7,100.0,4.42,68.33
XR TRACKWORK PTE. LTD.,1887036.0,1,1,82.0,4.42,68.94
XTRA DESIGNS PTE. LTD.,355931.0,3,3,70.7,3.72,78.07
XTRA OFFICE PTE. LTD.,162962.0,2,2,91.67,4.19,79.91
XTREMAX PTE. LTD.,33946068.0,16,11,79.16,2.58,76.51
XTREME SAILING PRODUCTS PTE. LTD.,1783100.0,1,1,95.91,4.52,77.61
XUAN SPORTS,230880.0,1,1,84.95,4.25,67.49
XUE N XUE INTERNATIONAL,21870.0,1,1,92.83,4.07,80.93
XVOLUTION PTE. LTD.,136644.67,1,1,99.21,4.11,90.81
XZQT STYLE,459800.0,2,1,78.33,4.4,76.37
Y T LIM ENGINEERING SERVICES,365760.0,2,1,83.47,4.08,76.18
Y3 KITCHEN SOLUTIONS SDN. BHD.,1459.08,1,1,87.39,2.98,78.83
YAK SOON TRADING CO,190200.0,2,2,100.0,5.0,89.18
YAMAHA MUSIC (ASIA) PRIVATE LIMITED,3.0,3,1,82.73,4.82,69.05
YAMATO TECHNOLOGIES PTE. LTD.,65496751.68,15,4,83.24,3.33,92.51
YAMAZAKI MAZAK SINGAPORE PTE LTD,486076.0,3,2,91.83,3.89,82.21
YAN PALACE CATERING PTE LTD,1.0,1,1,83.38,3.96,78.29
YAN PALACE RESTAURANT HOLDINGS PTE LTD,15658.0,2,1,89.22,4.75,90.13
YANG AUTOBEST SDN. BHD.,46464.91,3,1,75.59,2.8,66.18
YANG YUN XIN BUS SERVICE,4316234.9,7,5,100.0,3.8,83.22
YANGZHOU BUILDERS PTE. LTD.,830380.0,4,4,77.22,3.04,82.3
YAO TIANYAO,28470.0,3,2,85.43,3.93,68.65
YAP HSIAO MING WINSTON,342000.0,1,1,87.74,3.82,82.61
YARGAY MCI PTE. LTD.,24960.0,1,1,100.0,4.15,80.83
YCH GROUP PTE LTD,1911695.03,2,2,77.4,3.74,76.21
YEAP MEDICAL SUPPLIES PTE. LTD.,2826903.3,15,8,100.0,3.65,86.63
YEE CONSTRUCTION AND RENOVATION PTE. LTD.,107000.0,1,1,94.06,4.47,72.28
YEH LAI SIANG GOURMET PTE. LTD.,242345.0,2,1,91.34,4.37,80.7
YEN HONG MARINE SDN. BHD.,30569.95,1,1,80.12,4.43,76.68
YEN LEE FIREWELD PTE LTD,645827.0,2,1,92.57,3.99,71.85
YENG TONG CONSTRUCTION PTE LTD,64105325.6,2,1,82.21,3.76,83.03
YEO ENG KOON (S) PTE LTD,17740.0,1,1,98.13,4.03,75.92
YEO JAN WEA,161600.0,1,1,80.23,4.4,63.27
YEO JIE YUAN,201900.0,3,2,87.09,2.79,59.99
YEO SIEW WEE,11700.0,1,1,83.56,4.34,85.89
YEO-LEONG & PEH LLC,663636.28,14,13,80.1,4.29,65.79
YEW SENG HENG CONSTRUCTION PTE. LTD.,82600.0,1,1,93.93,4.14,80.79
YEW SENG HENG TRADING PTE. LTD.,335552.5,3,1,92.28,4.01,78.55
YFK PUBLIC ACCOUNTING CORPORATION,151200.0,1,1,97.67,2.56,74.31
YH CONSERVATION PTE. LTD.,1.0,1,1,73.76,3.84,97.57
YHI CORPORATION (SINGAPORE) PTE LTD,300872.0,1,1,96.51,5.0,79.8
YI LI NURSERY SDN. BHD.,831740.8,12,1,100.0,4.11,85.56
YINDA TECHNOLOGY SINGAPORE PTE. LTD.,1917928.0,2,1,84.39,3.92,80.85
YING & YOUNG LIAISON OFFICE,76190.0,2,1,100.0,4.11,75.68
YING LI HUNG,88870.0,1,1,85.89,4.31,77.81
YISHUN TOWING PTE LTD,457350.0,3,2,77.02,4.5,92.59
YJ INTERNATIONAL PTE LTD,5276878.0,9,5,85.55,3.96,88.88
YJP SURVEYORS PTE LTD,1893210.7,10,5,96.39,4.35,97.52
YKL DESIGN & CONSTRUCTION PTE LTD,0.0,1,1,81.29,5.0,80.22
YKLUM PTE. LTD.,14271.0,4,2,83.2,4.7,69.23
YL INTEGRATED PTE. LTD.,9155080.0,2,2,92.75,5.0,73.59
YM & ASSOCIATES,351360.0,2,1,88.02,3.71,66.12
YM PROJECTS PTE. LTD.,802238.0,5,4,92.68,5.0,85.67
YMC MARINE PTE LTD,327086.0,2,1,89.9,3.63,72.14
YNY DESIGN + CONSTRUCTION PTE LTD,3198327.61,1,1,91.84,4.31,47.45
YNY DESIGN + CONSTRUCTION PTE. LTD.,1192945.98,2,1,84.54,4.54,100.0
YOKOGAWA ENGINEERING ASIA PTE LTD,2947630.5,2,2,89.85,3.79,72.29
YONG AIK CONSTRUCTION PTE LTD,8707215.0,6,4,80.58,4.15,72.23
YONG FAN KIONG & CO,744520.0,2,2,98.31,4.65,94.72
YONG FONG AUTOGATE PTE. LTD.,96000.0,1,1,82.93,3.67,65.92
YONG HOE ENTERPRISE PTE LTD,6921030.0,4,4,97.03,5.0,89.37
YONG HUAT HARDWARE PTE LTD,3175857.7,8,4,86.13,3.27,72.13
YONG HUP SENG MESH CO PTE LTD,946648.0,1,1,89.62,5.0,64.76
YONG SIN RENOVATION WORKS PTE LTD,856881.0,6,5,84.04,4.7,95.06
YONG WEN FOOD (S) PTE. LTD.,53610.0,2,1,79.87,4.05,87.23
YONG XIANG PTE. LTD.,8516560.0,2,2,74.04,3.86,87.2
YONG XING CONSTRUCTION PTE. LTD.,7580000.0,1,1,79.56,3.8,81.68
YONGSHENG E & C PTE. LTD.,1930000.0,1,1,85.41,4.02,83.99
YONGSHENG ENGINEERING PTE. LTD.,1858000.0,2,2,89.7,4.07,65.68
YORK HOTEL (PRIVATE) LIMITED,509.3,3,2,96.08,4.85,79.12
YORK HOTEL (PTE) LTD,751.5,3,2,84.43,5.0,68.71
YORKOOL PRIVATE LIMITED,0.0,1,1,80.94,4.22,64.11
YOTEL SINGAPORE ORCHARD ROAD,566.5,3,2,76.46,3.59,82.11
YOU BANG PTE. LTD.,0.78,1,1,91.84,3.77,89.58
YOUGOV SINGAPORE PTE. LIMITED,1.0,1,1,99.07,3.99,74.17
YOUTH VISIONS PRIVATE LIMITED,33333.0,1,1,98.13,3.48,75.88
YS SECURITY SERVICES PTE. LTD.,569520.0,1,1,93.68,3.39,66.62
YS STORAGE & OFFICE SYSTEMS PTE LTD,18200.0,1,1,93.11,5.0,78.07
YS YONG SERVICES PTE LTD,141349286.78,12,8,100.0,4.28,85.6
YTL CEMENT MARKETING SINGAPORE PTE. LTD.,175.2,2,1,90.66,3.6,85.92
YU DA ASIA INVESTMENT PTE. LTD.,132.0,1,1,93.17,4.59,83.45
YU LI GLOBAL PTE. LTD.,207000.0,1,1,85.43,3.39,71.82
YU YEO CONSTRUCTION PTE LTD,7146664.0,4,3,77.1,3.44,71.5
YUAN JI ENTERPRISES PTE LTD,5698000.0,1,1,82.53,3.62,85.95
YUAN JIN CULTURAL & SPORTS EXCHANGE CENTRE,12000.0,1,1,87.93,5.0,86.12
YUAN MEI CHEN (S) PTE. LTD.,9061378.0,11,5,88.49,3.95,76.28
YUASA POWER SYSTEMS (MALAYSIA) SDN.BHD.,48089.25,1,1,100.0,2.63,73.74
YUCAX SDN BHD,3808993.5,2,1,88.65,4.83,89.67
YUEN STUDIO,1.77,1,1,97.43,3.92,74.4
YUN ONN COMPANY (PRIVATE) LIMITED,52642825.5,10,5,84.52,2.99,85.46
YUSARN AUDREY,1645229.65,7,5,85.51,3.91,76.63
YWL ENGINEERING PTE LTD,19153250.0,1,1,77.37,4.41,67.52
Yan Yu,8250.0,1,1,82.06,4.34,94.12
Yayasan MENDAKI,145304.0,1,1,92.22,5.0,79.2
Yen Lee Fireweld Pte Ltd,3082736.0,2,1,88.06,3.59,70.89
Yew Ann Construction Pte Ltd,6191217.0,1,1,95.54,4.13,64.09
Yew Seng Heng Engineering Pte Ltd,131500.0,1,1,89.45,3.68,65.1
Yokogawa Engineering Asia Pte Ltd,19021590.0,4,2,85.18,3.17,74.27
Yongnam Engineering & Construction Pte Ltd,159000000.0,1,1,100.0,4.63,97.25
Young Women's Christian Association of Singapore,176.0,2,1,87.25,4.38,72.15
Youth Guidance Outreach Services,13768800.0,2,2,97.3,4.27,92.47
Youth Visions Pte Ltd,43513.0,2,2,84.79,4.36,76.69
Yutaka Pte Ltd,809200.0,1,1,93.68,3.69,66.19
ZAINAL & ZAINAL LLP,5380.0,1,1,95.42,3.5,73.27
ZAINI BIN MOHAMMAD TAHIR,259200.0,1,1,89.67,4.12,65.19
ZAP PILING PTE LTD,13802296.0,2,2,69.16,4.8,69.44
ZARCH COLLABORATIVES PTE. LTD.,3335134.8,10,7,88.15,5.0,69.14
ZEN TYRES PTE LTD,393225.0,2,1,97.84,4.58,58.96
ZENACO CO2 (S) PTE. LTD.,165954.75,2,2,92.22,4.12,93.13
ZENCODE TECHNOLOGIES PTE. LTD.,1.0,1,1,91.57,4.26,80.11
ZENG FENG CONSTRUCTION PTE LTD,2181863.0,4,2,74.22,4.11,71.14
"ZENI LITE BUOY CO., LTD. , SINGAPORE BRANCH",617500.0,3,1,82.24,3.48,80.22
ZENITANT HOLDINGS PTE. LTD.,6800.0,1,1,91.29,4.11,69.65
ZENITANT PTE. LTD.,138976.0,8,3,91.28,3.3,51.29
ZENITH ENGINEERING PTE LTD,331595.0,2,2,97.72,4.03,100.0
ZENITH INFOTECH (S) PTE LTD.,8124857.22,21,11,86.84,5.0,79.9
ZENITH INTERIORS PTE. LTD.,1264.0,1,1,91.25,4.59,72.11
ZENITHOPTIMEDIA,5443268.15,6,3,88.13,3.55,58.66
ZENO COMMUNICATIONS (UK) LIMITED,667830.1,1,1,80.1,4.06,63.06
ZENO COMMUNICATIONS SINGAPORE PTE. LTD.,410400.0,1,1,69.95,3.6,94.54
ZENTECH SOLUTIONS PTE. LTD.,126577.0,1,1,91.45,4.06,93.02
ZEROWASTE ASIA PTE. LTD.,307000.0,2,1,89.39,4.72,85.53
ZESTEC INTEGRATED PTE. LTD.,975180.0,5,1,83.05,4.49,66.85
ZG LIGHTING SINGAPORE PTE. LIMITED,15382979.0,1,1,75.05,5.0,93.1
ZHAN CHANG HOLDINGS PTE LTD,2091.54,6,1,93.04,4.82,82.5
ZHAO WEI FILMS PTE LTD,343275.5,2,2,85.87,4.22,84.55
ZHAPLIN CONTRACTS PTE. LTD.,326557.0,3,2,92.45,4.51,82.46
"ZHEJIANG CONSTRUCTION INVESTMENT GROUP CO., LTD SINGAPORE BRANCH",8330000.0,1,1,100.0,3.98,62.93
ZHENG CONSTRUCTION EQUIPMENTS PTE. LTD.,33000.0,1,1,70.87,3.42,66.02
ZHENG KAIWEN,10500.0,1,1,82.4,4.88,72.9
ZHENG KENG ENGINEERING & CONSTRUCTION PTE LTD,33661770.0,1,1,86.32,4.71,84.44
"ZHENG ZHOU YU TONG BUS CO., LTD.",18246523.7,1,1,99.64,3.96,64.2
ZHENGDA CORPORATION PTE. LTD.,6695472.0,1,1,74.91,4.26,76.25
ZIL SCI PTE. LTD.,2146213.68,3,2,100.0,4.84,76.23
ZING QUOTIENT LLP,82250.0,1,1,89.09,4.61,85.93
ZINKIE AW PHOTOGRAPHY AND DESIGN,38580.0,2,1,87.23,3.22,84.75
ZION ENGINEERING PTE. LTD.,208747.0,2,2,86.42,4.25,67.9
ZMC TECHNOLOGIES (SINGAPORE) PTE. LTD.,219600.0,1,1,84.51,4.0,92.47
ZOE INTERNATIONAL PTE LTD,232600.0,1,1,96.38,4.77,66.37
ZOHAAR MEDIA PTE. LTD.,1247222.24,8,1,79.45,4.72,88.92
ZOHRA WAHAB TRADING COMPANY PTE LTD,718.5,1,1,90.76,4.89,72.5
ZOLL MEDICAL SINGAPORE PTE. LTD.,40600728.26,4,1,84.93,3.43,79.64
ZOO COMMUNICATIONS (SINGAPORE) PTE. LTD.,498374.0,2,2,81.9,3.63,80.26
ZOOLOO INFORMATION SYSTEMS PTE. LTD.,664636.49,2,1,100.0,4.77,79.98
ZOOM VISUAL PTE. LTD.,1457377.47,5,3,91.35,3.75,84.74
ZQ PTE. LTD.,567241.5,2,1,92.91,3.19,81.91
ZUELLIG PHARMA PTE. LTD.,73935154.2,40,7,97.1,4.42,85.84
ZURICH INSURANCE COMPANY LTD (SINGAPORE BRANCH),122854.0,5,2,76.63,3.77,82.65
ZWAAN PTE. LTD.,331250.0,1,1,100.0,5.0,65.36
ZWEEC ANALYTICS PTE. LTD.,9807900.0,1,1,67.93,4.28,80.7
ZYCC SINGAPORE PTE. LTD.,189714.0,1,1,81.85,4.2,72.36
ZYGO PTE LTD.,374238.66,1,1,84.33,3.88,66.91
ZYNEX CORPORATION PTE. LTD.,2506733.65,5,1,92.65,5.0,75.1
Zelos Developers Private Limited,644511.81,1,1,89.75,4.32,79.83
Zenith Engineering Pte Ltd,2755984.0,4,2,86.67,3.85,80.5
Zheng Keng Engrg & Constrn Pte Ltd,100670000.0,5,4,87.9,3.62,88.56
Zhu Lin,11700.0,1,1,80.18,4.06,91.07
Zugo Photonics Pte Ltd,608679.54,4,2,76.02,3.51,81.36
elionetwork,1.76,1,1,93.81,4.72,83.17
hanna Instruments(Singapore)Pte Ltd,25400.0,2,2,93.55,3.01,78.95
hte GmbH the high throughput experimentation company,2626260.45,1,1,100.0,4.02,85.67
hydse pte ltd,2811270.0,3,3,81.68,4.47,82.87
iMotions A/S,104588.67,1,1,93.54,4.31,77.46
imc information multimedia communication AG,1673725.0,1,1,85.73,3.67,99.52
inco,99000.0,1,1,97.52,4.5,72.54
mechelect engineering services,4820.0,1,1,96.18,3.57,92.54
muholis andriyatni,12000.0,1,1,89.69,4.09,64.46
muse inc. singapore pte ltd,3161792.0,4,1,85.28,4.49,86.14
one clipboard,138830.0,1,1,95.69,4.38,92.37
pi4 robotics GmbH,146672.0,1,1,93.18,3.69,58.93
pilot44,333333.32,1,1,82.52,4.82,79.39
soon heng tables & chairs service,39926.9,1,1,77.38,4.15,85.15
tamagoh productions pte ltd,41800.0,1,1,85.69,4.55,80.52
